customer_id,full_name,phone_number,email,district,registration_date,gender
CUST100001,Ssempebwa Wasswa,256723699332,ssempebwa.wasswa@srg.co.ug,Gulu City,21/09/2023,Male
CUST100002,Robert Kyebambe,,robertkyebambe18@yahoo.com,Lyantonde,06/05/2022,Male
CUST100003,Nabirye Katusiime,256786681581,nabirye.katusiime@outlook.com,Hoima,2025-04-01,Female
CUST100004,Samuel Munezero,797638652,samuel.munezero@mail.com,Entebbe,2021-02-07,Male
CUST100005,Okello Kibirige,+256720075953,okello.kibirige@outlook.com,Wakiso District,21-01-2022,M
CUST100006,Patrick Namubiru,+256772187379,patricknamubiru@yahoo.com,Jinja,2025-02-11,
CUST100007,Kyomuhendo Ssempebwa,256720326876,kyomuhendo.ssempebwa@outlook.com,luwero,2025-05-10,
CUST100008,Ronald Atim,+256721191430,ronald.atim@srg.co.ug,kayunga,2024-07-02,M
CUST100009,Peter Nsereko,256738120945,peter.nsereko@outlook.com,Kiboga,2021-05-27,Male
CUST100010,Kibirige Isaac,0750759965,kibirige.isaac@gmail.com,Kampala ,2021-09-14,Female
CUST100011,Kambale Nabirye,+256 74 858 0703,,Wakiso,2023-04-19,Female
CUST100012,Collins Nalubega,0755177979,collins.nalubega@srg.co.ug,Mukko,13/04/2025,Female 
CUST100013,Juliet Guma,256721662011,julietguma69@gmail.com,Entebbe,30/07/2024,F
CUST100014,Esther Namubiru,256774740782,esther.namubiru@hotmail.com,Jinja,07-11-2022,Male
CUST100015,Atukunda Atim,748919333,atukunda.atim@gmail.com,Wakiso,2023-11-10,Female
CUST100016,Wanyama Nabirye,072-382-3176,wanyama.nabirye@yahoo.com,Wakiso,2025-03-16,Female
CUST100017,Alexander Kyomuhendo,256744541543,alexanderkyomuhendo77@hotmail.com,Mbarara,02/11/2022,Female
CUST100018,Ssimbwa Kyomuhendo,+256 72 177 7026,ssimbwa.kyomuhendo@srg.co.ug,Mbarara,2023-05-27,
CUST100019,Ninsiima Esther,+256 72 480 8997,ninsiima.esther@yahoo,Wakiso,22-10-2023,
CUST100020,Kyomuhendo Nankya,0705837677,kyomuhendo.nankya@hotmail.com,Mityana,2024-07-22,Female
CUST100021,Joseph Butime,0795542629,joseph.butime@yahoo.com,Lira,13/02/2022, 
CUST100022,Mugisha Kizza,721715464,mugisha.kizza@srg.co.ug,Mbale,2024-12-16,
CUST100023,Joan Byaruhanga,+256 74 996 0725, joanbyaruhanga@mail.com ,Homa,22/10/2024,
CUST100024,Nakato David,256734183346,nakato.david@outlook.com,Wakiso,20-02-2025,M
CUST100025,Esther Kambale,+256727896089,esther.kambale@yahoo,Gulu,10/08/2021,M
CUST100026,Agnes,256702496245,agnessrg.co.ug,kabale,2024-04-17,Male 
CUST100027,Nakiganda Nabbanja,256785616415,nakiganda.nabbanja@srg.co.ug,Kampala,2024-07-06,
CUST100028,Achieng Nabbanja,+256722769184,achieng.nabbanja@hotmail.com,Wakiso,2022-03-25,F
CUST100029,Sarah Butime,+256717038211,,Kampala,,M
CUST100030,Kyomuhendo Atukunda,752163975,kyomuhendo.atukunda@mail.com,Kabarole,2025-05-06,
CUST100031,Ssekandi Nakayiza,256739815732,ssekandi.nakayizagmail.com,Kalangala,2025-03-02,Male
CUST100032,Ssentongo Nakiganda,0707710194,ssentongo.nakiganda@outlook.com,Kampala,2024-04-09,Male
CUST100033,Catherine Ssekandi,256722173462,catherine.ssekandi@outlook.com,Kiruhura,03/03/2024,
CUST100034,Kyebambe Mary,0788799671,kyebambe.mary@hotmail.com,Nakasongola,2023-01-13,Male
CUST100035,Byaruhanga Olweny,759379672,byaruhanga.olweny@gmail.com,Mukono,05/09/2022,
CUST100036,Ouma Lubega,0745523448,ouma.lubega@outlook.com,Hoima,2023-09-12,Male
CUST100037,Peter Kizza,0710052204,peter.kizzaoutlook.com,Mpigi,2024-03-07,
CUST100038,Mary Nalubega,+256795807154,marynalubega88@mail.com,Wakiso,2024-03-04,Male
CUST100039,Ouma,783981020,oumamail.com,Kampala,26/06/2022,Male 
CUST100040,Jane Kyomuhendo,+256710582240,jane.kyomuhendo@srg.co.ug,Wakiso District,2022-06-24,Male
CUST100041,Rebecca Kyebambe,+256713717703,rebecca.kyebambe@outlook.com,Kampala,2023-10-09,
CUST100042,Wasswa Wanyama,,wasswa.wanyama@srg.co.ug,Kampala,11-03-2025,Male
CUST100043,Guma Atukunda,719076084,gumaatukunda34@outlook.com,Wakiso,2025-07-30,
CUST100044,Ssekandi Olweny,+256723853669,ssekandi.olweny@hotmail.com,Masacka,2023-02-18,M
CUST100045,Mugisha Ssebugwawo,0734724422,mugisha.ssebugwawo@gmail.com,Masaka,2023-06-07,Male
CUST100046,Agnes Nakiganda,0709806149,agnesnakiganda45@gmail.com,jinji,04-09-2021,Male 
CUST100047,Joan Wasswa,+256718165886,joan.wasswa@hotmail.com,Mbarara,2021-01-25,Female
CUST100048,nakayiza kato,256702700841,nakayiza.kato@mail.com,Isingiro,25/06/2022,Male 
CUST100049,Emmanuel,+256707576582,emmanuel@yahoo.com,Kabale,2023-12-25,Female
CUST100050,Joseph Wasswa,0784194858,joseph.wasswa@yahoo.com,Wakiso,14/11/2023,
CUST100051,Esther Guma,0792123241,esther.guma@hotmail.com,Rakai,2024-09-21,M
CUST100052,Kamoga Olweny,+256724438843,kamoga.olweny@outlook.com,Mukono,2022-04-12,Male
CUST100053,Mubiru Mukasa,+256747136682,mubiru.mukasa@gmail.com,Mbale City,,M
CUST100054,Ouma Ssempebwa,0720032658,oumassempebwa@hotmail.com,Mbarara,26/05/2021,Male
CUST100055,Munezero Ssimbwa,+256716302986,munezero.ssimbwa@mail.com,iganga,17/05/2022,Female
CUST100056,Nankya Florence,256770844583,nankya.florenceyahoo.com,Jinja,,Male
CUST100057,Ouma Kibirige,0782999888,ouma.kibirige@outlook.com,Soroti,,Male
CUST100058,Patrick Kamoga,+256780957877,patrick.kamoga@outlook.com,Mbale City,13/12/2023,Female 
CUST100059,Francis Nsereko,0733561599,francis.nsereko@srg.co.ug,Kiruhura,2024-05-10,Female
CUST100060,Wasswa Kamoga,792689946,wasswakamoga96@gmail.com,Kampala,2024-12-24,Male
CUST100061,Irene Nakayiza,074-138-3231,irene.nakayiza@gmail.com,Kiboga,2022-10-12,Female
CUST100062,Byaruhanga Ssemakula,,byaruhanga.ssemakula@srg.co.ug,Masacka,2025-03-03,Male
CUST100063,Lubega Ssekandi,,lubegassekandi69@yahoo.com,Sembabule,14/04/2024,Male
CUST100064,Ouma Nserejo,+256794096279,ouma.nsereko@mail.com,Wakiso,08/12/2021,Male
CUST100065,Robert Ssekandi,0705988702,robert.ssekandi@outlook.com,Kasese,30-09-2022,Male
CUST100066,Alexander Lubega,0735159291,alexander.lubega@mail.com,luwero,06/04/2023,Female
CUST100067,Esther Munezero,0780124200,esther.munezero@gmail.com,Arua,2025-01-16,Male
CUST100068,Olweny Mukasa,074-099-2017,olwenymukasa48@yahoo.com,Mbarara,07/03/2021,Male
CUST100069,Lubega Namubiru,+256723003313,lubeganamubiru1@yahoo.com,Jinja,2023-05-23,Male
CUST100070,Mercy Nakayiza,+256780143865,mercy.nakayiza@gmail.com,Masaka,18/09/2022,Female
CUST100071,Sheila Ouma,+256 79 089 2238,sheila.ouma@hotmail.com,Mbarara City,2022-05-10,Female
CUST100072,Juliet Kibirige,0735096541,julietkibirige26@srg.co.ug,Mukono,10-08-2024,F
CUST100073,Ssemakula Ssempebwa,0774031193,ssemakula.ssempebwa@hotmail.com,Mbarara,2022-01-13,Male
CUST100074,Collins Tumusiime,+256794630574,collins.tumusiime@yahoo.com,Lira,2023-04-08,
CUST100075,Isaac Byaruhanga,075-728-2787,isaacbyaruhanga@hotmail.com,Mbale,2025-07-14,
CUST100076,Collins Nalubega,0755177979,collins.nalubega@srg.co.ug,Mukko,13/04/2025,Female 
CUST100077,Guma Katusiime,0711030074,gumakatusiime@yahoo.com,Kampala,,Male
CUST100078,Collins,070-044-9478,collinssrg.co.ug,Masaka,2021-05-26,F
CUST100079,Atim Olweny,+256750013680,atim.olweny@mail.com,Kampala,2022-01-18,Female
CUST100080,Olweny Ninsiima,256793310392,olweny.ninsiima@outlook.com,Jinja,2024-09-21,Male 
CUST100081,Munezero Kyebambe,,munezero.kyebambe@hotmail.com,Kampala,2024-07-25,Female
CUST100082,Wanyama Guma,0793841971,wanyama.guma@hotmail.com,Kampala,30/10/2024,Female
CUST100083,stephen,256700599439,stephen@gmail,Kampala,01/12/2022,Female
CUST100084,Namutebi Nankya,+256771866448,namutebi.nankya@yahoo.com,Kampala,2022-02-15,Female
CUST100085,Florence Mugisha,256777265034,florence.mugisha@gmail.com,Wakiso,08/04/2021,Male
CUST100086,Nalubega Ahabwe,+256792725082,nalubega.ahabwe@yahoo.com,Kampala,20/08/2024,F
CUST100087,  Olweny Katusiime ,748600985,olweny.katusiime@yahoo.com,Nakasongola,,Male
CUST100088,grace ouma,,grace.oumaoutlook.com,Kampala,2024-05-17,Male
CUST100089,Okello vonald,079-708-8045,okello.ronald@mail.com,Nakasongola,17/07/2023,
CUST100090,Lubega Naomi,+256779336646,lubega.naomi@mail.com,Nakasongola,25/12/2024,Female
CUST100091,Patrick Lubega,0712934077,patricklubega@gmail.com,Kabale,2021-11-26,Female
CUST100092,Sarah,+256 74 321 6906,sarah@outlook.com,Rakai,2025-03-13,Male
CUST100093,Ruth Butime,735902625,ruth.butimegmail.com,Bundibugyo,09/02/2022,Female
CUST100094,Ninsiima Mugisha,+256 78 009 4814,ninsiima.mugisha@gmail.com,Mukono,2021-12-14,Female
CUST100095,Robert Olweny,0726985236,robert.olweny@srg.co.ug,Kampala,2024-02-14,Male
CUST100096,John Mubiru,737337089,,Mukono,18/01/2023,Male
CUST100097,Godfrey Kibirige,+256772097772,godfrey.kibirige@hotmail.com,Lira,2021-01-04,
CUST100098,Kizza Mukasa,256723469520,kizza.mukasa@outlook.com,Luwero,23/02/2025,M
CUST100099,Jane Nalubega,0789878589,jane.nalubega@mail.com,wakiso,10-09-2021,
CUST100100,Florence Nsereko,+256706077864,florence.nsereko@yahoo.com,Mbale,10/01/2023,M
CUST100101,Michael Ssimbwa,0776117454,michael.ssimbwa@hotmail.com,Kampala,2023-04-07,
CUST100102,Katusiime Okello,,katusiime.okelloyahoo.com,Mbarara,2021-01-20,Male 
CUST100103,Rebecca Lubega,0775373525,rebecca.lubega@gmail.com,Mbarara City,21/12/2023,Male
CUST100104,Isaac Nsereko,753341011,isaacnsereko38@gmail.com,Jinja City,2021-02-06,Female
CUST100105,  Ninsiima Byaruhanga ,+256747171222,ninsiima.byaruhanga@mail.com,Wakiso,17/08/2024,Female
CUST100106,Ruth Mukasa,0794396464,ruth.mukasa@yahoo.com,Mukono,18-07-2025,Female
CUST100107,Stephen Kambale,0780833026,stephen.kambale@yahoo.com,Mukono,2021-07-14,Female
CUST100108,Ssimbwa Nakiganda,731235067,ssimbwa.nakiganda@mail.com,kla,2023-03-06,M
CUST100109,Mukasa Alexander,,mukasa.alexander@srg,Hoima,09/03/2025,Female
CUST100110,Stephen Kafeero,753040293,stephenkafeero@gmail.com,Kampala,2021-06-01,Female
CUST100111,Nankya Butime,+256703368934,,Soroti,05/02/2024,Female
CUST100112,Michael,+256 73 615 2977,michael@hotmail.com,Torroro,19/05/2021,
CUST100113,Kibirige Kambale,,kibirigekambale27@gmail.com,Wakiso,05-09-2022,Male
CUST100114,katusiime irene,798418665,katusiime.irene@mail.com,Bushenyi District,2024-09-30,Female
CUST100115,Ruth Atukunda,0757007823,ruth.atukunda@yahoo.com,Nakasongola,24-02-2022,Female
CUST100116,Ssimbwa Mubiru,+256 79 589 6754,ssimbwa.mubiru@srg.co.ug,Lira,11-12-2023,M
CUST100117,Nakayiza Alexander,0748088274,,Hoima,16/09/2021,Female
CUST100118,Kyomuhendo Nabirye,+256 77 872 0495,kyomuhendo.nabirye@srg.co.ug,  ,2023-05-28,Female
CUST100119,Mercy Wanyama,071-431-1692,mercy.wanyama@gmail.com,Wakiso,2021-01-23,F
CUST100120,Juliet Nabirye,256708271055,juliet.nabirye@srg.co.ug,Gulu City,01/11/2022,F
CUST100121,Kizza Atim,0754820089,kizzaatim36@yahoo.com,Wakiso,, 
CUST100122,Ssemakula Kyebambe,256746859975,ssemakula.kyebambe@yahoo.com,Mityana,2022-05-18,M
CUST100123,Peter Nabbanja,+256794902765,peter.nabbanja@srg.co.ug,Kampala,11/12/2024,Male
CUST100124,Patrick Wanyama,256780615663,patrick.wanyama@outlook.com,Kampala (Central),2022-02-02,F
CUST100125,Ssekandi Wasswa,,ssekandiwasswa85@yahoo.com,Jinja,2021-02-27,Male
CUST100126,Agnes Nakiganda,0794086853,agnes.nakiganda@yahoo.com,Kampala,19/04/2021,Male
CUST100127,Patrick Nabirye,,patrick.nabirye@mail.com,Kampala,03/07/2025,Female
CUST100128,Olweny Namubiru,+256 74 584 3162,olweny.namubiru@gmail.com,Mbarara,07/01/2023,Male 
CUST100129,Ouma Brian,070-819-2727,oumabrian42@hotmail.com,Masaka,2023-09-14,
CUST100130,Godfrey Ssimbwa,0721769450,godfrey.ssimbwa@gmail.com,Mbarara,31/01/2023,Female
CUST100131,Samuel Lubega,+256738295814,samuellubega39@outlook.com,Jinja City,2025-05-20,Male
CUST100132,Nankya Kyomuhendo,,nankya.kyomuhendo@outlook,Kalangala,2025-06-02,Female
CUST100133,Sheila Ssekandi,0728325912,sheilassekandi@outlook.com,Wakiso,2025-09-29,Female
CUST100134,Emmanuel Byaruhanga,0710436370,emmanuel.byaruhanga@outlook.com,Kayunga,2021-02-09,Female
CUST100135,Mubiru Tumusiime,0740166223,mubiru.tumusiime@mail.com,Kabale District,2022-01-09,Male
CUST100136,Ssimbwa Naomi,073-576-5708,ssimbwa.naomi@hotmail.com,Mukono,04/01/2024,Female
CUST100137,Juliet Katusiime,783738789,juliet.katusiime@yahoo.com,Kumi,09-08-2022,Female
CUST100138,Kizza Ouma,070-176-5967,kizza.ouma@hotmail.com,Wakiso,18/11/2022,M
CUST100139,Ssempebwa Tumusiime,0742059251,ssempebwa.tumusiime@yahoo.com,Mbarara,21-06-2023,
CUST100140,Nalubega Kambale,0784627379,nalubega.kambale@mail.com,Soroti,2024-07-03,Female
CUST100141,Okello Nalubega,+256 70 605 6371,okello.nalubega@outlook.com,Jinja,,Male
CUST100142,Ouma Grace,+256786286851,oumagrace4@outlook.com,Kampala,2022-08-18,Male
CUST100143,Katusiime Butime,079-865-5458,katusiimebutime@yahoo.com,Mityana,06/01/2022,F
CUST100144,Michael Kamoga,078-415-8522,michael.kamoga@outlook.com,Mukko,2021-02-19,Male
CUST100145,Kato Nsereko,0711366532,kato.nsereko@yahoo.com,Arua City,,
CUST100146,Kizza Nabbanja,0721986876,kizza.nabbanja@hotmail.com,Mukkono,2024-05-13,Male
CUST100147,Ninsiima Kambale,+256 77 591 2659,ninsiima.kambale@outlook,Gulu,2024-05-17,F
CUST100148,Kambale,+256728750950,kambale@mail.com,Mbale City,17-12-2024,F
CUST100149,Munezero Emmanuel,0779742465,munezero.emmanuel@hotmail.com,Kasese,2024-02-14,
CUST100150,Joan Ssempebwa,+256739461973,joan.ssempebwa@gmail.com,Gulu,19-04-2025,Female 
CUST100151,Kambale Butime,+256783755015,kambale.butime@srg.co.ug,Lira,17/04/2024,Female
CUST100152,Ruth Kamoga,+256 71 220 8657,ruth.kamoga@gmail.com,Gulu,13/03/2024,F
CUST100153,Isaac Nabbanja,723360320,isaac.nabbanja@mail.com,Luwero District,2022-01-20,Female 
CUST100154,Nalubega Joan,256720220005,nalubega.joan@gmail.com,Jinja,2021-12-04,
CUST100155,Okello Nsereko,0788474333,okellonsereko63@mail.com,Kampala,17/02/2022,M
CUST100156,Ouma Nakato,256736942592,ouma.nakato@mail.com,Entebbe,2021-04-26,M
CUST100157,Mugisha Ssempebwa,+256720812713,mugisha.ssempebwa@hotmail.com,Luwero,2021-03-06,Male
CUST100158,Harriet Ssekandi,078-331-4652,harrietssekandi43@hotmail.com,Hoima,2023-06-30,F
CUST100159,Achieng Namubiru,,achiengnamubiru63@mail.com,Wakiso,2024-04-13,Female
CUST100160,Guma,256718609380, guma@yahoo.com ,Mbarara City,2022-12-12,Male
CUST100161,Juliet oanyama,+256732795743,julietwanyama44@hotmail.com,Wakiso,,Female
CUST100162,Nabirye Kibirige,256707107026,nabirye.kibirige@mail.com,Mbarara,2022-01-13,Female
CUST100163,Olweny Nakiganda,711333936,olweny.nakiganda@mail.com,Jinja City,2021-08-07,
CUST100164,Patrick,0774205991,patrick@gmail.com,tororo,2023-07-02,F
CUST100165,Nsereko Nakayiza,+256777132564,nsereko.nakayiza@mail.com,Kumi,2025-05-28,Female
CUST100166,Lubega Naomi,0782961201,lubeganaomi@hotmail.com,Masaka,08/03/2025,Female
CUST100167,Timothy Nabbanja,+256770640029,timothy.nabbanja@yahoo.com,Mbarara City,15/09/2021,F
CUST100168,Michael Kibirige,0709419166,michael.kibirige@outlook.com,Arua,,Male
CUST100169,Grace Mubiru,+256 75 832 6726,grace.mubiru@outlook.com,Kampala,2021-01-17,Male
CUST100170,Ssemakula Sarah,785104644,ssemakulasarah55@outlook.com,Bundibugyo,12/10/2025,Male
CUST100171,Sarah Ninsiima,074-810-9859,sarah.ninsiima@yahoo.com,Fort-Portal,2024-09-05,Male
CUST100172,Ssekandi Olweny,,ssekandi.olweny@mail.com,Mpigi District,08-01-2024,Male
CUST100173,Sheila Ssekandi,0728325912,sheilassekandi@outlook.com,Wakiso,2025-09-29,Female
CUST100174,Namubiru Wasswa,0721764884,,Kampala,29/01/2022,Female
CUST100175,Atim Wanyama,+256708207054,,Wakiso,2022-03-07,Female
CUST100176,Okello Nabirye,+256711195631,,Gulu,07/04/2025,Male
CUST100177,Katusiime Kyebambe,256749828729,katusiimekyebambe81@yahoo.com,Arua City,,F
CUST100178,  Guma Guma ,+256718426143,guma.guma@hotmail.com,Masacka,2021-04-04,Male
CUST100179,Andrew Guma,0700328732,andrew.guma@yahoo,Mbarara,2024-12-28,Female
CUST100180,Grace Ninsiima,757981037,grace.ninsiima@srg.co.ug,Wakiso,2021-03-29,Male
CUST100181,Nakiganda Ninsiima,0792470313,nakigandaninsiima23@outlook.com,bushenyi,2022-08-31,F
CUST100182,Kamoga Peter,256759739670,kamoga.peter@srg.co.ug,Kayunga,01/07/2022,Male
CUST100183,Guma Butime,739376726,guma.butime@gmail.com,Kampala,2023-10-13,Male
CUST100184,John Nabirye,+256747507930,john.nabirye@mail.com,Mbale,2021-05-12,Male
CUST100185,Guma,+256752846869,guma48@outlook.com,Kampala,15/05/2021,
CUST100186,Joan Nakato,+256718440654,joan.nakato@mail.com,Gulu,2021-01-20,F
CUST100187,Nsereko Ouma,,nsereko.ouma@yahoo,Kampala (Central),,Male
CUST100188,Olweny Catherine,256780913607,,masindi,17-01-2024,Male
CUST100189,Kyomuhendo Guma,0782079680,kyomuhendoguma70@outlook.com,Mbale,2022-10-24,Female
CUST100190,S. Mugisha,0732460502,samuel.mugisha@outlook.com,Jinja,2025-09-16,Male
CUST100191,Nankya Atukunda,071-874-7894,nankya.atukunda@outlook.com,Wakiso,23/12/2023,Female
CUST100192,Wasswa Okello,,wasswa.okello@hotmail.com,Wakiso,,M
CUST100193,J. Ssebugwawo,750434768,juliet.ssebugwawo@mail.com,Guluu,10/06/2021,Female
CUST100194,Namutebi Atukunda,,namutebi.atukunda@gmail.com,Hoima,2021-05-08,Female
CUST100195,Brian Kyebambe,256714269459,brian.kyebambe@mail.com,Gulu,2021-03-19,M
CUST100196,Juliet Kyomuhendo,256744918193,juliet.kyomuhendosrg.co.ug,Mbarara,11/10/2025,
CUST100197,Katusiime Peter,0782525499,katusiime.peter@gmail.com,Jinja City,13/09/2025,Male
CUST100198,Butime Kyomuhendo,729115310,butimekyomuhendo57@hotmail.com,Kampala,18/11/2023,
CUST100199,Ssempebwa Lubega,+256783725887,ssempebwa.lubega@srg.co.ug,Kampala,2023-12-23,
CUST100200,Ssimbwa Ouma,+256712988261,ssimbwa.ouma@mail.com,MBARARA,31/05/2021,
CUST100201,Atim Byaruhanga,071-752-8014,atimbyaruhanga72@yahoo.com,Soroti,26-09-2025,Female
CUST100202,Okello Joan,256732045436,okello.joan@srg.co.ug,Masindi,2025-10-14,Female
CUST100203,bubega Mugisha,,lubega.mugisha@hotmail.com,Mukono,06-04-2023,Male
CUST100204,Byaruhanga Ssentongo,0791815957,byaruhanga.ssentongo@outlook.com,Kasese,2023-07-13,Male
CUST100205,Godfrey Achieng,0780302923,godfrey.achieng@hotmail.com,Hoima,2022-04-03,
CUST100206,Kibirige Kambale,256783324482,kibirige.kambale@hotmail.com,Wakiso District,2022-03-11,Male
CUST100207,Ssekandi Ninsiima,784274870,ssekandi.ninsiima@hotmail.com,Luwero,2023-10-02,Male 
CUST100208,Rebecca,,rebecca@gmail,Jinja,2024-03-18,Male 
CUST100209,Wanyama Nalubega,079-374-7397,wanyama.nalubega@yahoo.com,Masindi,2021-07-31,Female
CUST100210,David Ssentongo,0707488357,davidssentongo@gmail.com,Kayunga,2021-04-04,Male
CUST100211,Kato,+256754951557,kato@hotmail.com,Nebbi,2023-05-09,Male
CUST100212,Nabbanja Nsereko,+256 77 101 6226,nabbanja.nsereko@hotmail.com,Mukono,2022-08-18,Female
CUST100213,Ssemakula Kamoga,0794468342,ssemakula.kamoga@outlook.com,Kalangala,23-01-2024,Male
CUST100214,Ruth Ouma,256733445398,ruth.ouma@hotmail.com,Jinja,18-08-2024,Female
CUST100215,Mercy Tumusiime,+256 72 235 6275,,Kampala ,2021-11-25,Female
CUST100216,Stepien Kambale,0780833026,stephen.kambale@yahoo.com,Mukono,2021-07-14,Female
CUST100217,Ruth Ssempebwa,0799663312,ruth.ssempebwa@outlook.com,Mityana,2025-05-26,Female
CUST100218,Ssempebwa Ssimbwa,+256733779730,ssempebwassimbwa61@gmail.com,Gulu,15-10-2025,Male
CUST100219,Emmanuel Kyomuhendo,+256 75 976 1734,emmanuel.kyomuhendo@hotmail.com,Tororo,04/01/2021,Female
CUST100220,Butime Brian,078-254-6426,butime.brian@yahoo.com,Jinja,14/01/2023,Male 
CUST100221,Esther Ssemakula,256748068003,estherssemakulasrg.co.ug,Mpigi,28/04/2025,M
CUST100222,Nsereko Francis,,nsereko.francis@hotmail.com,isingiro,2022-07-02,Female
CUST100223,Ssentongo Nankya,747290513,ssentongonankya@outlook.com,Kampala,2023-09-24,M
CUST100224,Kafeero Peter,0797387831,kafeero.peter@srg.co.ug,Jinja,2025-05-14,Male 
CUST100225,Namubiru Grace,070-006-2531,namubiru.grace@hotmail.com,Masaka,2021-06-18,Male
CUST100226,marah Nabbanja,256732215617,sarah.nabbanja@yahoo.com,Jinja,17-02-2022,Male
CUST100227,Phoebe Nabirye,0785591381,phoebe.nabirye@yahoo.com,Kampala,2021-09-15,F
CUST100228,NAKAYIZA OKELLO,+256796111631,nakayiza.okello@hotmail.com,Wakiso,2021-11-09,
CUST100229,Mubiru Ssemakula,0759360759,mubirussemakula44@outlook.com,Kampala,2024-05-11,M
CUST100230,Nabirye Tendo,0779121488,nabirye.tendo@hotmail.com,Wakisio,12/02/2025,Female
CUST100231,Jane Nakato,+256 72 390 1012,jane.nakato@hotmail.com,Bushenyi,2024-05-21,M
CUST100232,Isaac Ouma,0728685879,isaac.ouma@srg.co.ug,Jinja,11/10/2022,F
CUST100233,Butime Ruth,+256784623363,butime.ruth@srg.co.ug,Jinja City,2022-08-16,Female
CUST100234,Ouma Nalubega,0705815413,ouma.nalubegasrg.co.ug,Kasese,,
CUST100235,Namubiru Kyebambe,071-345-3747,namubiru.kyebambe@srg.co.ug,Wakisio,2025-10-03,Female 
CUST100236,Sheila Nabirye,075-076-8594,sheilanabirye57@outlook,Wakiso,2022-04-03,Female
CUST100237,Ouma Mukasa,0733327867, ouma.mukasa@hotmail.com ,Jinja,11/08/2024,
CUST100238,Kizza Florence,+256778817322,kizzaflorencegmail.com,Kampala,30/08/2021,Male
CUST100239,Ninsiima Achieng,0757222459,ninsiima.achieng@hotmail.com,Wakiso,19/11/2023,Female
CUST100240,Namutebi Tumusiime,0755248472,namutebi.tumusiime@yahoo.com,Kampala Region,11/04/2024,
CUST100241,JulietoKyomuhendo,0744918193,juliet.kyomuhendosrg.co.ug,Mbarara,11/10/2025,
CUST100242,Collins Nsereko,+256727583982,collins.nsereko@mail.com,Wakiso,07-08-2024,F
CUST100243,Ssekandi Nabbanja,+256748167758,ssekandi.nabbanja@gmail.com,Wakiso,09/11/2023,Male 
CUST100244,Nakiganda Olweny,,,Nebbi,,Female
CUST100245,Nabirye Olweny,702419484,nabirye.olweny@gmail.com,Nakasongola,2025-06-10,Female
CUST100246,Esther Tumusiime,256772442659,esthertumusiime@mail.com,jinja,2023-02-04,Male
CUST100247,Nalubega Kizza,+256 77 980 4048,nalubegakizza84@gmail.com,Kampala City,10/08/2021,Male
CUST100248,Alexander Nankya,,alexander.nankya@hotmail.com,Kampala,2023-08-13,F
CUST100249,Juliet Kambale,+256749450429,julietkambale75@mail.com,Mbale,2022-02-11,
CUST100250,Mubiru Butime,736677657,mubiru.butime@hotmail.com,Jinja,2023-08-19,Male 
CUST100251,Ssentongo Ssempebwa,+256701962542,ssentongo.ssempebwa@gmail.com,Masindi,23-08-2021,M
CUST100252,Nabirye Nabbanja,256740731818,nabiryenabbanja3@outlook.com,Mukono,06-08-2025,Female
CUST100253,Wanyama Nankya,0795346526,wanyama.nankya@gmail.com,Kla,17/11/2024,Female
CUST100254,Isaac Guma,+256771074766,isaac.guma@outlook.com,Gulu,2025-06-03,F
CUST100255,Okello Byaruhanga,0780942696,okello.byaruhanga@yahoo.com,Masaka,2023-08-21,
CUST100256,Collins Kyomuhendo,, collinskyomuhendo6@hotmail.com ,Wakiso,2021-08-27,
CUST100257,Harriet Nalubega,+256780446722,harriet.nalubega@yahoo.com,Arua City,04-07-2023,Female
CUST100258,Ssemakula Nsereko,+256 73 552 6784,ssemakula.nsereko@srg.co.ug,Kampala,2023-07-16,
CUST100259,Okello Ssentongo,+256 74 992 7538,okellossentongo53@mail.com,Gulu City,2023-06-26, 
CUST100260,Kyomuhendo Nankya,0730803895,kyomuhendo.nankya@gmail.com,Mukono,12/04/2021,Female
CUST100261,Alexander Ssekandi,256756413179,alexander.ssekandi@gmail.com,Wakiso,2021-08-11,Female
CUST100262,Emmanuel Ouma,702523326,emmanuel.ouma@yahoo.com,Mbale,2024-05-03,F
CUST100263,Ninsiima Ssempebwa,,ninsiima.ssempebwa@outlook.com,Mbale,30/04/2024,Female
CUST100264,Ouma Mercy,256751436796,ouma.mercy@outlook.com,Mbale,21-09-2022,Female
CUST100265,Nalubega,256786398605,nalubega95@gmail.com,Kayunga,2021-03-15,Female
CUST100266,Guma Nankya,+256708519278,guma.nankya@yahoo,Wakiso,2024-02-20,
CUST100267,Brian Ssimbwa,+256701046078,brian.ssimbwa@gmail.com,Kampala,2023-01-27,Male 
CUST100268,Kizza Nakiganda,,,Kiboga,2023-04-05,
CUST100269,Irene Munezero,+256788498842,irene.munezero@srg.co.ug,Tororo,2021-04-16,Female
CUST100270,Agnes Kyebambe,256770020944,agnes.kyebambe@mail.com,Mukono,2024-04-05,M
CUST100271,Nabbanja,+256777243327,nabbanja54@mail.com,Gulu,2024-12-10,F
CUST100272,Andrew Guma,790387431,andrew.guma@hotmail.com,Mukono,2021-03-10,Female
CUST100273,Okello Joan,0732045436,okello.joan@srg.co.ug,Masindi,2025-10-14,Female
CUST100274,Mary Ssekandi,+256 71 759 4312,mary.ssekandi@srg.co.ug,Kiruhura,,Male
CUST100275,Nakiganda Nsereko,791433879,,rakai,28/07/2023,Female
CUST100276,Sarah,256750641519,sarah@mail,Kampala (Central),17/02/2024,Male
CUST100277,Nabirye Tumusiime,256780634442,nabirye.tumusiime@srg.co.ug,Soroti District,2025-05-28,Female
CUST100278,Grace Ssekandi,+256781362224,grace.ssekandi@yahoo.com,Kampala,,Male
CUST100279,Esther Ssebugwawo,0711977222,esther.ssebugwawo@srg.co.ug,Kampala,16-09-2025,Male 
CUST100280,Kamoga Mubiru,078-881-7018,kamoga.mubiru@yahoo.com,Jinja,28/02/2023,Male
CUST100281,Agnes Kambale,0746542267,agnes.kambale@gmail.com,Wakiso,14/12/2021,Male
CUST100282,Emmanuel Nabbanja,,emmanuel.nabbanja@gmail.com,Kampala,2023-01-18,Female
CUST100283,Nabbanja Kamoga,0789603608,nabbanja.kamoga@hotmail.com,Gulu,16/07/2022,Female
CUST100284,Kafeero Kyomuhendo,256747188803,kafeero.kyomuhendo@hotmail.com,Jinja,17-03-2023,F
CUST100285,Ouma Kambale,077-742-2898,ouma.kambale@hotmail.com,Kampala,2025-04-25,Male
CUST100286,Lubega,+256 72 386 8184,lubega@srg.co.ug,mukono,14/04/2022,Male
CUST100287,Byaruhanga Tumusiime,256786208302,byaruhanga.tumusiime@mail.com,Mukono,2022-02-26,Male
CUST100288,Kizza Ouma,,kizza.ouma@hotmail.com,Wakiso,18/11/2022,M
CUST100289,Nakiganda Ssempebwa,+256791783681,nakiganda.ssempebwa@yahoo.com,Mbale City,07/05/2024,Female
CUST100290,Kyomuhendo Wanyama,0724670976,kyomuhendowanyama65@outlook.com,Jinja,2022-07-10,Female
CUST100291,Mary Butime,,mary.butime@hotmail.com,Masaka,15/01/2024,Male
CUST100292,Phoebe Kambale,256715504238,phoebekambale@mail.com,Bushenyi,2022-05-13,Female
CUST100293,Wanyama Ninsiima,0745863295,wanyama.ninsiima@outlook.com,Soroti,2021-09-16,Female
CUST100294,alexander nalubega,0799594105,,Bushenyi,2022-04-19,Female
CUST100295,Sarah Okello,+256 70 398 0057,sarah.okello@gmail.com,Mukono,25/09/2023,Male
CUST100296,Butime Ruth,+256784623363,butime.ruth@srg.co.ug,Jinja City,2022-08-16,Female
CUST100297,Mercy Nankya,0717303623,mercy.nankya@srg.co.ug,Kisese,2022-11-23,
CUST100298,Mary Atim,0742654163,mary.atim@gmail.com,Mbale,2021-07-12,Male
CUST100299,Nalubega Nakayiza,+256707773280,nalubeganakayiza@outlook.com,Nebbi,,Female 
CUST100300,Nakiganda Munezero,256721241895,nakigandamunezero28@srg.co.ug,Gulu City,2024-03-24,Female
CUST100301,Nsereko Namubiru,256774461978,nsereko.namubiru@srg.co.ug,Wakiso,08/07/2025,Male
CUST100302,Collins Kizza,+256 72 125 3610,collins.kizza@hotmail.com,Jinja,2024-10-07,Female
CUST100303,Juliet Mugisha,0700418763,juliet.mugisha@gmail.com,Kampala,16/09/2024,Female
CUST100304,Patrick Ssentongo,+256710371055,patrick.ssentongo@srg,Mbarara City,24/07/2024,Female
CUST100305,Michael Ahabwe,078-204-6937,michael.ahabwe@outlook.com,Mukono,2021-07-02,Male
CUST100306,Ssentongo Nsereko,+256 70 087 3223,ssentongo.nsereko@srg.co.ug,Gulu District,15-01-2022,Male
CUST100307,Irene Mugisha,+256 71 568 5084,irene.mugisha@yahoo.com,Kampala,17/04/2024,F
CUST100308,Ssempebwa Mugisha,+256 75 505 8589,ssempebwa.mugisha@hotmail.com,Lira,01/08/2021,Male
CUST100309,Butime Mubiru,+256 70 163 4803,butime.mubiru@gmail.com,Mbale,2023-12-05,Male 
CUST100310,Nakayiza Wasswa,0712137378,nakayiza.wasswa@mail.com,Kampala,2021-08-20,
CUST100311,Daniel Kambale,256778671751,daniel.kambaleyahoo.com,Mbale,,Male
CUST100312,Kamoga Agnes,+256721548019,kamogaagnes@outlook,mukono,,Male
CUST100313,Patrick Tendo,+256720598293,patrick.tendo@outlook.com,Kampala,07/09/2025,Female 
CUST100314,Atim Byaruhanga,078-131-3839,atim.byaruhangamail.com,Mbarara,22/05/2024,Male
CUST100315,Nsereko Okello,, nserekookello@gmail.com ,Gulu,2021-03-11,Male
CUST100316,Grace Tendo,0773621417,grace.tendo@outlook,Kampala,13/02/2022,M
CUST100317,Beatrice Ssekandi,,,kampala district,16/06/2023,F
CUST100318,Daniel Mubiru,077-177-7831,daniel.mubiru@yahoo.com,Kampala,2025-04-12,
CUST100319,Ouma Rebecca,+256704780928,ouma.rebecca@mail.com,Entebbe City,28/06/2021,Male
CUST100320,Joan Olweny,+256 71 938 7839,joan.olweny@mail.com,Jinja,14/10/2022,Female 
CUST100321,Nabbanja Ssekandi,+256753117695,nabbanjassekandi4@srg.co.ug,masaka,2022-11-12,Female
CUST100322,Byaruhanga Ahabwe,+256 75 488 1736,byaruhanga.ahabwe@gmail.com,Wakiso,2021-06-24,
CUST100323,Juliet Ssebugwawo,0750434768,juliet.ssebugwawo@mail.com,Guluu,10/06/2021,Female
CUST100324,Florence Tendo,071-328-3154,florence.tendo@mail.com,Kalangala,2021-09-20,Male
CUST100325,Nabirye Nakiganda,+256736938840,nabirye.nakiganda@yahoo.com,Mukono,2024-09-01,Female
CUST100326,Kizza Mukasa,256773693187,kizza.mukasa@gmail.com,Iganga Town,2024-05-14,Male
CUST100327,Florence Nakato,256708645493,florence.nakato@srg.co.ug,Wakiso,2022-06-22,Male
CUST100328,Olweny Nakato,745824334,olweny.nakatomail.com,Mbarara,2022-04-02,Male
CUST100329,Nabirye Nakato,,nabirye.nakato@srg.co.ug,Mukono,2024-06-11,Female
CUST100330,Godfrey Ssemakula,+256724304029,,Gulu,2022-10-12,Female
CUST100331,Mary Ssimbwa,0703766346,mary.ssimbwa@yahoo.com,Lira,14/11/2023,M
CUST100332,Godfrey Nankya,256704833702,godfrey.nankya@yahoo.com,gulu,,F
CUST100333,Peter Lubega,256791665870,,Mukono,2025-08-02,Male
CUST100334,Mary Mubiru,256750807401,mary.mubiru@srg.co.ug,Kampala,28-07-2025,Male
CUST100335,Isaac Tumusiime,0781595579,isaac.tumusiime@hotmail.com,Soroti,08-09-2025,Female
CUST100336,Mubiru Mubiru,+256 72 410 0616,mubiru.mubiru@hotmail.com,Mbarara,18/03/2021,Male
CUST100337,  Dorothy Kafeero ,+256731714029,dorothy.kafeero@hotmail.com,Jinja,2025-04-07,Male
CUST100338,Munezero Okello,797172318,munezero.okello@outlook.com,Soroti District,2023-02-03,
CUST100339,Esther Kambale,795956761,estherkambale95@srg.co.ug,Mbale,29-03-2023,M
CUST100340,Lubega Kyebambe,,lubega.kyebambe@yahoo.com,Mukono,13/08/2023,Male
CUST100341,Mugisha Ssekandi,,mugisha.ssekandi@hotmail.com,Jinja,2022-01-31,M
CUST100342,Daniel Atukunda,+256 74 252 0888,daniel.atukunda@mail.com,Lira,2024-03-08,M
CUST100343,Brian Ssebugwawo,732979731,brian.ssebugwawo@mail.com,Hoima,2023-11-22,
CUST100344,Sarah Mukasa,0755596684,,Kampala,2025-04-30,
CUST100345,Isaac Kyebambe,+256 79 629 2384,isaac.kyebambe@gmail.com,Wakiso District,2021-10-18,Female
CUST100346,Nakiganda Mercy,256787455358,nakiganda.mercy@yahoo.com,KAMPALA,2021-03-05,F
CUST100347,Samuel,0776012518,samuel@hotmail.com,Wakiso,2022-02-20,Male
CUST100348,Ssentongo,,ssentongo@mail,Hoima,2021-11-18,
CUST100349,Nakayiza Kizza,793449353,nakayizakizza15@gmail.com,mukono,09/12/2024,Male 
CUST100350,Sheila Kamoga,072-198-1929,sheilakamoga@outlook.com,gulu,20/01/2021,Female
CUST100351,Joan Achieng,+256 72 867 9605,joan.achieng@yahoo.com,Kampala,10/02/2024,F
CUST100352,Collins Kyebambe,+256782495245,collins.kyebambe@yahoo.com,Lyantonde,2023-10-22,Female
CUST100353,Sheila Ssebugwawo,+256709046840,sheila.ssebugwawo@hotmail.com,Kampala,2023-12-20,F
CUST100354,Okello,+256749490559,okello@srg.co.ug,Kampala,2021-08-25,Male
CUST100355,Kibirige Tumusiime,754614856,kibirige.tumusiime@srg.co.ug,Rakai,2023-09-22,
CUST100356,Byaruhanga Emmanuel,071-160-8310,byaruhanga.emmanuel@gmail.com,Arua,2021-12-01,Female
CUST100357,Wanysma Olweny,0759520464,wanyama.olweny@gmail.com,Mukono,2023-11-10,Female
CUST100358,Kambale Ouma,0775758792,kambaleouma33@mail.com,Isingiro,2022-11-07,Female 
CUST100359,Daniel Nsereko,+256753644809,daniel.nsereko@mail.com,Tororo,05/10/2022,M
CUST100360,Sheila,,sheila@yahoo.com,Mbale,28/10/2021,Female
CUST100361,Ssempebwa Nabirye,0748364809,,Masaka,2022-07-27,Male
CUST100362,David Ssempebwa,070-385-1117,david.ssempebwa@outlook.com,Arua City,2022-04-15,Male
CUST100363,Ssemakula Tumusiime,0739649730,ssemakula.tumusiime@mail.com,Wakisio,23/07/2024,
CUST100364,Ouma Ronald,728047758,ouma.ronald@srg.co.ug,Kampala ,2024-05-09,M
CUST100365,Nankya Namubiru,256734936408, nankya.namubiru@hotmail.com ,JINJA,2022-06-09,Female
CUST100366,David Nakayiza,+256733742929,david.nakayiza@gmail.com,Kitgum,31-10-2022,
CUST100367,Dorothy Mubiru,0722470632,dorothy.mubiru@outlook.com,Gulu,2025-07-09,Male
CUST100368,Kafeero Juliet,0788045553,kafeero.juliet@yahoo.com,Soroti,02-10-2021,Female
CUST100369,Nsereko Nankya,+256778727087,nsereko.nankya@yahoo.com,Soroti,27/02/2023,Female
CUST100370,Kambale Kyomuhendo,737959456,kambale.kyomuhendo@srg.co.ug,Mukko,21/04/2023,Female
CUST100371,Juliet Wanyama,+256732795743,julietwanyama44@hotmail.com,Wakiso,,Female
CUST100372,Ronald Nalubega,256792895319,ronaldnalubega@mail.com,Kampala,2021-07-04,M
CUST100373,Francis Nalubega,256725454406,francisnalubega49@mail.com,Jinja,08-06-2025,Female
CUST100374,Agnes Tendo,710096353,agnes.tendo@hotmail.com,Mukono,10/04/2022,M
CUST100375,Andrew Ouma,256745132470,,Soroti,28/05/2021,F
CUST100376,Alexandcr Kyomuhendo,0744541543,alexanderkyomuhendo77@hotmail.com,Mbarara,02/11/2022,Female
CUST100377,Kamoga Phoebe,0739541085,kamoga.phoebe@hotmail.com,Mbale,2022-02-07,Female 
CUST100378,Ssempebwa Okello,+256 75 402 3951,ssempebwa.okello@hotmail.com,isingiro,2021-10-07,Male
CUST100379,Kambale Munezero,+256 79 627 5315,kambale.munezero@yahoo.com,Gulu,22-09-2021,Female
CUST100380,Sheila Tendo,256757123887,sheilatendo17@srg.co.ug,Jinja,2022-12-09,Female
CUST100381,Nsereko Nabirye,0740527691,nserekonabirye43@srg.co.ug,Kampala,2021-03-01,Male
CUST100382,Nalubega Olweny,072-265-4361,,mukono,2022-06-30,F
CUST100383,Guma Kyomuhendo,0729861670,guma.kyomuhendo@yahoo.com,Gulu,2021-11-27,M
CUST100384,Sarah Mukasa,073-359-9143,sarahmukasa6@mail.com,Masindi,22/08/2022,Male
CUST100385,Kafeero Isaac,+256797738185,kafeero.isaac@outlook.com,Kalangala,2022-04-01,Female
CUST100386,Naomi Nakayiza,744595018,naominakayiza36@outlook.com,Bushenyi,14-10-2023,Female
CUST100387,S. Nankya,,stephen.nankya@mail.com,Kampala,2024-09-08,F
CUST100388,Agnes Ssempebwa,0702807890,agnes.ssempebwa@outlook.com,lira,2021-05-24,Male
CUST100389,Ninsiima Mukasa,0710271628,ninsiima.mukasa@mail.com,Wakiso,2022-08-17,Female
CUST100390,Sheila Nabbanja,070-023-2957,sheila.nabbanja@gmail.com,Kampala,05/08/2022,
CUST100391,Grace Ssekandi,0781362224,grace.ssekandi@yahoo.com,Kampala,,Male
CUST100392,Agnes Ninsiima,+256 78 983 4289,agnes.ninsiima@srg.co.ug,Kabarole,2024-06-08,Male
CUST100393,Rebecca Katusiime,256719427908,rebecca.katusiime@gmail.com,gulu,2025-07-30,
CUST100394,Katusiime Nankya,0710043030,katusiime.nankya@srg.co.ug,Wakiso,2025-06-02,Female 
CUST100395,Byaruhanga Ouma,073-960-6572,byaruhangaouma79@gmail.com,Masacka,2025-05-31,Male
CUST100396,Atim vlweny,256739911645,atim.olweny@srg.co.ug,Kampala,2023-06-13,
CUST100397,Michael,075-956-2241,michael@mail.com,wakiso,20-09-2024,Male
CUST100398,Brian Atukunda,256797984548,,Kampala-City,22/04/2021,M
CUST100399,Jane Olweny,0717699456,jane.olweny@mail.com,Hoima,2021-12-31,
CUST100400,Samuel Kyomuhendo,070-269-0131,samuel.kyomuhendo@hotmail.com,Jinja,2021-03-21,Male
CUST100401,Ssempebwa Namubiru,070-130-2270,ssempebwa.namubiru@hotmail.com,Jinja,04/08/2022,
CUST100402,Atim Nsereko,+256742727005,atimnsereko88@mail.com,Kabale,30/06/2021,Female
CUST100403,Okelbo Nakato,700860338,okello.nakato@outlook.com,kitgum,2024-10-28,Male
CUST100404,Michael,0705229363,michael@hotmail.com,masaka,2025-03-24,Male
CUST100405,  Butime Olweny ,,butime.olweny@outlook.com,Jinja,2024-11-01,M
CUST100406,Samuel,+256 74 475 8294,samuel@srg.co.ug,Kampala,23/03/2022,Male
CUST100407,Ouma Ssimbwa,783916807,ouma.ssimbwa@yahoo.com,Wakiso,2022-12-05,Male
CUST100408,Nabirye Ssimbwa,,nabiryessimbwa@outlook.com,Wakiso,2025-04-26,
CUST100409,Emmanuel Ssemakula,0712478756,emmanuel.ssemakula@srg.co.ug,Bundibugyo,2021-01-01,Female
CUST100410,Sheila Mubiru,+256719549372, sheilamubiru41@outlook.com ,Lira,2023-12-31,Female
CUST100411,Grace Kyebambe,+256711349479,gracekyebambe@hotmail.com,Kampala,2025-06-11,Male
CUST100412,Wanyama Irene,256772838458,wanyama.irenehotmail.com,Bushenyi,21/11/2022,Female
CUST100413,  Florence Ninsiima ,256707261886,florenceninsiima10@srg.co.ug,Kampala,16/10/2023,Male
CUST100414,Okello Namubiru,0792920564,okello.namubiru@hotmail.com,Gulu City,2024-12-10,M
CUST100415,Brian Namubiru,+256706329862,brian.namubiru@srg.co.ug,arua,2023-05-09,Male
CUST100416,Kato,,kato@outlook.com,Bushenyi District,02/01/2022,Male
CUST100417,Nabbanja,256780916692,nabbanja@srg.co.ug,kabale,2025-02-07,Female
CUST100418,David Nabirye,,david.nabirye@outlook.com,Kasese,2023-02-13,Male
CUST100419,Patrick Butime,0735095465,,Kiruhura,07/06/2024,Female
CUST100420,Kyomuhendo Atukunda,0798062395,kyomuhendoatukunda69@srg.co.ug,Tororo,2021-05-31,Female
CUST100421,Irene Kyomuhendo,0725894037,irene.kyomuhendo@hotmail.com,Lira,2023-12-25,
CUST100422,Ouma Munezero,712041117,ouma.munezero@yahoo.com,Kampala,19/08/2023,
CUST100423,Collins,256776262079,collins65@outlook.com,kla,12/02/2023,F
CUST100424,Mary Kyomuhendo,794467821,mary.kyomuhendo@gmail.com,Gulu,2022-03-11,Male
CUST100425,Katusiime Nabirye,078-752-1155,katusiime.nabirye@srg.co.ug,Mballa,2021-11-23,Female
CUST100426,Ssemakula Kafeero,0754611093,ssemakula.kafeero@srg.co.ug,Kampala,01/03/2021,Male
CUST100427,Beatrice Wasswa,073-088-0469,beatrice.wasswa@hotmail.com,Kampala,,Female
CUST100428,Nakayiza Lubega,743530675,nakayiza.lubega@hotmail.com,Kampala,01/01/2023,Female
CUST100429,Ronald Munezero,,ronald.munezero@hotmail.com,kasese,2021-08-20,
CUST100430,Kyomuhendo Atukunda,0798062395,kyomuhendoatukunda69@srg.co.ug,Tororo,2021-05-31,Female
CUST100431,Samuel Tendo,256789402619,samuel.tendo@mail.com,Kampala,28/11/2023,Male
CUST100432,Munezero Ruth,079-646-1692,munezero.ruth@srg.co.ug,Mukko,05/11/2024,Female
CUST100433,andrew guma,+256700328732,andrew.guma@yahoo,Mbarara,2024-12-28,Female
CUST100434,Wasswa Nakiganda,0777265909,wasswa.nakiganda@yahoo.com,Mukono,2023-11-13,Male
CUST100435,Kato Mubiru,,kato.mubiru@hotmail.com,Guluu,2023-05-28,Male
CUST100436,Francis Guma,+256721098585,francis.guma@outlook.com,Mbarara,30/05/2023,F
CUST100437,Robert Kamnale,0716991214,robert.kambale@srg.co.ug,Kampala1,19-10-2022,Male
CUST100438,Nalubega Nakayiza,0739927154,nalubega.nakayiza@outlook.com,Kumi,2022-08-31,Female
CUST100439,Sheila Munezero,256776029517,sheila.munezero@srg.co.ug,Kumi,2023-02-05,F
CUST100440,Namutebi Okello,,namutebi.okello@mail.com,mbale,2021-06-27,Female
CUST100441,Grace Ssekandi,256796961290,gracessekandi@yahoo.com,Mbale,2025-04-24,Male
CUST100442,Grace Ouma,716396684,grace.ouma@gmail.com,Wakiso,2021-07-26,
CUST100443,Ninsiima Samuel,256778754666,ninsiima.samuel@hotmail.com,Lira,17-05-2025,Male
CUST100444,Namutebi Munezero,+256 75 121 0421,namutebi.munezero@yahoo.com,Kampala,2024-05-18,Female
CUST100445,Kyomuhendo Kamoga,+256728228212,kyomuhendokamoga40@yahoo.com,Jinja,10/03/2021,Female
CUST100446,Esther Ssemakula,748068003,estherssemakulasrg.co.ug,Mpigi,28/04/2025,M
CUST100447,Ssentongo Collins,792912453,ssentongo.collins@srg.co.ug,iganga,09/12/2024,Female
CUST100448,Mukasa Kyomuhendo,0739515845,mukasa.kyomuhendo@hotmail.com,Arua,06-05-2022,Female
CUST100449,Ssimbwa Kambale,0735970064,ssimbwakambale64@srg.co.ug,Wakiso,16-03-2024,Male
CUST100450,Ssempebwa Nabbanja,,ssempebwa.nabbanja@mail.com,Kampala,2022-08-19,Male
CUST100451,Timothy Kambale,0712627370,timothykambale94@srg.co.ug,Mukono,06/12/2024,
CUST100452,Namutebi Nsereko,+256 70 381 5369,namutebi.nsereko@outlook.com,Kampala,26/06/2021,Female
CUST100453,Ouma Kato,0770471279,ouma.kato@gmail.com,Soroti,2024-05-14,Male
CUST100454,Guma,,guma@outlook.com,Kiboga,2023-03-07,Male 
CUST100455,Mukasa Kizza,721850226,mukasakizza@gmail.com,kampala district,17/08/2023,Male
CUST100456,Florence Ahabwe,071-719-9064,florenceahabwe28@outlook.com,Rakai,2021-03-22, 
CUST100457,Beatrice Nakiganda,+256 70 187 8810,beatrice.nakiganda@srg.co.ug,Wakiso,16/05/2022,
CUST100458,Ruth Ssimbwa,0792845323,ruth.ssimbwa@hotmail.com,Kabale,2021-12-17,Female
CUST100459,Kambale Kambale,0718321306,kambalekambale22srg.co.ug,Mpigi,14-10-2025,Female
CUST100460,Grace,+256754982449,grace@yahoo.com,Lira,,Male
CUST100461,Joan Byaruhanga,+256 74 996 0725, joanbyaruhanga@mail.com ,Homa,22/10/2024,
CUST100462,Phoebe Kamoga,749156224,phoebekamoga73@hotmail.com,Rakai,2021-12-19,Female
CUST100463,Ssempebwa Ssempebwa,777670911,ssempebwassempebwa@yahoo.com,Wakiso,2023-04-10,Male
CUST100464,Nankya Nsereko,256757453466,nankya.nsereko@outlook.com,Mbarara City,25/03/2021,Male
CUST100465,Kafeero Juliet,0788045553,kafeero.juliet@yahoo.com,Soroti,02-10-2021,Female
CUST100466,Kizza Wanyama,+256722119482,kizza.wanyama@yahoo.com,Kampala,2025-09-14,Male
CUST100467,Ssempebwa John,736508807,ssempebwajohn@gmail.com,Mbarara,2024-04-13,Male
CUST100468,Andrew Tendo,075-491-6292,andrew.tendo@hotmail.com,Mukono,2024-06-18,Female
CUST100469,Nankya Ssekandi,0731446482,nankya.ssekandi@yahoo.com,Mbale,26/10/2023,Female 
CUST100470,Kamoga Nakiganda,,kamoga.nakiganda@gmail.com,masaka,22/10/2024,
CUST100471,Lubega Kibirige,256789685762,lubegakibirige33@yahoo.com,fort portal,15/04/2022,M
CUST100472,Guma Ssimbwa,788099493,gumassimbwa@srg.co.ug,Kampala Region,30/10/2024,Male
CUST100473,Catherine,0758092481,catherine15@yahoo.com,Jinja,2023-09-24,Male
CUST100474,Ssentongo Wanyama,+256711266667,ssentongo.wanyama@outlook.com,Gulu,2024-10-06,Male
CUST100475,Mugisha Nabbanja,256783939463,mugisha.nabbanja@srg.co.ug,Mbarara,05/01/2024,Female
CUST100476,Mukasa Guma,256751585630,mukasaguma54@yahoo.com,Mukono,2025-09-06,Male
CUST100477,Nabbanja Mugisha,256713340634,nabbanja.mugisha@hotmail.com,Mukono,2024-06-11,Female
CUST100478,Ssekandi Patrick,0794407843,ssekandi.patrick@mail.com,Mbarara,2025-03-27,Female
CUST100479,Juliet Butime,0753401370,juliet.butime@hotmail.com,Kabale,2023-02-23,Female
CUST100480,Nabbanja Nakiganda,256774690893,nabbanjanakiganda59@yahoo.com,Hoima,2021-06-21,Female
CUST100481,Wasswa Kizza,+256776394255,wasswa.kizza@outlook.com,Wakiso,03/03/2025,Male
CUST100482,Atim Achieng,+256798607924,atim.achieng@outlook.com,Rakai,2021-10-24,F
CUST100483,Irene Nsereko,0736930369,irenensereko95@mail.com,Rakai,2025-08-24,Female
CUST100484,Collins Olweny,256756229892,collins.olweny@hotmail.com,Kampala-City,2025-02-03,F
CUST100485,Atim Okello,0722644127,atim.okello@yahoo.com,Kampala,16/08/2021,Female
CUST100486,Namutebi Nakato,256748164298,namutebinakato26@srg.co.ug,Nebbi,10/11/2024,Female
CUST100487,Isaac Ssempebwa,741750865,isaac.ssempebwa@gmail.com,Jinja Town,16/09/2023,Female
CUST100488,Tumusiime Wanyama,,tumusiime.wanyama@outlook,Jinja,2023-06-03,Female
CUST100489,Butime Wasswa,256770679208,butimewasswa65@mail.com,wakiso,05/11/2023,M
CUST100490,Isaac Nsereko,748690341,isaac.nsereko@mail,Kampala,2022-11-27,Female
CUST100491,Grace,714154946,grace@yahoo.com,Luwero,2023-05-05,Male
CUST100492,Ronald Okello,+256751859441,ronald.okello@srg.co.ug,Bundibugyo,19/11/2023,Male
CUST100493,Patrick Munezero,074-450-4169,patrick.munezero@yahoo.com,Gulu City,03/05/2023,Female
CUST100494,Florence Atim,+256702063256, florenceatim9@srg.co.ug ,Iganga Town,2023-01-09,Male
CUST100495,Isaac Achieng,,isaac.achieng@hotmail.com,Wakiso,10/04/2024,Female
CUST100496,Atim Atukunda,256711251010,atim.atukunda@outlook.com,Jinja,2022-11-07,Female
CUST100497,Lubega Atim,+256750658085,lubega.atim@gmail.com,Mukono,2022-08-06,
CUST100498,Ssentongo Ssempebwa,+256 79 240 3320,ssentongo.ssempebwa@srg.co.ug,Wakiso,2022-12-04,Male
CUST100499,Nabirye Ssentongo,,nabirye.ssentongo@hotmail.com,Kayunga,2024-01-25,Female 
CUST100500,LUBEGA ROBERT,0727474281,lubega.robert@hotmail.com,Soroti,15-02-2024,Male
CUST100501,Daniel Ssempebwa,+256785043866,,Kampala,25-08-2025,Male
CUST100502,Joan,+256 71 552 2101,joan@mail,Mukono,2022-06-12,Female
CUST100503,Nabirye Nabirye,771951333, nabirye.nabirye@outlook.com ,Isingiro,2023-06-25,Female
CUST100504,Joan Mukasa,075-512-7151,joan.mukasa@mail,Lira,2023-10-04,Female
CUST100505,Mubiru Byaruhanga,+256783751734,mubiru.byaruhanga@yahoo.com,Mbarara City,02/03/2022,Male
CUST100506,Joseph Guma,+256 79 482 8252,josephguma66@mail.com,Kampala,2023-04-09,
CUST100507,Nakato Robert,+256 72 922 3963,nakato.robert@yahoo.com,Kampala,11/12/2022,Male
CUST100508,Nabbanja Olweny,075-981-7850,nabbanja.olweny@yahoo.com,Iganga,2024-07-28,Female
CUST100509,Kizza Nankya,0759185779,kizza.nankya@gmail.com,Kampala,2025-07-31,Male
CUST100510,Lubega Kafeero,728346425,lubega.kafeero@srg.co.ug,Kampala,11-11-2021,M
CUST100511,Emmanuel Ahabwe,740649973,,Kampala,2023-03-16,F
CUST100512,Ouma Oaweny,256785107216,oumaolweny@gmail.com,Nakasongola,2022-11-09,Male
CUST100513,Kato,792413536,kato@hotmail.com,Mukono,2022-11-03,Male
CUST100514,Esther Nankya,256716333114,esther.nankya@outlook.com,Kampala,2024-03-07,
CUST100515,Sarah Olweny,,sarah.olweny@yahoo.com,Wakiso,06-11-2024,M
CUST100516,Agnes Byaruwanga,+256722110584,agnesbyaruhanga59@gmail.com,Mbarara,28-05-2021,
CUST100517,Joseph Nabirye,256702759482,joseph.nabirye@srg.co.ug,Kiruhura,01/08/2025,
CUST100518,Okello Wanyama,,okello.wanyama@yahoo.com,Kampala,2024-04-12,Male
CUST100519,Brian Kyomuhendo,256759801136,briankyomuhendo44@yahoo.com,Gulu District,2023-06-21,Male
CUST100520,Michael akello,+256787609819,michael.okello@hotmail.com,Mbale,2022-12-14,Male
CUST100521,Samuel,0715724485,samuel@hotmail.com,Kampala,2022-11-23,
CUST100522,Kambale Ssempebwa,+256 73 752 4563,kambale.ssempebwa@gmail.com,Jinja,2024-05-16,Female
CUST100523,Patrick Byaruhanga,256735113991,patrick.byaruhanga@yahoo.com,Luwero,2025-05-14,Female
CUST100524,Esther Namubiru,+256 79 963 1783,esther.namubiru@outlook.com,Jinja City,2025-07-26,Male
CUST100525,Emmanuel Kyomuhendo,,emmanuelkyomuhendo81@srg.co.ug,Masindi,13-03-2023,Female
CUST100526,Timothy Namubiru,0787412081,timothynamubiru@outlook.com,kampala,23/02/2021,F
CUST100527,Lubega Mubiru,720392152,lubega.mubiru@outlook.com,Mbarara,2021-07-17,Male
CUST100528,J. Nsereko,710886838,jane.nsereko@gmail.com,Kabale,30/12/2022,Male
CUST100529,Namutebi Nakato,0724517386,namutebinakato96@srg.co.ug,Kampala,2025-07-16,Female
CUST100530,Ruth Nakiganda,0784052334,ruth.nakiganda@yahoo.com,Kampala,2021-10-23,Female
CUST100531,Ssekandi Nankya,0756681481,ssekandi.nankya@srg.co.ug,Iganga,12/01/2025,Male
CUST100532,Michael Lubega,+256756397809,michaellubega91@srg.co.ug,lyantonde,2021-02-08,Male
CUST100533,ssimbwa,788331467,ssimbwa@yahoo.com,Mpigi,2022-02-21,Male
CUST100534,Lubega Guma,0705011034,,Jinja,2024-09-21,Male
CUST100535,John Ssebugwawo,0717957518,johnssebugwawo17srg.co.ug,Kabale,2024-10-22,
CUST100536,Ssempebwa,740671959,ssempebwa@mail.com,Masindi,2022-08-26,Male 
CUST100537,Mercy Atim,+256772734866,,Masindi,2023-02-11,F
CUST100538,Namubiru Sheila,0779182766,namubiru.sheila@mail.com,Kampala,2021-12-01,Female
CUST100539,Olweny Mukasa,0793612638,olweny.mukasa@outlook.com,Jinja,2024-04-29,Male
CUST100540,Nakayiza Alexander,256748088274,,Hoima,16/09/2021,Female
CUST100541,saniel Mubiru,077-177-7831,daniel.mubiru@yahoo.com,Kampala,2025-04-12,
CUST100542,Nankya Namutebi,0708393064,nankya.namutebi@yahoo.com,Mbale,2025-06-11,F
CUST100543,Nakiganda Sheila,256773098762,nakigandasheila45@yahoo.com,Mbaraa,2021-11-03,Female
CUST100544,David Butime,+256753892452,david.butime@mail.com,Kla,2021-06-04,Male
CUST100545,Agnes Okello,0799543768,agnes.okello@hotmail.com,Mukko,2025-03-18,
CUST100546,Joan Mugisha,+256 73 059 3944,,Mukono,2021-10-29,Female
CUST100547,Wasswa Ahabwe,256759485334,wasswa.ahabwe@srg.co.ug,Soroti,16-10-2025,Male
CUST100548,Nsereko Mukasa,256753524194,nsereko.mukasayahoo.com,Kampala,2025-09-22,Male
CUST100549,Grace Munezero,723892306,grace.munezero@outlook.com,Mukono,2021-09-26,M
CUST100550,Collins Kyebambe,072-799-3532,,Wakiso,14-07-2025,
CUST100551,Nakayiza Agnes,+256 79 100 0947,nakayiza.agnes@srg.co.ug,Mukono,2024-05-15,Male
CUST100552,Ssimbwa Munezero,+256 78 474 6560,ssimbwa.munezero@gmail.com,Kalangala,2022-04-18,Male
CUST100553,Kambale Catherine,+256726764956,kambalecatherine@gmail.com,Wakiso,,Male
CUST100554,Lubega Lubega,256759126055,lubega.lubega@srg.co.ug,Jinja,2023-07-11,M
CUST100555,Rebecca Guma,0732046047,rebecca.guma@outlook.com,Isingiro,2025-08-11,
CUST100556,Munezero Kambale,+256 71 203 3577,munezerokambale@hotmail.com,Mukono,25/05/2025,Female
CUST100557,Ssemakula Ruth,708570407,ssemakula.ruth@srg.co.ug,Kitgum,27-01-2024,Female
CUST100558,Butime Ninsiima,0737917143,butimeninsiima1@yahoo.com,Wakisio,2023-07-30,Male 
CUST100559,John Ssekandi,256773323923,john.ssekandi@outlook.com,Gulu,07/05/2022,Male
CUST100560,Mugisha Mubiru,0787278392,mugisha.mubiru@hotmail,Kampala,2024-09-25,Male
CUST100561,Nakayiza Munezero,0734778607,nakayiza.munezero@yahoo.com,Wakiso,06/01/2024,F
CUST100562,Byaruhanga Namubiru,0723508047,byaruhanganamubiru96@hotmail.com,Jinja Town,2021-01-25,Male
CUST100563,Olweny Ssekandi,073-566-7034,olweny.ssekandi@yahoo.com,Kampala,12/01/2022,Male
CUST100564,Munezero Namubiru,796116130,munezero.namubiru@mail.com,Wakiso,2022-10-04,F
CUST100565,David Wasswa,754178991,david.wasswa@srg.co.ug,Homa,2024-10-09,
CUST100566,Mubiru Byaruhanga,,mubiru.byaruhanga@outlook.com,wakiso,2023-02-23,
CUST100567,Nankya Atukunda,+256718747894,nankya.atukunda@outlook.com,Wakiso,23/12/2023,Female
CUST100568,Guma Ssemakula,0724656946,guma.ssemakula@outlook.com,Wakiso,2021-06-09,Male
CUST100569,Byaruhanga Catherine,079-484-3256,byaruhanga.catherine@gmail.com,Entebbe,2022-09-24,Male
CUST100570,Kamoga Tendo,256751818787,kamoga.tendo@yahoo.com,Tororo,29/01/2021,Male
CUST100571,Ssekandi Nakayiza,+256711118784,ssekandi.nakayiza@srg.co.ug,Wakiso,23-09-2021,Male
CUST100572,Ouma Daniel,078-532-8075,oumadaniel62@mail.com,Kabale,2024-11-28,Male
CUST100573,Byaruhanga Okello,,byaruhanga.okello@mail.com,Wakiso,31/10/2023,Male
CUST100574,Namutebi Ssempebwa,256701015486,namutebissempebwa71@mail.com,Mbarara Town,2021-10-23,Female
CUST100575,Beatrice Mukasa,+256 78 574 4518,beatrice.mukasa@srg.co.ug,Kampala,2022-07-18,Female
CUST100576,francis ssentongo,0753830773,francisssentongo4@srg.co.ug,Lyantonde,2021-03-04,Female
CUST100577,Daniel Butime,073-467-4829,daniel.butime@hotmail.com,Kampala,2025-01-18,Male
CUST100578,Nalubega Kkebambe,,nalubegakyebambe36@gmail,Tororo,2021-03-05,Female
CUST100579,Nsereko Atukunda,+256779171400,nsereko.atukunda@outlook,Soroti,25/06/2022,Male
CUST100580,Joan Ninsiima,+256773978394,joan.ninsiima@outlook.com,Wakiso,06/02/2025,F
CUST100581,Nakiganda Joseph,+256732315663,nakigandajoseph@outlook.com,Kampala,2025-02-16,Male
CUST100582,Harriet Ssentongo,256701620938,harrietssentongo90@mail.com,Mukono,,Female
CUST100583,John Butime,071-144-7352,john.butime@yahoo.com,Kampala,07/10/2022,
CUST100584,Munezero Lubega,781643846,munezero.lubega@srg.co.ug,Kampala,2023-08-01,Female
CUST100585,Wasswa Robert,,wasswa.robert@gmail.com,Kampala Region,2025-04-15,M
CUST100586,Mugisha Wanyama,+256719335580,mugisha.wanyama@mail.com,Gulu,2021-11-02,
CUST100587,Patrick Ssemakula,0726110273,,Wakiso,2022-03-26,Female
CUST100588,Phoebe Katusiime,0799417840,phoebe.katusiime@gmail.com,Kampala,,F
CUST100589,Rebecca Kyebambe,+256713717703,rebecca.kyebambe@outlook.com,Kampala,2023-10-09,
CUST100590,Lubega Ssentongo,0711708359,lubega.ssentongo@gmail.com,Masaka,2024-06-08,Male
CUST100591,Nankya Tendo,+256795091013,nankya.tendo@mail.com,Kampala,01-06-2022,Female 
CUST100592,Sarah Butime,+256717038211,,Kampala,,M
CUST100593,Ssentongo Ouma,+256 79 869 4392,ssentongo.ouma@hotmail.com,Mukono,06/08/2025,Male
CUST100594,  Ssentongo ,0772044724,ssentongo@outlook.com,Jinja,20-01-2021,Male 
CUST100595,Joseph Achieng,+256 75 955 0390,josephachieng@gmail.com,Kampala,2025-03-15,M
CUST100596,Butime,0774844335,butime@srg.co.ug,Kampala,26/09/2023,
CUST100597,Katusiime Nakayiza,0731360262,katusiime.nakayiza@yahoo.com,Kampala,2021-12-04,Female
CUST100598,Kyomuhendo Nakato,+256777646221,kyomuhendonakato96@srg.co.ug,Masindi District,2021-03-13,Female
CUST100599,Francis Lubega,+256786657437,francis.lubega@yahoo.com,Soroti,26/04/2024,F
CUST100600,Mubiru Butime,+256 73 667 7657,mubiru.butime@hotmail.com,Jinja,2023-08-19,Male 
CUST100601,Joan Kamoga,256775889482,joan.kamoga@mail.com,Mukko,2023-05-07,Female
CUST100602,Mary Nankya,256772481649,,Wakiso,2022-05-23,Male
CUST100603,Michael Kafeero,+256789971479,michael.kafeero@gmail.com,mpigi,2024-03-18,Male
CUST100604,Namutebi Munezero,751210421,namutebi.munezero@yahoo.com,Kampala,2024-05-18,Female
CUST100605,Florence Nankya,0732310402,florencenankya98@srg.co.ug,Wakiso,,Male
CUST100606,Atim Agnes,256714860914,atim.agnes@mail.com,kampala,2021-09-29,Male
CUST100607,Rebecca,0733028792,rebecca@outlook,Kasese,02/01/2025,Male
CUST100608,Nabbanja Mugisha,256713340634,nabbanja.mugisha@hotmail.com,Mukono,2024-06-11,Female
CUST100609,Mercy Katusiime,+256 72 568 4361,mercy.katusiime@srg.co.ug,Gulu,29-12-2021,Female
CUST100610,Nakato Sarah,+256784669715,nakato.sarah@yahoo.com,Wakiso,,
CUST100611,Kizza Ssebugwawo,0782738960,kizza.ssebugwawo@srg.co.ug,Jinja City,2021-07-24,Male
CUST100612,Alexander Byaruhanga,0777892501,alexander.byaruhanga@gmail.com,Kampala,22/07/2025,F
CUST100613,Wasswa Butime,+256701032040,wasswabutime19@srg.co.ug,wakiso,13/01/2021,Male
CUST100614,Joseph Guma,256731362973,josephguma70@hotmail.com,Jinja City,25/01/2022,Male
CUST100615,Grace Lubega,0786704244,grace.lubega@gmail.com,Lira District,21/08/2024,
CUST100616,Collins Atim,+256710420693,collinsatim71@mail.com,Bundibugyo,18-08-2021,Female
CUST100617,Andrew Ssemakula,0738650938,andrew.ssemakula@yahoo.com,Isingiro,20/01/2025,Female
CUST100618,Francis Nakato,+256 77 426 0672,francisnakato@yahoo.com,Kampala,26/02/2022,Female
CUST100619,John Butime,+256729451602,john.butime@yahoo.com,masaka,2022-02-07,M
CUST100620,Stephen Ssekandi,+256 75 624 3143,stephenssekandi@hotmail.com,Kitgum,11/08/2025,Female
CUST100621,Byaruhanga Kamoga,+256791177480,byaruhanga.kamoga@srg.co.ug,nakasongola,2021-03-08,M
CUST100622,Mubiru Nabbanja,256754287716,mubiru.nabbanja@outlook.com,Arua,2023-07-08,Male
CUST100623,Mary Nsereko,+256781854134,mary.nserekogmail.com,Wakiso,13/11/2021,M
CUST100624,Nakiganda Ssimbwa,,nakiganda.ssimbwa@mail.com,Gulu City,14/09/2021,Female
CUST100625,Olweny Kamoga,0736488170,olweny.kamoga@outlook.com,Masaka,2021-01-03,
CUST100626,Atim Olweny,256784699895,atim.olweny@yahoo.com,Gulu,2022-02-15,Female
CUST100627,Phoebe,+256747449431,phoebe@outlook.com,Wakiso District,2023-02-26,Female
CUST100628,Nankya Catherine,0790773742,nankya.catherine@gmail,Mpigi,,Male
CUST100629,Ronald Lubega,+256701162487,ronald.lubega@outlook.com,gulu,13-06-2022,Male 
CUST100630,Ouma Nsereko,0790308628,oumansereko@mail.com,Kampala,2021-02-17,
CUST100631,Namutebi,078-843-7818,namutebi91@srg.co.ug,Mbarara,2023-12-08,Female
CUST100632,Butime Nalubega,0778804004,,Gulu,2024-01-28,Male
CUST100633,Nakiganda Nakiganda,0725069497,nakiganda.nakiganda@yahoo.com,Mbale,2024-12-16,Female
CUST100634,David Nsereko,+256 79 726 7908,david.nserekosrg.co.ug,Kampala,2022-09-21,Male
CUST100635,Nakato Lubega,0732917667,nakato.lubega@mail.com,Nebbi,10/01/2022,Male
CUST100636,Katusiime Nakato,+256773756304,katusiime.nakato@gmail.com,Mityana,2022-11-04,Female
CUST100637,John Mugisha,256778978989,john.mugisha@outlook.com,Kampala,2021-12-25,Male
CUST100638,Ninsiima Ssimbwa,0751276665,ninsiima.ssimbwa@outlook.com,Rakai,04/05/2021,
CUST100639,Munezero Butime,0741660128,munezero.butime@srg.co.ug,Kalangala,24-01-2024,Female
CUST100640,Ssentongo Ssimbwa,+256783562921,ssentongo.ssimbwa@srg.co.ug,Kasese,22/01/2024,Male
CUST100641,N. Wanyama,+256730557767,nabirye.wanyama@outlook.com,Mbarara,22/07/2023,Female 
CUST100642,Naomi,256780415062,naomi@gmail.com,Gulu,2025-04-25,Female
CUST100643,Isaac Ssempebwa,,isaac.ssempebwa@srg.co.ug,Jinja City,2021-08-03,Female
CUST100644,Phoebe Namubiru,0751778544,phoebe.namubiru@gmail.com,Mukono,2025-09-07,Female 
CUST100645,Nabbanja Olweny,+256 72 975 8404,nabbanjaolweny17@mail.com,Mbale,05-04-2022,Female 
CUST100646,Patrick Ssemakula,+256706893150,patrick.ssemakula@mail.com,Kampala Region,16-10-2021,F
CUST100647,mukasa ruth,+256796661002,mukasaruth34@mail.com,Nakasongola,2024-08-20,F
CUST100648,Kato Nakato,0773206849,kato.nakato@outlook,Jinja,08/04/2021,Male
CUST100649,Guma Kamoga,0730259617,guma.kamoga@mail.com,Jinja,04/08/2024,Male
CUST100650,Byaruhanga Okello,079-675-6895,byaruhanga.okello@mail.com,Wakiso,31/10/2023,Male
CUST100651,Michael Ninsiima,0759914596,michael.ninsiima@hotmail.com,Kampala,2021-03-09,M
CUST100652,Ssimbwa Kibirige,+256 79 102 0730,ssimbwa.kibirige@yahoo.com,Masaka,09/06/2021,M
CUST100653,Mubiru John,0787118893,mubiru.john@mail.com,Gulu,02/12/2022,Male
CUST100654,Michael Ahabwe,758791726,michaelahabwe14@yahoo.com,kabale,2021-04-29,Male
CUST100655,Phoebe Wanyama,,phoebe.wanyama@outlook.com,Mbarara City,23/01/2021,Female
CUST100656,  Kato Ouma ,+256749736803,,Kampala,03-05-2023,
CUST100657,Byaruhanga Wasswa,+256790413013,byaruhangawasswa74@gmail.com,kampala,04/03/2025,Male
CUST100658,Byaruhanga Ahabwe,256720470795,byaruhangaahabwe54@srg.co.ug,Kampala,17/06/2023, 
CUST100659,Ssentongo Butime,0740197049,ssentongobutime57@outlook.com,Jinja,28/05/2023,M
CUST100660,REBECCA NAKIGANDA,+256722849748,rebecca.nakiganda@mail.com,nakasongola,10/06/2023,M
CUST100661,Munezero Kizza,256798827356,munezerokizza@gmail.com,Mbarara,2024-01-01,Female 
CUST100662,Ssimbwa Wanyama,0738682602,ssimbwa.wanyama@gmail.com,Mbarara,20/04/2025,Male
CUST100663,R. Achieng,256716854767,rebeccaachieng27@mail.com,Mbarara,2025-01-10,Male
CUST100664,Kafeero Rebecca,,kafeerorebecca20@gmail.com,Kampala,2025-01-28,Male
CUST100665,Nalubega Atukunda,0788466497,nalubega.atukunda@srg.co.ug,Nakasongola,22/03/2022,Female
CUST100666,Mercy Kambale,0737094441,mercy.kambale@srg.co.ug,Mukono,08/08/2022,Female
CUST100667,Nakayiza Ssemakula,0791166494,nakayizassemakula18@mail.com,Wakiso,2024-07-13,
CUST100668,Ninsiima Okello,+256728989340,ninsiima.okello@srg.co.ug,Kampala,04/07/2023,Male
CUST100669,Kyebambe Sarah,749019958,,Wakiso,,M
CUST100670,Sheila Ahabwe,+256731661737,sheila.ahabwe@mail.com,Mukono,2021-06-02,Female 
CUST100671,Robert Kyebambe,,robertkyebambe18@yahoo.com,Lyantonde,06/05/2022,Male
CUST100672,Mercy Kambale,0737094441,mercy.kambale@srg.co.ug,Mukono,08/08/2022,Female
CUST100673,Lubega Tendo,,lubega.tendo@hotmail.com,Tororo,03-11-2024,
CUST100674,Kibirige Kambale,749899979,kibirige.kambale@hotmail.com,Mukono,2025-02-22,Male
CUST100675,Harriet Wasswa,+256789111484,harriet.wasswa@hotmail.com,Lira,,Female
CUST100676,Mary Atukunda,+256 74 627 1789,mary.atukunda@outlook.com,Kampala (Central),08/02/2025,Male
CUST100677,Peter Nalubega,0706111503,peter.nalubega@gmail.com,lira,,M
CUST100678,Ouma Tendo,0757626002,ouma.tendo@gmail.com,jinja,20/12/2021,M
CUST100679,Nankya Kambale,+256742013497,nankya.kambale@yahoo.com,Wakiso,05/08/2022,
CUST100680,A. Ouma,+256713455227,atim.ouma@yahoo.com,Kabale,2024-10-15,Male
CUST100681,Alexander Kafeero,753447771,alexander.kafeero@hotmail.com,Wakisio,19/12/2021,Female
CUST100682,Nabirye Tendo,256710739011,nabirye.tendo@srg.co.ug,Kampala City,03/06/2025,
CUST100683,Kamoga Ouma,+256 73 582 1298,kamoga.ouma@mail.com,Mbale,2023-09-09,
CUST100684,Kizza Ruth,071-751-0830,kizza.ruth@yahoo.com,Kabale District,2024-04-20,Female
CUST100685,Ssebugwawo Atim,+256 72 834 2981,ssebugwawo.atim@mail.com,Kampala,2022-05-31,Female
CUST100686,Irene Mubiru,+256734620155,irene.mubiru@mail.com,Kampala,,Female
CUST100687,Irene Nabirye,256703202352,irene.nabirye@mail.com,Soroti,29/01/2024,Female
CUST100688,Kato Kambale,256771141088,kato.kambale@yahoo.com,Tororo,2024-07-18,Male
CUST100689,Patrick Okello,+256791541840,patrick.okello@gmail.com,Enteba,2024-01-29,Female
CUST100690,  Guma ,256798118391,guma32@hotmail.com,Kalangala,24/06/2021,
CUST100691,Jane Kyebambe,,janekyebambe99@gmail.com,Bushenyi,2024-04-01,Male
CUST100692,Nabbanja Nakiganda,0774070868,nabbanja.nakiganda@outlook.com,Wakiso,2025-09-27,Female
CUST100693,Kyomuhendo Achieng,+256779397285,kyomuhendoachieng@srg.co.ug,Kampala,2023-11-19,Female
CUST100694,Wasswa Kyomuhendo,256779408628,wasswa.kyomuhendo@hotmail.com,Hoima,,Male
CUST100695,Mukasa Rebecca,+256783555134,mukasa.rebecca@gmail.com,none,2024-07-03,Male
CUST100696,Nabirye Kibirige,256770824874,nabirye.kibirige@hotmail.com,Isingiro,2023-07-12,F
CUST100697,Nabirye Nsereko,256726688043,nabirye.nsereko@mail.com,Kabale,2021-04-03,Female
CUST100698,Kambale Mercy,+256 79 525 8000,kambale.mercy@gmail.com,Mpigi,2022-10-09,Female
CUST100699,Achieng Nakiganda,0747481714,achieng.nakiganda@hotmail.com,Mbale,,Female
CUST100700,Nakiganda Joan,748900749,nakiganda.joan@yahoo.com,Kampala,2024-04-12,Female
CUST100701,Okelpo Ssentongo,0776631737,okello.ssentongo@srg.co.ug,Mbarara City,21/10/2022,M
CUST100702,Samuel Atukunda,0701769137,samuel.atukunda@gmail.com,Jinja Town,2025-03-18,Male
CUST100703,Ninsiima Esther,0724808997,ninsiima.esther@yahoo,Wakiso,22-10-2023,
CUST100704,Stephen Ahabwe,077-062-2123,stephen.ahabwe@yahoo.com,Kampala-City,2023-09-06,
CUST100705,Michael Kizza,0743707341,michael.kizza@outlook.com,Kampala,24/04/2023,M
CUST100706,  Godfrey Nakiganda ,+256748255480,,Mukono,2022-10-06,Female
CUST100707,Stephen Ssempebwa,+256773518827,stephen.ssempebwa@outlook.com,Hoima,2023-05-17,Female
CUST100708,Nabirye Peter,702040500,,Kampala,2023-06-09,Male
CUST100709,Joseph Nakiganda,,joseph.nakiganda@yahoo.com,Jinja City,13/10/2025,Male
CUST100710,Joseph Okemlo,+256710462383,joseph.okello@srg.co.ug,Mbarara,2023-02-20,M
CUST100711,Nankya Munezero,+256720196465,nankyamunezero50@outlook,Jinja,2025-10-06,Female
CUST100712,Kamoga Katusiime,+256777527699,kamoga.katusiime@hotmail.com,Mbarara Town,2023-03-25,F
CUST100713,Sarah,708944719,sarah@mail.com,Nakasongola,16/10/2021,
CUST100714,Katusiime Atukunda,+256 78 759 1569,katusiimeatukunda67@mail.com,Wakiso,28-05-2025,Female
CUST100715,Kizza,256733481136,kizza@mail,nebbi,2024-02-04,
CUST100716,Ssemakula Beatrice,256780036507,,Mbale,20/12/2023,F
CUST100717,Ssebugwawo Guma,+256710078643,ssebugwawo.guma@outlook.com,Kitgum,21/02/2025,Male
CUST100718,Timothy Munezero,+256 77 352 9763,timothymunezero48yahoo.com,gulu,2024-07-11,Female
CUST100719,Phoebe Okello,742133963,phoebeokello@yahoo.com,bushenyi,2025-06-18,Female 
CUST100720,Ssimbwa Stephen,256751538097,ssimbwa.stephenhotmail.com,Soroti,2021-10-30,Female
CUST100721,Achieng Timothy,,achieng.timothy@hotmail.com,Mityana,2022-07-01,Female
CUST100722,N. Nakayiza,256707773280,nalubeganakayiza@outlook.com,Nebbi,,Female 
CUST100723,Ssekandi Kambale,+256720319430,ssekandi.kambale@yahoo.com,Soroti,23/06/2025,Male
CUST100724,Ssekandi Tumusiime,0771807372,ssekandi.tumusiime@mail.com,Mukono,2023-06-15,
CUST100725,Atim Okello,+256 72 264 4127,atim.okello@yahoo.com,Kampala,16/08/2021,Female
CUST100726,Stephen Kambale,+256780833026,stephen.kambale@yahoo.com,Mukono,2021-07-14,Female
CUST100727,Byaruhanga Kyomuhendo,0759576476,byaruhanga.kyomuhendo@mail.com,Wakiso,2024-12-13,M
CUST100728,Guma Nankya,,guma.nankya@srg.co.ug,Kampala,12/10/2021,Male 
CUST100729,Ssentongo Kizza,256718447702,ssentongo.kizza@mail.com,Jinja,2023-08-28,Male
CUST100730,Guma Katusiime,256717959112,guma.katusiime@srg.co.ug,Wakiso,20/10/2024,Male
CUST100731,Kato Kamoga,+256736156214,kato.kamoga@mail.com,Mbale,25/09/2023,Male
CUST100732,Peter,781451507,peter44@srg.co.ug,Masaka,05-03-2025,Male
CUST100733,Ninsiima Atukunda,0708509096,ninsiima.atukunda@hotmail.com,Mukono,2024-10-11,F
CUST100734,Ouma Nabirye,733321855,ouma.nabiryeoutlook.com,Mukono,2024-10-15,Male
CUST100735,Wasswa Achieng,0790892846,wasswa.achieng@srg.co.ug,Kumi,2023-07-11,
CUST100736,Mubiru Mubiru,749719607,mubiru.mubiru@yahoo.com,Entebbe,23/05/2025,Male
CUST100737,qubega Nankya,+256713739849,,Kampala,2024-02-24,
CUST100738,Atim Butime,0741060162, atim.butime@hotmail.com ,Arua City,28/06/2024,F
CUST100739,Nankya Atukunda,756929545,nankya.atukunda@srg.co.ug,Mbarara,2023-01-09,Female
CUST100740,Jane Kizza,256759104235,jane.kizza@srg.co.ug,Hoima,2024-03-30,Male
CUST100741,Agnes Okello,,agnes.okello@outlook.com,Entebbe,2021-10-10,Male
CUST100742,Juliet Ninsiima,256719363730,julietninsiima@outlook.com,Jinja,2023-12-14,Female
CUST100743,David,+256744856042,david@srg.co.ug,Jinja Town,12-10-2023,Male
CUST100744,Lubega Lubega,0759126055,lubega.lubega@srg.co.ug,Jinja,2023-07-11,M
CUST100745,Naomi Atim,,,Wakiso,2022-08-19,Female
CUST100746,Dorothy Kafeero,256731714029,dorothy.kafeero@hotmail.com,Jinja,2025-04-07,Male
CUST100747,Nakayiza Nsereko,+256789537107,nakayiza.nsereko@outlook.com,Wakiso,19/05/2025,Female
CUST100748,Tendo Nalubega,256701741570,tendonalubega@hotmail.com,Soroti,06/07/2023,F
CUST100749,Ninsiima Brian,+256796483086,ninsiima.brian@yahoo.com,Mukono,2025-02-01,Male 
CUST100750,Naomi Ouma,256706863768,naomiouma@gmail.com,Kumi,2021-12-08,Female
CUST100751,Sarah,,sarah@gmail.com,Isingiro,2023-01-04,M
CUST100752,Guma Grace,0754399720,,Kampala,2023-04-11,Male
CUST100753,Ouma Kyomuhendo,+256 78 877 4403,ouma.kyomuhendosrg.co.ug,Kampala,2023-11-30,Male
CUST100754,Kambale Munezero,0729396014,kambale.munezero@gmail.com,Jinja,2025-08-22,Female
CUST100755,Godfrey Atim,+256 70 721 6954,godfrey.atim@gmail.com,Mbarara,2024-06-24,Female
CUST100756,Ruth Kamoga,0792238425,,Kampala,23/04/2022,F
CUST100757,Beatrice Ssempebwa,256718171092,beatricessempebwa16@srg.co.ug,Kampala,12/11/2022,Female
CUST100758,Mugisha Mubiru,,mugisha.mubiru@yahoo.com,Gulu,2022-10-30,Male
CUST100759,Dorothy Okello,,dorothy.okello@srg.co.ug,Arua City,31-10-2022,M
CUST100760,Kyomuhendo Ssekandi,702275237,kyomuhendossekandi22@srg.co.ug,Arua,2022-03-06,Female
CUST100761,Agnys Okello,,agnes.okello@outlook.com,Entebbe,2021-10-10,Male
CUST100762,Mubiru Nakayiza,+256759509771, mubirunakayiza38@gmail.com ,JINJA,08/05/2021,Female
CUST100763,Brian Kamoga,0704020232,brian.kamoga@gmail.com,Gulu,07/08/2022,Male
CUST100764,Emmanuel Nankya,256779105358,emmanuel.nankya@yahoo.com,Wakiso,19/12/2023,Female
CUST100765,Nabirye Kibirige,,nabiryekibirige36@gmail.com,Kampala,13/01/2025,F
CUST100766,Ninsiima Tendo,0720491538,ninsiimatendo25@outlook.com,Wakiso,14/08/2022,Female
CUST100767,Naomi Munezero,256786868139,naomi.munezero@srg.co.ug,Lira District,2024-12-04,
CUST100768,Ahabwe Nakiganda,0771571330,ahabwenakiganda92@mail.com,Kampala City,2022-12-14,Female
CUST100769,Ninsiima Mukasa,+256 71 027 1628,ninsiima.mukasa@mail.com,Wakiso,2022-08-17,Female
CUST100770,Ninsiima Ssekandi,074-873-1638,ninsiima.ssekandi@outlook.com,Kampala,22/03/2024,Female
CUST100771,Namubiru Ouma,+256 78 317 6441,namubiruouma69@yahoo.com,Kalangala,11-09-2023,Male
CUST100772,Harriet,073-744-0482,harriet@srg.co.ug,Wakiso,2025-03-20,Female
CUST100773,Kyomuhendo Ssimbwa,+256757161241,,Sembabule,2023-05-06,Male
CUST100774,Godfrey Namubiru,+256726323377,godfrey.namubiru@srg.co.ug,Kumi,2021-03-15,F
CUST100775,Andrew Atim,256752864041,andrewatim62gmail.com,Wakiso,29-06-2023,Female
CUST100776,A. Ssempebwa,0700267266,atim.ssempebwa@srg.co.ug,Entebbe,01/09/2023,F
CUST100777,Ssentongo David,+256 72 063 1223,ssentongo.david@hotmail.com,Kampala,2023-03-28,M
CUST100778,Gsma Nakato,+256705820757,guma.nakato@srg.co.ug,Mukono,2021-02-07,
CUST100779,Namubiru Nalubega,+256770510265,namubiru.nalubega@outlook.com,Mbarara,2023-03-04,F
CUST100780,Lubega Sarah,256730246380,lubega.sarah@gmail.com,Kampala,27/04/2024,M
CUST100781,Agnes Okello,+256704585978,agnes.okello@yahoo.com,Kampala,2021-05-04,Male
CUST100782,Olweny Nabbanja,0788990982,olweny.nabbanja@gmail.com,Kiruhura,2025-03-09,Male
CUST100783,  Joan Ssebugwawo ,+256 79 789 0810,joan.ssebugwawo@yahoo.com,Wakiso,21/07/2022,Female
CUST100784,Mukasa Robert,+256744774203,mukasarobert78@srg.co.ug,Wakiso,28-10-2023,
CUST100785,Alexander,,alexander@hotmail.com,Gulu,2021-04-28,Female
CUST100786,Ssimbwa Ninsiima,256797325557,ssimbwa.ninsiima@mail.com,Kampala,2023-03-11,Male
CUST100787,Florence Ssemakula,0741919871,florence.ssemakula@yahoo.com,Mukko,03-11-2022,Male
CUST100788,Ahabwe Katusiime,+256771412280,ahabwe.katusiime@yahoo.com,Mbarara City,27/01/2025,
CUST100789,Okello Ruth,751569088,okello.ruth@gmail.com,Kampala,26/02/2022,Female 
CUST100790,Okello,,okello@outlook.com,Homa,03/08/2025,Male
CUST100791,Robert Kizza,+256 73 314 0887,robertkizza@srg.co.ug,Kampala,2024-04-02,Male 
CUST100792,Guma,,guma@outlook.com,Kiboga,2023-03-07,Male 
CUST100793,Mubiru Nakiganda,071-562-8284,mubiru.nakiganda@outlook.com,Mbarara City,12/04/2021,Male
CUST100794,Guma Kyomuhendo,0799168992,guma.kyomuhendo@gmail.com,Wakiso,05/12/2024,Male
CUST100795,Ssekandi Okello,+256725761471,ssekandi.okello@yahoo.com,Wakiso,23-07-2024,
CUST100796,Ssentongo Byaruhanga,+256735461352,ssentongo.byaruhangagmail.com,Kampala,2024-03-11,Male
CUST100797,Godfrey Kamoga,+256745244960,godfrey.kamoga@outlook.com,Wakiso,2022-01-08,Female
CUST100798,Isaac Munezero,753704985,,kampala district,2022-06-16,Female
CUST100799,Ronald Butime,,ronald.butime@yahoo.com,Mukono,15/07/2021,
CUST100800,Kyebambe Mugisha,0716316958,kyebambe.mugisha@yahoo.com,Kabarole,11/03/2021,
CUST100801,Emmanuel Ssemakula,256783537937,emmanuel.ssemakula@yahoo.com,Kampala,2023-12-07,F
CUST100802,Brian Atim,,brian.atim@hotmail.com,Kampala,2021-04-04,Male
CUST100803,Agnes Kizza,+256746825184,agnes.kizza@gmail.com,Jinja,,Male 
CUST100804,Agnes Nankya,+256700574627,,Kayunga,2022-06-04,Male
CUST100805,Atim Ahabwe,+256711947069,atim.ahabwe@yahoo.com,Kampala,2021-05-31,Female
CUST100806,Lubega,+256782229982,,Mbale City,24/08/2023,Male
CUST100807,Katusiime Harriet,0743351451,katusiime.harriet@outlook.com,Kampala,12/04/2021,F
CUST100808,Timothy Nabirye,+256754004690,timothy.nabiryesrg.co.ug,GULLU,2023-04-23,
CUST100809,Graye Achieng,0737654763,grace.achieng@outlook.com,Hoima,10/07/2021,Male
CUST100810,Emmanuel Munezero,+256754489410,emmanuelmunezero@mail.com,Jinja,31/07/2021,Female
CUST100811,Kamoga,+256710689390,kamoga80@srg.co.ug,Jinja,2024-01-25,Male
CUST100812,Beatrice Ssempebwa,075-981-8725,beatrice.ssempebwa@outlook.com,Jinja,2024-09-17,
CUST100813,Ouma Achieng,+256719236247,ouma.achieng@srg.co.ug,Gulu,2024-11-22,
CUST100814,Kamoga Ssekandi,256798332553,kamoga.ssekandi@mail.com,Guluu,2022-01-22,Male
CUST100815,Olweny Grace,0750338771,olweny.grace@yahoo.com,Mukkono,2021-04-12,Male
CUST100816,Brian Mugisha,0753375132,brian.mugisha@hotmail,Masaka,,Male
CUST100817,Namubiru Atim,+256712119976,namubiru.atim@outlook.com,Jinja,07/09/2021,Female
CUST100818,Nakiganda Kizza,0708558762,nakigandakizza@yahoo.com,Kampala,2023-04-13,Female
CUST100819,Mugisha Atukunda,755792186,mugisha.atukunda@yahoo.com,Mukono,2021-11-17,M
CUST100820,Brian Nabirye,0743468159,briannabirye75@hotmail.com,kasese,2023-06-02,M
CUST100821,Francis Byaruhanga,+256737456872,francis.byaruhanga@gmail.com,Mbale,2025-06-21,Female
CUST100822,Ssempebwa Nsereko,,ssempebwa.nserekohotmail.com,Masaka,04/02/2023,Male
CUST100823,Kafeero Alexander,0715141344,kafeero.alexander@hotmail.com,Wakiso,2023-06-23,Female
CUST100824,Nalubega Ssempebwa,,nalubega.ssempebwahotmail.com,Rakai,05-06-2023,Female
CUST100825,Ssebugwawo Grace,+256731062975, ssebugwawo.grace@srg.co.ug ,Kampala,03-05-2024,
CUST100826,Lubega Byaruhanga,078-840-6414,lubega.byaruhanga@hotmail,Jinja,2021-02-03,M
CUST100827,Guma Nabirye,717346323,guma.nabirye@gmail.com,Hoima,17/03/2025,Male
CUST100828,Sheila Tumusiime,0797328952,sheilatumusiime52@yahoo.com,Kampala,,Female
CUST100829,Nankya Namubiru,0794522176,nankya.namubiru@outlook.com,Lira,2022-04-20,Female 
CUST100830,Munezero Irene,256721602663,munezero.irene@hotmail.com,Gulu,2021-08-04,Female
CUST100831,Guma Ssempebwa,+256750582006,guma.ssempebwa@gmail.com,Mukkono,19/11/2021,Male
CUST100832,Peter Kibirige,0727862923,peter.kibirige@hotmail.com,Wakiso,19-08-2023,Male
CUST100833,Mugisha Wanyama,+256772320388, mugisha.wanyama@mail.com ,Kasese,2021-07-09,Female
CUST100834,Kato Nakato,074-051-6809,katonakato55@mail.com,Kampala1,2022-08-01,M
CUST100835,Joan Ahabwe,0702718447, joan.ahabwe@srg.co.ug ,Wakiso,2024-11-22,Female
CUST100836,Ouma Ronald,256728047758,ouma.ronald@srg.co.ug,Kampala ,2024-05-09,M
CUST100837,Patrick Tendo,0720758461,,Kampala,2021-04-27,Female
CUST100838,Kambale Guma,0774727735,kambaleguma75@outlook.com,kampala,2021-12-01,F
CUST100839,Sarah Ahabwe,0734764101,sarah.ahabwe@gmail,Masacka,2023-11-17,Male
CUST100840,Nabirye Nsereko,+256 72 668 8043,nabirye.nsereko@mail.com,Kabale,2021-04-03,Female
CUST100841,Ronald Achieng,+256742178768,ronald.achieng@srg.co.ug,Jinja Town,18/03/2023,M
CUST100842,Okello Ssempebwa,256774811026,okellossempebwa@srg.co.ug,Jinja,2023-01-02,Male
CUST100843,Kamoga Nakiganda,0757467658,kamoganakiganda@mail.com,Mukono,2021-05-03,
CUST100844,Nakayiza Mukasa,+256759610464,nakayizamukasa@yahoo.com,Kampala,18/01/2023,Female
CUST100845,Atukunda Joan,723157781,atukunda.joan@outlook.com,Wakiso,04/03/2022,Female
CUST100846,Alexander Nakato,256793282020,alexander.nakato@outlook.com,Kampala,2025-06-22,F
CUST100847,Mercy Ssebugwawo,+256792773609,mercyssebugwawo11@gmail.com,sembabule,13-11-2021,F
CUST100848,Nabirye Butime,074-899-6538,nabirye.butime@gmail.com,Mbale,2021-01-10,Female
CUST100849,Patrick Nalubega,0756671946,patrick.nalubega@srg.co.ug,Mukono,15/05/2025,F
CUST100850,Ronald Nsereko,+256782155318,ronald.nsereko@srg.co.ug,Wakiso,06/07/2021,Male
CUST100851,  Timothy Atim ,0747753856, timothy.atim@hotmail.com ,Rakai,2022-03-23,Female
CUST100852,Florence Ssemakula,256778201916,florence.ssemakula@srg.co.ug,Kampala,2022-09-07,
CUST100853,Ruth Atim,+256784619428,ruthatim19@gmail.com,Kampala,,Female
CUST100854,Mubiru Ssimbwa,0722404334,mubirussimbwa31@gmail.com,gulu,2025-04-03,Male
CUST100855,Ssemakula Nakayiza,+256713744858,ssemakulanakayiza78@outlook.com,Soroti,01-05-2022,M
CUST100856,Jane Nakato,0749202923,jane.nakato@gmail.com,Mityana,08-12-2023,M
CUST100857,Collins Kafeero,0775940148,collins.kafeero@outlook.com,Lira,19-11-2023,Female
CUST100858,Mugisha Kyomuhendo,256722498165,mugisha.kyomuhendo@srg.co.ug,Kayunga,2023-08-02,Male 
CUST100859,Nabbanja Nakayiza,732550563,nabbanja.nakayiza@hotmail.com,Tororo,2021-07-01,Female
CUST100860,Kamoga Peter,0759739670,kamoga.peter@srg.co.ug,Kayunga,01/07/2022,Male
CUST100861,Ssemakula Kibirige,0738727760,ssemakula.kibirige@mail.com,Hoima,2021-04-02,Male
CUST100862,John Ahabwe,,johnahabwe41@srg.co.ug,Kampala,13/11/2021,Male
CUST100863,Nsereko Ninsiima,,nsereko.ninsiima@hotmail.com,Kampala1,2025-06-26,Female
CUST100864,Lubega Ninsiima,, lubeganinsiima13@yahoo.com ,Wakiso,31-05-2022,Male
CUST100865,Mugisha,+256719588230,mugisha@gmail.com,Jinja,2021-10-13,Male
CUST100866,Rebecca Kyomuhendo,+256722181854, rebecca.kyomuhendo@gmail.com ,Bushenyi,2023-05-23,Male
CUST100867,Achieng Nakiganda,0747481714,achieng.nakiganda@hotmail.com,Mbale,,Female
CUST100868,Ouma Ninsiima,256793290772,ouma.ninsiima@yahoo.com,Masindi,2022-08-07,
CUST100869,Patrick Ssemakula,785765353,patrick.ssemakula@srg.co.ug,Wakiso,2024-10-09,Female
CUST100870,Nabirye Kambale,+256786377073,nabirye.kambale@hotmail.com,Kampala,18/11/2022,
CUST100871,Sarah Nankya,079-355-2714,sarahnankya@yahoo.com,Soroti,13/09/2022,Male
CUST100872,Juliet,+256 78 410 4355,julietsrg.co.ug,Mukono,2021-03-17,
CUST100873,Nabbanja Ssempebwa,0778624358,nabbanjassempebwa55mail.com,Soroti,2024-07-18,Female
CUST100874,Dorothy Nakato,0707156438,,Mbale,07/09/2024,
CUST100875,Atim Nalubega,0758738711,atimnalubega31@srg.co.ug,Kampala,15/03/2023,F
CUST100876,Emmanuel Ouma,707901841,emmanuelouma@gmail.com,Mukkono,06-05-2021,
CUST100877,Irene Nakayiza,776787165,irenenakayiza90@yahoo.com,Kampala,2021-11-26,Female
CUST100878,Joan Kizza,0744257981,joan.kizza@outlook.com,Wakiso,06/08/2025,Female 
CUST100879,Ninsiima Brian,256796483086,ninsiima.brian@yahoo.com,Mukono,2025-02-01,Male 
CUST100880,Mubiru Wanyama,752858470,mubiru.wanyama@mail.com,Gulu,2021-06-21,
CUST100881,vuma Butime,,guma.butime@gmail.com,Kampala,2023-10-13,Male
CUST100882,Harriet Okello,+256 71 686 1495,harrietokello10yahoo.com,Mbale,2021-09-25,
CUST100883,Kizza Wasswa,079-621-0850,kizza.wasswa@outlook.com,Hoima,2021-01-10, 
CUST100884,Ouma Kafeero,256719494922,ouma.kafeero@hotmail.com,Tororo,07/01/2021,Male 
CUST100885,Samuel,+256 78 238 8653,samuel69@mail,Bushenyi,2023-08-01,Male
CUST100886,Isaac Byaruhanga,+256795492419,isaac.byaruhanga@mail.com,Kla,,F
CUST100887,Munezero Mary,+256711848264,munezero.mary@srg.co.ug,rakai,2025-04-05,Male
CUST100888,Ssemakula Joan,0789518814,ssemakula.joan@srg.co.ug,Jinja,2022-10-08,Female
CUST100889,Ronald Wasswa,750774670,ronald.wasswa@gmail.com,Luwero,21/05/2023,Male
CUST100890,Phoebe Kyomuhendo,,,Jinja,2021-08-16,Female
CUST100891,Nabbanja Mukasa,256708199809,nabbanja.mukasa@srg.co.ug,wakiso,2024-04-10,Female
CUST100892,Collins Namubiru,+256701308848,collins.namubiru@hotmail.com,Mbarara,08-02-2023,Female
CUST100893,Esther Guma,0756601803,esther.guma@hotmail.com,Mbale,2021-03-08,Male
CUST100894,Emmanuel Ssimbwa,+256 77 863 9400,emmanuel.ssimbwa@yahoo.com,wakiso,22-11-2024,Female
CUST100895,Esther Ninsiima,+256707954635,esther.ninsiima@mail.com,Kampala,09/06/2022,Male
CUST100896,Mugisha Nakayiza,256700580049,mugisha.nakayiza@srg.co.ug,Kampala,07/03/2023,Male
CUST100897,Nsereko Ssimbwa,0701459322,nsereko.ssimbwa@outlook.com,Mbarara,2023-11-04,Male
CUST100898,  Ronald Nakiganda ,0731386925,,Mbarara City,2022-05-27,
CUST100899,Juliet Ahabwe,075-928-5554,juliet.ahabwe@hotmail.com,Kitgum,2025-09-22,Female
CUST100900,Atukunda Ssemakula,710833098,atukunda.ssemakula@outlook,Jinja,2024-08-23,Male
CUST100901,Kibirige Kibirige,0741198407,kibirige.kibirige@gmail.com,Mbarara,07/07/2022,M
CUST100902,Ssekandi Kibirige,0772019825, ssekandi.kibirige@outlook.com ,Kiruhura,18-05-2021,Male
CUST100903,Brian Achieng,256718342350,brianachieng1@gmail.com,Lira,15/12/2024,Male
CUST100904,Beatrice Wanyama,786803254,beatricewanyama80@yahoo.com,Kabale,2025-07-11,
CUST100905,Ronald Byaruhanga,256755818701,ronald.byaruhanga@gmail.com,Bundibugyo,2022-01-15,M
CUST100906,Ouma Kyebambe,723213788,ouma.kyebambe@yahoo.com,Jinja,2022-08-22,Male 
CUST100907,  Nankya Kyebambe ,,nankya.kyebambe@yahoo.com,kiruhura,2024-10-01,Female
CUST100908,Nakiganda Ssempebwa,+256791783681,nakiganda.ssempebwa@yahoo.com,Mbale City,07/05/2024,Female
CUST100909,Nsereko Nankya,+256759253932,,Kampala,11-03-2024,Male
CUST100910,Ronald Nalubega,0722325652,ronald.nalubegayahoo.com,Lira,25/06/2024,M
CUST100911,Ruth Tendo,+256734827904,ruthtendo@mail.com,Mukono,2023-05-30,Female 
CUST100912,Munezero Ssimbwa,073-182-2141,munezero.ssimbwa@mail.com,Jinja,30/08/2022,F
CUST100913,Olweny Katusiime,0793449526,olweny.katusiime@outlook.com,Jinja City,18/09/2024,Male
CUST100914,Namutebi Namubiru,,namutebi.namubiru@yahoo.com,Gulu,08/10/2024,F
CUST100915,Byaruhanga,079-743-1556,byaruhanga@hotmail.com,Lira,2021-08-22,M
CUST100916,Mubiru Byaruhanga,0725412467,mubiru.byaruhanga@yahoo.com,Mukono,22/12/2021,
CUST100917,Wasswa Ouma,,wasswa.ouma@hotmail.com,Kabale,19/03/2021,
CUST100918,Ssentongo Munezero,0726550912,ssentongo.munezero@yahoo.com,Fort Portal,12/10/2024,Male
CUST100919,Namubiru Ssebugwawo,0771715405,namubiru.ssebugwawo@srg.co.ug,isingiro,2023-12-22,Female
CUST100920,Atim Nsereko,0737417722,atim.nserekogmail.com,Kabarole,2025-03-29,Female
CUST100921,Rebecca Kizza,256729030322,rebecca.kizza@yahoo.com,Kampala,16-07-2022,Male
CUST100922,N. Kizza,+256780370613,nabirye.kizza@srg.co.ug,Wakiso,10/06/2024,Male
CUST100923,Ronald Kyomuhendo,0743918436,ronaldkyomuhendohotmail.com,Soroti,09/12/2023,Male
CUST100924,Godfrey Nakato,+256 74 924 9105,godfrey.nakato@yahoo.com,Mbarara,2022-01-31,Female
CUST100925,Munezero Nalubega,0724124724,munezero.nalubega@yahoo.com,Sembabule,,Female
CUST100926,Dorothy,745587224,dorothy@gmail.com,Fort Portal,2022-07-31,
CUST100927,Ssentongo Lubega,,ssentongo.lubega@mail.com,Bundibugyo,01-12-2021,Male
CUST100928,Stephen Tumusiime,+256 75 472 7760,stephen.tumusiime@srg.co.ug,Gulu,2023-11-30,Female
CUST100929,Esther Atukunda,707629092,esther.atukunda@gmail.com,Iganga,2025-09-11,M
CUST100930,Harriet Mubiru,0729012342,harriet.mubiru@outlook.com,Gulu,11-04-2024,Female
CUST100931,Ssimbwa,788331467,ssimbwa@yahoo.com,Mpigi,2022-02-21,Male
CUST100932,Nabirye Atim,074-557-0470,,Kampala,2023-11-05,Female
CUST100933,Guma Beatrice,+256739048771,guma.beatrice@yahoo.com,Kampala,2021-11-08,F
CUST100934,Ronald Nakiganda,0731386925,,Mbarara City,2022-05-27,
CUST100935,Ouma Ssimbwa,+256793264682,ouma.ssimbwa@hotmail.com,Jinja,2024-07-17,Male
CUST100936,Namutebi,+256717850416,namutebi@srg.co.ug,Kampala,2022-08-24,Female 
CUST100937,Katusiime Stephen,+256 71 319 9432,katusiime.stephen@srg.co.ug,Wakiso,11/03/2022,Female
CUST100938,Butime Nalubega,0706234604,butime.nalubega@gmail.com,Wakiso,05/01/2024, 
CUST100939,Timothy,0720449475,timothymail.com,Mukono,2022-06-30,Female
CUST100940,Kizza Ninsiima,+256 71 843 6198,kizza.ninsiima@gmail.com,Hoima,22/05/2021,
CUST100941,Phoebe Achieng,+256703366736,phoebe.achieng@mail.com,Kampala,01/08/2023,Female
CUST100942,Sarah Byaruhanga,+256 72 004 7420,sarah.byaruhanga@srg,Mbale,24/08/2024,Male
CUST100943,Tendo David,+256 75 106 0825,tendo.david@yahoo.com,Wakiso,2021-05-17,Male 
CUST100944,Ssekandi Ssemakula,0724720050,ssekandi.ssemakula@mail.com,Kampala,01/04/2022,M
CUST100945,Naomi Kafeero,256782596639,naomi.kafeero@gmail.com,Wakiso,2024-02-08,Female
CUST100946,Brian Kyomuhendo,256759801136,briankyomuhendo44@yahoo.com,Gulu District,2023-06-21,Male
CUST100947,Mubiru,+256773401846,mubiruyahoo.com,Wakiso,23/11/2022,
CUST100948,Ssimbwa,,ssimbwamail.com,Kampala,04/05/2024,Male
CUST100949,Atim Beatiice,256720327092,atim.beatricehotmail.com,Nakasongola,2021-05-15,Female
CUST100950,Collins Tumusiime,+256794630574,collins.tumusiime@yahoo.com,Lira,2023-04-08,
CUST100951,Stephen,+256775081274,stephen@srg.co.ug,Kampala,10-06-2021,Female
CUST100952,Brian Nakato,706774805, brian.nakato@outlook.com ,Soroti,2023-02-23,
CUST100953,Byaruhanga Okello,256725543551,byaruhanga.okello@srg.co.ug,GULLU,12/05/2024,Male
CUST100954,Emmanuel Nalubega,0746320860,,Soroti,21/04/2025,Female 
CUST100955,Patrick Ssemakula,+256722793283,,Kampala,2023-05-21,F
CUST100956,Beatrice Atukunda,775067432,beatrice.atukunda@yahoo.com,Kalangala,,Female
CUST100957,Ruth Mukasa,+256745861955,ruth.mukasa@yahoo.com,Wakiso,07/02/2023,Female
CUST100958,Ronald Tumusiime,0720813166,ronald.tumusiime@srg.co.ug,Jinja,2024-04-25,Male
CUST100959,Kibirige Ssentongo,+256742396469,kibirige.ssentongo@gmail.com,Kampala,2025-10-03,
CUST100960,Joseph Nakayiza,+256 79 065 7308,josephnakayiza74@srg.co.ug,Soroti,,
CUST100961,Robert Okello,+256788246649,robert.okellohotmail.com,GULLU,2025-07-02,Male
CUST100962,Okello Nakato,+256 70 086 0338,okello.nakato@outlook.com,kitgum,2024-10-28,Male
CUST100963,Sheila Kambale,256716860841,sheilakambale84@mail.com,Fort Portal,13/12/2024,Female
CUST100964,Nalubega Ssempebwa,256737520560,,Mbale,2022-04-15,Male
CUST100965,Peter Nabirye,+256751122680,peternabirye@mail.com,Mukono,2021-02-08,M
CUST100966,Mugisha Nakiganda,0754006438,mugisha.nakiganda@outlook.com,Bundibugyo,14-10-2025,Male
CUST100967,Namubiru Tumusiime,713492445,namubiru.tumusiime@mail.com,Mbale City,2022-10-12,
CUST100968,Butime Ruth,+256784623363,butime.ruth@srg.co.ug,Jinja City,2022-08-16,Female
CUST100969,Mubiru,256773401846,mubiruyahoo.com,Wakiso,23/11/2022,
CUST100970,Guma,+256 79 811 8391,guma32@hotmail.com,Kalangala,24/06/2021,
CUST100971,Brian Nabirye,0734042032, briannabirye69@srg.co.ug ,Kiboga,2023-04-15,Male
CUST100972,Juliet Atukunda,+256742869967,juliet.atukunda@mail.com,Kalangala,2023-05-01,Female
CUST100973,Namutebi Nankya,0739047615, namutebi.nankya@gmail.com ,Hoima,12/06/2024,Female 
CUST100974,Kyomuhendo Mugisha,+256790478920,kyomuhendo.mugisha@mail.com,Wakiso,2025-06-14,Female
CUST100975,Alexander Ssimbwa,+256742035303,alexander.ssimbwa@hotmail.com,Wakiso,2025-02-07,F
CUST100976,Katusiime Ouma,0730882599,katusiime.ouma@srg.co.ug,Kumi,01/11/2024,Female
CUST100977,Nankya Mubiru,0750628887,nankyamubiru57@hotmail.com,Mbarara,29/07/2021,
CUST100978,Okello Butime,256711881846,okellobutime@mail.com,Wakiso,2022-03-23,Male 
CUST100979,Katusiime Byaruhanga,750774831,katusiime.byaruhanga@mail,Kampala,24/04/2021,Male
CUST100980,Namubiru Namubiru,0777788939,namubiru.namubiru@hotmail.com,Jinja,16/05/2021,Female
CUST100981,Esther Ssebugwawo,0781671836,esther.ssebugwawo@hotmail.com,  ,15/05/2025,Male
CUST100982,Ssimbwa Irene,256703132104,ssimbwa.irene@srg.co.ug,Isingiro,20/04/2025,Female
CUST100983,Ninsiima Nakayiza,0757437616,ninsiima.nakayiza@yahoo.com,Kampala Region,2021-11-29,Female
CUST100984,Munezero Nakiganda,256710946060,munezero.nakiganda@hotmail.com,Soroti District,2021-12-07,Female
CUST100985,Mercy Ssekandi,+256726050005,mercyssekandi6@mail.com,Kampala,19/03/2025,F
CUST100986,Kizza Ahabwe,+256741754728,kizzaahabwe@outlook.com,Kabarole,09-03-2023,Male
CUST100987,Daniel Ouma,787704066,daniel.ouma@hotmail.com,Kampala,20/05/2021,Male
CUST100988,Kizza Nankya,0783358040,kizza.nankya@hotmail.com,Gulu,22/03/2024,Male
CUST100989,John Munezero,,,Iganga,2025-03-30,Male
CUST100990,Godfrey Nankya,798900939,godfrey.nankya@mail.com,Gulu,2022-06-02,Female
CUST100991,Ouma Kyomuhendo,0777157811,ouma.kyomuhendo@hotmail.com,Kampala,2022-02-05,Male
CUST100992,Wanyama Butime,+256727619328,wanyama.butime@srg.co.ug,Mbarara,27-01-2025,Female
CUST100993,Sheila Nakiganda,+256 73 429 2441,sheilanakiganda34@mail.com,Kampala,2025-09-08,Female
CUST100994,Esther Kafeero,+256 74 055 3039,esther.kafeero@hotmail,Soroti,12-04-2025,Male
CUST100995,Sheila Nankya,,sheila.nankya@srg.co.ug,Mbarara,,Female 
CUST100996,Nankya Lubega,733592708,nankya.lubega@outlook.com,Arua,28/12/2021,F
CUST100997,Kyomuhendo Wanyama,+256724670976,kyomuhendowanyama65@outlook.com,Jinja,2022-07-10,Female
CUST100998,Harriet Atim,741281223,harriet.atim@srg.co.ug,Soroti District,18-11-2021,
CUST100999,Ahabwe Alexander,256718560886,ahabwe.alexander@mail.com,Kasese,2024-07-15,Female
CUST101000,Harriet Kafeero,0747847561,harriet.kafeero@gmail.com,Kampala,2024-11-07,F
CUST101001,Collins Butime,+256 75 293 0501,collins.butime@srg.co.ug,entebbe,2023-04-05,Female
CUST101002,Kyomuhendo Ssekandi,702275237,kyomuhendossekandi22@srg.co.ug,Arua,2022-03-06,Female
CUST101003,Butime Ssemakula,256788490502,butimessemakula25yahoo.com,none,2025-10-01,
CUST101004,Mercy Ssemakula,+256745776796,mercy.ssemakula@mail.com,Lira,09-07-2022,Female
CUST101005,Namubiru Byaruhanga,256714694986,namubirubyaruhanga46@srg.co.ug,Arua City,2022-07-06,Female
CUST101006,Lubega Ssebugwawo,+256 70 912 6068,lubega.ssebugwawo@hotmail.com,Lira,02/11/2022,Male
CUST101007,Daniel Atim,,daniel.atim@outlook.com,Kumi,21-03-2022,
CUST101008,Agnes Atim,+256774052823,agnes.atim@srg.co.ug,Wakiso District,2025-03-22,Male 
CUST101009,Munezero Nalubega,256788229762,munezero.nalubega@hotmail,Kampala,2025-06-13,Female
CUST101010,Michael Kafeero,0758903086,michaelkafeero85@yahoo.com,Kampala,2022-01-22,Male
CUST101011,Joseph,726145945,joseph@outlook.com,Mbarara,29/05/2024,Male
CUST101012,Nakayiza Ninsiima,+256709699704,nakayiza.ninsiima@srg.co.ug,Kampala,2025-06-21,F
CUST101013,Peter Kibirige,+256712536661,peter.kibirige@mail.com,Soroti,2024-01-04,Male
CUST101014,Isaac Ssempebwa,741750865,isaac.ssempebwa@gmail.com,Jinja Town,16/09/2023,Female
CUST101015,Nsereko Ssebugwawo,736048530,nsereko.ssebugwawo@outlook.com,Jinja,2023-01-23,
CUST101016,Alexander Kyebambe,256712311554,alexanderkyebambe45@mail.com,Mukono,13/12/2023,Female
CUST101017,Ssemakula Nabirye,256722853458,ssemakulanabirye76@srg.co.ug,Masaka,2022-03-12,
CUST101018,Nankya Tendo,256718673917,nankya.tendo@mail.com,Mukono,08/04/2022,F
CUST101019,Samuel Ninsiima,073-160-8385,samuelninsiima26@hotmail.com,Gulu,2023-08-22,Male
CUST101020,Kyomuhendo Namubiru,+256715839211,kyomuhendo.namubiru@gmail.com,Kampala,2021-04-26,Female
CUST101021,Nankya Okello,0743686344,nankya.okello@gmail.com,Kampala,2023-09-29,
CUST101022,Mary Mubiru,+256 75 841 2239,,Kampala,2021-04-10,M
CUST101023,Rebecca Nakato,+256783124371,rebecca.nakato@mail.com,Wakiso,09/08/2024,M
CUST101024,Ronald Guma,256700489313,ronald.guma@hotmail.com,Gulu City,2022-12-27,Male
CUST101025,David Ssentongo,0707488357,davidssentongo@gmail.com,Kayunga,2021-04-04,Male
CUST101026,Ouma Kato,0770471279,ouma.kato@gmail.com,Soroti,2024-05-14,Male
CUST101027,Kambale Ninsiima,256780878467,kambale.ninsiima@srg.co.ug,Arua,04/12/2021,Female
CUST101028,Sheila Ninsiima,+256778806931,sheila.ninsiima@yahoo.com,Masindi District,19/09/2021,F
CUST101029,Munezero Kamoga,,munezero.kamoga@outlook.com,Masaka,01/11/2021,F
CUST101030,Samuel Butime,,samuelbutime98@mail.com,Jinja,07/07/2025,Male
CUST101031,Dorothy Ssentongo,074-881-4122,dorothy.ssentongo@hotmail.com,Hoima,2021-12-02,
CUST101032,Beatrice Lubega,070-865-4230,beatricelubega97gmail.com,Wakiso,2022-03-29,Female
CUST101033,Kyomuhendo Nankya,0730803895,kyomuhendo.nankya@gmail.com,Mukono,12/04/2021,Female
CUST101034,Nankya Okello,070-433-2136,nankyaokello73@hotmail.com,Iganga,2025-08-10,Female
CUST101035,Ssemakula Achieng,+256774665111,ssemakulaachieng16@hotmail.com,Entebbe,2023-11-14,Male
CUST101036,Dorothy Byaruhanga,256799660920,dorothy.byaruhanga@yahoo.com,Kampala,2023-05-02,Male 
CUST101037,Kyomuhendo Guma,077-993-3425,kyomuhendo.guma@srg.co.ug,Kalangala,17/08/2022,Male
CUST101038,Kamoga Atim,726602817,kamogaatim69@mail.com,mbale,2022-09-23,Male
CUST101039,Byaruhanga Ssemakula,0704463551,byaruhanga.ssemakula@hotmail.com,Kampala,,Male
CUST101040,Mukasa Harriet,+256 72 205 9882,,Wakiso,2023-03-28,Female
CUST101041,Nakayiza Ssimbwa,+256790394057,nakayizassimbwa@outlook.com,Wakiso,29/02/2024,Female
CUST101042,Samuel,774370575,samuel@hotmail.com,Kabale,08-08-2024,
CUST101043,Isaac Achieng,783141087,isaac.achieng@srg.co.ug,Torroro,23/11/2022,
CUST101044,Byaruhanga Nakato,+256794050491,byaruhanga.nakato@srg.co.ug,Kampala,2022-02-10,
CUST101045,Tendo Stephen,+256702758892,tendo.stephen@srg.co.ug,Nebbi,2024-05-22,Female
CUST101046,John Nabbanja,,john.nabbanja@outlook.com,Gulu City,2024-10-29,Male
CUST101047,Katusiime Kamoga,077-347-2481,katusiime.kamoga@outlook.com,Kampala,2021-07-29,
CUST101048,Munezero Byaruhanga,075-081-1481,munezero.byaruhanga@gmail.com,Kampala-City,23/10/2023,Female
CUST101049,Sarah Ssemakula,756835088,sarahssemakula51@mail.com,Isingiro,2023-01-30,Male
CUST101050,Namutebi Byaruhanga,0729835684,namutebi.byaruhangagmail.com,Entebbe,19/04/2022,Female
CUST101051,Kyomuhendo Butime,,kyomuhendo.butime@hotmail.com,Lyantonde,2024-09-18,Male
CUST101052,R. Katusiime,256781891252,rebecca.katusiime@outlook.com,Jinja,2025-03-31,Male
CUST101053,Daniel Mukasa,256772653247,,Jinja,16-08-2022,Male
CUST101054,Olweny Collins,0729609814,olwenycollins26@hotmail.com,Mukko,24/07/2021,Female
CUST101055,mamoga,+256710689390,kamoga80@srg.co.ug,Jinja,2024-01-25,Male
CUST101056,Ssemakula Nhmubiru,757385397,ssemakula.namubiru@outlook.com,Mukono,10-01-2022,Male
CUST101057,Mukasa Joseph,+256700154259,mukasajoseph@gmail.com,Mbarara,19/04/2021,
CUST101058,Collins,071-659-4059,collins@gmail.com,none,2021-06-09,Female
CUST101059,Kambale Timothy,,kambaletimothy51@srg.co.ug,lira,2025-07-28,Female 
CUST101060,sheila guma,+256 71 179 6324,sheilaguma88@outlook.com,Kitgum,2023-11-05,Female
CUST101061,Daniel Mubiru,,daniel.mubiru@srg.co.ug,Arua,30/07/2023,Male
CUST101062,Nalubega Ouma,+256703197398,nalubega.ouma@yahoo.com,Nebbi,09/05/2024,
CUST101063,Beatrice Okello,+256782394700,,Mukono,2022-12-26,Female
CUST101064,Mukasa Munezero,0742803375,,kabale,2022-04-23,Female
CUST101065,Achieng Kambale,+256 75 714 8609,achieng.kambale@mail.com,kitgum,2022-01-19,Female
CUST101066,Guma,,guma@outlook.com,Kiboga,2023-03-07,Male 
CUST101067,Ouma Achieng,0730226549,ouma.achieng@outlook.com,Kampala,31/10/2021,
CUST101068,Lubega Kibirige,+256 74 555 9691,lubega.kibirige@hotmail.com,Masaka,03/09/2022,
CUST101069,OLWENY MUKASA,0740992017,olwenymukasa48@yahoo.com,Mbarara,07/03/2021,Male
CUST101070,Ssemakula Kyomuhendo,256784123935,ssemakula.kyomuhendohotmail.com,Guluu,27/02/2022,M
CUST101071,Wasswa Ssemakula,731950317,,Jinja District,2021-07-21,M
CUST101072,Ouma Mukasa,0726949196,oumamukasa@srg.co.ug,Jinja City,2022-03-05,
CUST101073,Naomi Nalubega,0751755357,naomi.nalubega@mail.com,Mbaraa,28-01-2021,F
CUST101074,Guma Ssempebwa,+256 77 182 4642,gumassempebwa92@mail.com,masaka,2022-04-03,Male
CUST101075,Ruth Atukunda,0757007823,ruth.atukunda@yahoo.com,Nakasongola,24-02-2022,Female
CUST101076,Mubiru Nakato,+256791356754,mubiru.nakatooutlook.com,Kasese,27/10/2023,M
CUST101077,Nankya Nabirye,0788064662,,Wakiso,2021-10-09,F
CUST101078,Samuel Nabirye,+256 74 876 1836,samuel.nabirye@outlook.com,Gulu,16/02/2024,Male
CUST101079,Wasswa Kibirige,+256 72 047 7947,wasswa.kibirige@srg.co.ug,Mbale,2023-05-25,Male
CUST101080,John Butime,0791765465,john.butime@outlook.com,kabarole district,14/09/2023,Male 
CUST101081,Godfrey Okello,+256781552763,godfreyokello@srg.co.ug,Lyantonde,,Female
CUST101082,Nalubega Nsereko,0744766559,nalubega.nsereko@gmail.com,Bushenyi District,25/10/2024,Female
CUST101083,Wanyama Nankya,0707568365,wanyama.nankya@hotmail.com,Lyantonde,24/07/2023,Female
CUST101084,Stephen Ouma,256728696726,stephen.ouma@yahoo.com,Wakiso,03/07/2023,
CUST101085,Godfrey Nakayiza,256749199544,godfreynakayiza@gmail.com,Mbale,2023-12-05,Female
CUST101086,Guma,, guma@yahoo.com ,Mbarara City,2022-12-12,Male
CUST101087,Ssentongo Mugisha,073-325-2205,ssentongo.mugisha@gmail.com,Jinja,28/01/2024,Male
CUST101088,Joseph Kafeero,+256785959836,,Gulu,2024-01-30,Male
CUST101089,Harriet Olweny,256759056392,harriet.olweny@hotmail.com,Wakiso,09/10/2025,Female 
CUST101090,Atim Munezero,0792350338,atim.munezero@yahoo.com,Mbarara,2025-02-17,Female 
CUST101091,Kyomuhendo Kibirige,256705398004,kyomuhendo.kibirige@mail.com,Gulu,26/03/2023,
CUST101092,Mugisha Ssemakula,0730858795,mugisha.ssemakula@srg.co.ug,Mbale,21-12-2024,Male
CUST101093,Kambale Mubiru,0725003727,kambale.mubiru@hotmail.com,Mukono,2024-09-16,Female
CUST101094,Phoebe,0747449431,phoebe@outlook.com,Wakiso District,2023-02-26,Female
CUST101095,Juliet Ninsiima,256793564778, juliet.ninsiima@outlook.com ,Kampala,18/02/2023,F
CUST101096,Beatrice Ssempebwa,256718171092,beatricessempebwa16@srg.co.ug,Kampala,12/11/2022,Female
CUST101097,Nalubega Kyomuhendo,+256777134584,,Iganga,2023-07-18,Female
CUST101098,John Ssekandi,727584991, john.ssekandi@hotmail.com ,Mbale City,22/02/2025,Male
CUST101099,John Ssempebwa,0789844803,johnssempebwa27@hotmail.com,kabarole district,16/07/2023,Male
CUST101100,Kizza Ruth,0717510830,kizza.ruth@yahoo.com,Kabale District,2024-04-20,Female
CUST101101,Agnes,074-982-0008,agnes@outlook.com,Guluu,2021-05-19,Male
CUST101102,Nsereko Nakayiza,0777132564,nsereko.nakayiza@mail.com,Kumi,2025-05-28,Female
CUST101103,Ronald Byaruhanga,070-979-0427,ronaldbyaruhanga@srg.co.ug,Mbale,2022-08-06,Male
CUST101104,Naomi Olweny,0798674193,naomi.olweny@yahoo.com,Nebbi,2024-02-23,F
CUST101105,Peter Lubega,,peterlubega66@yahoo.com,Mballa,19/03/2024,Male
CUST101106,Ssimbwa Achieng,+256 71 173 5368,ssimbwaachieng77@yahoo.com,Iganga,03/06/2022,Male 
CUST101107,Munezero Wanyama,+256778855838,munezero.wanyama@gmail.com,Kampala,29-09-2023,Female 
CUST101108,Atim Guma,+256743070679,atim.guma@outlook.com,Gulu City,2022-08-29,Male
CUST101109,Ssemakula Kibirige,+256750785583,ssemakula.kibirige@mail.com,arua,2021-12-11,Male
CUST101110,Ssimbwa Mubiru,0718092651,ssimbwa.mubiru@yahoo.com,Wakiso,13/12/2022,Male
CUST101111,Emmanuel Nsereko,079-888-1347,emmanuel.nsereko@yahoo.com,Kampala,,Female
CUST101112,Nankya Tendo,0718673917,nankya.tendo@mail.com,Mukono,08/04/2022,F
CUST101113,Brian Atukunda,719215738,brianatukunda91@srg.co.ug,Kampala,2021-09-03,M
CUST101114,Olweny Nabbanja,0788990982,olweny.nabbanja@gmail.com,Kiruhura,2025-03-09,Male
CUST101115,Mugisha Ssebugwawo,+256720083427,mugishassebugwawo81@mail.com,Jinja,30-07-2024,M
CUST101116,Kambale Nakayiza,,kambale.nakayiza@outlook.com,Soroti,2024-01-06,Female
CUST101117,Samuel Ssentongo,256714987933,samuel.ssentongogmail.com,Guluu,30/06/2022,Male
CUST101118,Kizza Nankya,+256783358040,kizza.nankya@hotmail.com,Gulu,22/03/2024,Male
CUST101119,Ssebugwawo Agnes,+256 79 153 8465,ssebugwawo.agnes@yahoo.com,Mbale,2021-07-16,
CUST101120,Ssebugwawo Agnes,+256 77 963 3058,ssebugwawo.agnes@outlook.com,Jinja,2023-11-30,M
CUST101121,Emmanuel Butime,, emmanuel.butime@mail.com ,Tororo,2024-04-03,Female
CUST101122,Kamoga Nabirye,+256 74 639 3478,kamoganabirye74@gmail.com,Tororo,10-10-2021,
CUST101123,Nankya Ssekandi,256731446482,nankya.ssekandi@yahoo.com,Mbale,26/10/2023,Female 
CUST101124,Okello Nabirye,711195631,,Gulu,07/04/2025,Male
CUST101125,Nabirye Kafeero,+256 74 675 9526,nabirye.kafeero@srg.co.ug,Kiboga,31-12-2022,Female
CUST101126,Ouma Ronald,+256 72 804 7758,ouma.ronald@srg.co.ug,Kampala ,2024-05-09,M
CUST101127,Olweny Emmanuel,0725405204,olwenyemmanuel53@gmail.com,Mbale City,2021-08-23,Female
CUST101128,John Ssemakula,0730924450,johnssemakula@outlook.com,masindi,2023-10-19,Male
CUST101129,Ninsiima,0741750401,ninsiima@hotmail.com,Gulu,2023-01-30,Female
CUST101130,Florence,072-285-5446,florence@srg.co.ug,Mbarara,08-07-2021,Male
CUST101131,Samuel Namubiru,,samuel.namubiru@yahoo.com,Mbarara,2021-11-21,
CUST101132,Michael Nsereko,077-590-1878,michael.nsereko@yahoo.com,Mukono,09/03/2023,Male
CUST101133,Nalubega Atukunda,0788466497,nalubega.atukunda@srg.co.ug,Nakasongola,22/03/2022,Female
CUST101134,  Sheila Byaruhanga ,+256786734416,sheila.byaruhanga@srg.co.ug,Wakiso,2024-01-08,
CUST101135,Isaac Wasswa,256789453813,isaacwasswa90@yahoo.com,Wakiso,2022-01-22,Female
CUST101136,Ssempebwa Mugisha,,ssempebwamugisha@gmail.com,Gulu City,29-07-2024,Male
CUST101137,Sarah,,sarah@outlook.com,Kampala City,2025-01-05,
CUST101138,Nakato Nakiganda,0787385178,nakato.nakiganda@outlook.com,Kampala,2021-03-29,Female
CUST101139,Ssentongo Ssentongo,256709799035,ssentongo.ssentongo@outlook.com,Kampala,2025-01-11,Male
CUST101140,David Olweny,783148311,david.olweny@gmail.com,Mbale,2023-10-19,Male
CUST101141,Ronald Okello,+256751859441,ronald.okello@srg.co.ug,Bundibugyo,19/11/2023,Male
CUST101142,Nabirye,0758228798,nabirye@srg.co.ug,Mbale,2025-07-03,
CUST101143,Atim Ahabwe,739937206,atim.ahabwe@gmail.com,Mukono,2025-10-15,F
CUST101144,Namubiru Ssempebwa,071-908-5422,namubiru.ssempebwa@yahoo.com,Arua,2024-02-01,Female
CUST101145,Katusiime Ninsiima,0701643482,katusiime.ninsiima@mail.com,Jinja,27/05/2025,Female
CUST101146,Ssebugwawo Alexander,+256782606252,ssebugwawo.alexander@yahoo.com,Kampala,2024-09-20,Female
CUST101147,Emmanuel Tumusiime,,emmanueltumusiime61@yahoo.com,Kampala,08/09/2024,F
CUST101148,Achieng Kalusiime,742358763,achiengkatusiime29@outlook.com,Kampala,2021-07-15,F
CUST101149,Nakayiza Ssemakula,+256726405161,nakayiza.ssemakula@hotmail.com,Kampala,2021-12-11,Female
CUST101150,Kizza Ouma,070-176-5967,kizza.ouma@hotmail.com,Wakiso,18/11/2022,M
CUST101151,Byaruhanga Byaruhanga,0795840863,byaruhanga.byaruhanga@yahoo,Sembabule,2023-09-29,Male
CUST101152,Olweny Samuel,,olweny.samuel@hotmail.com,Gulu,06-12-2024,Male
CUST101153,Atim Ouma,+256713455227,atim.ouma@yahoo.com,Kabale,2024-10-15,Male
CUST101154,Ouma Ssentongo,079-593-6669,ouma.ssentongo@outlook.com,Wakiso,20-07-2023,Male
CUST101155,samuel olweny,074-645-0793,,Mukkono,2023-02-02,
CUST101156,Naomi Nakayiza,070-989-1660,naomi.nakayiza@outlook.com,Kampala,09/05/2025,Female
CUST101157,Nakiganda Munezero,,nakiganda.munezero@outlook.com,Mukko,,Female
CUST101158,Sheila Kibirige,759416657,sheila.kibirige@srg.co.ug,Wakiso,2023-09-20,F
CUST101159,Dorothy Ninsiima,+256716060687,dorothyninsiima70@srg.co.ug,Kayunga,28/03/2025,Male
CUST101160,Atim Achieng,074-827-4358,atim.achieng@outlook.com,Kabarole,08/08/2025,
CUST101161,Beatrice Kyebambe,0777862950,beatricekyebambe36@srg.co.ug,entebbe,27/11/2023,F
CUST101162,Rebecca Ouma,256787425064,rebecca.ouma@hotmail.com,Kampala,15/03/2021,Male
CUST101163,Kyomuhendo Naomi,077-520-2347,kyomuhendo.naomi@hotmail.com,Wakiso,20/04/2025,F
CUST101164,Florence Kafeero,0734355329,,Soroti,2021-02-04,Male 
CUST101165,Joan Nsereko,074-278-3951,joan.nsereko@yahoo.com,Isingiro,28-12-2023,
CUST101166,Ssekandi Kizza,779956093,ssekandi.kizza@outlook.com,JINJA,30/09/2025,Male
CUST101167,Nalubega Ahabwe,+256 77 155 2978,nalubega.ahabwe@outlook.com,Kampala,,Female
CUST101168,Kibirige Brian,746782821,kibirige.brian@mail.com,Mbarara,2024-11-01,
CUST101169,Nabirye Mugisha,770284640,nabiryemugisha@outlook.com,Kampala,26/12/2022,
CUST101170,Ruth Tendo,0753736124,ruth.tendo@srg.co.ug,Mukono,06/10/2024,
CUST101171,Isaac Achieng,+256791177093,,Wakiso District,2024-06-15,Female
CUST101172,J. Mugisha,256778978989,john.mugisha@outlook.com,Kampala,2021-12-25,Male
CUST101173,Namubiru Nakayiza,0725153511,namubirunakayiza75@gmail.com,Kampala City,,Female
CUST101174,Nabirye,,nabirye@gmail.com,Lira,21-05-2021,Female
CUST101175,Wanyama Rebecca,+256722859777,wanyamarebecca83@mail.com,Soroti,2023-09-08,Male
CUST101176,Mercy,,mercy@mail.com,mbale,2022-03-21,F
CUST101177,Brian Lubega,0797177537,brianlubega89@yahoo.com,Arua,2024-06-10,M
CUST101178,Kyebambe Mary,,kyebambe.mary@hotmail.com,Nakasongola,2023-01-13,Male
CUST101179,Nankya Achieng,256748546410,nankya.achieng@srg.co.ug,Mpigi,13/05/2023,
CUST101180,Nakiganda John,256706200435,nakigandajohn@hotmail.com,Kampala,18-06-2025,M
CUST101181,Naomi Nakiganda,0719879259,naominakiganda@hotmail.com,Kasese,2024-01-13,Female
CUST101182,Namutebi Kambale,+256 79 754 4371,,Wakiso,29/04/2025,Female
CUST101183,Peter Kibirige,756188313,peterkibirige@hotmail.com,lyantonde,03/08/2021,
CUST101184,Munezero Wanyama,+256778855838,munezero.wanyama@gmail.com,Kampala,29-09-2023,Female 
CUST101185,Ouma Nabirye,794924859,,Arua City,10/11/2023,Male
CUST101186,Nabbtnja,+256777243327,nabbanja54@mail.com,Gulu,2024-12-10,F
CUST101187,Lubega Ouma,256771244098,lubega.ouma@mail.com,Jinja,05/12/2021,Male
CUST101188,EMMANUEL NANKYA,+256727109403,emmanuelnankya21@yahoo.com,Hoima,2021-01-27,Female
CUST101189,Kamoga Phoebe,+256739541085,kamoga.phoebe@hotmail.com,Mbale,2022-02-07,Female 
CUST101190,Munezero Godfrey,070-595-3084,munezero.godfrey@hotmail.com,Mukono,2024-08-01,Female
CUST101191,Mary Mubiru,783522371,mary.mubiru@srg,Kasese,2023-04-15,M
CUST101192,Dorothy Okello,078-891-2358,dorothy.okello@outlook.com,Kampala,,
CUST101193,Munezero,0758577024,munezero@yahoo.com,Mukono,24-07-2022,Female 
CUST101194,Kato,0733821990,kato@hotmail.com,Gulu,2023-04-11,Male
CUST101195,Namubiru,+256734395309,namubiru@hotmail.com,Kampala,27/02/2022,
CUST101196,KIBIRIGE NAMUBIRU,+256775885913,kibirige.namubiru@srg.co.ug,Soroti,18/07/2023,M
CUST101197,Kizza Wanyama,0722119482,kizza.wanyama@yahoo.com,Kampala,2025-09-14,Male
CUST101198,Francis Tendo,758127864,francis.tendo@yahoo.com,Isingiro,12/10/2025,Female
CUST101199,Isaac Wasswa,0791740368,isaac.wasswa@outlook.com,Mbale,2025-09-21,F
CUST101200,Nabirye,0707237246,nabirye97@outlook.com,Mpigi,2021-11-02,Female
CUST101201,Ruth Mukasa,+256745861955,ruth.mukasa@yahoo.com,Wakiso,07/02/2023,Female
CUST101202,Grace Ninsiima,070-767-5042,grace.ninsiima@hotmail.com,Nakasongola,2023-11-22,M
CUST101203,Florence Ssimbwa,0753283627,florence.ssimbwa@gmail.com,Jinja,02/01/2021,Male
CUST101204,Kibirige Brian,+256746782821,kibirige.brian@mail.com,Mbarara,2024-11-01,
CUST101205,Ssempebwa Okello,+256 77 547 8111,ssempebwa.okello@srg.co.ug,Mukono,,
CUST101206,Sarah Ninsiima,0716334303,sarah.ninsiima@srg.co.ug,gulu,23-03-2023,Male
CUST101207,Ssekandi Ssebugwawo,,ssekandi.ssebugwawo@outlook.com,Isingiro,26/06/2025,Male 
CUST101208,Lubega Nalubega,+256786730470,lubega.nalubega@mail.com,Iganga,30/10/2024,Male
CUST101209,Butime Ouma,256775222338,butimeouma38@hotmail.com,Wakiso,2023-01-17,Male
CUST101210,Agnes Ahabwe,+256797395173,agnes.ahabwe@gmail.com,Jinja,2021-08-31,
CUST101211,Nsereko Tumusiime,748418830,nsereko.tumusiime@srg.co.ug,MBARARA,21-09-2025,Male
CUST101212,Wanyama Wasswa,+256791705741,wanyama.wasswa@yahoo,Kampala,2024-10-22,Male 
CUST101213,Ssimbwa Mubiru,0718092651,ssimbwa.mubiru@yahoo.com,Wakiso,13/12/2022,Male
CUST101214,Atukunda Wasswa,0750595899,atukunda.wasswa@mail.com,Jinja Town,2023-01-09,Male
CUST101215,Mubiru Munezero,+256776364463,,Kampala,2023-09-14,Male
CUST101216,John Ssentongo,256743293268,john.ssentongo@srg.co.ug,Jinja,,Male
CUST101217,Katusiime Wanyama,072-059-4635,katusiime.wanyama@hotmail.com,Masaka,2021-03-11,Female 
CUST101218,Nalubega Butime,0732695313,nalubega.butime@gmail.com,Mukono,14-09-2024,
CUST101219,Francis Nankya,0733594153,francis.nankya@mail.com,Mukono,30/07/2024,Female
CUST101220,Robert Butime,+256 78 972 0541,robert.butime@yahoo.com,Bundibugyo,2022-03-20,M
CUST101221,Brian Nsereko,,brian.nsereko@mail.com,Wakiso,,Male
CUST101222,Munezero Nabirye,+256740533583,munezero.nabirye@yahoo.com,Wakiso District,2022-07-01,Female
CUST101223,SheilaxKatusiime,+256748250096,sheila.katusiime@srg.co.ug,Kumi,2023-12-10,Female
CUST101224,Naomi Namubiru,746159902,naomi.namubiru@outlook.com,Gulu,2024-08-13,
CUST101225,Jane Kafeero,256706133151,,Kampala,2022-11-05,M
CUST101226,Agnes Kyebambe,074-948-4742,agnes.kyebambe@yahoo.com,Nebbi,04/09/2023,Male
CUST101227,MUNEZERO TUMUSIIME,+256708545070,munezero.tumusiime@yahoo.com,Kampala,20/01/2025,F
CUST101228,Kambale Nsereko,708560723,kambale.nsereko@yahoo.com,Wakiso,15/03/2023,Female
CUST101229,Daniel Wanyama,071-889-5396,daniel.wanyama@srg.co.ug,Jinja City,17/06/2021,M
CUST101230,Kambale Nabbanja,,kambalenabbanja74@gmail.com,Jinja,2024-01-26,Female
CUST101231,Kambale,+256728750950,kambale@mail.com,Mbale City,17-12-2024,F
CUST101232,Sheila Nsereko,+256752593424,sheilansereko@outlook.com,Mukono,11/06/2022,Female
CUST101233,Achieng Timothy,0779839736,,Mbarara,2021-04-27,F
CUST101234,Daniel Okello,0714526649,danielokello89@outlook.com,Jinja,2021-09-01,Male
CUST101235,Lubega Tumusiime,,lubega.tumusiime@yahoo.com,Soroti,2021-01-23,
CUST101236,Wasswa Kizza,+256 77 756 8952,wasswa.kizza@hotmail.com,Mpigi,30/06/2025,Male
CUST101237,Atim Beatrice,256720327092,atim.beatricehotmail.com,Nakasongola,2021-05-15,Female
CUST101238,Nalubega Kambale,+256 79 655 0560,,Wakiso District,2021-12-08,
CUST101239,Nalubega Kambale,0737302372,nalubega.kambale@outlook.com,Mbale,2025-08-30,Female
CUST101240,Beatrice Nakiganda,+256 70 187 8810,beatrice.nakiganda@srg.co.ug,Wakiso,16/05/2022,
CUST101241,Munezero Mary,256711848264,munezero.mary@srg.co.ug,rakai,2025-04-05,Male
CUST101242,Stephen Kafeero,773000961,stephen.kafeero@outlook.com,Lira,2025-08-04,F
CUST101243,Kizza Guma,256741605261,kizza.gumayahoo.com,Kayunga,01-07-2024,Male
CUST101244,Naomi Namubiru,+256 72 231 5497,,tororo,2024-06-08,Female 
CUST101245,Daniel Mukasa,256772653247,,Jinja,16-08-2022,Male
CUST101246,Isaac,+256775513451,isaac@srg.co.ug,Kampala,2025-06-30,Female
CUST101247,Kamoga Atukunda,0782984776,kamoga.atukunda@gmail.com,Jinja,2025-04-02,Male
CUST101248,Nakiganda Nakayiza,771528254,nakiganda.nakayiza@outlook.com,Wakiso,2023-03-15,Female
CUST101249,Ninsiima Robert,0721217728,ninsiima.robert@hotmail.com,Kabarole,13/09/2022,Male
CUST101250,Dorothy yutime,774516601,dorothy.butime@gmail.com,Mukono,2025-04-03,Male
CUST101251,Guma Mary,0738442574,guma.mary@yahoo.com,Somewhere,19/01/2021,Male
CUST101252,Nakiganda Namutebi,,nakiganda.namutebi@hotmail.com,Jinja,11/09/2023,Female
CUST101253,Namubiru Tumusiime,256777235324,namubiru.tumusiime@outlook.com,iganga,2025-05-24,Female 
CUST101254,Kamoga Nabirye,+256790592532,kamoga.nabiryeyahoo.com,Masaka,18/02/2022,Male
CUST101255,Wanyama Irene,0772838458,wanyama.irenehotmail.com,Bushenyi,21/11/2022,Female
CUST101256,Joseph Mugisha,+256742831982,joseph.mugisha@srg.co.ug,Soroti,2025-04-22,Male
CUST101257,NALUBEGA NAKATO,0731566913,nalubega.nakato@srg.co.ug,Mukono,2023-08-08,
CUST101258,Kamoga Ronald,256742722352,kamogaronald64@hotmail.com,Arua,2022-10-10,Male
CUST101259,Peter Lubega,256791665870,,Mukono,2025-08-02,Male
CUST101260,Ssekandi Ssemakula,+256712430693,ssekandi.ssemakula@srg.co.ug,Arua,2023-05-05,
CUST101261,Lubega Olweny,,lubegaolweny21@gmail.com,Mbarara,2022-03-14,Male
CUST101262,Juliet Ssentongo,704821542,juliet.ssentongo@gmail.com,Sembabule,2024-01-03,F
CUST101263,  Mugisha Ssebugwawo ,0734724422,mugisha.ssebugwawo@gmail.com,Masaka,2023-06-07,Male
CUST101264,Sheila,0783786364,sheila63@hotmail.com,Wakiso,2024-11-06,F
CUST101265,Atukunda Godfrey,256726551071,atukundagodfrey17@mail.com,Wakiso,26/09/2024,Female 
CUST101266,Grace Achieng,0737654763,grace.achieng@outlook.com,Hoima,10/07/2021,Male
CUST101267,Nalubega Kyomuhendo,256782942821,nalubega.kyomuhendo@mail.com,Entebbe,07-08-2024,F
CUST101268,Nsereko Nabirye,+256776101817,nsereko.nabirye@mail.com,Kasese,22/10/2021,Male
CUST101269,Ssempebwa Tumusiime,+256 79 922 8564,ssempebwatumusiime47@hotmail.com,Iganga,07/08/2022,Male
CUST101270,Atim Wasswa,074-904-6583,,Jinja,2022-09-03,Female
CUST101271,Esther Ssemakula,,,Kumi,2021-03-15,Male 
CUST101272,Daniel Ahabwe,0729636929,daniel.ahabwe@gmail.com,Lyantonde,29-08-2023,
CUST101273,Nsereko Wanyama,+256 77 296 7505,nsereko.wanyama@yahoo.com,Lira,27-08-2022,
CUST101274,Guma Nakato,+256705820757,guma.nakato@srg.co.ug,Mukono,2021-02-07,
CUST101275,Nakayiza Wanyama,0709097872,nakayizawanyama@srg.co.ug,entebbe,2023-02-17,Female
CUST101276,Ssimbwa Butime,0796526207,ssimbwa.butime@outlook.com,Kampala,2023-01-14,Male
CUST101277,Robert Katusiime,724947193,robertkatusiime57@outlook.com,Wakisio,2022-04-18,Male
CUST101278,Ninsiima Kamoga,0754626315,ninsiima.kamoga@gmail.com,Jinja,2023-02-05,Male 
CUST101279,Isaac Ssebugwawo,256719888676,isaac.ssebugwawo@srg.co.ug,Sembabule,2023-01-29,Female 
CUST101280,Ssempebwa Wasswa,256723699332,ssempebwa.wasswa@srg.co.ug,Gulu City,21/09/2023,Male
CUST101281,Robert Nabbanja,256719315320,robert.nabbanja@gmail.com,Mukko,2021-06-04,Male
CUST101282,Naomi Kyebambe,723732704,naomikyebambe@srg.co.ug,Mbarara City,2023-05-23,Female
CUST101283,Michael Ssimbwa,0776117454,michael.ssimbwa@hotmail.com,Kampala,2023-04-07,
CUST101284,Emmanuel Kyebambe,,emmanuel.kyebambe@srg.co.ug,Mbale,2022-03-10,F
CUST101285,Phoebe Wanyama,+256 77 415 2209,phoebe.wanyama@outlook.com,Mbarara City,23/01/2021,Female
CUST101286,nabbanja nabbanja,702104275,nabbanja.nabbanja@srg.co.ug,Masaka,2025-03-27,Female
CUST101287,ngnes Kamoga,,agnes.kamoga@yahoo.com,Hoima,22/02/2023,Male
CUST101288,Ssemakula Namubiru,0705759739,ssemakulanamubiru@srg.co.ug,Mbarara City,2022-08-06,
CUST101289,Phoebe,074-744-9431,phoebe@outlook.com,Wakiso District,2023-02-26,Female
CUST101290,Nalubega,0755145898,nalubega@gmail.com,Jinja,21-06-2024,
CUST101291,Nankya Ssekandi,,nankya.ssekandi@yahoo.com,Mbale,26/10/2023,Female 
CUST101292,Collins Ssekandi,256723866801,collinsssekandi@srg.co.ug,Hoima,2022-08-22,F
CUST101293,Kamoga Nakiganda,0748082557,kamoganakiganda63@srg.co.ug,Masaka,2025-09-29,Male
CUST101294,Sarah Okello,256703980057,sarah.okello@gmail.com,Mukono,25/09/2023,Male
CUST101295,Samuel Lubega,0738295814,samuellubega39@outlook.com,Jinja City,2025-05-20,Male
CUST101296,Isaac Nsereko,0793917201,isaacnsereko8@gmail.com,Gulu City,2021-12-26,Female
CUST101297,Robert Mubiru,,robertmubiru4@srg.co.ug,Kampala,2022-11-21,Male
CUST101298,Munezero Ssempebwa,+256793084367,munezero.ssempebwa@outlook.com,Hoima,08/06/2024,Male
CUST101299,Joseph Ssimbwa,0787144353,joseph.ssimbwa@yahoo.com,Mbararra,2023-07-18,Male
CUST101300,Irene Olweny,0741998760,irene.olweny@outlook.com,Gulu,2024-06-11,Female
CUST101301,David Olweny,0784410871,davidolweny@gmail.com,Soroti,2023-12-23,Male
CUST101302,Ahabwe Juliet,757077524,ahabwe.juliet@hotmail.com,Wakiso,2022-10-05,Female
CUST101303,Jane Ninsiima,072-722-8118,janeninsiima1@outlook.com,Kayunga,13/09/2024,M
CUST101304,Joseph Ninsiima,077-901-7044,josephninsiima25@hotmail.com,Kisese,05/02/2022,
CUST101305,Munezero Mercy,,munezero.mercy@hotmail.com,Kampala,2021-03-22,F
CUST101306,Ssebugwawo Harriet,0759343286,ssebugwawo.harriet@yahoo.com,Masacka,28/11/2021,Female
CUST101307,Jane Mugisha,,janemugisha@yahoo.com,Mbale City,28/10/2024,Male
CUST101308,Kambale,0703157493,kambale66@srg.co.ug,Mukono,17/01/2024,Female
CUST101309,Jane,+256752340818,,Wakiso,01-05-2024,
CUST101310,Ssekandi,256726156900,ssekandi@hotmail.com,Wakiso,16/07/2025,Male
CUST101311,Ssemakula Joan,0789518814,ssemakula.joan@srg.co.ug,Jinja,2022-10-08,Female
CUST101312,EMMANUEL NABBANJA,+256789886107,emmanuel.nabbanja@gmail.com,Kampala,2023-01-18,Female
CUST101313,Nsereko Godfrey,072-456-9273,nserekogodfrey72@outlook,lyantonde,,F
CUST101314,Kyomuhendo Kambale,256711866287,kyomuhendokambale3@srg.co.ug,Kabale District,2022-02-15,Female
CUST101315,Nabirye Butime,256796251451, nabirye.butime@outlook.com ,Kampala,2021-01-20,F
CUST101316,Ssentongo Kafeero,+256703828452,ssentongo.kafeero@outlook.com,Upcountry,2023-05-10,Male
CUST101317,Robert Kyebambe,256702540992,robertkyebambe21@srg.co.ug,Sembabule,2023-08-30,Male
CUST101318,Nabirye Ssentongo,078-198-8726,nabirye.ssentongo@outlook.com,Mbarara,07/12/2023,Male
CUST101319,Mercy Wasswa,+256 74 905 1013,mercy.wasswa@outlook.com,Mukono,2023-04-02,Female
CUST101320,Harriet Kamfale,078-817-5444,harriet.kambale@outlook.com,Kumi,2023-05-26,Female
CUST101321,Nakato Nakiganda,+256791958452,nakato.nakiganda@gmail.com,Wakisio,2024-05-17,Female
CUST101322,Samuel Tumusiime,706962187,samuel.tumusiime@hotmail.com,Kabale,2025-09-25,Male
CUST101323,Isaac Ssvbugwawo,256719888676,isaac.ssebugwawo@srg.co.ug,Sembabule,2023-01-29,Female 
CUST101324,Olweny Mukasa,744203345,olweny.mukasa@srg.co.ug,Wakiso,,M
CUST101325,Ssekandi Mercy,,ssekandi.mercy@yahoo.com,Gulu,2024-08-16,Female
CUST101326,Agnes Nalubega,713612119,,wakiso,06/01/2021,
CUST101327,Munezero Nalubega,788229762,munezero.nalubega@hotmail,Kampala,2025-06-13,Female
CUST101328,Ruth Nsereko,+256719647799,,Iganga,2022-05-17,Female
CUST101329,Esther Nsereko,256750758164,esthernsereko@yahoo.com,Lira,23/02/2022,Male
CUST101330,Okello,+256702542934,okello@outlook.com,Homa,03/08/2025,Male
CUST101331,Brian Nankya,070-038-0254,briannankya85@yahoo.com,Isingiro,,M
CUST101332,Beatrice Wanyama,+256719919439,beatrice.wanyama@hotmail.com,Mpigi,01/09/2021,Female
CUST101333,Butime Katusiime,+256778679916,butimekatusiime87@mail.com,Kampala City,2022-12-10,Male
CUST101334,S. Ahabwe,0734764101,sarah.ahabwe@gmail,Masacka,2023-11-17,Male
CUST101335,Ouma Ruth,0701552514,ouma.ruth@mail.com,Guluu,30/12/2024,
CUST101336,Isaac Ssebugwawo,+256775540410,isaac.ssebugwawo@mail.com,Soroti District,2023-09-15,Female
CUST101337,Isaac Ssekandi,709928736,isaac.ssekandi@srg.co.ug,Gulu,24-07-2021,Female
CUST101338,Irene Kafeero,0750008293,irenekafeero@gmail.com,Kasese,17-12-2021,Female
CUST101339,JANE ACHIENG,+256757779040,janeachieng55@yahoo.com,Jinja City,2021-04-02,Male
CUST101340,Kqmoga Atim,,kamoga.atim@gmail.com,Mbarara City,2022-03-11,
CUST101341,Nakiganda Nakiganda,+256739074408,nakiganda.nakiganda@gmail.com,Jinja,2023-11-04,
CUST101342,Stephen Kizza,+256784699998,stephen.kizza@mail.com,Mbararra,10/02/2022,Female
CUST101343,Patrick Atukunda,0743970488,patrickatukunda@srg.co.ug,Kabale,30/04/2024,F
CUST101344,Isaac Nakato,,isaac.nakato@gmail.com,Wakiso,2021-03-02,Female
CUST101345,Godfrey,+256703281134,godfrey@outlook.com,nebbi,,Female
CUST101346,Ssimbwa Wasswa,0733504763,ssimbwa.wasswa@srg.co.ug,Mbale,,
CUST101347,Agnes Ninsiima,075-706-3352,agnes.ninsiima@mail.com,MBARARA,26-04-2025,
CUST101348,Godfrey Kamoga,,godfrey.kamoga@srg.co.ug,Wakiso,07/09/2025,Female
CUST101349,Catherine Nalubega,074-174-5156,catherine.nalubega@yahoo.com,Kampala,07-07-2021,Male
CUST101350,Kamoga Achieng,072-010-1344,kamoga.achieng@outlook.com,nakasongola,2022-09-03,M
CUST101351,Peter Nalubega,775666970,peter.nalubega@gmail.com,Mbarara City,2022-04-28,M
CUST101352,Nankya Ssimbwa,,nankyassimbwa53@outlook.com,Mbale,19/02/2022,
CUST101353,Nakiganda Ssempebwa,0739075630,nakiganda.ssempebwa@mail.com,Kampala,17/07/2021,Female
CUST101354,Atjm Namubiru,787566691,atim.namubiru@yahoo.com,Wakiso District,14/07/2022,Female
CUST101355,Byaruhanga Ssebugwawo,256724965691,byaruhangassebugwawo8@hotmail.com,Masindi,2023-05-21,Male
CUST101356,John Guma,+256797836429,john.guma@mail.com,Hoima,2022-10-09,Male
CUST101357,Kyomuhendo Nabirye,0778720495,kyomuhendo.nabirye@srg.co.ug,  ,2023-05-28,Female
CUST101358,Alexander Wasswa,777144532,alexander.wasswa@mail.com,Mukono,2024-06-12,Female
CUST101359,Nakayiza Robert,256782217789,nakayiza.robert@hotmail.com,Isingiro,15/03/2024,Male
CUST101360,Collins Ssebugwawo,0781950316,collins.ssebugwawo@gmail.com,Gulu,2022-02-08,Female
CUST101361,Okello Namubiru,0758025021,okello.namubiru@srg.co.ug,Mukono,11/10/2024,Male
CUST101362,Ssekandi,,ssekandi@outlook.com,Kiruhura,2024-07-13,Male
CUST101363,Mubiru Wanyama,+256716795889,mubiru.wanyama@yahoo.com,Iganga,2025-07-18,Male
CUST101364,Florence Munezero,0701838528,florence.munezero@yahoo.com,Kampala,29-12-2022,Male 
CUST101365,Stephen Achieng,716078563,stephen.achieng@mail.com,Kampala,2024-09-16,Female
CUST101366,Lubega Florence,0735066783,lubegaflorence@mail.com,Wakiso,2025-03-03,Male
CUST101367,Irene Ssekandi,0784239625,irene.ssekandi@mail.com,Mukono,2024-04-29,Female
CUST101368,Ssemakula Kafeero,256730587468,ssemakulakafeero52@yahoo.com,Hoima,2021-08-26,Male
CUST101369,  Sarah Atim ,+256754280004,sarahatim69@srg.co.ug,Wakiso,16/02/2021,Male
CUST101370,Isaac Kizza,074-559-0237,isaac.kizza@srg,Fort Portal,24-07-2025,
CUST101371,Daniel Nakato,072-323-7120,daniel.nakato@gmail.com,Kampala,16/09/2023,Male
CUST101372,Kyomuhendo David,256736612115,kyomuhendo.david@gmail.com,rakai,2025-05-03,Male
CUST101373,  Naomi ,0787588096,naomioutlook.com,Kampala,2025-07-01,Female
CUST101374,Dorothy Nakiganda,256736969585,dorothy.nakiganda@mail.com,Kitgum,14/10/2024,Male
CUST101375,Mary Butime,+256781147155,mary.butime@hotmail.com,Masaka,15/01/2024,Male
CUST101376,Esther Nakayiza,796258822,esther.nakayiza@outlook,Kalangala,2022-03-04,
CUST101377,Irene Namubiru,+256794852135,irene.namubiru@srg.co.ug,Kampala,2021-05-11,Female
CUST101378,N. Kambale,737302372,nalubega.kambale@outlook.com,Mbale,2025-08-30,Female
CUST101379,Wasswa Ouma,,wasswa.ouma@hotmail.com,Kabale,19/03/2021,
CUST101380,Kamoga Tendo,256751818787,kamoga.tendo@yahoo.com,Tororo,29/01/2021,Male
CUST101381,Dorothy Butime,774516601,dorothy.butime@gmail.com,Mukono,2025-04-03,Male
CUST101382,Guma,0751828420,,Kampala CBD,16/06/2023,Male
CUST101383,Ssempebwa Tumusiime,256742261553,ssempebwa.tumusiime@outlook.com,Gulu,2024-09-20,
CUST101384,Munezero Ssempebwa,079-308-4367,munezero.ssempebwa@outlook.com,Hoima,08/06/2024,Male
CUST101385,Nabirye Kambale,0733971892,nabirye.kambale@yahoo.com,Gulu,2022-05-06,Female
CUST101386,Ssekandi Olweny,+256 70 878 5326,ssekandi.olweny@hotmail.com,Iganga,13/02/2024,Male
CUST101387,Lubega Ninsiima,, lubeganinsiima13@yahoo.com ,Wakiso,31-05-2022,Male
CUST101388,Munezero Ninsiima,0727070169,munezeroninsiima51@hotmail,Lyantonde,05/07/2021,Female 
CUST101389,Namubiru Kibirige,+256719162855,namubiru.kibirige@mail.com,Sembabule,2024-04-02,Male
CUST101390,Kyomuhendo Ssebugwawo,0742013023,kyomuhendossebugwawo18@srg.co.ug,Kampala,2021-04-21,Female
CUST101391,Andrew Nabbanja,0798059654,andrew.nabbanjasrg.co.ug,Tororo,2025-03-15,F
CUST101392,Robert Ssimbwa,0712695472,robert.ssimbwa@mail.com,fort portal,01-03-2023,Male
CUST101393,Munezero Nakato,+256797512053,munezero.nakatogmail.com,Kampala ,20/08/2022,
CUST101394,Rebecca Nakato,799349855,,Gulu City,2022-06-04,M
CUST101395,  Timothy Atim ,074-775-3856, timothy.atim@hotmail.com ,Rakai,2022-03-23,Female
CUST101396,Rebecca Nakato,256788744922,rebecca.nakato@hotmail.com,Kabarole,08/03/2022,Male
CUST101397,Namubiru Tumusiime,+256755366000,namubiru.tumusiime@hotmail.com,Jinja City,2024-11-18,F
CUST101398,Namubiru Atim,+256 73 322 5074,,Wakiso,04/09/2022,Female
CUST101399,Ssebugwawo Mugisha,+256734875218,ssebugwawo.mugisha@gmail.com,Sembabule,22-02-2025,Male
CUST101400,Brian Kafeero,+256736643396,brian.kafeero@yahoo.com,Mukono,2024-07-16,
CUST101401,Irene,+256702909058,irene@mail.com,Wakiso,2024-03-13,Female 
CUST101402,Kyebambe Naomi,256735015093,kyebambe.naomi@hotmail.com,Kampala,2024-01-24,Female
CUST101403,Nabbanja Kyomuhendo,+256 74 621 4472,nabbanja.kyomuhendo@yahoo.com,Kampala,16-11-2023,Female
CUST101404,Harriet Byaruhanga,256721007482,harriet.byaruhanga@yahoo.com,Isingiro,20/11/2021,Female
CUST101405,Tumusiime Emmanuel,709805740,tumusiime.emmanuel@hotmail.com,Gulu,2022-11-28,Female
CUST101406,Lubega Nabirye,+256 77 940 3414,lubega.nabirye@gmail.com,JINJA,2025-05-16,Male
CUST101407,Byaruhanga Byaruhanga,795840863,byaruhanga.byaruhanga@yahoo,Sembabule,2023-09-29,Male
CUST101408,Nakiganda Okello,256721041312,,Mbarara City,2025-07-07,F
CUST101409,Agnes Ssentongo,+256716255187,agnes.ssentongo@yahoo.com,Central,2021-05-27,M
CUST101410,Kibirige Lubega,+256733116336,kibirige.lubega@gmail.com,Wakiso,2025-09-03,Male
CUST101411,Ronald Olweny,077-853-6886,ronald.olweny@gmail.com,Kampala,2024-03-10,Male 
CUST101412,Catherine Mukasa,0730840266,catherinemukasa54@srg.co.ug,Mukono,05-04-2024,Male
CUST101413,Alexander Guma,0790161223,alexanderguma36@gmail,Kampala,29/07/2021,Female
CUST101414,Dorothy Nakato,+256719379896,dorothy.nakato@yahoo.com,Mukono,,Male
CUST101415,  Joseph Olweny ,0798868266,,Wakiso,03/07/2021,M
CUST101416,Naomi Ahabwe,709021325,naomiahabwe25@gmail.com,Masaka,05/12/2021,Female
CUST101417,O. Kambale,784681102,ouma.kambale@yahoo.com,Kampala,07/02/2022,Male
CUST101418,Daniel Mukasa,+256778332236,danielmukasa18@hotmail.com,Mukono,2022-12-24,M
CUST101419,Okello Ssentongo,0776631737,okello.ssentongo@srg.co.ug,Mbarara City,21/10/2022,M
CUST101420,Ssekandi Mugisha,079-079-0392,ssekandi.mugisha@gmail.com,Jinja Town,01-02-2023,
CUST101421,Atim Butime,+256 71 546 8706,atim.butime@outlook.com,bushenyi,27/03/2024,Female
CUST101422,Nakayiza Emmanuel,,nakayiza.emmanuel@hotmail.com,Wakiso,15-08-2025,Female
CUST101423,Ssemakula Achieng,256758526322,ssemakulaachieng71@gmail,Kampala,04/04/2021,M
CUST101424,Ssentongo Ssempebwa,072-023-9097,ssentongo.ssempebwa@yahoo,Mbale,2023-09-08,M
CUST101425,Mugisha Kyomuhendo,759976656,mugishakyomuhendo22@gmail.com,kampala district,2021-07-20,Male
CUST101426,nabbanja kizza,,nabbanja.kizza@hotmail.com,jinja,2024-04-24,Female
CUST101427,Nakiganda Kafeero,256702301896,nakiganda.kafeero@mail.com,Guluu,2021-03-10,Female
CUST101428,Nakiganda Kambale,+256 73 317 5040,nakiganda.kambale@hotmail.com,Bushenyi,10/10/2025,Female
CUST101429,Juliet Ssebugwawo,750434768,juliet.ssebugwawo@mail.com,Guluu,10/06/2021,Female
CUST101430,Grace Ssimbwa,256745559045,,kitgum,2024-01-15,Male 
CUST101431,Olweny Nakato,745824334,olweny.nakatomail.com,Mbarara,2022-04-02,Male
CUST101432,Mugisha Kyebambe,,,Kampala,2025-09-22,M
CUST101433,Ssemakula Florence,0797970265,ssemakula.florence@yahoo.com,Kampala,2021-07-09,Male
CUST101434,Wanyama Kamoga,+256784751718,wanyama.kamogamail.com,Jinja,2025-07-13,Female
CUST101435,Collins,,collins@srg.co.ug,Kampala Region,2024-04-12,F
CUST101436,Ouma Patrick,256753038412,ouma.patrick@mail.com,Gulu,2021-12-31,F
CUST101437,Ssempebwa Robert,+256700360014,ssempebwa.robert@mail.com,Gulu,29-04-2024,Male
CUST101438,Nakato Naomi,733696449,nakato.naomi@outlook.com,Kampala,15/09/2022,Female
CUST101439,Olweny Emmanuel,0725405204,olwenyemmanuel53@gmail.com,Mbale City,2021-08-23,Female
CUST101440,Atim Wasswa,+256 79 972 2913,atim.wasswa@gmail.com,kiruhura,2025-08-01,Female
CUST101441,Ruth,0770833007,ruth@mail.com,Arua City,20/02/2024,Female
CUST101442,Robert Kambale,0724664822,robert.kambale@hotmail.com,Kampala,2024-09-09,Male
CUST101443,Nalubega Ahabwe,,nalubega.ahabwe@hotmail.com,Soroti,2023-06-21,Female 
CUST101444,Isaac Ssebugwawo,,isaac.ssebugwawo@srg.co.ug,Sembabule,2023-01-29,Female 
CUST101445,Stephen,+256700599439,stephen@gmail,Kampala,01/12/2022,Female
CUST101446,Dorothy Ahabwe,+256704254564,dorothy.ahabwe@yahoo.com,Kampala,2021-10-14,
CUST101447,Timothy Nakiganda,0734829323,timothy.nakiganda@hotmail.com,Mukko,2021-12-29,
CUST101448,A. Ssemakula,0732191303,andrew.ssemakula@yahoo,Iganga Town,2024-07-02,Female
CUST101449,Dorothy Olweny,,dorothy.olweny@gmail.com,Kampala,11/06/2024,Male
CUST101450,Rebecca Guma,+256723265429,rebecca.guma@hotmail.com,Mukko,2025-01-09,M
CUST101451,Jane Mubiru,256703733169,jane.mubiru@mail.com,Bushenyi,2023-11-02,Male
CUST101452,Catherine Nsereko,256723717343,catherine.nsereko@mail.com,Wakiso,06/08/2023,
CUST101453,Beatrice Kamoga,+256704669244,beatrice.kamoga@mail.com,Wakiso,2021-08-16,Female
CUST101454,Ouma Nsereko,794096279,ouma.nsereko@mail.com,Wakiso,08/12/2021,Male
CUST101455,Ssemakula Ssentongo,0742607445,ssemakulassentongo36@yahoo.com,Gulu,,M
CUST101456,Nalubega Ssentongo,+256737813173,nalubega.ssentongo@srg.co.ug,Kampala,2022-12-24,F
CUST101457,Juliet Ssebugwawo,256794971005,julietssebugwawo@outlook.com,Wakiso,2023-01-06,F
CUST101458,Alexander Kambale,256709590460,alexanderkambale@mail.com,Masacka,02/10/2022,F
CUST101459,Nabirye Katusiime,+256 72 443 1908,nabirye.katusiime@mail,Kalangala,29-10-2022,Female
CUST101460,Nakayiza Butime,,nakayiza.butime@gmail.com,Luwero,2024-01-29,Female 
CUST101461,Andrew Kambale,+256 78 445 3210,andrew.kambale@gmail.com,Gulu,2022-04-19,Female
CUST101462,Mubiru Lubega,777808704,mubiru.lubega@outlook.com,soroti,2024-05-04,M
CUST101463,Kyomuhendo Nalubega,718669940,kyomuhendo.nalubega@hotmail.com,Mukono,2022-02-06,Female 
CUST101464,Alexander Kyomuhendo,703185393,alexander.kyomuhendo@srg.co.ug,Wakiso,2024-08-22,Female
CUST101465,Guma Atim,0770717514,guma.atim@yahoo.com,Kampala,2022-12-15,
CUST101466,Jane Kafeero,+256735304828, jane.kafeero@yahoo.com ,Gulu,20/08/2022,Male
CUST101467,Namutebi Ssempebwa,,namutebi.ssempebwa@outlook.com,Kabale,22/03/2024,
CUST101468,Joan Okello,0751729313,joan.okello@srg.co.ug,Kampala,2023-10-26,
CUST101469,Agnes Nakiganda,0794086853,agnes.nakiganda@yahoo.com,Kampala,19/04/2021,Male
CUST101470,E. Guma,256792123241,esther.guma@hotmail.com,Rakai,2024-09-21,M
CUST101471,Achieng Ronald,+256705889703,achieng.ronald@srg.co.ug,Kampala,2022-08-15,Male 
CUST101472,Michael,+256705229363,michael@hotmail.com,masaka,2025-03-24,Male
CUST101473,Florence Mubiru,+256733370656,florence.mubiru@gmail.com,Kampala,2021-11-17,Male
CUST101474,Irene Nakayiza,074-138-3231,irene.nakayiza@gmail.com,Kiboga,2022-10-12,Female
CUST101475,Atim Ssekandi,0716405326,atim.ssekandi@hotmail.com,Mbale,25/01/2022,Female
CUST101476,Catherine Kibirige,+256 71 250 7736,catherinekibirige25@hotmail.com,gulu,24/06/2023,Male
CUST101477,Kizza Nakato,0710163704,kizzanakato97@mail.com,Mbale,,
CUST101478,Timothy Kyebambe,0778785001,timothy.kyebambe@mail.com,Mukkono,01/06/2024,Female
CUST101479,Harriet Byaruhanga,256784510977,harriet.byaruhanga@srg.co.ug,Kampala (Central),2024-11-14,Female
CUST101480,Kamoga Nakayiza,790406767,kamoga.nakayiza@outlook.com,Mbale,16-06-2025,F
CUST101481,Nsereko Ssebugwawo,730216473,nsereko.ssebugwawo@mail.com,Wakiso,2025-02-22,Male
CUST101482,namutebi ssempebwa,0720157861,namutebi.ssempebwa@gmail,Isingiro,,
CUST101483,Nalubega Joseph,,nalubega.joseph@yahoo.com,Bushenyi,2023-01-04,Male
CUST101484,Ruth Mugisha,+256730622420,ruth.mugisha@hotmail.com,Jinjja,2025-01-23,Female
CUST101485,Wanyama Katusiime,0724499648,,Kalangala,2022-06-25,Female
CUST101486,Ssimbwa Munezero,0735983597,ssimbwa.munezero@outlook.com,Kampala,2023-12-24,Female
CUST101487,Juliet Atukunda,+256742869967,juliet.atukunda@mail.com,Kalangala,2023-05-01,Female
CUST101488,  Kyomuhendo Achieng ,256779667977,kyomuhendoachieng79@hotmail.com,nakasongola,04-10-2021,Female
CUST101489,Wasswa Nakato,0703846327,wasswa.nakato@outlook.com,Jinja,25-10-2021,M
CUST101490,Isaac Kyebambe,+256 79 629 2384,isaac.kyebambe@gmail.com,Wakiso District,2021-10-18,Female
CUST101491,Esther Lubega,0721968631,esther.lubega@srg.co.ug,soroti,2022-08-03,M
CUST101492,Godfrey Ssekandi,747747046,godfrey.ssekandi@srg.co.ug,Mbarara,2023-01-18,Female
CUST101493,Daniel Katusiime,,daniel.katusiime@yahoo.com,Lira District,2024-12-23,Male 
CUST101494,Ssimbwa Ssekandi,737864274,ssimbwa.ssekandi@srg.co.ug,Kayunga,2024-11-29,
CUST101495,Patrick Wanyama,256790095903,patrickwanyama56@mail.com,Mpigi,2024-09-10,Female
CUST101496,Ssempebwa Nakato,256787513000,ssempebwanakato1@hotmail.com,Kiruhura,2025-02-28,Male
CUST101497,Mercy,,mercy@outlook.com,Wakiso,09/06/2021,Female
CUST101498,Grace Wasswa,071-475-8898,grace.wasswa@gmail.com,Gulu,2025-05-26,Male
CUST101499,Namutebi Mugisha,0786016211,namutebi.mugisha@srg.co.ug,Mukono,09/02/2023,Female
CUST101500,Nakiganda Munezero,072-124-1895,nakigandamunezero28@srg.co.ug,Gulu City,2024-03-24,Female
CUST101501,Beatrice Nabbanja,721048196,beatrice.nabbanja@hotmail.com,MBARARA,12/12/2023,Female
CUST101502,Jane,+256 75 234 0818,,Wakiso,01-05-2024,
CUST101503,Kibirige,797932989,kibirige@mail.com,Jinja,22/04/2022,
CUST101504,  Rebecca Nabbanja ,,rebeccanabbanja@outlook.com,Kampala,2022-09-19,M
CUST101505,Kamoga Nakiganda,+256783786597,kamoga.nakiganda@srg.co.ug,Kumi,2023-02-07,Female 
CUST101506,Nalubega Achieng,+256743352598,nalubega.achieng@srg.co.ug,Wakiso,26/02/2023,Female
CUST101507,Iseac Ssekandi,709928736,isaac.ssekandi@srg.co.ug,Gulu,24-07-2021,Female
CUST101508,Namuwiru Kamoga,+256745522274,namubiru.kamoga@outlook.com,Nebbi,10/08/2021,
CUST101509,Lubega Mugisha,,lubega.mugisha@hotmail.com,Mukono,06-04-2023,Male
CUST101510,Nsereko Ssebugwawo,+256 72 403 0578,nserekossebugwawo@outlook.com,Wakiso,21/09/2023,Male
CUST101511,Jane Ssimbwa,770654048,jane.ssimbwa@gmail.com,Gulu,2024-03-25,Male
CUST101512,Ssemakula Ssekandi,,ssemakulassekandi@hotmail.com,Jinja,2021-08-15,Male
CUST101513,Sarah Ahabwe,+256703317708,sarah.ahabwe@srg.co.ug,Mukono,28/01/2023,Male
CUST101514,Peter Nsereko,+256723323417,peter.nsereko@gmail.com,Mbale,2023-03-30,
CUST101515,Nakiganda Kamoga,0700895131,nakiganda.kamoga@gmail,Jinja,11-10-2025,
CUST101516,Guma Ssimbwa,+256 79 796 1805,guma.ssimbwa@mail.com,Torroro,08-07-2021,
CUST101517,Mary Mubiru,256750807401,mary.mubiru@srg.co.ug,Kampala,28-07-2025,Male
CUST101518,Grace Byaruhanga,,grace.byaruhanga@mail.com,Isingiro,2025-07-22,Male
CUST101519,Dorothy Kyomuhendo,784013852,dorothy.kyomuhendo@gmail.com,Gulu,2022-02-11,Male
CUST101520,Nalubega,+256755145898,nalubega@gmail.com,Jinja,21-06-2024,
CUST101521,Nankya Nankya,0797030292,nankya.nankya@outlook.com,Kampala Region,23/05/2025,F
CUST101522,Sarah,256792964316,sarahgmail.com,Mukono,2023-02-06,M
CUST101523,Nabbanja Jane,256738637110,nabbanja.jane@gmail.com,Bundibugyo,2021-09-25,
CUST101524,Brian Nabirye,+256734042032, briannabirye69@srg.co.ug ,Kiboga,2023-04-15,Male
CUST101525,Dorothy Munezero,0746394683,dorothy.munezero@yahoo.com,Wakiso,2022-12-24,
CUST101526,LubegaaAhabwe,0750843664,lubega.ahabwe@srg.co.ug,Kampala,18/02/2022,Male
CUST101527,N. Kambale,0713264172,nabirye.kambale@gmail.com,Kampala,28/04/2021,Female
CUST101528,Namutebi Ahabwe,0724243075,namutebi.ahabwe@outlook.com,Arua,2023-04-24,F
CUST101529,Mugisha Achieng,+256783834803,mugisha.achieng@yahoo.com,Kiruhura,2024-06-12,M
CUST101530,Namutebi Olweny,+256735051149,namutebiolweny@srg.co.ug,Fort Portal,2022-08-23,
CUST101531,OKELLO JOHN,+256717168111,,Soroti,31-08-2023,
CUST101532,Nabirye Nakayiza,+256749455894,nabirye.nakayiza@outlook.com,Mbale,2025-03-03,Female
CUST101533,Kamoga Ssempebwa,+256788195047,kamoga.ssempebwa@gmail.com,Arua,02-12-2023,Male
CUST101534,Kato Ssimbwa,071-042-1643,katossimbwa55@srg.co.ug,Kampala,26/06/2021,
CUST101535,Collins Ahabwe,0757574113,collinsahabwe10@gmail.com,Gulu,2025-03-07,Female
CUST101536,Nakayiza Kizza,070-125-7540,nakayiza.kizza@srg.co.ug,Kumi,,
CUST101537,Kafeero Wasswa,256702929693,kafeero.wasswa@mail.com,Wakiso,,Male
CUST101538,Naomi Ssentongo,+256718557816,,Soroti,2025-01-28,Female
CUST101539,Michael Nabbanja,778602560,michael.nabbanja@mail.com,Jinja,2023-01-12,
CUST101540,Agnes Ktomuhendo,,agnes.kyomuhendo@mail.com,Jinja City,17-04-2023,Male
CUST101541,Okello Katusiime,+256 79 447 9254,okello.katusiime@hotmail,Kampala ,2023-06-09,Male
CUST101542,Ninsiima Katusiime,+256757412190, ninsiima.katusiime@srg.co.ug ,Kampala,2021-01-02,
CUST101543,Munezero Kyebambe,256724992765,munezero.kyebambe@gmail.com,Arua City,14-08-2023,Female
CUST101544,N. Samuel,+256728520305,nabiryesamuel75@srg.co.ug,Kampala,24-07-2021,Male
CUST101545,Ssempebwa Godfrey,0773590149,ssempebwa.godfrey@srg.co.ug,Kabale,18/07/2023,F
CUST101546,Nakayiza Butime,+256757198867,nakayizabutime13@srg.co.ug,mbale,2024-09-05,F
CUST101547,Ssimbwa Nabbanja,748665138,ssimbwanabbanja44@hotmail.com,Kampala,2022-02-19,Male
CUST101548,Katusiime Ssentongo,+256753516681,katusiime.ssentongo@gmail.com,Kumi,2024-12-21,Male 
CUST101549,Namubiru Esther,794676440,,Masaka,,M
CUST101550,Ssemakula Nakayiza,256787367239,ssemakula.nakayiza@srg.co.ug,kampala district,17-08-2024,Male
CUST101551,Kato Tendo,0725891439,katotendo@gmail.com,Soroti,2024-03-21,
CUST101552,Mubiru Atim,0702934785,mubiru.atim@mail.com,  ,19-02-2021,Male
CUST101553,Ssempebwa Atukunda,+256726554517,ssempebwa.atukundahotmail.com,Kampala,2021-01-04,Male
CUST101554,Guma Ssemakula,+256 71 485 5016,guma.ssemakula@srg.co.ug,Gulu,2023-04-24,Male
CUST101555,Ssekandi Mugisha,+256730673369,ssekandi.mugisha@outlook.com,Mukkono,2021-09-06,Male
CUST101556,Byaruhanga Kyebambe,+256783084834,byaruhangakyebambe15@srg.co.ug,Rakai,2024-08-02,Male
CUST101557,Brian Kambale,755412595, brian.kambale@mail.com ,Kalangala,2023-05-12,M
CUST101558,Florence Ssekandi,+256 73 559 4365,florence.ssekandi@hotmail.com,Mpigi,23/05/2022,Male
CUST101559,Nakayiza Okello,+256 71 750 5144,nakayiza.okello@yahoo.com,Jinja City,2024-07-30,Female
CUST101560,Kambale Kizza,,kambalekizza@mail.com,Kampala,2023-10-15,Female
CUST101561,Andrew Ouma,+256720784205,andrewouma40@yahoo.com,Kabale,2025-02-27,Female
CUST101562,Naomi Mukasa,0751459722,naomi.mukasa@outlook.com,Mukono,23/05/2025,Female
CUST101563,Byaruhanga Munezero,079-813-7154,byaruhanga.munezero@gmail.com,Wakiso,2022-12-18,F
CUST101564,K. Butime,256798655458,katusiimebutime@yahoo.com,Mityana,06/01/2022,F
CUST101565,Nakiganda Okello,+256701077987,nakiganda.okello@yahoo.com,Jinja,30/12/2024,Female
CUST101566,Andrew Ssekandi,0731849168,andrewssekandi21@yahoo.com,Soroti,2022-06-22,Female
CUST101567,Samuel Nabbanja,742307676,samuel.nabbanja@yahoo.com,Kalangala,2024-11-21,Male
CUST101568,Ssempebwa Ouma,0701392613,ssempebwa.ouma@hotmail.com,Gulu,17/05/2021,Male
CUST101569,Nakiganda Robert,+256771320642,nakiganda.robert@srg.co.ug,Nakasongola,19/12/2021,Male
CUST101570,Catherine Munezero,0716583948, catherine.munezero@mail.com ,Soroti District,06/03/2022,Male
CUST101571,Kambale Nabirye,0748580703,,Wakiso,2023-04-19,Female
CUST101572,Kamoga Ssebugwawo,+256785141333,kamogassebugwawo@outlook.com,Mukono,02-01-2023,Male
CUST101573,Olweny Ouma,0723849456,olweny.ouma@srg.co.ug,Kabarole,21-08-2021,Male
CUST101574,Ninsiima Nankya,0725022737,ninsiima.nankya@srg.co.ug,Mukono,13/10/2021,F
CUST101575,Sarah,0723983250,sarah@hotmail.com,Arua,20-09-2023,M
CUST101576,Florence Tendo,,florence.tendo@hotmail.com,Wakiso,27/06/2023,Male
CUST101577,Namubiru Dorothy,0703716219,namubirudorothy@outlook.com,Mbarara,06/01/2022,Male
CUST101578,Francis Kafeero,798600012,franciskafeero99@gmail.com,Soroti,04/07/2025,Female
CUST101579,Wasswa Nakato,0703846327,wasswa.nakato@outlook.com,Jinja,25-10-2021,M
CUST101580,Nalubega John,+256755661470,nalubega.john@hotmail.com,kampala district,24/12/2023,M
CUST101581,Mubiru Mugisha,0742060342,mubiru.mugisha@srg.co.ug,Mbale,2023-05-17,Male
CUST101582,Ruth Tendo,+256734827904,ruthtendo@mail.com,Mukono,2023-05-30,Female 
CUST101583,Ssemakula Ssekandi,+256731444839,ssemakula.ssekandi@hotmail.com,GULLU,2021-08-05,
CUST101584,Nalubega Ssimbwa,+256795981548,nalubegassimbwa37yahoo.com,Mbarara,2024-07-12,F
CUST101585,Sarah Mugisha,,sarah.mugisha@gmail.com,Mukkono,2024-08-15,Male
CUST101586,Kafeero Catherine,+256738502908,kafeerocatherine@outlook.com,Mukono,2024-04-13,Male
CUST101587,Munezero Kyebambe,+256 72 499 2765,munezero.kyebambe@gmail.com,Arua City,14-08-2023,Female
CUST101588,John Kambale,0733198355,john.kambale@srg.co.ug,Wakiso,,Male
CUST101589,Jobn Butime,0791765465,john.butime@outlook.com,kabarole district,14/09/2023,Male 
CUST101590,Ssempebwa Tendo,+256770755848,ssempebwa.tendo@yahoo.com,Arua,2021-02-18, 
CUST101591,R. Ssekandi,+256715528405,ronald.ssekandi@outlook.com,Mukono,01-10-2023,
CUST101592,Ssempebwa Ronald,0770335106,ssempebwaronald52@yahoo.com,Rakai,2023-01-04,Male
CUST101593,Ssimbwa Guma,+256 74 596 7185,ssimbwa.guma@gmail.com,Lira,2022-10-31,
CUST101594,Tendo Nakayiza,794981414,tendonakayiza12@yahoo.com,Hoima,21/06/2023,Female
CUST101595,Olweny Kyebambe,0756087410,,Mbararra,2025-09-18,
CUST101596,Ruth Okello,0740253157,,kla,2021-11-30,Female
CUST101597,Catherine Kyebambe,256772173613,catherine.kyebambe@srg,Kiruhura,16-03-2021,Male
CUST101598,Andrew Mukasa,+256746149014,andrew.mukasa@yahoo.com,Sembabule,2023-07-19,F
CUST101599,Kizza,0785383017,,Mukko,2024-11-30,Male
CUST101600,Kamoga Nakayiza,+256790406767,kamoga.nakayiza@outlook.com,Mbale,16-06-2025,F
CUST101601,Joan Mubiru,+256700616826,joan.mubiru@srg.co.ug,Jinja City,2024-02-17,Female
CUST101602,Guma Isaac,+256730670435,,Soroti,2024-04-12,Female
CUST101603,Stephen Tendo,,stephen.tendo@gmail.com,Lira,2022-08-18,F
CUST101604,Stephen Kibirige,+256759793498,stephen.kibirige@hotmail.com,Wakiso,,Female
CUST101605,Kamoga Ssebugwawo,+256 78 331 5041,kamoga.ssebugwawo@hotmail.com,Mbarara,29/03/2024,
CUST101606,John Ssebugwawo,0717957518,johnssebugwawo17srg.co.ug,Kabale,2024-10-22,
CUST101607,Nakayiza Katusiime,0718731871,nakayiza.katusiimehotmail.com,Jinja,27/04/2022,Female
CUST101608,Daniel Guma,074-201-9763,daniel.guma@gmail.com,nebbi,2023-12-06,Male
CUST101609,Esther Guma,0792123241,esther.guma@hotmail.com,Rakai,2024-09-21,M
CUST101610,Beatrice Kyebambe,716216708,beatrice.kyebambe@outlook.com,Mbale,2021-04-27,F
CUST101611,Nakato Beatrice,+256 72 892 6720,nakato.beatrice@outlook.com,Mbarara City,08/08/2025,F
CUST101612,Ssemakula Mugisha,+256 70 639 9951,ssemakula.mugisha@srg.co.ug,Soroti,11-05-2021,Male 
CUST101613,Samuel Nabbanja,+256757100833,samuel.nabbanja@hotmail.com,Masaka,2023-08-26,Male 
CUST101614,Catherine Nsereko,+256 71 986 3347,catherinensereko87@mail.com,Luwero,28/01/2025,Male
CUST101615,Okello Nakato,0735519100,okello.nakato@srg.co.ug,Homa,2023-07-31,Male
CUST101616,Alexander Nankya,+256709307296,alexandernankya57@yahoo.com,Wakiso,2024-12-20,Female
CUST101617,Ssempebwa Mugisha,775684638,ssempebwamugisha43@srg.co.ug,Kampala,29/06/2025,Male
CUST101618,Tumusiime Stephen,0750988613,tumusiime.stephen@hotmail.com,Kampala,29/05/2024,Female
CUST101619,Ssekandi Kato,0735677412, ssekandikato48@srg.co.ug ,Gulu City,2023-03-18,
CUST101620,David Namubiru,0752344407,david.namubiru@outlook.com,Wakiso,23/02/2023,Male 
CUST101621,Lubega Robert,+256727474281,lubega.robert@hotmail.com,Soroti,15-02-2024,Male
CUST101622,Nakayiza Butime,0735865193,nakayiza.butime@yahoo.com,Masindi District,18-01-2023,F
CUST101623,Daniel Kambale,+256700355511,daniel.kambale@mail.com,Kabale,29/08/2023,Male
CUST101624,Nankya Okello,077-567-4656,nankya.okellomail.com,Kla,2021-07-04,Female
CUST101625,Peter Nakiganda,0783288737,peternakiganda@outlook.com,Fort Portal,11/08/2023,
CUST101626,Joseph Kibirige,710592179,joseph.kibirige@srg.co.ug,Mbarara,2021-10-01,Male
CUST101627,Peter Munezero,256798919485,peter.munezero@mail.com,Kiruhura,2021-02-27,
CUST101628,Godfrey Nakayiza,+256787648470,godfrey.nakayiza@outlook,jinji,20-01-2022,Female
CUST101629,Jane Byaruhanga,+256701279906,jane.byaruhanga@gmail.com,Kampala,2023-01-08,Male
CUST101630,Lubega Nankya,0705162825,lubega.nankyayahoo.com,Tororo,03/03/2024,Male
CUST101631,Mugisha Munezero,+256749278899,mugisha.munezero@mail.com,Kampala,17/01/2025,Male 
CUST101632,naomi nakiganda,,naomi.nakiganda@mail.com,Jinja,18/12/2021,Female
CUST101633,Emmanuel Atukunda,256776782284,emmanuel.atukunda@mail.com,Hoima,12/03/2021,Female
CUST101634,Collins Atukunda,0742868868,collins.atukunda@gmail.com,Arua City,11/09/2021,Female
CUST101635,Wasswa Lubega,+256791701445,wasswa.lubega@outlook.com,Kampala,2022-08-21,Male
CUST101636,Daniel Achieng,+256 70 842 5550,daniel.achieng@outlook.com,Wakiso,2021-03-13,
CUST101637,Sarah Ssimbwa,256771709977,sarah.ssimbwa@outlook.com,Kayunga,2025-04-30,M
CUST101638,Beatrice Nakato,0796173807,beatricenakato79@srg.co.ug,Mbale,2025-10-06,
CUST101639,Naomi Kafeero,,naomi.kafeero@hotmail.com,Arua City,28/04/2021,Female
CUST101640,Ssemakula Ssempebwa,0774031193,ssemakula.ssempebwa@hotmail.com,Mbarara,2022-01-13,Male
CUST101641,Nakato Munezero,+256740757107,nakato.munezero@hotmail.com,Gulu,2023-01-17,F
CUST101642,Guma Atukunda,0776945592,guma.atukunda@gmail.com,Kumi,16/02/2021,Male
CUST101643,Sheila Mukasa,+256 75 058 6905,sheilamukasa11@outlook.com,Mbarara,2025-07-04,Female
CUST101644,Kibirige Wanyama,256746772414,kibirige.wanyama@srg.co.ug,Mbarara,2022-02-10,F
CUST101645,Ruth Nakayiza,784846832,ruthnakayiza91@yahoo.com,Jinja,2025-01-19,Female
CUST101646,Sarah Nabbanja,0732215617,sarah.nabbanja@yahoo.com,Jinja,17-02-2022,Male
CUST101647,Ouma Ssempebwa,708586694, ouma.ssempebwa@mail.com ,Wakiso,14/01/2025,Male
CUST101648,Ssekandi Sarah,0755688171,ssekandi.sarah@hotmail.com,Wakiso,2022-12-10,Male
CUST101649,Naomi Lubega,+256759363696,naomi.lubega@mail.com,Gulu,2024-04-19,Female
CUST101650,David Ssekandi,256736790970,david.ssekandi@yahoo.com,Sembabule,2023-02-20,Male
CUST101651,Rebecca Ssempebwa,0793625830,rebecca.ssempebwa@mail,Kalangala,2021-11-19,M
CUST101652,Kato Mugisha,071-469-2915,kato.mugisha@mail.com,entebbe,2021-04-10,Male
CUST101653,Olweny Dorothy,+256797685807,olwenydorothy@mail.com,Kampala,2021-02-24,Male
CUST101654,Peter,716787367,peter@yahoo.com,Wakiso,02/03/2024,
CUST101655,Ssekandi Wasswa,079-582-1324,ssekandi.wasswa@hotmail.com,Kampala,2025-06-16,Male
CUST101656,Ronald Namubiru,0701365093, ronald.namubiru@outlook.com ,Mbarara,2025-09-29,M
CUST101657,Stephen Mubiru,,stephen.mubiru@srg.co.ug,kitgum,2025-02-04,Female
CUST101658,Joan Olweny,0739107158,joan.olweny@srg.co.ug,Kampala,2022-06-17,Female
CUST101659,Namutebi Ssempebwa,0771087855, namutebi.ssempebwa@hotmail.com ,Kampala City,2023-11-19,Female
CUST101660,Alexander Mugihha,0717898832,alexander.mugisha@yahoo.com,Arua,2023-05-10,Female
CUST101661,Francis Ssekandi,+256707754585,,Kampala,,Female
CUST101662,munezero nabirye,256740533583,munezero.nabirye@yahoo.com,Wakiso District,2022-07-01,Female
CUST101663,Kizza Atukunda,256779344517,kizza.atukunda@hotmail.com,fort portal,2021-06-16,Male
CUST101664,Byaruhanga Juliet,072-847-9521,byaruhangajuliet@mail.com,Masindi,2023-09-21,F
CUST101665,Kamoga Okello,775070103,kamogaokello28@mail.com,Masaka,17-11-2024,Male
CUST101666,Dorothy Nabbanja,077-866-4319,dorothy.nabbanjaoutlook.com,Jinja,,M
CUST101667,Nakiganda Ssekandi,256758095032,nakigandassekandi@gmail.com,Wakiso,02-10-2022,Female
CUST101668,Kyomuhendo Ssemakula,+256735278704,kyomuhendossemakula96@gmail.com,Mbale,2025-01-12,F
CUST101669,Kambale Achieng,+256717978326,kambale.achieng@gmail.com,Wakiso,2025-10-12,Female
CUST101670,Alexander Okello,+256754018021,alexander.okello@yahoo.com,Soroti,2021-11-08,Female
CUST101671,Ninsiima Ssentongo,0713261636,ninsiima.ssentongo@hotmail.com,Mukono,2021-05-12,Female
CUST101672,Kambale,256719289537,kambale@hotmail.com,Mityana,2025-08-20,Female
CUST101673,Wanyama Jane,771606748,,mpigi,2023-11-29,Male
CUST101674,Mubiru Munezero,747707798,mubiru.munezero@hotmail.com,Gulu,2025-01-11,Male
CUST101675,Nakiganda Naniganda,+256739074408,nakiganda.nakiganda@gmail.com,Jinja,2023-11-04,
CUST101676,Kizza Florence,778817322,kizzaflorencegmail.com,Kampala,30/08/2021,Male
CUST101677,Kyomuhendo Ssempebwa,256720326876,kyomuhendo.ssempebwa@outlook.com,luwero,2025-05-10,
CUST101678,Lubega Ssekandi,256778320729,lubega.ssekandi@outlook.com,Jinja Town,2021-08-29,Male
CUST101679,Stephen Ssimbwa,+256708184847,,Mbale City,12/05/2021,Female
CUST101680,Ninsiima Kyebambe,726522143,ninsiima.kyebambe@gmail.com,Kampala,2022-08-27,F
CUST101681,Joseph Ssebugwawo,0777169786,joseph.ssebugwawo@mail.com,Gulu,30/03/2022,Male 
CUST101682,Juliet Nabbanja,0781291740,juliet.nabbanja@gmail.com,Mukono,,Female
CUST101683,Ssekandi Nankya,0798411728,,Iganga,03/09/2025,Male
CUST101684,Mukasa Florence,777542480,mukasa.florence@srg.co.ug,Masaka,17/08/2021,Male
CUST101685,emmanuel munezero,754489410,emmanuelmunezero@mail.com,Jinja,31/07/2021,Female
CUST101686,Andrew Nalubega,070-408-1925,andrew.nalubega@srg.co.ug,Kampala,04-04-2025,Female 
CUST101687,Mary Ahabwe,256731305478,maryahabwe20@gmail.com,Wakiso,2024-07-11,Male
CUST101688,Harriet Ssentongo,+256710190840,harriet.ssentongo@srg.co.ug,Jinja,2024-08-09,Female
CUST101689,Katusiime Tumusiime,256798508511,katusiimetumusiime@hotmail.com,Iganga,13/03/2022,
CUST101690,  Kyebambe Ouma ,0703511457,kyebambe.ouma@srg.co.ug,nebbi,2022-05-16,
CUST101691,Nabirye Tendo,0774935147,nabirye.tendo@hotmail.com,Kalangala,06-06-2024,Female
CUST101692,Andrew Ssekandi,+256727201280,andrew.ssekandi@mail.com,kabale,2024-03-31,Female
CUST101693,Atim Nalubega,733309979,atim.nalubega@hotmail.com,Masacka,15/01/2024,Female 
CUST101694,Godfrey Kyomuhendo,+256711979042,godfrey.kyomuhendo@mail.com,Nebbi,2021-07-17,Female
CUST101695,Jane Atim,+256797195051,jane.atim@hotmail.com,Kabale District,15/09/2023,
CUST101696,Kyomuhendo Ouma,0781412084,kyomuhendo.ouma@hotmail.com,Mbale,2023-05-21,Female
CUST101697,Ouma Tendo,+256757626002,ouma.tendo@gmail.com,jinja,20/12/2021,M
CUST101698,Nankya Mugisha,0799086094,nankya.mugishamail.com,Kampala,2022-03-01,F
CUST101699,Nakiganda Katusiime,0725838614,nakiganda.katusiime@outlook.com,GULLU,2025-02-14,Female
CUST101700,Timothy Kyebambe,0778785001,timothy.kyebambe@mail.com,Mukkono,01/06/2024,Female
CUST101701,Nankya Catherine,256790773742,nankya.catherine@gmail,Mpigi,,Male
CUST101702,Patrick Ninsiima,0715394955,patrick.ninsiima@hotmail.com,Kampala,2024-10-01,Female
CUST101703,Florence Nakiganda,0758268238,florence.nakiganda@yahoo.com,Mbarara,2022-04-24,Male
CUST101704,Grace Okello,751742279,grace.okello@hotmail.com,Wakiso,2024-08-21,Male 
CUST101705,Okello Nakiganda,+256713479712,okellonakiganda@yahoo.com,Arua City,24-10-2023,Female
CUST101706,Kato Ssimbwa,0712295536,kato.ssimbwa@outlook.com,Gulu District,31/05/2023,Male
CUST101707,Joseph Achieng,+256 75 955 0390,josephachieng@gmail.com,Kampala,2025-03-15,M
CUST101708,Phoebe Munezero,726279156,phoebe.munezero@mail.com,Kayunga,2023-10-26,F
CUST101709,Collins Kyebambe,707471588,collins.kyebambe@yahoo.com,Mbarara,2023-08-03,
CUST101710,Namubiru Michael,070-626-4800,namubiru.michael@srg.co.ug,Kampala,13/02/2022,Male
CUST101711,Daniel Ssekandi,0793168465,daniel.ssekandi@srg.co.ug,Kampala,15/02/2023,
CUST101712,Tendo Samuel,+256733515197,tendo.samuel@outlook.com,Kampala,2023-09-19,Male
CUST101713,Mukasa Ruth,0796661002,mukasaruth34@mail.com,Nakasongola,2024-08-20,F
CUST101714,Phoebe Tendo,0726935686,phoebe.tendo@yahoo.com,Kampala,28-08-2023,Female
CUST101715,Ssentongo Wanyama,071-142-0765,ssentongo.wanyamamail.com,Kampala ,2023-05-27,Male
CUST101716,Juliet Ninsiima,+256 79 356 4778, juliet.ninsiima@outlook.com ,Kampala,18/02/2023,F
CUST101717,Dorothy Tendo,+256737126138,dorothy.tendo@hotmail.com,mukono,2024-12-03,Male
CUST101718,Ninsiima Nalubega,0744045095,ninsiima.nalubega@outlook.com,Gulu,2023-09-28,Female
CUST101719,Isaac,+256775513451,isaac@srg.co.ug,Kampala,2025-06-30,Female
CUST101720,John Okello,0771395031,john.okello@yahoo.com,Jinja,18/09/2024,Male
CUST101721,Nalubega Agnes,+256795605093,nalubega.agnes@hotmail.com,Kampala,18-06-2024,Male 
CUST101722,Nankya Ssemakula,0747228331,nankya.ssemakula@gmail,Mbale City,22-06-2024,
CUST101723,Ouma Ninsiima,+256783920813,ouma.ninsiima@srg.co.ug,Kampala,20/04/2021,Male
CUST101724,Nakayiza Kato,+256702700841,nakayiza.kato@mail.com,Isingiro,25/06/2022,Male 
CUST101725,Ninsiima Mubiru,078-777-4662,ninsiima.mubiru@mail.com,Jinja,2022-01-26,Female
CUST101726,Phoebe Wasswa,0714020127,phoebewasswa97@srg.co.ug,Kampala,,Female
CUST101727,Ouma Kyomuhendo,,ouma.kyomuhendosrg.co.ug,Kampala,2023-11-30,Male
CUST101728,Patrick Katusiime,+256 73 571 7491,patrick.katusiime@hotmail.com,Mbarara,2025-04-02,Female
CUST101729,Nabirye Butime,,nabirye.butime@yahoo.com,Mbarara,2023-07-31,
CUST101730,Nsereko Namubiru,0774461978,nsereko.namubiru@srg.co.ug,Wakiso,08/07/2025,Male
CUST101731,Nabbanja Nakiganda,0709218628,nabbanjanakiganda@gmail.com,Kampala,2024-04-21,Female
CUST101732,Atim Okello,,atim.okello@hotmail.com,Arua,,Female
CUST101733,FRANCIS,+256 74 302 8012,francis@hotmail.com,Gulu,2025-05-24,Female
CUST101734,Irene Munezero,+256788498842,irene.munezero@srg.co.ug,Tororo,2021-04-16,Female
CUST101735,Ronald Ninsiima,073-499-4525,ronald.ninsiima@outlook.com,Mukono,2022-03-09,
CUST101736,Butime Robert,737717424,butimerobert@mail.com,kla,2025-03-28,Male
CUST101737,N. Joseph,,nalubega.joseph@yahoo.com,Bushenyi,2023-01-04,Male
CUST101738,Emmanuel,+256737773333,emmanuel75@srg.co.ug,Mukono,17/12/2023,Female
CUST101739,Peter Byaruhanga,0712881720,peterbyaruhanga46@srg.co.ug,Kayunga,2025-09-30,
CUST101740,Harriet Kyomuhendo,718916863,harriet.kyomuhendo@hotmail.com,Gulu City,2022-10-07,Female
CUST101741,Ssemakula Namubiru,705759739,ssemakulanamubiru@srg.co.ug,Mbarara City,2022-08-06,
CUST101742,Dorothy Ssempebwa,727259496,dorothy.ssempebwa@hotmail.com,Kampala,11/07/2022,Male
CUST101743,Florence Nabbanja,+256723058292,florence.nabbanja@gmail.com,Wakiso District,2024-06-06,
CUST101744,Ruth Byaruhanga,0711994860,ruth.byaruhanga@srg.co.ug,Mukono,2023-10-03,Female
CUST101745,Francis Ninsiima,+256773129360,,Gulu,,Female
CUST101746,Agnes Kafeero,+256798006107,agneskafeero@outlook.com,Kampala,2025-08-30,
CUST101747,Nakiganda Mukasa,+256 78 162 2866,nakiganda.mukasa@srg.co.ug,kabale,2023-05-01,Female
CUST101748,Ssempebwa Kamoga,+256 72 248 4580,,kayunga,2024-02-05,Male
CUST101749,Ssimbwa Nalubega,256793673140,ssimbwa.nalubega@srg.co.ug,Wakiso,,M
CUST101750,Butime Okello,0735061504,butimeokello71@hotmail.com,Wakiso,2025-06-02,Male
CUST101751,Ssemakula Kyomuhendo,0733735688,ssemakulakyomuhendo@gmail.com,Kabarole,2024-06-19,Male
CUST101752,  Nakiganda Wanyama ,256722532244,,Kampala,12/12/2023,
CUST101753,Irene Nakayiza,073-926-8131,irene.nakayiza@yahoo.com,sembabule,2023-02-24,Female
CUST101754,Agnes Ssentongo,,agnes.ssentongo@srg.co.ug,Tororo,2022-07-31,Male
CUST101755,Ninsiima Nakayiza,0757437616,ninsiima.nakayiza@yahoo.com,Kampala Region,2021-11-29,Female
CUST101756,Stephen Ssemakula,0735855982,stephen.ssemakula@srg.co.ug,Mbale City,2021-11-21,F
CUST101757,Kato Munezero,+256 79 024 9832,kato.munezero@srg.co.ug,Kampala,01/07/2023,Male
CUST101758,Kambale Lubega,+256743422284,kambale.lubega@yahoo.com,Hoima,,Female
CUST101759,Naomi Nakiganda,719131133,naomi.nakigandamail.com,Mbarara,,Female
CUST101760,Brian Ssimbwa,793932570,brian.ssimbwa@mail.com,Jinja,2024-02-01,Male
CUST101761,Kato Nalubega,+256751202443,kato.nalubega@outlook.com,Kumi,2021-10-05,Male
CUST101762,John Nabirye,0789746704,john.nabirye@yahoo.com,Kitgum,2024-04-04,
CUST101763,Beatrice Nakiganda,+256 77 322 4527,beatrice.nakiganda@srg.co.ug,Wakiso District,20/06/2023,Female
CUST101764,Nabirye Kambale,+256733971892,nabirye.kambale@yahoo.com,Gulu,2022-05-06,Female
CUST101765,Nabbanja Jane,704059910,,Wakiso,21-02-2021,Male
CUST101766,Nankya Kyomuhendo,+256720602368,nankya.kyomuhendo@outlook.com,Kitgum,2022-08-28,Female 
CUST101767,Daniel Kibirige,+256747545516,,Kampala,02/01/2021,
CUST101768,Atim Ssempebwa,,atimssempebwa2@gmail.com,Kampala,24/03/2024,Female 
CUST101769,Nakiganda Munezero,, nakiganda.munezero@yahoo.com ,Mbarara,2025-04-01,Female
CUST101770,Nankya Naomi,0734957128,nankya.naomi@yahoo.com,Mbarara,2024-10-02,Female
CUST101771,Joan Nsereko,+256745243164,joan.nsereko@hotmail.com,Mballa,03/10/2024,Female
CUST101772,Ronald Tendo,+256799416547,ronald.tendo@outlook.com,Mbaraa,2022-09-06,
CUST101773,Ronald Wanyama,722108501,ronald.wanyama@yahoo.com,Kampala,16/02/2022,M
CUST101774,Collins Tumusiime,,collins.tumusiime@gmail.com,Jinja,2021-06-04,Female
CUST101775,Atim blweny,704738471,atim.olweny@srg.co.ug,Mballa,2025-02-28,Female
CUST101776,Florence Nakato,735811897,florence.nakato@srg,Jinja,2021-06-08,Male
CUST101777,Ssempebwa Butime,074-069-5414,ssempebwa.butime@mail.com,kla,2023-07-10,M
CUST101778,Mercy Nalubega,,,Kampala,31/01/2022,F
CUST101779,Atim Brian,256716948783,atim.brian@yahoo.com,Wakiso,2022-08-05,Male
CUST101780,Dorothy Kyomuhendo,0708389921,dorothy.kyomuhendo@srg.co.ug,Wakiso,09/04/2021,Male
CUST101781,Rebecca Wanyama,+256773956751,rebecca.wanyama@mail.com,Jinja,2025-02-25,M
CUST101782,Atim Godfrey,073-481-5376,atimgodfrey45@srg.co.ug,Mbale,10/03/2025,
CUST101783,Mubiru Nsereko,+256 70 663 1018,mubiru.nsereko@outlook.com,Kampala,02/07/2023,Male 
CUST101784,Esther Okello,0715449686,esther.okello@outlook.com,Gulu City,30/11/2021,
CUST101785,Okello Mary,+256700351152,okellomary97@gmail.com,Soroti,2024-02-19,Male
CUST101786,Ssekandi Byaruhanga,0716847244,ssekandi.byaruhanga@srg.co.ug,Masindi,13-08-2024,Male
CUST101787,Francis Wanyama,072-852-7650,francis.wanyama@outlook.com,Isingiro,2022-11-08,Female
CUST101788,Wanyama Tumusiime,+256790896758,,kampala,14-01-2024,Female
CUST101789,Nalubega Ronald,+256774682769, nalubega.ronald@hotmail.com ,Wakiso,,
CUST101790,Ssempebwa Olweny,0725328486,ssempebwa.olweny@hotmail.com,Kitgum,2024-02-02,Male
CUST101791,Jane Kizza,+256798519684,janekizza23@hotmail.com,GULLU,2023-09-01,Male
CUST101792,Florence Ninsiima,256707261886,florenceninsiima10@srg.co.ug,Kampala,16/10/2023,Male
CUST101793,Andrew,0784531679,andrew11@hotmail.com,Kampala,05/05/2025,F
CUST101794,Okello Ssentongo,746872923,okello.ssentongo@srg.co.ug,Wakiso,2022-05-01,Male
CUST101795,Daniel Mukasa,+256 77 235 6054,,Gulu,2021-08-06,
CUST101796,Olweny Kyomuhendo,0790862392,olweny.kyomuhendo@outlook.com,Masaka,01-08-2025,Male
CUST101797,Francis Ssimbwa,784878383,francisssimbwa89@yahoo.com,Mityana,2022-04-10,Female
CUST101798,Nsereko Sheila,+256736729827,nserekosheila55@outlook.com,Wakisio,10/12/2022,Female
CUST101799,Joan Ninsiima,+256 78 143 9076,joan.ninsiima@outlook.com,Wakiso,23-03-2021,Female
CUST101800,Harriet Ssekandi,781526754,harriet.ssekandi@yahoo.com,Kumi,2022-02-04,F
CUST101801,Ssekandi Namubiru,+256717678823,ssekandi.namubiru@hotmail.com,Rakai,2024-09-16,M
CUST101802,Kamoga Atim,0702788722,kamoga.atim@gmail.com,Mbarara City,2022-03-11,
CUST101803,Ssekandi Lubega,0790331789,ssekandi.lubega@outlook.com,Wakisio,10-09-2022,
CUST101804,Beatrice Ssemakula,0729652974,,Kampala,2023-10-23,Female 
CUST101805,Ssentongo Katusiime,740209400,ssentongo.katusiime@hotmail.com,Mbararra,27/06/2021,
CUST101806,Grace Byaruhanga,256703921549,gracebyaruhanga22@srg.co.ug,Kampala,20/06/2021,Male
CUST101807,Nsereko Kibirige,256771310481,nsereko.kibirige@mail.com,Luwero,12/06/2021,M
CUST101808,Kibirige Mugisha,+256 78 008 4229,kibirige.mugisha@mail.com,Wakiso,2021-12-12,Male
CUST101809,Butime Katusiime,0712647738,butime.katusiime@srg.co.ug,Mbarara,10-08-2021,M
CUST101810,Timothy,0716462816,timothy@mail.com,Wakiso,03/11/2023,F
CUST101811,Ssebugwawo Catherine,758340029,ssebugwawo.catherine@yahoo,Gulu,,
CUST101812,Rebecca Ouma,+256 78 742 5064,rebecca.ouma@hotmail.com,Kampala,15/03/2021,Male
CUST101813,Florence Kizza,256777147521,florence.kizza@yahoo,Kampala,03/06/2024,Male
CUST101814,Nabirye Nabbanja,+256 75 867 9913,nabirye.nabbanja@yahoo.com,mbale,18/01/2024,
CUST101815,Robert Nakiganda,,robert.nakiganda@mail.com,Kitgum,2022-11-18,M
CUST101816,Kibirige Wanyama,0712654188,kibirige.wanyama@outlook.com,Rakai,2021-09-28,Male
CUST101817,Atukunda Peter,+256723264390,atukunda.peterhotmail.com,Wakiso,31/05/2024,Male
CUST101818,Wanyama Michael,+256742502244,wanyama.michael@yahoo.com,Mpigi,2023-08-08,Male
CUST101819,Ruth Byaruhanga,0772430502,ruth.byaruhanga@srg.co.ug,Gulu,2021-10-26,F
CUST101820,  David Olweny ,256738312307,david.olweny@gmail.com,Wakiso,2021-12-04,M
CUST101821,Namubiru Kibirige,+256719162855,namubiru.kibirige@mail.com,Sembabule,2024-04-02,Male
CUST101822,Ssentongo Nakayiza,+256715782351,ssentongonakayiza9@outlook.com,Wakiso,2023-03-03,Male
CUST101823,Beatrice Ahabwe,0739228524,beatriceahabwe78@yahoo.com,Kampala,08-07-2025,F
CUST101824,Butime Kambale,+256787207308,butime.kambale@hotmail.com,Gulu,05/01/2022,Male
CUST101825,Stephen Olweny,+256 74 551 2270,stephen.olweny@srg.co.ug,Soroti,,Female
CUST101826,Ninsiima Atim,744513629,ninsiima.atim@srg.co.ug,Masaka,13/04/2025,Female
CUST101827,Nsereko Wanyama,727455330,,Mukono,2022-03-23,Male
CUST101828,Olweny Wasswa,256730596400,,Luweero,16/07/2023,M
CUST101829,Sarah Atim,256752787024,sarah.atim@srg.co.ug,Mukono,2022-08-05,Male
CUST101830,Atim Nabbanja,+256 72 161 0751,atimnabbanja92@yahoo.com,gulu,2021-07-30,Female
CUST101831,Katusiime Stephen,+256 71 126 2374,katusiimestephen76@srg.co.ug,Kabale,25/09/2023,Female 
CUST101832,Naomi,256735477751,naomi@gmail.com,Mbarara,2022-08-04,Female
CUST101833,Michael Okello,+256787609819,michael.okello@hotmail.com,Mbale,2022-12-14,Male
CUST101834,Kato Ahabwe,+256737533678,kato.ahabwe@hotmail.com,Kla,01-04-2025,Male
CUST101835,Namubiru,0756634591,namubiru@gmail.com,Kampala,14/03/2022,Female
CUST101836,Catherine Ssemakula,079-441-8397,catherinessemakula6@mail.com,Soroti,,Male
CUST101837,Phoebe Olweny,256731046983,phoebeolweny96@gmail.com,Kampala,28/10/2024,Female
CUST101838,Kambale Kizza,+256756567171,kambalekizza47@srg.co.ug,Mbale City,24/07/2023,F
CUST101839,Joan Mukasa,+256741481393,joanmukasa@gmail.com,Wakiso,11-12-2021,Female
CUST101840,Nabbanja Okello,0728385514,nabbanja.okello@outlook.com,Iganga,,F
CUST101841,Okello Byaruhanga,0780942696,okello.byaruhanga@yahoo.com,Masaka,2023-08-21,
CUST101842,Ninsiima Namubiru,792515841,ninsiima.namubiru@gmail.com,Arua City,15/05/2025,Female
CUST101843,David,,david@gmail.com,Mukono,07/11/2023,
CUST101844,K. Ssimbwa,+256757161241,,Sembabule,2023-05-06,Male
CUST101845,Lubega Mugisha,073-616-0478,lubega.mugisha@mail.com,Jinja,25/11/2022,M
CUST101846,Ouma Kyomuhendo,072-639-5666,ouma.kyomuhendo@outlook,Masaka,2024-04-23,
CUST101847,Harriet Kambale,078-817-5444,harriet.kambale@outlook.com,Kumi,2023-05-26,Female
CUST101848,Kxto Ouma,0792811557,kato.ouma@outlook.com,Wakiso District,2023-12-20,Male
CUST101849,Robert Okello,073-122-3598,robertokello89@gmail.com,Wakiso,2022-04-14,Male
CUST101850,Wasswa Atukunda,+256723114495,wasswaatukunda@hotmail.com,Jinja,06-11-2022,
CUST101851,Mercy Ouma,+256 74 629 5447,mercy.ouma@srg.co.ug,kiboga,2024-09-08,Female
CUST101852,Mercy,0731947742,mercy@mail.com,Kampala Region,2021-02-09,F
CUST101853,Ssentongo Lubega,0713866929,ssentongo.lubega@srg.co.ug,Hoima,13-01-2023,
CUST101854,Esther Nsereko,+256750758164,esthernsereko@yahoo.com,Lira,23/02/2022,Male
CUST101855,Kibirige Katusiime,716741640,kibirige.katusiime@srg.co.ug,Wakiso,19-12-2021,Male 
CUST101856,Byaruhanga,0703643148,byaruhanga@hotmail.com,kasese,15-12-2023,Male
CUST101857,David Katusiime,0757032742,,Wakiso,26/05/2023,M
CUST101858,Ssekandi Kyomuhendo,700513430,,Mbarara,2022-02-10,M
CUST101859,Naomi Ssentongo,070-290-7941,naomi.ssentongo@hotmail.com,Soroti,18-01-2025,Female
CUST101860,Namubiru Daniel,,namubiru.daniel@srg.co.ug,Mukono,,
CUST101861,Ssentongo,+256794997176,ssentongo@mail,Hoima,2021-11-18,
CUST101862,Nakiganda Kizza,+256740147425,nakiganda.kizza@hotmail.com,Kampala,2022-06-13,F
CUST101863,Namubiru Atukunda,+256709222729,namubiru.atukunda@yahoo.com,Mbarara,,F
CUST101864,John Kyebambe,+256741519263,john.kyebambe@srg.co.ug,Wakiso,2023-03-30,Male
CUST101865,Katusiime Kyomuhendo,0757610262,katusiime.kyomuhendo@outlook.com,Tororo,25-05-2021,Female
CUST101866,Jane Kyomuhendo,+256 72 775 0386,jane.kyomuhendo@hotmail.com,Kampala,23-06-2023,Male
CUST101867,Andrew Kambale,+256784453210,andrew.kambale@gmail.com,Gulu,2022-04-19,Female
CUST101868,Isaac,+256 72 733 2948,isaac@srg.co.ug,Kampala,2024-04-17,
CUST101869,Brian Wasswa,256728739099,brian.wasswa@gmail.com,Wakiso,2022-04-03,Male
CUST101870,Namubiru Munezero,+256799130174,namubirumunezero@yahoo.com,Jinja,2022-01-03,Female
CUST101871,Kambale Achieng,+256717978326,kambale.achieng@gmail.com,Wakiso,2025-10-12,Female
CUST101872,Nakiganda Nabirye,+256711310734,nakiganda.nabirye@gmail.com,Wakiso,26/09/2021,Female
CUST101873,Kato Wasswa,256730258280,kato.wasswa@outlook.com,Mukono,2021-09-13,Male
CUST101874,Robert Nabbanja,+256753102270,robert.nabbanja@yahoo.com,Nakasongola,2023-04-12,Male
CUST101875,Ssempebwa Mugisha,+256754203057,,Masaka,02-08-2022,Male
CUST101876,Esther Namubiru,+256799631783,esther.namubiru@outlook.com,Jinja City,2025-07-26,Male
CUST101877,Ssemakula Ssempebwa,728015693,ssemakula.ssempebwa@gmail,Mukono,2022-12-11,Male
CUST101878,Patrick,723046262,patrick@yahoo,Masaka,28-04-2022,F
CUST101879,Kibirige Achieng,,,Isingiro,,Male
CUST101880,Mercy Ninsiima,0703550164,mercy.ninsiima@yahoo.com,Kabale,2025-07-18,F
CUST101881,  Joan Ninsiima ,+256 78 143 9076,joan.ninsiima@outlook.com,Wakiso,23-03-2021,Female
CUST101882,Irene Ssimbwa,0727957071,irene.ssimbwa@gmail.com,Kampala,01-01-2023,Female
CUST101883,Nakiganda Wanyama,+256707112983,nakiganda.wanyama@srg.co.ug,Mbale,2022-01-05,F
CUST101884,Joseph Katusiime,256740881462,josephkatusiime@yahoo.com,Kampala,14/12/2023,Male
CUST101885,Kizza Katusiime,256730143878,,kasese,31/08/2022,Male
CUST101886,Nabirye Stephen,0776184407, nabiryestephen45@yahoo.com ,Kitgum,2025-03-04,Female
CUST101887,Butime Daniel,0723879563,butime.daniel@gmail.com,jinji,01/05/2023,Male
CUST101888,Joan Butime,0718760774,joan.butime@hotmail.com,Kampala,,F
CUST101889,Nsereko Kamoga,0716260576,nsereko.kamoga@hotmail.com,Mukono,22/03/2025,M
CUST101890,Mugisha Butime,+256731107163,mugisha.butime@hotmail.com,Arua,,
CUST101891,Mubiru Ssemakula,786899591,mubiru.ssemakula@yahoo.com,Mbarara,2024-06-08,
CUST101892,Nakiganda Tendo,+256746327789,nakigandatendo4@gmail.com,Mukono,20/10/2023,F
CUST101893,Tendo Timothy,734207546,,Kampala,2022-02-06,Female 
CUST101894,Ssimbja Atim,+256783780170,,mukono,2022-05-29,
CUST101895,Achieng Beatrice,+256 70 874 4592,achieng.beatrice@outlook.com,Mbaraa,2021-09-26,
CUST101896,Nabirye Byaruhanga,,nabirye.byaruhanga@hotmail.com,Kampala,2022-06-03,Female
CUST101897,Nankya Catherine,0790773742,nankya.catherine@gmail,Mpigi,,Male
CUST101898,Francis Wanyama,256722897777,francis.wanyama@srg.co.ug,Wakiso,2024-05-18,Female
CUST101899,John Ssempebwa,0721406336,,Kampala,2021-08-11,Male
CUST101900,Wanyama Wasswa,+256 70 504 9773,,Kampala,16/09/2023,
CUST101901,Mary Ssentongo,+256 74 896 4510,mary.ssentongo@outlook.com,Kampala,2021-12-09,Male
CUST101902,Sarah Namubiru,759632060,sarahnamubiru10@gmail.com,Wakiso,2025-01-05,Male
CUST101903,Nankya Tendo,+256721865404,nankya.tendo@gmail.com,Kampala,,
CUST101904,Nankya,+256797861282,nankya@outlook.com,jinja,2021-11-09,Female
CUST101905,Harriet Wasswa,+256798501762,harriet.wasswa@yahoo.com,mukono,21-08-2021,Female
CUST101906,Ssemakula Nakiganda,758315753,ssemakula.nakiganda@mail.com,Kabarole,2021-05-12,Male
CUST101907,Robert Olweny,,robert.olweny@srg.co.ug,Kampala,2024-02-14,Male
CUST101908,David Mugisha,075-110-3098,david.mugisha@srg.co.ug,Wakiso,03/01/2024,Male 
CUST101909,Mercy Mugisha,0730035415,mercy.mugishagmail.com,Jinja City,,Female
CUST101910,Nankya Nabirye,724829578,nankyanabirye65gmail.com,Hoima,12/02/2025,F
CUST101911,Katusiime Ninsiima,0757773746,katusiime.ninsiima@outlook.com,Kampala,13/12/2024,Female
CUST101912,Namutebi Byaruhanga,0788884663,namutebi.byaruhanga@gmail.com,Wakiso,2024-06-04,
CUST101913,Katusiime Ssentongo,+256 79 924 5878,katusiime.ssentongo@srg.co.ug,Fort Portal,2021-07-15,
CUST101914,Byaruhanga Kafeero,0735577571,byaruhanga.kafeero@outlook.com,Wakiso,31-08-2024,Male
CUST101915,Joan Lubega,256773971300,,Mbarara,2022-05-31,Female 
CUST101916,Byaruhanga Nsereko,074-517-4731,byaruhangansereko@mail.com,Mukono,20/04/2025,
CUST101917,John Kyomuhendo,0743471010,john.kyomuhendo@gmail.com,Entebbe City,08-10-2024,
CUST101918,Nakigahda Florence,+256758961264,nakiganda.florence@srg.co.ug,Jinja City,2021-06-23,Male
CUST101919,Lubega Okello,0791120436,lubega.okello@srg.co.ug,Jinja,2023-12-08,Male
CUST101920,Sarah Byaruhanga,+256715427461,sarah.byaruhanga@outlook,Hoima,28/03/2023,Male
CUST101921,mercy tendo,,mercy.tendo@gmail.com,fort portal,30/04/2021,
CUST101922,Agnes Guma,0743111251,agnes.guma@hotmail.com,Mukono,2022-06-24,M
CUST101923,Wasswa Atukunea,256723114495,wasswaatukunda@hotmail.com,Jinja,06-11-2022,
CUST101924,Ruth Tendo,,ruth.tendosrg.co.ug,Isingiro,2021-10-20,F
CUST101925,Namubiru Kyomuhendo,0779123208,namubiru.kyomuhendo@mail.com,Kampala,13-10-2021,F
CUST101926,Timothy,+256747525864,timothy@mail.com,Bundibugyo,2025-08-01,F
CUST101927,Andrew,0755591328,andrew@hotmail.com,Wakiso,16/05/2025,Female
CUST101928,Andrew Nsereko,+256 71 271 7598,andrewnsereko80@gmail.com,Kabarole,09-01-2022,
CUST101929,Kato Nabbanja,751751473,kato.nabbanja@hotmail.com,Kampala,05/02/2022,M
CUST101930,Beatrice Lubega,+256708656345,beatrice.lubega@srg.co.ug,mpigi,2022-03-23,Female
CUST101931,Kyomuhendo,784787845,,Jinja,25/10/2024,Female
CUST101932,Alexander Lubega,0735159291,alexander.lubega@mail.com,luwero,06/04/2023,Female
CUST101933,Patrick Ninsiima,0723503846,patrick.ninsiima@srg.co.ug,Wakiso,2022-11-04,Female
CUST101934,Achieng Kizza,0799347726,achieng.kizza@srg.co.ug,Nebbi,2022-03-28,Male
CUST101935,Butime Namutebi,,butime.namutebi@outlook.com,Rakai,,F
CUST101936,Ruth Munezero,+256 71 243 9738,ruth.munezero@mail.com,Kampala,05/07/2023,Female
CUST101937,Ssempebwa Kyebambe,+256725661387,ssempebwa.kyebambe@mail.com,rakai,2025-06-11,Male
CUST101938,Isaac Mukasa,741504310, isaac.mukasa@yahoo.com ,Bushenyi,2023-08-22,Female
CUST101939,Agnes Ninsiima,+256 78 848 8904,agnes.ninsiima@hotmail.com,Kitgum,10/01/2024,Male
CUST101940,Alexander Kizza,0702114391,alexander.kizza@srg.co.ug,Isingiro,30/12/2024,F
CUST101941,Naomi Atim,+256795887264,,Wakiso,2022-08-19,Female
CUST101942,Ssentongo Nakiganda,256773140428,ssentongo.nakiganda@outlook.com,Gulu City,19-02-2025,Female
CUST101943,Alexander Nakayiza,,alexander.nakayiza@outlook.com,Wakiso,2024-08-25,Female
CUST101944,Joseph Munezero,0785720143,joseph.munezero@yahoo.com,Kampala,2024-06-07,Male 
CUST101945,Francis Wasswa,+256 78 252 4812,francis.wasswa@srg.co.ug,Kampala,22-11-2021,
CUST101946,Nakayiza Ronald,+256 78 327 6628,nakayiza.ronald@mail.com,Mbale,2025-08-29,
CUST101947,Daniel Nakayiza,+256 77 913 3049,daniel.nakayiza@srg.co.ug,Mukkono,2021-09-11,Male
CUST101948,Dorothy Byaruhanga,0725221258,dorothy.byaruhanga@outlook.com,Lyantonde,2025-10-16,M
CUST101949,Sheila Kambale,+256 71 686 0841,sheilakambale84@mail.com,Fort Portal,13/12/2024,Female
CUST101950,Nsereko,+256702788918,nserekooutlook.com,Mukko,19/02/2024,M
CUST101951,Samuel,0749133067,,Kampala,27/05/2025,Male
CUST101952,Ruth Ninsiima,+256750393215,ruth.ninsiima@srg.co.ug,Gulu,2022-07-14,Female
CUST101953,Nakayiza Kyomuhendo,0707701495,nakayizakyomuhendo41@gmail.com,Mukkono,01/06/2024,Female
CUST101954,Joan Mubiru,078-806-8171,joan.mubiru@yahoo.com,Jinja,,F
CUST101955,Wanyama,+256741737484,wanyama@gmail.com,Rakai,23/06/2024,F
CUST101956,Tendo Grace,+256721571450,tendo.grace@outlook.com,Jinja,22/01/2021,Male
CUST101957,Ssekandi Tumusiime,256771807372,ssekandi.tumusiime@mail.com,Mukono,2023-06-15,
CUST101958,Okello Katusiime,256797909052,okello.katusiime@yahoo.com,wakiso,2021-04-28,Female
CUST101959,Mugisha Ssekandi,0759997680,mugisha.ssekandi@hotmail.com,Kampala,13/06/2024,M
CUST101960,Beatrice Butime,078-432-3902,beatrice.butime@gmail.com,Jinja,2022-01-09,Female
CUST101961,COLLINS SSENTONGO,0776100666,collins.ssentongo@yahoo,Wakisio,25/11/2023,F
CUST101962,Byaruhanga Nankya,0720648766,byaruhanga.nankya@yahoo.com,Mbarara Town,2021-01-26,Male
CUST101963,Ronald Achieng,+256726003037,,Kampala (Central),2023-08-26,Male
CUST101964,Kyomuhendo Achieng,077-966-7977,kyomuhendoachieng79@hotmail.com,nakasongola,04-10-2021,Female
CUST101965,ygnes Ssimbwa,+256731125680,agnes.ssimbwa@srg.co.ug,Kalangala,2024-03-20,
CUST101966,Francis Nalubega,,francisnalubega6@mail.com,Lira,2024-01-21,Female
CUST101967,Kyomuhendo Kambale,0781026364,kyomuhendo.kambale@gmail.com,Arua City,2021-03-29,Female
CUST101968,sheila Katusiime,+256748250096,sheila.katusiime@srg.co.ug,Kumi,2023-12-10,Female
CUST101969,Mugisha Achieng,+256783834803,mugisha.achieng@yahoo.com,Kiruhura,2024-06-12,M
CUST101970,Nankya Florence,788503423,nankya.florence@gmail.com,Somewhere,2024-08-20,M
CUST101971,Florence Butime,,florence.butime@hotmail.com,Lyantonde,2025-10-08,Male
CUST101972,Samuel Kyebambe,0735417537,samuel.kyebambe@hotmail.com,Kampala,2025-09-23,M
CUST101973,Atim Nakayiza,713310576,atim.nakayiza@gmail.com,Gulu,2024-08-21,Female
CUST101974,Nsereko Namubiru,+256774461978,nsereko.namubiru@srg.co.ug,Wakiso,08/07/2025,Male
CUST101975,Joan Mugisha,0730593944,,Mukono,2021-10-29,Female
CUST101976,Nsereko Tumusiime,794814892,nsereko.tumusiime@mail,Mukono,2025-07-02,Male
CUST101977,Harriet Mubiru,+256 75 017 9610,harriet.mubiru@outlook.com,Kampala,2024-04-18,Female
CUST101978,Nankya Nalubega,078-594-0479,nankyanalubega36@hotmail.com,Kumi,12/12/2022,Female 
CUST101979,Kyomuhendo Mugisha,,kyomuhendo.mugisha@srg.co.ug,Wakiso,2022-12-20,Male
CUST101980,Ruth Byaruhanga,0772430502,ruth.byaruhanga@srg.co.ug,Gulu,2021-10-26,F
CUST101981,Katusiime Olweny,0748201982,katusiime.olweny@gmail.com,Wakiso,2021-04-26,Female
CUST101982,Samuel Atim,742505532,samuel.atim@yahoo.com,Gulu,2025-09-13,Male
CUST101983,Kambale Andrew,+256730180623,kambale.andrew@mail.com,Mbarara,27/12/2022,Female
CUST101984,Nankya Atim,256715784988,nankyaatim@outlook.com,Lyantonde,10/08/2023,Female
CUST101985,Naomi Olweny,0707252679,naomi.olweny@outlook.com,Iganga,18/04/2021,Female
CUST101986,Ruth Nsereko,+256719647799,,Iganga,2022-05-17,Female
CUST101987,Atim Nabbanja,727192754,atim.nabbanja@yahoo.com,Lira,2023-06-08,Female
CUST101988,Irene,0702909058,irene@mail.com,Wakiso,2024-03-13,Female 
CUST101989,Guma Nakayiza,0795460532,guma.nakayiza@yahoo.com,Kampala,2022-04-15,Female
CUST101990,Guma Atukunda,256777304363,guma.atukunda@gmail.com,Mbale,2024-07-27,M
CUST101991,Collins,0787705715,collins@gmail.com,mbale,2023-02-20,Female
CUST101992,  Butime Kamoga ,256799159218,butime.kamoga@mail.com,Bundibugyo,11/06/2024,Male
CUST101993,Lubega Michael,+256792122930,lubega.michael@srg.co.ug,Bundibugyo,2021-06-21,M
CUST101994,Irene Kizza,075-176-8192,irene.kizza@mail.com,Masindi,18-03-2022,
CUST101995,Collins,077-626-2079,collins65@outlook.com,kla,12/02/2023,F
CUST101996,Harriet Ssentongo,256710190840,harriet.ssentongo@srg.co.ug,Jinja,2024-08-09,Female
CUST101997,Ninsiima Stephen,+256748032582,ninsiima.stephen@gmail.com,Kabarole,10-07-2025,F
CUST101998,Nakayiza Kyebambe,0703676292,nakayiza.kyebambe@srg.co.ug,kayunga,2021-09-21,Female
CUST101999,Peter Ninsiima,+256748494358,peter.ninsiima@hotmail.com,Kalangala,2025-10-16,Male
CUST102000,Sheila Olweny,0717609769,sheilaolweny@gmail.com,Kampala,05/10/2025,Female
CUST102001,Nabbanja Mubiru,773460106,nabbanja.mubiru@yahoo.com,Mukono,28-02-2022,Male
CUST102002,  Kato Lubega ,+256 75 188 4750,kato.lubega@outlook.com,Kampala,2021-10-24,M
CUST102003,Sheila Kafeero,074-175-2431,sheila.kafeero@gmail.com,Gulu,31/03/2022,F
CUST102004,Florence,+256 72 523 0352,florencesrg.co.ug,Wakiso,2022-05-04,M
CUST102005,Stephen Wasswa,740202735,stephen.wasswa@srg.co.ug,Mbale,19/02/2025,Female 
CUST102006,David Nsereko,0718390916,david.nsereko@yahoo.com,Mukono,09/01/2022,Male
CUST102007,Esther Kizza,072-535-5714,estherkizza@yahoo.com,Kalangala,2024-02-25,
CUST102008,Mercy Wanyama,071-431-1692,mercy.wanyama@gmail.com,Wakiso,2021-01-23,F
CUST102009,Ssentongo Ssempebwa,072-023-9097,ssentongo.ssempebwa@yahoo,Mbale,2023-09-08,M
CUST102010,Ssempebwa Nabirye,+256789754239,ssempebwa.nabirye@yahoo.com,Mballa,,Male
CUST102011,Nabirye Kyebambe,+256701729682,nabirye.kyebambe@gmail.com,Mbarara,12/03/2023,Female
CUST102012,Namubiru Mukasa,071-652-7212,namubirumukasa79@yahoo.com,Arua,22-12-2023,Female
CUST102013,Kambale Nakiganda,0781286287,kambale.nakiganda@outlook.com,Wakiso,18-01-2025,Female
CUST102014,Samuel Atim,0750870778,samuel.atim@mail.com,Wakiso,2021-08-26,M
CUST102015,Nakiganda Kibirige,0733247487,nakiganda.kibirige@outlook.com,Kampala,30-06-2022,Female 
CUST102016,Olweny Nakato,256789372117,,Masindi,2023-03-11,Male
CUST102017,Peter Okello,749771941,peter.okello@outlook.com,Kampala,19-01-2024,Male
CUST102018,Katusiime Kamoga,0742966285,katusiime.kamoga@yahoo.com,Gulu,05/11/2023,F
CUST102019,Olweny Nabirye,256746581329,olweny.nabiryegmail.com,Wakiso,07/02/2024,Female
CUST102020,Butime Sarah,0784130368,,iganga,2025-01-16,
CUST102021,Juliet Ssimbwa,256785578577,julietssimbwa52@yahoo.com,Mukono,2022-10-20,Female
CUST102022,Stephen Mubiru,711084442,stephen.mubiru@gmail.com,Masindi,30/12/2024,Female
CUST102023,Mukasa Kyomuhendo,073-951-5845,mukasa.kyomuhendo@hotmail.com,Arua,06-05-2022,Female
CUST102024,Catherine Ssimbwa,0707605838,catherine.ssimbwa@srg.co.ug,Kampala,2024-10-29,Male
CUST102025,xebecca Kyomuhendo,+256715910453,rebecca.kyomuhendo@srg.co.ug,Nebbi,30/11/2024,Male
CUST102026,Sheila Ahabwe,+256731661737,sheila.ahabwe@mail.com,Mukono,2021-06-02,Female 
CUST102027,Andrew Guma,0700328732,andrew.guma@yahoo,Mbarara,2024-12-28,Female
CUST102028,Nakayiza,256743061458,,Kampala,2022-04-17,Female
CUST102029,Ouma Nabirye,079-992-9277,ouma.nabirye@gmail.com,Mbarara,08-02-2021,Male
CUST102030,Kambale Ssekandi,+256 73 982 8685,kambalessekandi97@yahoo.com,Sembabule,2022-07-23,
CUST102031,Sheila Kyebambe,0756238162,sheila.kyebambe@gmail.com,Jinja,2021-05-02,
CUST102032,Peter Ssempebwa,0792297479,peter.ssempebwa@hotmail.com,Mukono,2021-09-05,
CUST102033,Brian Ssekandi,776531878,brianssekandi@mail.com,bundibugyo,2021-06-08,Male
CUST102034,Rebecca Ssempebwa,0711221635,rebecca.ssempebwa@hotmail.com,Wakiso,04/02/2024,Male
CUST102035,Catherine Olweny,,catherineolweny@yahoo.com,Mbale,2025-03-03,Male
CUST102036,Harriet Nankya,0782808436,,Nebbi,2021-06-16,Female
CUST102037,Michael Kizza,+256787991225,michael.kizza@outlook.com,Jinja,2024-12-21,Male
CUST102038,Peter Nakato,,peter.nakato@outlook.com,Kampala,12-06-2024,Male
CUST102039,Ssentongo Mugisha,256797967130,ssentongo.mugisha@gmail.com,Hoima,2021-03-13,Male
CUST102040,Peter,075-925-8612,petermail.com,Mbarara,,Male
CUST102041,Nsereko Wanyama,784166824,nsereko.wanyama@srg.co.ug,Mukono,2025-09-12,Male
CUST102042,Dorothy Kyomuhendo,787677436,dorothykyomuhendo77@outlook.com,Arua,2021-11-04,Male
CUST102043,Rebecca,0707118993,rebecca@mail.com,Mbarara,,Male
CUST102044,  Ssentongo Lubega ,0713866929,ssentongo.lubega@srg.co.ug,Hoima,13-01-2023,
CUST102045,Rebecca Butime,0719609856,rebecca.butime@outlook.com,Mukkono,,Male
CUST102046,Guma Lubega,770240133,gumalubega@srg.co.ug,kla,2021-06-17,Male 
CUST102047,Nabirye Samuel,+256728520305,nabiryesamuel75@srg.co.ug,Kampala,24-07-2021,Male
CUST102048,Ouma Ouma,+256 79 525 8797,ouma.ouma@mail.com,Wakiso,12/09/2022,Male
CUST102049,Byaruhanga Guma,0736380885,byaruhanga.guma@outlook.com,Jinja City,2024-03-13,M
CUST102050,Timothy Ssentongo,+256711921862,timothy.ssentongo@yahoo.com,Mbale City,17-10-2025,
CUST102051,Ninsiima Ssebugwawo,+256727636991,ninsiima.ssebugwawo@gmail.com,Guluu,2022-10-12,Female
CUST102052,Namutebi Mubiru,0745068870,namutebimubiru@yahoo.com,MBARARA,2023-10-18,F
CUST102053,Florence,256731164914,florence82@yahoo.com,Wakiso,11/02/2021,Male
CUST102054,Alexander Munezero,+256 78 904 1348,alexander.munezero@srg.co.ug,Wakiso,2024-07-14,F
CUST102055,Mary Olweny,,mary.olweny@hotmail.com,Gulu City,2021-01-25,Male
CUST102056,Timothy Kambale,718386935,timothy.kambale@hotmail.com,wakiso,2023-03-27,Female
CUST102057,Phoebe Olweny,070-933-9497,phoebe.olweny@mail.com,Kla,23-10-2022,Female
CUST102058,Nakiganda Mary,0747992907,nakigandamary@yahoo.com,Wakiso,2021-06-19,M
CUST102059,Stephen Tumusiime,+256782474171,stephentumusiime77@outlook.com,Kampala (Central),2021-06-02,Female
CUST102060,Kamoga Butime,, kamoga.butime@yahoo.com ,Kampala (Central),19/11/2022,Male
CUST102061,Lubega Ssebugwawo,+256778492880,lubega.ssebugwawo@outlook.com,Kasese,25/02/2025,Male
CUST102062,Kamoga Mubiru,,kamoga.mubiru@mail.com,Kiruhura,21/12/2021,Male
CUST102063,Nakato Timothy,795868109,nakatotimothy19@gmail.com,Kampala,2022-06-17,Female
CUST102064,Rebecca Wanyama,+256 73 193 8698,rebeccawanyama@yahoo.com,Mbale,02/12/2022,
CUST102065,Kamoga Atukunda,+256746246837,kamoga.atukunda@srg.co.ug,Kampala,13/06/2023,
CUST102066,Kibirige Atim,078-335-5843,kibirigeatim98@mail.com,Gulu,2024-10-18,Male
CUST102067,Ssemakula,0730388198,ssemakula50@yahoo.com,Kla,2023-01-17,Male
CUST102068,Kato Nakato,,katonakato82@srg.co.ug,Gulu,,Male
CUST102069,Ssekandi Mercy,,ssekandi.mercy@yahoo.com,Gulu,2024-08-16,Female
CUST102070,Atim Kambale,+256750321115, atim.kambale@srg.co.ug ,Masaka,2022-09-24,
CUST102071,Ssempebwa Nsereko,,ssempebwa.nserekohotmail.com,Masaka,04/02/2023,Male
CUST102072,Florence Ouma,0747424109,florence.ouma@srg.co.ug,Wakiso,2023-04-11,Male
CUST102073,Butime Wasswa,778973680,butime.wasswa@yahoo.com,Wakiso,14/12/2024,M
CUST102074,Nabirye Mugisha,+256726477125,nabiryemugisha@hotmail.com,Soroti,03/02/2024,
CUST102075,Butime Ssemakula,,butimessemakula25yahoo.com,none,2025-10-01,
CUST102076,Ssekandi Kibirige,077-201-9825, ssekandi.kibirige@outlook.com ,Kiruhura,18-05-2021,Male
CUST102077,Alexander Ssekandi,256756413179,alexander.ssekandi@gmail.com,Wakiso,2021-08-11,Female
CUST102078,Katusiime Kafeero,256776038313,katusiime.kafeero@yahoo.com,Somewhere,07/12/2023,Female
CUST102079,Byaruhanga,,byaruhanga@hotmail.com,kasese,15-12-2023,Male
CUST102080,Rebecca Kambale,256724942577,rebecca.kambale@srg.co.ug,Kampala,2024-03-10,Male
CUST102081,Patrick Butime,+256 73 287 3415,patrickbutimemail.com,Kiruhura,08/03/2024,Female
CUST102082,Kambale Nakiganda,781286287,kambale.nakiganda@outlook.com,Wakiso,18-01-2025,Female
CUST102083,Stephen Mibiru,,stephen.mubiru@srg.co.ug,kitgum,2025-02-04,Female
CUST102084,Olweny Butime,+256 70 851 8432,olweny.butime@yahoo.com,Mukono,2021-12-31,Male 
CUST102085,Isaac Nabbanja,0700288090,isaac.nabbanja@mail.com,Arua,02/11/2023,Female
CUST102086,Patrick,0774205991,patrick@gmail.com,tororo,2023-07-02,F
CUST102087,Ssekandi Kyomuhendo,700513430,,Mbarara,2022-02-10,M
CUST102088,Wasswa Achieng,0790892846,wasswa.achieng@srg.co.ug,Kumi,2023-07-11,
CUST102089,Rebecca Guma,+256719069724,rebecca.guma@hotmail.com,Wakiso,,Male
CUST102090,Nalubega Kizza,,nalubegakizza@yahoo.com,Kampala,13/10/2022,
CUST102091,Ssekandi Tumusiime,0771807372,ssekandi.tumusiime@mail.com,Mukono,2023-06-15,
CUST102092,Ninsiima Mugisha,0799249049,ninsiima.mugisha@gmail.com,kla,2021-09-22,Male
CUST102093,Ninsiima Nakayiza,+256705860196,ninsiima.nakayiza@srg.co.ug,Jinja,,Female
CUST102094,Kafeero Agnes,,kafeero.agnes@mail.com,Mbarara,25-10-2024,Male
CUST102095,Ruth Kyomuhendo,+256798768902,ruth.kyomuhendo@srg.co.ug,Masaka,,
CUST102096,Joseph Ssemakula,708449233,joseph.ssemakula@outlook.com,Kampala,2022-07-29,Male
CUST102097,Ronald Nsereko,+256770805822,,Kampala,30/05/2022,Male
CUST102098,Mukasa Namutebi,256717983763, mukasanamutebi30@hotmail.com ,Kampala,2021-12-21,Female
CUST102099,Ronald Kamoga,+256791588605,ronaldkamoga26@gmail.com,Jinja City,09/04/2022,Male
CUST102100,Kibirige Achieng,,kibirige.achieng@mail.com,Masindi,11/06/2021,Male
CUST102101,Lubega Kyomuhendo,+256729630121,lubegakyomuhendo60@mail.com,Mbarara,07/03/2021,M
CUST102102,Byaruhanga Ssentongo,+256791132838,byaruhanga.ssentongo@hotmail.com,Mukono,2023-04-09,Male
CUST102103,Wasswa Munezero,+256 73 806 4890,wasswamunezero33@yahoo.com,Kampala CBD,2021-01-07,M
CUST102104,Joseph Kafeero,256710688119,joseph.kafeero@mail.com,Fort Portal,2023-12-30,Male
CUST102105,  Esther ,256797981174,esther@srg.co.ug,Mbale,2025-05-01,Male
CUST102106,Mugisha Ssekandi,256759997680,mugisha.ssekandi@hotmail.com,Kampala,13/06/2024,M
CUST102107,Robert Katusiime,730243344,robert.katusiime@yahoo.com,Entebbe,21-05-2023,M
CUST102108,Dorothy Nankya,0734875198,dorothy.nankya@yahoo.com,Kampala,2022-10-23,M
CUST102109,Emmanuel Butime,0781247836,emmanuel.butime@outlook.com,Wakiso,30/06/2024,Female
CUST102110,Olweny Atim,+256 78 355 8309,olweny.atim@yahoo.com,Lira,2024-12-26,
CUST102111,Mugisha Mubiru,+256 78 907 4559,mugisha.mubiru@srg.co.ug,Kampala,2022-03-22,Male
CUST102112,Sheila Munezero,256776029517,sheila.munezero@srg.co.ug,Kumi,2023-02-05,F
CUST102113,Sheila Olweny,+256741678384,sheilaolweny1@hotmail.com,Wakiso,24-06-2023,F
CUST102114,Ssempebwa Tendo,0789533737,ssempebwa.tendo@hotmail.com,Lira,2024-06-03,M
CUST102115,Kibirige Atim,+256749234643,kibirigeatim25@gmail.com,Bundibugyo,02/11/2023,Male
CUST102116,Joan Kizza,0758197973,joankizza39@srg,Arua,,F
CUST102117,Collins,077-626-2079,collins65@outlook.com,kla,12/02/2023,F
CUST102118,Okello Nabbanja,+256727946625,okello.nabbanja@srg.co.ug,Kampala,2021-02-14,M
CUST102119,Namutebi Nsereko,256710371943,namutebi.nsereko@yahoo.com,bushenyi,2023-06-28,F
CUST102120,Godfrey Nalubega,+256733972147,godfrey.nalubega@srg.co.ug,Hoima,17/10/2021,Female
CUST102121,Mubiru Wasswa,+256 74 258 5317,mubiru.wasswa@outlook.com,Kitgum,2021-07-31,Male
CUST102122,Daniel Nakayiza,+256 77 913 3049,daniel.nakayiza@srg.co.ug,Mukkono,2021-09-11,Male
CUST102123,DAVID NAKAYIZA,+256723171914,david.nakayiza@gmail.com,Nakasongola,2021-01-06,Male 
CUST102124,  Ronald Nsereko ,0782155318,ronald.nsereko@srg.co.ug,Wakiso,06/07/2021,Male
CUST102125,Catherine Ssentongo,256750391794,catherine.ssentongo@srg.co.ug,Kabarole,2021-04-16,Male
CUST102126,Agnes Ssimbwa,+256731125680,agnes.ssimbwa@srg.co.ug,Kalangala,2024-03-20,
CUST102127,Nsereko Nakayiza,078-649-2394,nserekonakayiza74@hotmail.com,Jinja City,01/07/2022,Male
CUST102128,Robert Ninsiima,078-911-5470,robert.ninsiima@gmail.com,Lira,2021-06-17,
CUST102129,Joseph Ssentongo,075-026-1422,joseph.ssentongo@gmail.com,Lira,2024-06-23,M
CUST102130,Harriet Wanyama,0748088747,,Kampala,2023-09-09,Female 
CUST102131,Namubiru Ahabwe,706198743,namubiru.ahabwe@srg.co.ug,Wakiso,2025-09-21,
CUST102132,Joan Nalubega,0794199298,joannalubega74@mail.com,Kayunga,2022-07-07,Female
CUST102133,Naomi Atim,0785593375,naomi.atimmail.com,Arua,2025-03-15,Female
CUST102134,Mary Ssentrngo,+256748964510,mary.ssentongo@outlook.com,Kampala,2021-12-09,Male
CUST102135,Alexander Kyebambe,074-899-3068,alexander.kyebambe@hotmail.com,Kampala,2024-10-16,Female
CUST102136,Nakayiza Irene,783675772,nakayiza.irene@hotmail.com,Mbarara,2024-09-10,Female
CUST102137,Ruth Ssekandi,740588662,ruth.ssekandi@hotmail.com,Mukono,2023-12-23,Female
CUST102138,Mugisha Nabbanja,+256783939463,mugisha.nabbanja@srg.co.ug,Mbarara,05/01/2024,Female
CUST102139,Ssempebwa Nabirye,+256784057432,ssempebwa.nabirye@hotmail.com,Kabarole,2021-10-16,Male
CUST102140,Olweny Kyebambe,+256717060878,olweny.kyebambe@srg.co.ug,Gulu,2023-04-25,
CUST102141,Sheila Ouma,,sheila.ouma@gmail.com,Mbarara,07/02/2024,Female
CUST102142,Samuel Mugisha,073-246-0502,samuel.mugisha@outlook.com,Jinja,2025-09-16,Male
CUST102143,Robert Kafeero,+256713439607,robertkafeero@hotmail.com,Kayunga,2025-07-21,Male
CUST102144,Juliet Nabirye,0722224316,,Arua,2025-05-30,Female
CUST102145,Joan Olweny,070-860-1172,joanolweny8@srg.co.ug,Rakai,2024-05-16,Female
CUST102146,Nakayiza Lubega,0743530675,nakayiza.lubega@hotmail.com,Kampala,01/01/2023,Female
CUST102147,Phoebe Katusiime,+256799220413,phoebe.katusiime@hotmail.com,Lira District,21/03/2022,Female
CUST102148,Kyomuhendo Nakayiza,+256709413435,kyomuhendonakayiza29@mail.com,Jinja,13/04/2023,Female
CUST102149,Nakiganda Juliet,256710758462,nakiganda.juliet@gmail.com,Soroti District,24/06/2021,F
CUST102150,Nakiganda Kamoga,256700895131,nakiganda.kamoga@gmail,Jinja,11-10-2025,
CUST102151,Nabirye Byaruhanga,+256793196757,nabirye.byaruhanga@mail.com,Kampala,15/03/2024,Male
CUST102152,Grace Wasswa,0709456287,,Kampala,2024-01-30,Male
CUST102153,Jane Nakiganda,+256789645967,jane.nakiganda@hotmail.com,Kampala,2021-05-10,Male
CUST102154,Ssekandi Ssebugwawo,,ssekandi.ssebugwawo@outlook.com,Isingiro,26/06/2025,Male 
CUST102155,Kato Byaruhanga,+256718950030,kato.byaruhanga@hotmail.com,Lyantonde,20/09/2023,Male
CUST102156,Munezero Kyomuhendo,0723274593,munezero.kyomuhendo@outlook.com,mityana,2025-05-18,Female
CUST102157,Kyebambe Namubiru,+256 78 621 7739,kyebambe.namubiru@yahoo.com,Wakiso,2022-01-03,F
CUST102158,Patrick,0789034451, patrick@yahoo.com ,Wakisio,15-04-2024,Female
CUST102159,Byaruhanga Ssemakula,,byaruhanga.ssemakula@srg.co.ug,Masacka,2025-03-03,Male
CUST102160,Ahabwe Olweny,0777309615,ahabwe.olweny@gmail.com,Wakisio,22/01/2023,Male
CUST102161,Dorothy Kyomuhendo,256787677436,dorothykyomuhendo77@outlook.com,Arua,2021-11-04,Male
CUST102162,Patrick Ssebugwawo,0706962462,patrick.ssebugwawo@yahoo.com,Lyantonde,2022-06-04,Female
CUST102163,Kyomuhendo Nankya,0705837677,kyomuhendo.nankya@hotmail.com,Mityana,2024-07-22,Female
CUST102164,Beatrice,075-978-9752,beatrice8@hotmail.com,luwero,2021-03-19,Female
CUST102165,  Byaruhanga Nankya ,0720648766,byaruhanga.nankya@yahoo.com,Mbarara Town,2021-01-26,Male
CUST102166,Kamoga Ssebugwawo,,kamoga.ssebugwawo@mail.com,Mbale,29/07/2022,M
CUST102167,Nakayiza Nakayiza,+256733983114,nakayiza.nakayiza@yahoo.com,Jinja,2024-06-16,F
CUST102168,Ssentongo Ssempebwa,256792403320,ssentongo.ssempebwa@srg.co.ug,Wakiso,2022-12-04,Male
CUST102169,Phoebe Nakayiza,0728924895,phoebe.nakayiza@hotmail.com,Jinja,06/10/2025,Female
CUST102170,Stenhen Byaruhanga,+256726975742,stephen.byaruhanga@outlook.com,Kampala,16-04-2024,Female 
CUST102171,Katusiime Kato,+256712747043,katusiime.kato@srg.co.ug,Lira,2022-02-27,Male
CUST102172,Catherine Ouma,256751603287,catherine.ouma@hotmail.com,Wakiso District,2023-09-27,
CUST102173,Nabbanja Kamoga,256752632583,nabbanja.kamoga@srg,Kampala,23-01-2022,F
CUST102174,Ouma Butime,256704297407,,Luweero,11/04/2024,M
CUST102175,Sheila Tendo,+256790854426,sheila.tendo@srg.co.ug,Kampala,2022-11-09,Female
CUST102176,Joseph Butime,0739144174,joseph.butime@outlook.com,Kampala,04/10/2024,Male
CUST102177,Ssemakula David,079-803-0273,ssemakula.david@outlook.com,Jinja City,2023-10-25,
CUST102178,Namubiru Ssentongo,256741378589,namubiru.ssentongo@hotmail.com,Kiboga,2021-02-03,
CUST102179,Kibirige Kibirige,0741198407,kibirige.kibirige@gmail.com,Mbarara,07/07/2022,M
CUST102180,Namubiru Ssimbwa,0740845474,namubirussimbwa@gmail.com,Kampala,2022-01-15,Female
CUST102181,Ssimbwa,0734088977, ssimbwa69@yahoo.com ,Jinja,2022-11-01,M
CUST102182,Nalubega Kizza,+256705634953,nalubegakizza@yahoo.com,Kampala,13/10/2022,
CUST102183,Ssempebwa Ssimbwa,+256758416605,ssempebwa.ssimbwaoutlook.com,Mbarara,04/02/2022,M
CUST102184,Nankya Nankya,0787300588,nankya.nankya@outlook.com,Wakiso,,F
CUST102185,Ouma Tendo,+256757626002,ouma.tendo@gmail.com,jinja,20/12/2021,M
CUST102186,Lubega Kamoga,0747737901,lubega.kamoga@gmail.com,Wakiso,2024-07-16,Male
CUST102187,Nabirye,,nabirye@gmail.com,Jinja City,30/05/2021,Female
CUST102188,David Ssempebwa,703851117,david.ssempebwa@outlook.com,Arua City,2022-04-15,Male
CUST102189,Kato Ssebugwawo,077-670-8603,kato.ssebugwawo@gmail.com,Kampala,23/12/2021,Male
CUST102190,Nankya,070-510-9308,nankya@mail.com,Wakiso,05/12/2024,Female
CUST102191,butime nakiganda,0718953656,butime.nakiganda@hotmail.com,Enteba,01-01-2024,Male
CUST102192,Timothy Atukunda,,timothyatukunda@hotmail.com,Kabale,03/04/2025,Female
CUST102193,Joseph Wanyama,+256741502739,joseph.wanyama@yahoo.com,Mityana,10-10-2023,Male
CUST102194,Okello Nakayiza,+256743657768,okello.nakayizagmail.com,Bundibugyo,19/01/2024,
CUST102195,Ssempebwa Nsereko,+256758628968,ssempebwa.nsereko@yahoo.com,Kampala,2025-08-22,
CUST102196,Nankya Wanyama,+256709058655,nankyawanyama@outlook.com,Wakiso,2021-01-25,
CUST102197,Butime Kambale,+256725716243,butime.kambale@hotmail.com,Jinja,28-10-2021,M
CUST102198,Guma Achieng,+256 73 454 7119,gumaachieng80@mail.com,Kiruhura,2022-03-09,Male
CUST102199,MERCY KYOMUHENDO,+256 72 039 7161,mercy.kyomuhendo@outlook.com,Wakiso,2025-04-20,Female
CUST102200,Kyomuhendo Namubiru,+256727234072,kyomuhendonamubiru80@hotmail.com,Kalangala,2024-02-06,Female
CUST102201,Nsereko Ouma,+256749030893,nserekoouma@mail.com,Masaka,,Male
CUST102202,Ssekandi Ouma,719269154,ssekandi.ouma@yahoo.com,Bundibugyo,14-03-2021,M
CUST102203,COLLINS AHABWE,+256780389861,collinsahabwe46@gmail.com,Kayunga,2023-05-04,F
CUST102204,Nakiganda Wasswa,256746091807,nakigandawasswa21@outlook.com,Wakiso,26/11/2022,Female
CUST102205,Guma Lubega,,gumalubega@srg.co.ug,kla,2021-06-17,Male 
CUST102206,Atukunda Ruth,751163328,atukunda.ruth@outlook.com,Bushenyi,18-03-2025,Female
CUST102207,Kambale Ssemakula,+256715910229,,Fort Portal,2025-04-06,Female
CUST102208,Atim Kambale,712819381,atim.kambale@yahoo.com,Hoima,2021-07-02,Female
CUST102209,Nakiganda Mubiru,079-722-8204,nakiganda.mubiru@gmail.com,Mukkono,03/09/2024,Female
CUST102210,Grace Nabirye,0778722973,grace.nabirye@srg.co.ug,Mbale,04/08/2021,
CUST102211,SSENTONGO NANKYA,0781986648,ssentongo.nankya@yahoo.com,Wakiso,2022-02-19,Female 
CUST102212,Namutebi,+256717850416,namutebi@srg.co.ug,Kampala,2022-08-24,Female 
CUST102213,Kamoga Wanyama,,kamoga.wanyama@outlook.com,Masaka,2025-09-04,Male
CUST102214,Atim Tumusiime,256777206121,atimtumusiime@yahoo.com,Mpigi,2021-02-11,Female
CUST102215,Kyomuhendo Naomi,077-520-2347,kyomuhendo.naomi@hotmail.com,Wakiso,20/04/2025,F
CUST102216,Atim Ouma,+256 77 627 3508,atim.ouma@yahoo.com,Kampala,15/12/2024,Female
CUST102217,Rebecca Nabbanja,+256756795133,rebecca.nabbanjahotmail.com,Arua,13/04/2025,Male
CUST102218,Jane Olweny,+256 78 991 8275,janeolweny1@gmail.com,Mukono,31/03/2025,M
CUST102219,Lubega Kibirige,079-643-7703,lubega.kibirige@outlook.com,Kitgum,2023-09-23,M
CUST102220,Agnes Tendo,+256754177368,agnes.tendo@outlook.com,Mpigi,2025-05-09,M
CUST102221,Ruth,0717755885,ruth@yahoo.com,Kabale,2024-05-15,F
CUST102222,Esther Nabirye,+256 79 204 7178,esther.nabirye@outlook.com,Kampala,2023-04-04,
CUST102223,Sheila Ahabwe,256731661737,sheila.ahabwe@mail.com,Mukono,2021-06-02,Female 
CUST102224,Mubiru Ssemakula,078-689-9591,mubiru.ssemakula@yahoo.com,Mbarara,2024-06-08,
CUST102225,Ssemakula Kyomuhendo,0797280759,ssemakula.kyomuhendo@outlook.com,Kampala,26/08/2024,Male
CUST102226,Atim Alexander,0758680352,,Kampala,01-01-2024,F
CUST102227,Timothy Nabirye,+256702473219,timothy.nabirye@srg.co.ug,Iganga,2022-05-16,F
CUST102228,Mugisha Ouma,,mugisha.ouma@hotmail.com,Lira,25/04/2025,Male
CUST102229,Ssempebwa Mugisha,256755058589,ssempebwa.mugisha@hotmail.com,Lira,01/08/2021,Male
CUST102230,Ssempebwa Kizza,+256 78 621 1015,ssempebwakizza@mail.com,Jinja,2024-05-07,
CUST102231,Olweny Achieng,256797231896,olweny.achieng@yahoo.com,Kampala,2021-08-09,Male 
CUST102232,Joseph Katusiime,0740881462,josephkatusiime@yahoo.com,Kampala,14/12/2023,Male
CUST102233,Nabirye Kizza,+256742101395,nabirye.kizza@gmail.com,Mbale,2024-01-26,Female
CUST102234,Nabbanja Ninsiima,0795443311,nabbanjaninsiima@gmail.com,Arua City,07/09/2025,Female
CUST102235,Timothy Katusiime,256789308965,timothy.katusiime@srg.co.ug,Mbarara,2024-06-11,Female
CUST102236,Kambale Butime,0749915400,kambale.butime@outlook.com,Jinja City,28/12/2024,Female
CUST102237,Guma Kamoga,0749602932,guma.kamoga@gmail.com,Gulu,25/03/2022,Male 
CUST102238,Ruth Kamoga,+256729055072,ruth.kamoga@outlook.com,jinji,,Female
CUST102239,Achieng Samuel,+256 71 530 0936,achieng.samuel@mail.com,Kampala,2024-06-22,
CUST102240,juliet nsereko,782199151,juliet.nsereko@hotmail.com,Kla,28-06-2021,F
CUST102241,Nabirye Byaruhanga,256786184824,nabiryebyaruhanga@gmail.com,Mukono,2021-01-12,Female
CUST102242,Ssemakula Olweny,,ssemakulaolweny16@hotmail.com,Wakiso,2021-02-10,M
CUST102243,Irene Katgsiime,256758064056,,Bundibugyo,19/04/2021,Female 
CUST102244,achieng catherine,0779044401,achieng.catherine@mail.com,Kabarole,2022-05-11,M
CUST102245,Okello Mary,256700351152,okellomary97@gmail.com,Soroti,2024-02-19,Male
CUST102246,Byaruhanga Ssempebwa,256706457218,byaruhanga.ssempebwa@outlook.com,Mbale,04-09-2023,Male
CUST102247,Naomi Nakayiza,,naomi.nakayiza@outlook.com,Kampala,09/05/2025,Female
CUST102248,Byaruhanga iuma,,byaruhanga.guma@outlook.com,Mbaraa,2022-04-23,Male
CUST102249,Ssebugwawo Wasswa,711029642,ssebugwawo.wasswa@gmail.com,Mpigi,2022-09-04,M
CUST102250,Namubiru Ninsiima,+256741567809,namubiru.ninsiima@outlook.com,Kabale,2025-04-11,Female
CUST102251,Mercy Nakiganda,,mercynakiganda89@outlook.com,kla,2022-05-08,Female
CUST102252,Daniel Ssempebwa,+256785043866,,Kampala,25-08-2025,Male
CUST102253,Ssemakula Namubiru,757385397,ssemakula.namubiru@outlook.com,Mukono,10-01-2022,Male
CUST102254,Samuel Okello,075-272-8896,samuel.okello@srg.co.ug,Mbale,2025-07-29,Male
CUST102255,Joan Olweny,+256714338480,joan.olweny@srg.co.ug,Kalangala,05/06/2022,Female
CUST102256,Isaac Kafeero,794225718,,Mukono,2021-01-26,Female
CUST102257,Wasswa Harriet,+256703992150,wasswa.harriet@mail.com,Kampala,2024-06-10,Female
CUST102258,Ssemakula Olweny,0735366505,ssemakula.olweny@srg.co.ug,Kampala,2021-02-06,Male
CUST102259,Beatrice Ssebugwawo,+256 70 835 6144,beatricessebugwawo18@gmail.com,Mukono,22/10/2023,Female
CUST102260,Nsereko Nankya,+256778727087,nsereko.nankya@yahoo.com,Soroti,27/02/2023,Female
CUST102261,ssereko Ssekandi,778964865,nsereko.ssekandi@srg.co.ug,Sembabule,11-05-2022,
CUST102262,Godfrey Nankya,+256 73 432 9880,godfreynankya39@gmail.com,Mbarara,20/08/2021,Female
CUST102263,Tendo Francis,784165542,tendofrancis85@gmail,Kampala,19/01/2025,F
CUST102264,Francis Ssentongo,256753830773,francisssentongo4@srg.co.ug,Lyantonde,2021-03-04,Female
CUST102265,Sarah Kyebambe,0772585236,sarah.kyebambe@gmail.com,Mbarara,2023-06-19,Male
CUST102266,Beatrice Ssempebwa,772755825,beatrice.ssempebwa@yahoo.com,Wakiso,2021-11-12,Female
CUST102267,Daniel Namubiru,780973198,daniel.namubiru@srg.co.ug,Mbale,16/03/2021,Male
CUST102268,Ssimbwa Ouma,+256 75 609 3404,ssimbwa.ouma@gmail.com,Kumi,28/02/2023,Male
CUST102269,Sarah Ahabwe,0711294518,sarah.ahabwegmail.com,Mbale,09/10/2022,
CUST102270,Mercy Ninsiima,,mercy.ninsiima@srg.co.ug,Isingiro,2024-08-19,Female
CUST102271,Kafeero Michael,+256 78 532 1555,kafeeromichael@hotmail.com,Lira,05-11-2023,
CUST102272,Ninsiima Nabirye,719389860,ninsiima.nabirye@srg.co.ug,Mbarara,2021-09-12,
CUST102273,Kibirige Atukunda,0788986679,kibirigeatukunda@mail.com,Wakiso,07/02/2025,Male
CUST102274,Kato Nakato,0711724917,kato.nakato@hotmail.com,Wakiso District,02/08/2022,Male
CUST102275,Ouma Harriet,+256797641649,oumaharriet@srg,Soroti,2025-07-26,
CUST102276,Ahabwe Nakiganda,256771571330,ahabwenakiganda92@mail.com,Kampala City,2022-12-14,Female
CUST102277,Ouma Butime,+256 72 502 8839,ouma.butime@srg.co.ug,Wakiso,2025-01-08,Male
CUST102278,Kyomuhendo Achieng,+256718701092,kyomuhendoachieng88@gmail.com,Homa,06/04/2022,
CUST102279,Lutega Michael,0792122930,lubega.michael@srg.co.ug,Bundibugyo,2021-06-21,M
CUST102280,Nalubega Olweny,+256723698883,nalubega.olweny@outlook.com,Wakiso,2025-07-20,Female
CUST102281,Jane,256748585122,jane@yahoo.com,Jinja,11/05/2024,M
CUST102282,Stephen Kafeero,0706395626,,Kampala,2022-04-07,F
CUST102283,Sheila Tumusiime,0797328952,sheilatumusiime52@yahoo.com,Kampala,,Female
CUST102284,Ssentongo Butime,,ssentongo.butime@mail.com,Mbarara,2023-01-26,
CUST102285,Nabbanja Lubega,+256799580810,nabbanja.lubega@hotmail.com,Kampala,05-02-2021,Female
CUST102286,Nabirye Guma,727707566,nabirye.guma@mail.com,Isingiro,,Female
CUST102287,Mary Nsereko,+256773528199,mary.nsereko@yahoo.com,Gulu,2024-07-10,Male
CUST102288,Namubiru Katusiime,0700022095,namubiru.katusiime@outlook,Mukono,2023-04-20,Female
CUST102289,Robert Ssekandi,+256705988702,robert.ssekandi@outlook.com,Kasese,30-09-2022,Male
CUST102290,Ssentongo Nabirye,074-889-0527,ssentongo.nabirye@gmail.com,Wakiso,29-08-2023,Male
CUST102291,Godfrey Achieng,0733218273,godfreyachieng77@outlook.com,Wakiso,2025-05-12,F
CUST102292,Rebecca Ssempebwa,256737393728,rebeccassempebwa6@mail.com,Wakiso,13/05/2021,
CUST102293,Collins,+256714666727,collins@outlook.com,FortPortal,2025-05-16,F
CUST102294,Sheila Nankya,256757718766,sheila.nankya@srg.co.ug,Mbarara,,Female 
CUST102295,Samuel Guma,+256709858794,samuel.guma@outlook.com,Kampala,06/09/2021,Male
CUST102296,Okello Atukunda,0743388180,,Lira,2021-01-07,Male
CUST102297,Agnes Achieng,0734278901,agnesachieng@mail.com,Mbarara,24/11/2024,Male
CUST102298,Timothy Byaruhanga,256720307376,timothy.byaruhanga@srg.co.ug,Wakiso,2021-10-02,Female
CUST102299,David Kyebambe,0723292700,david.kyebambe@gmail.com,Mukono,15-08-2025,
CUST102300,Byaruhanga Munezero,+256785314429,byaruhangamunezero@gmail.com,Mbarara,2024-03-21,Female
CUST102301,Sarah Kizza,774165746,sarah.kizza@gmail.com,Wakiso,13/04/2022,Male
CUST102302,Timothy Okello,077-699-2810,,Kla,2021-08-04,Female
CUST102303,Nabirye Nakato,0737653294,nabirye.nakato@yahoo.com,FortPortal,2022-11-11,Female
CUST102304,Robert,+256788913504,robert@mail.com,Isingiro,11/06/2025,Male 
CUST102305,Achieng Kambale,+256757148609,achieng.kambale@mail.com,kitgum,2022-01-19,Female
CUST102306,Isaac Kizza,256793132810,isaac.kizza@gmail.com,Kampala Region,06/11/2021,Female
CUST102307,Grace Nabbanja,+256 75 576 0959,gracenabbanja62@gmail.com,Kampala,25/06/2025,Male
CUST102308,Peter Olweny,0781389390,peter.olweny@yahoo.com,Arua,2022-02-22,Male 
CUST102309,Ssentongo Ssempebwa,0792403320,ssentongo.ssempebwa@srg.co.ug,Wakiso,2022-12-04,Male
CUST102310,Nakayiza Mugisha,+256 79 529 8254,nakayiza.mugisha@srg.co.ug,Mbarara,2023-09-09,
CUST102311,Daniel Katusiime,074-504-6211,daniel.katusiime@yahoo.com,Wakiso,08/04/2022,
CUST102312,Catherine Mukasa,073-310-4174,catherine.mukasa@mail.com,Kampala,22/02/2022,M
CUST102313,Grace Nabirye,0742893631,grace.nabirye@gmail.com,wakiso,2021-08-25,Male
CUST102314,Ssekandi Tumusiime,256771807372,ssekandi.tumusiime@mail.com,Mukono,2023-06-15,
CUST102315,Ssempebwa Butime,740695414,ssempebwa.butime@mail.com,kla,2023-07-10,M
CUST102316,Joan Nsereko,+256708777064,,Iganga,2021-11-09,Female
CUST102317,Collins Nabbanja,,,Lira,2021-10-14,F
CUST102318,Kizza Guma,0741605261,kizza.gumayahoo.com,Kayunga,01-07-2024,Male
CUST102319,Nabbanja Kyebambe,+256719493632,nabbanjakyebambe10@hotmail.com,Lyantonde,09/09/2024,Female
CUST102320,Ronald Byaruhanga,+256735167350,ronaldbyaruhanga12@hotmail.com,Wakiso,21-03-2022,Male
CUST102321,Lubega Nakato,+256 75 217 9100,lubeganakato37@gmail.com,Entebbe,2023-05-29,Male
CUST102322,Guma Nakayiza,+256795460532,guma.nakayiza@yahoo.com,Kampala,2022-04-15,Female
CUST102323,Ninsiima Ssimbwa,0717371027,ninsiima.ssimbwa@mail.com,Lyantonde,17/09/2025,Male
CUST102324,Peter Nabbanja,0794902765,peter.nabbanja@srg.co.ug,Kampala,11/12/2024,Male
CUST102325,Ninsiima Ssempebwa,0738757901,ninsiima.ssempebwa@mail.com,Jinja,2024-08-19,F
CUST102326,Sheila Guma,+256 73 946 5683,,Jinja,2023-08-30,Female
CUST102327,Nabirye Butime,748996538,nabirye.butime@gmail.com,Mbale,2021-01-10,Female
CUST102328,Phoebe Okello,+256742133963,phoebeokello@yahoo.com,bushenyi,2025-06-18,Female 
CUST102329,David Ssebugwawo,0792095312,david.ssebugwawo@yahoo,Mbarara,2021-03-12,Male
CUST102330,Kafeero Ouma,745808029,kafeero.ouma@srg.co.ug,Lira,20/02/2025,
CUST102331,Esther Ssebugwawo,+256711977222,esther.ssebugwawo@srg.co.ug,Kampala,16-09-2025,Male 
CUST102332,Okello Nakayiza,732741228,okellonakayiza@mail.com,Mbale City,05/03/2022,
CUST102333,Namutebi Ssentongo,786832861,namutebissentongo12@yahoo.com,Sembabule,2021-12-18,F
CUST102334,Collins,256735097705,collins@outlook.com,Kampala,08/05/2024,Female
CUST102335,Mercy Ssebugwawo,+256 73 754 9775,,Gulu,24/01/2022,Female
CUST102336,Nsereko Wanyama,+256719177971,nsereko.wanyama@outlook.com,Unknown,2024-09-29,Female
CUST102337,Patrick Byaruhanga,+256 77 972 8350,patrick.byaruhanga@outlook.com,Mukono,,Female
CUST102338,Phoebe Nabbanja,771639790,phoebe.nabbanjayahoo.com,mbarara,2024-08-09,Female 
CUST102339,Wanyama Okello,256789476378,wanyama.okello@hotmail,Soroti,16-09-2022,Female
CUST102340,Samuel,790110392,samuel57@gmail.com,Kabarole,12/02/2025,Male
CUST102341,Ssimbwa,256722306886,ssimbwa@hotmail.com,Jinja,2025-04-05, 
CUST102342,Nakayiza Wanyama,+256715688913,nakayizawanyama@srg.co.ug,Masaka,2022-06-10,Female
CUST102343,Florence Tendo,0797696302,florence.tendo@hotmail.com,Kalangala,08/02/2024,
CUST102344,Phoebe Ninsiima,+256 74 928 7982,phoebe.ninsiima@hotmail.com,Jinja,05/07/2021,Female
CUST102345,Olweny Ouma,+256772405782,olweny.ouma@hotmail.com,Kasese,2023-03-08,
CUST102346,Ssemakula Ahabwe,256795475910,ssemakula.ahabwe@yahoo.com,Kampala,2021-06-20,Male
CUST102347,  Rebecca Nabbanja ,256756795133,rebecca.nabbanjahotmail.com,Arua,13/04/2025,Male
CUST102348,Ssempebwa Nsereko,,ssempebwa.nserekohotmail.com,Masaka,04/02/2023,Male
CUST102349,David Kyebambe,256723292700,david.kyebambe@gmail.com,Mukono,15-08-2025,
CUST102350,Patrick Kamoga,256718640859,patrick.kamoga@outlook.com,Kiruhura,28/01/2021,Female
CUST102351,Ruth Nakato,256717733675,ruth.nakato@outlook.com,Wakiso,2021-06-20,Female
CUST102352,COLLINS NAMUBIRU,0701308848,collins.namubiru@hotmail.com,Mbarara,08-02-2023,Female
CUST102353,Samuel Atukunda,752204041,samuel.atukunda@srg.co.ug,Bundibugyo,28/12/2022,
CUST102354,Mercy Tendo,,mercy.tendo@gmail.com,fort portal,30/04/2021,
CUST102355,Mercy Okello,+256753714497, mercyokello@yahoo.com ,Gulu City,01/01/2021,F
CUST102356,Katusiime Atukunda,787591569,katusiimeatukunda67@mail.com,Wakiso,28-05-2025,Female
CUST102357,Kizza Nakiganda,070-444-5603,kizza.nakiganda@gmail.com,Kampala,2025-05-07,
CUST102358,Byaruhanga Nsereko,256755306924,byaruhanga.nsereko@outlook,Kampala,30-06-2021,Male
CUST102359,Mugisha Mubiru,,mugisha.mubiru@srg.co.ug,Kampala,2022-03-22,Male
CUST102360,Namubiru Butime,256744883265,namubiru.butime@yahoo.com,Kampala,2024-06-29,Female
CUST102361,Kamoga Munezero,0714806759,kamoga.munezero@gmail.com,Mbale,29-06-2024,Male
CUST102362,Jane Byaruhanga,0719069862,janebyaruhanga@outlook.com,isingiro,2022-04-04,Male
CUST102363,Ssemakula Munezero,+256717589422,ssemakula.munezero@mail.com,Wakiso District,31-03-2023,M
CUST102364,Ruth Nsereko,0779994559,ruth.nsereko@yahoo.com,Hoima,2023-12-15,F
CUST102365,Kizza Namutebi,+256790555366,kizza.namutebi@srg,Mukono,2023-06-20,Female
CUST102366,Phoebe Atim,759416222,phoebeatim@outlook.com,Iganga,28/09/2021,Female
CUST102367,Peter Okello,+256 71 061 8868,peter.okello@mail.com,Mbale,2022-11-06,
CUST102368,Katusiime Kamoga,+256 73 227 6012,,Kasese,18/08/2024,Female
CUST102369,Namutebi Mugisha,256718163125,namutebi.mugisha@outlook.com,Kampala City,2024-07-04,F
CUST102370,Michael Kyomuhendo,256752453011,michael.kyomuhendo@yahoo.com,Mbarara,05-01-2022,Male
CUST102371,Munezero Katusiime,0725367900,munezero.katusiime@srg.co.ug,Wakiso,02-04-2024,Female
CUST102372,Guma Butime,+256744080459,guma.butimeyahoo.com,Jinja,04-10-2025,M
CUST102373,Kyomuhendo Daniel,784549599,,Wakiso,2021-03-24,Male 
CUST102374,Patrick Ssemakula,+256722793283,,Kampala,2023-05-21,F
CUST102375,Kizza Kizza,+256750049550,kizzakizza6@yahoo.com,Nebbi,06/08/2025,Male
CUST102376,Godfrey Kamoga,+256774178276,godfrey.kamoga@gmail.com,Wakiso,12-06-2021,Female
CUST102377,John Nabbanja,,john.nabbanja@outlook.com,Gulu City,2024-10-29,Male
CUST102378,Ronald Ssekandi,256715528405,ronald.ssekandi@outlook.com,Mukono,01-10-2023,
CUST102379,Juliet Ninsiima,+256719363730,julietninsiima@outlook.com,Jinja,2023-12-14,Female
CUST102380,Nsereko Ssekandi,+256755056816,nsereko.ssekandi@outlook.com,Jinja City,09-08-2021,Male
CUST102381,Daniel Kafeero,+256 74 879 1757,daniel.kafeero@hotmail.com,Mityana,09/08/2022,
CUST102382,Nakiganda,731280363,nakiganda@mail.com,kampala,2021-05-02,F
CUST102383,Peter Achieng,+256730621208,peter.achieng@outlook.com,Mbale,2024-10-16,
CUST102384,Nakiganda Kibirige,256738432695,nakigandakibirige@yahoo.com,Arua,20/10/2023,
CUST102385,Sheila,+256784193995,sheila@srg.co.ug,Fort Portal,03-05-2022,Female
CUST102386,Michael Kyomuhendo,,michael.kyomuhendo@hotmail.com,Wakiso,2024-08-13,
CUST102387,Nsereko Kambale,,nsereko.kambale@mail.com,Mukono,2022-05-16,Male
CUST102388,Agnes Ssempebwa,0701132056,agnes.ssempebwa@mail.com,Kiruhura,2023-02-21,Male
CUST102389,Ssempebwa Ninsiima,+256708494082,ssempebwa.ninsiima@outlook.com,Mukko,14/01/2023,Female
CUST102390,Munezero Nsereko,+256 73 967 4203,munezero.nsereko@outlook.com,Wakiso,07-03-2023,
CUST102391,Mary Ouma,781131619,maryouma77@mail.com,gulu,2023-03-16,Male
CUST102392,Nsereko Wanyama,,nserekowanyama34@yahoo.com,Kampala,2021-10-31,Male
CUST102393,Nabirye Katusiime,+256777967794,nabirye.katusiime@yahoo.com,Mbale,23/04/2021,Female
CUST102394,Nakiganda Mugisha,706361478,nakiganda.mugisha@yahoo.com,Iganga,21/04/2025,Female
CUST102395,Nakayiza Kyomuhendo,+256 73 158 3559,nakayiza.kyomuhendo@yahoo.com,Entebbe,2024-05-28,Female
CUST102396,Munezero Daniel,256709666130,,Mbarara,28/01/2023,Male
CUST102397,Kizza Ahabwe,741754728,kizzaahabwe@outlook.com,Kabarole,09-03-2023,Male
CUST102398,Joseph Kafeero,,josephkafeero5@outlook.com,Kampala,2021-09-21,M
CUST102399,Nalubega Ahabwe,,nalubega.ahabwe@hotmail.com,Soroti,2023-06-21,Female 
CUST102400,Timothy Munezero,+256 71 066 2606, timothy.munezero@srg.co.ug ,Kampala,2021-12-17,F
CUST102401,Nabirye Wanyama,730557767,nabirye.wanyama@outlook.com,Mbarara,22/07/2023,Female 
CUST102402,Catherine Nabirye,,catherine.nabirye@hotmail.com,Kampala,2021-03-25,M
CUST102403,Florence Butime,0724826535,florence.butime@hotmail.com,Lyantonde,2025-10-08,Male
CUST102404,Nakiganda Ninsiima,792470313,nakigandaninsiima23@outlook.com,bushenyi,2022-08-31,F
CUST102405,Nsereko Peter,777316424,nsereko.peter@gmail.com,Kalangala,2021-03-22,Male
CUST102406,Phoebe,0744308589,phoebe@hotmail,Mukono,2022-09-29,Female
CUST102407,buma Nakiganda,+256738960466,ouma.nakiganda@gmail.com,Mukko,2021-06-21,Male
CUST102408,Nakato Kamoga,,nakato.kamoga@yahoo.com,Arua City,2025-07-29,Male
CUST102409,Kyomuhendo Ouma,256781412084,kyomuhendo.ouma@hotmail.com,Mbale,2023-05-21,Female
CUST102410,Kibirige Byaruhanga,0720580652,kibirigebyaruhanga36@mail.com,Kampala,2024-12-09,Male
CUST102411,Ruth Tendo,+256734827904,ruthtendo@mail.com,Mukono,2023-05-30,Female 
CUST102412,Olweny Olweny,0757567390,olweny.olweny@mail,Kampala,16/10/2024,Male
CUST102413,Joseph Kafaero,256710688119,joseph.kafeero@mail.com,Fort Portal,2023-12-30,Male
CUST102414,Florence Ouma,+256 74 742 4109,florence.ouma@srg.co.ug,Wakiso,2023-04-11,Male
CUST102415,Nakiganda Juliet,+256 71 075 8462,nakiganda.juliet@gmail.com,Soroti District,24/06/2021,F
CUST102416,Mubiru Ssimbwa,+256722404334,mubirussimbwa31@gmail.com,gulu,2025-04-03,Male
CUST102417,Kamoga David,,kamoga.david@yahoo.com,Tororo,2022-10-08,Male
CUST102418,Grace Ouma,,grace.oumaoutlook.com,Kampala,2024-05-17,Male
CUST102419,Nakayiza Ssimbwa,,nakayiza.ssimbwa@mail.com,Soroti,,Female
CUST102420,Peter Lubega,0755161052,peter.lubega@mail.com,Enteba,17/07/2021,Male
CUST102421,Nakayiza Ssimbwa,742159959,nakayizassimbwa20@yahoo.com,Kampala,2023-03-04,Female
CUST102422,Alexander Atukunda,,alexander.atukunda@gmail.com,Masaka,14-03-2021,Female
CUST102423,Kamoga Lubega,0758404439,kamogalubega30@gmail.com,Mbarara,2022-01-21,Male
CUST102424,Butime John,0746192928,butime.john@srg.co.ug,Mukono,2024-02-16,
CUST102425,N. Kizza,0712046534, namubiru.kizza@gmail.com ,Jinja,2023-01-05,Female
CUST102426,Kizza Munezero,+256 70 563 1813,,Kampala (Central),2024-07-19,M
CUST102427,Lubega Nakiganda,+256 79 609 4583,lubega.nakiganda@outlook.com,Kampala,2025-02-18,Male
CUST102428,Phoebe Tendo,256747849694,phoebe.tendo@srg.co.ug,Bushenyi District,01-04-2021,Female
CUST102429,Nabbanja Kyebambe,0750804312,nabbanja.kyebambe@mail.com,Masaka,2024-05-02,Female 
CUST102430,Collins Ssentongo,0776100666,collins.ssentongo@yahoo,Wakisio,25/11/2023,F
CUST102431,Nabbanja Mukasa,+256 79 260 1975,nabbanja.mukasa@hotmail,Nakasongola,13-08-2024,
CUST102432,Wasswa Nabirye,073-468-0425,wasswa.nabirye@srg.co.ug,Mbaraa,2023-11-09,Male
CUST102433,Ninsiima Atim,775444625,ninsiimaatim@gmail.com,Arua City,16/09/2021,F
CUST102434,Nakiganda Kamoga,0700895131,nakiganda.kamoga@gmail,Jinja,11-10-2025,
CUST102435,John Okello,0771395031,john.okello@yahoo.com,Jinja,18/09/2024,Male
CUST102436,Wanyama Mubiru,+256740755298,wanyamamubiru@hotmail.com,bushenyi,28-10-2023,Female
CUST102437,Ssekandi Nankya,074-189-2051,ssekandi.nankya@outlook.com,jinji,23/02/2022,Male
CUST102438,Kato Byaruhanga,+256718950030,kato.byaruhanga@hotmail.com,Lyantonde,20/09/2023,Male
CUST102439,Butime Nakato,256771440677,butimenakato24@outlook.com,Gulu,,
CUST102440,Sarah,+256732678105,sarah@gmail.com,Wakiso,09/08/2022,Male
CUST102441,Harriet Kyomuhendo,718916863,harriet.kyomuhendo@hotmail.com,Gulu City,2022-10-07,Female
CUST102442,Rebecca Katusiime,078-189-1252,rebecca.katusiime@outlook.com,Jinja,2025-03-31,Male
CUST102443,Ssemakula Ssebugwawo,+256773787287,ssemakula.ssebugwawo@outlook.com,Kampala,2022-07-27,Male
CUST102444,Tendo Nakiganda,0701240386,tendo.nakiganda@yahoo.com,Mbale,06/06/2023,Female
CUST102445,Nabirye Guma,+256 72 770 7566,nabirye.guma@mail.com,Isingiro,,Female
CUST102446,Butime Jane,0749877769,butime.jane@outlook.com,Nebbi,24/04/2025,Male 
CUST102447,Ssempebwa Timothy,,ssempebwatimothy43@srg.co.ug,Mbarara,,
CUST102448,Samuel Olweny,074-645-0793,,Mukkono,2023-02-02,
CUST102449,Guma,,guma@hotmail.com,Wakiso,2021-10-14,M
CUST102450,Sarah Tumusiime,741442345,sarahtumusiime51@hotmail.com,Wakiso,2022-04-24,M
CUST102451,Ouma Kamoga,+256 77 784 9734,ouma.kamoga@outlook.com,Arua City,18-07-2025,M
CUST102452,Kato Nakato,074-051-6809,katonakato55@mail.com,Kampala1,2022-08-01,M
CUST102453,Wanyama Ssekandi,0726023509,wanyama.ssekandi@gmail.com,Kampala,2023-11-27,
CUST102454,Tendo Rebecca,+256712007815,tendo.rebecca@outlook.com,Kampala,2022-10-12,Male
CUST102455,Ssemakula Kyebambe,256746859975,ssemakula.kyebambe@yahoo.com,Mityana,2022-05-18,M
CUST102456,Olweny Katusiime,+256710295687,olwenykatusiime96@mail.com,mbarara,2024-12-18,
CUST102457,Naljbega Mukasa,256717550241,nalubega.mukasa@gmail.com,Gulu,2022-02-22,Female
CUST102458,Sarah,077-177-0142,sarah@yahoo.com,Wakiso,2022-11-24,
CUST102459,Ssekandi Nalubega,743806690,ssekandi.nalubega@gmail.com,Wakiso,22-11-2021,Female
CUST102460,Emmanuel Nakiganda,256746958382,emmanuel.nakiganda@outlook.com,Kumi,22-05-2024,Female
CUST102461,Mubiru Ssemakula,+256 77 202 6746,mubiru.ssemakula@gmail.com,Arua City,2024-10-14,Male
CUST102462,Munezero,+256796808831,munezero@hotmail.com,Wakiso,2023-12-26,F
CUST102463,Andrew Kamoga,079-352-7807,andrew.kamoga@hotmail.com,Entebbe,,Female
CUST102464,Beatrice Nsereko,+256750046097,,Kampala,2023-01-21,F
CUST102465,Esther Mukasa,077-737-4771,esthermukasa90@mail.com,Arua,2024-08-04,
CUST102466,Munezero Catherine,0708315531,munezero.catherine@mail.com,Kalangala,2022-02-09,Male
CUST102467,Okello Nabirye,711195631,,Gulu,07/04/2025,Male
CUST102468,Okello Kizza,073-279-1323,okello.kizza@mail.com,Jinja City,23-03-2023,Male 
CUST102469,Joan Ssimbwa,074-017-6882,joan.ssimbwa@hotmail.com,Lira District,2024-02-15,Female 
CUST102470,Lubega Nankya,+256724467393,lubega.nankya@mail.com,Jinja,2023-09-08,F
CUST102471,Lubega Nakiganda,+256743709535,,Kabarole,2022-01-27,M
CUST102472,Mubiru Michael,+256 73 398 1787,mubiru.michael@mail.com,Kampala,,
CUST102473,Phoebe Kamoga,+256 70 218 8291, phoebe.kamoga@outlook.com ,masindi,2025-07-07,Female
CUST102474,Godfrey Munezero,+256735607620,godfrey.munezero@gmail.com,Kiboga,2022-08-07,F
CUST102475,Florence Kambale,256711191223,florence.kambale@hotmail.com,Soroti,2023-12-09,Male
CUST102476,Sarah Okello,073-355-3430,sarah.okello@mail.com,kampala district,2023-12-01,M
CUST102477,Peter Kibirige,0756188313,peterkibirige@hotmail.com,lyantonde,03/08/2021,
CUST102478,Atim Ssemakula,0717583578,atim.ssemakula@yahoo.com,Kampala,2022-12-03,Female
CUST102479,Katusiime Byaruhanga,0750774831,katusiime.byaruhanga@mail,Kampala,24/04/2021,Male
CUST102480,Grace Mukasa,+256 71 750 8008,grace.mukasa@outlook.com,Bundibugyo,2023-07-29,Male
CUST102481,Nabbanja Kyomuhendo,0719771492,nabbanja.kyomuhendo@hotmail.com,Jinja,2022-11-12,Female
CUST102482,Naomi Mukasa,757241622,naomi.mukasa@gmail.com,Wakiso,2022-07-11,Female
CUST102483,Wasswa Ninsiima,+256 78 755 6613,wasswa.ninsiimaoutlook.com,kasese,2021-06-09,Male
CUST102484,Byaruhanga Atim,+256774976839,byaruhanga.atim@srg.co.ug,Wakiso,2021-12-11,Male
CUST102485,Michael Katusiime,0745714217, michael.katusiime@srg.co.ug ,Rakai,2025-07-13,
CUST102486,Naomi Ssimbwa,256730745859,naomi.ssimbwa@gmail.com,mukono,22/10/2024,Female
CUST102487,Collins Mugisha,0782788848,collins.mugisha@yahoo.com,Wakiso,19/02/2022,Female
CUST102488,Juliet Ninsiima,0779979788,juliet.ninsiima@mail.com,Kiboga,2025-04-11,Female
CUST102489,Ninsiima Mukasa,+256 78 580 2031,ninsiima.mukasa@mail.com,Jinja Town,2022-11-29,Female
CUST102490,John Nakiganda,+256750132716,john.nakiganda@gmail.com,Tororo,2022-12-12,Male
CUST102491,ANDREW MUBIRU,+256759406028,andrewmubiru16@srg.co.ug,Jinja,2023-01-08,Female
CUST102492,Brian,755670309,briangmail.com,Wakiso,04/12/2024,M
CUST102493,  Ssempebwa Olweny ,0757535979,ssempebwa.olweny@mail.com,Rakai,30/03/2024,Male
CUST102494,Mary Katusiime,+256783065698,mary.katusiime@srg.co.ug,Jinja,,Male
CUST102495,Katusiime Ssebugwawo,783285584,katusiime.ssebugwawo@srg.co.ug,hoima,28/08/2022,F
CUST102496,Emmanuel Nankya,770578972,emmanuel.nankya@gmail.com,Jinja,2023-11-13,Female
CUST102497,Grace Butime,+256 77 659 5370,grace.butime@hotmail.com,Arua,2023-05-31,Male
CUST102498,Kizza Namubiru,745794740,kizza.namubiru@yahoo.com,Gulu,2021-10-15,
CUST102499,Guma Atim,0770717514,guma.atim@yahoo.com,Kampala,2022-12-15,
CUST102500,Wanyama Ahabwe,256772120970,wanyama.ahabwe@gmail.com,Arua City,13/10/2023,Female
CUST102501,Stephen Ssemakula,+256 77 879 2033,stephen.ssemakula@yahoo.com,Kampala,2021-06-27,Female
CUST102502,Irene Wanyama,0742434402,irenewanyama18@hotmail.com,Gulu,2025-04-16,F
CUST102503,PatrickuNamubiru,772187379,patricknamubiru@yahoo.com,Jinja,2025-02-11,
CUST102504,Nakiganda,+256748488483,nakigandasrg.co.ug,Mbale,,F
CUST102505,Ssemakula Achieng,256758526322,ssemakulaachieng71@gmail,Kampala,04/04/2021,M
CUST102506,Atim Nabirye,0719744212,atim.nabirye@srg.co.ug,Mukono,2023-04-02,F
CUST102507,Mubiru Olweny,+256737827947,mubiru.olweny@srg.co.ug,Jinja,15/04/2022,M
CUST102508,Mary Atukunda,+256724689599,mary.atukundahotmail.com,Soroti,04-08-2023,M
CUST102509,David Olweny,0784410871,davidolweny@gmail.com,Soroti,2023-12-23,Male
CUST102510,Atim Ssentongo,070-686-4605,atim.ssentongo@hotmail.com,Jinja City,14/03/2025,F
CUST102511,Achieng Katusiime,742358763,achiengkatusiime29@outlook.com,Kampala,2021-07-15,F
CUST102512,Nabbanja Nsereko,+256 77 101 6226,nabbanja.nsereko@hotmail.com,Mukono,2022-08-18,Female
CUST102513,Nabirye Atukunda,256718481250,nabirye.atukunda@mail.com,Gulu,2024-03-18,Female
CUST102514,Munezero Tendo,+256 79 013 6415,munezero.tendo@mail.com,Jinja,2022-07-28,Female
CUST102515,munezero godfrey,+256705953084,munezero.godfrey@hotmail.com,Mukono,2024-08-01,Female
CUST102516,Olweny Munezero,0785573552,olweny.munezero@gmail.com,Kampala,2025-05-02,Male
CUST102517,Stephen Kambale,740523905,stephen.kambale@gmail.com,Kampala,2021-06-02,Female 
CUST102518,Butime Nakayiza,0712242272,butimenakayiza9@yahoo.com,Jinja,27-10-2023,Male
CUST102519,NAOMI,256787588096,naomioutlook.com,Kampala,2025-07-01,Female
CUST102520,Rebecca Okello,+256 75 940 1667,rebecca.okello@mail.com,Kabale,2023-02-06,Male
CUST102521,Peter Wanyama,0715979806,peter.wanyama@gmail.com,wakiso,15-01-2022,Male
CUST102522,Isaac Achieng,,isaac.achieng@hotmail.com,Wakiso,10/04/2024,Female
CUST102523,Irene Ssentongo,0784159534,irenessentongo@mail.com,Enteba,25-04-2023,F
CUST102524,Byaruhanga Munezero,256783532829,byaruhangamunezero74srg.co.ug,Bundibugyo,03/11/2023,Male
CUST102525,Namutebi Ssentobgo,0786832861,namutebissentongo12@yahoo.com,Sembabule,2021-12-18,F
CUST102526,Brian Nabbanja,070-478-7397,brian.nabbanja@srg.co.ug,Iganga,2024-05-22,Male
CUST102527,Brian Achiexg,+256 71 834 2350,brianachieng1@gmail.com,Lira,15/12/2024,Male
CUST102528,Ronald Nabirye,711814042,ronald.nabirye@gmail.com,Nakasongola,07/07/2022,M
CUST102529,Nakayiza Okello,+256 79 611 1631,nakayiza.okello@hotmail.com,Wakiso,2021-11-09,
CUST102530,John Okello,+256771395031,john.okello@yahoo.com,Jinja,18/09/2024,Male
CUST102531,Nabirye Atim,+256770230624, nabirye.atim@yahoo.com ,Nakasongola,2021-12-23,Female 
CUST102532,Ruth Ssemakula,,ruth.ssemakula@outlook.com,Mbarara,25/05/2022,Female
CUST102533,Naomi Kibirige,,naomi.kibirige@gmail.com,Mbarara,2021-02-28,F
CUST102534,PETER OKELLO,749771941,peter.okello@outlook.com,Kampala,19-01-2024,Male
CUST102535,Rebecca Kizza,729030322,rebecca.kizza@yahoo.com,Kampala,16-07-2022,Male
CUST102536,Ssentongo Ssimbwa,+256783562921,ssentongo.ssimbwa@srg.co.ug,Kasese,22/01/2024,Male
CUST102537,Agnes Nakayiza,+256703388398,agnes.nakayiza@srg.co.ug,Mukono,19/04/2021,Male
CUST102538,Joan Kyebambe,+256772101992,joan.kyebambe@gmail.com,Wakiso,2022-10-11,F
CUST102539,Collins Butime,+256 75 293 0501,collins.butime@srg.co.ug,entebbe,2023-04-05,Female
CUST102540,Achieng Collins,+256 79 445 6857, achieng.collins@mail.com ,Wakiso,29-09-2023,
CUST102541,Munezero Ssebugwawo,0780441203,munezero.ssebugwawo@hotmail.com,Soroti District,2023-02-19,Female
CUST102542,Munezero Namubiru,,munezero.namubiru@srg.co.ug,Kampala,2022-09-09,
CUST102543,Ssimbwa Agnes,0713895931,ssimbwa.agnes@hotmail.com,Kumi,04/07/2024,Male
CUST102544,Atukunda Atim,748919333,atukunda.atim@gmail.com,Wakiso,2023-11-10,Female
CUST102545,Nsereko Okello,, nserekookello@gmail.com ,Gulu,2021-03-11,Male
CUST102546,Andrew Mubiru,0710074253,,masaka,17-11-2022,
CUST102547,Ssekandi Ruth,256747849161,ssekandi.ruth@srg.co.ug,Mukono,11-08-2023,Female
CUST102548,Ouma Kato,0770471279,ouma.kato@gmail.com,Soroti,2024-05-14,Male
CUST102549,Agnes Atukunda,+256 73 431 3003,agnesatukunda25@outlook.com,Kalangala,2023-02-15,Male
CUST102550,Catherine,256783155739,catherineyahoo.com,Mukono,2022-02-08,Male
CUST102551,Harriet Ssekandi,0783314652,harrietssekandi43@hotmail.com,Hoima,2023-06-30,F
CUST102552,JOHN WASSWA,256748204060,john.wasswa@gmail.com,Kampala Region,2022-06-20,M
CUST102553,Munezero,0712262708,munezero@gmail.com,Mbale,2022-08-18,Female
CUST102554,Guma Ssebugwawo,+256700774469,guma.ssebugwawo@mail.com,GULLU,2024-03-24,Male
CUST102555,Alexander Kafeero,+256740378152,alexanderkafeero63@yahoo.com,Mbarara,2023-04-05,Female
CUST102556,Guma Namubiru,720226012,guma.namubiru@mail.com,Kampala,2024-05-07,Female
CUST102557,Namutebi Nsereko,0710371943,namutebi.nsereko@yahoo.com,bushenyi,2023-06-28,F
CUST102558,Lubega Ahabwe,256750843664,lubega.ahabwe@srg.co.ug,Kampala,18/02/2022,Male
CUST102559,Nalubega Mubiru,0756405183,nalubega.mubiru@mail.com,Mbarara Town,27/08/2022,Male
CUST102560,Atim Beatrice,070-795-4110,atim.beatrice@hotmail.com,Kumi,2023-11-21,F
CUST102561,Atim Nakayiza,+256750043448,,Lira,2021-03-09,Female
CUST102562,Sheila Kyomuhendo,,sheila.kyomuhendo@hotmail.com,NA,13-04-2025,Female
CUST102563,Mugisha Ssimbwa,+256782831099,mugisha.ssimbwa@yahoo.com,Kampala-City,2024-11-06,Male
CUST102564,Jane Ssempebwa,+256722306022,jane.ssempebwa@hotmail.com,Wakiso District,2024-04-05,Male
CUST102565,Kato Achieng,+256779023019,katoachieng74@yahoo.com,Fort Portal,12/05/2025,Male
CUST102566,Joseph Ninsiima,0736348374,joseph.ninsiima@outlook.com,Lira,09-08-2025,Male
CUST102567,Mugisha Mubiru,789074559,mugisha.mubiru@srg.co.ug,Kampala,2022-03-22,Male
CUST102568,Ruth Nakayiza,+256784846832,ruthnakayiza91@yahoo.com,Jinja,2025-01-19,Female
CUST102569,Ssempebwa Atim,787010653,ssempebwa.atim@srg.co.ug,Jinja District,2021-09-27,Male
CUST102570,  Ahabwe Katusiime ,+256771412280,ahabwe.katusiime@yahoo.com,Mbarara City,27/01/2025,
CUST102571,Joseph Wanyama,256741502739,joseph.wanyama@yahoo.com,Mityana,10-10-2023,Male
CUST102572,Tumusiime Butime,,tumusiime.butime@outlook.com,Jinja City,17/07/2022,
CUST102573,Nakiganda Mugisha,713720119,nakiganda.mugisha@hotmail.com,N/A,2021-07-13,Female
CUST102574,Ssimbwa Nakiganda,783808910,ssimbwa.nakiganda@srg.co.ug,Kalangala,2022-05-13,Male
CUST102575,Mubiru Joan,075-918-0153,,Lira District,10/08/2024,Female
CUST102576,Sheila Nakiganda,+256724034328,sheila.nakiganda@mail.com,Wakiso,12-07-2022,Female 
CUST102577,Kamoga Ssimbwa,+256793148034,kamoga.ssimbwa@srg.co.ug,Kampala,24/01/2025,M
CUST102578,Naomi Nakiganda,719879259,naominakiganda@hotmail.com,Kasese,2024-01-13,Female
CUST102579,Agnes Wanyama,+256729741407,agnes.wanyama@outlook.com,Wakiso,14/05/2021,M
CUST102580,Lubega Byaruhanga,+256791745073,lubega.byaruhanga@gmail.com,mbarara,2025-08-04,Male
CUST102581,Naomi,0732064112,naomi@gmail.com,Mbarara,2021-12-30,
CUST102582,Ouma Nankya,+256 79 050 9081,ouma.nankya@yahoo.com,Soroti,2025-01-21,Male
CUST102583,Ssentongo Atukunda,+256701692885,ssentongo.atukunda@srg.co.ug,Arua City,2022-03-26,
CUST102584,Byaruhanga Nakayiza,0794867191,byaruhanga.nakayiza@hotmail.com,Kampala,01-01-2024,Male
CUST102585,Byaruhanga Wasswa,+256790413013,byaruhangawasswa74@gmail.com,kampala,04/03/2025,Male
CUST102586,Ouma Nakiganda,+256738960466,ouma.nakiganda@gmail.com,Mukko,2021-06-21,Male
CUST102587,Nakiganda Atukunda,256734829117,nakigandaatukunda95@gmail.com,Rakai,,Female
CUST102588,Emmanuel Guma,256783091121,emmanuel.guma@yahoo.com,Kabale,2021-08-23,F
CUST102589,Wasswa Kyomuhendo,718758358,wasswa.kyomuhendo@srg.co.ug,Luweero,2025-04-22,Male
CUST102590,David Achieng,+256 77 789 8602,david.achieng@mail.com,Mbarara,20/04/2021,Male
CUST102591,Mary Munezero,+256733917645,mary.munezero@hotmail.com,Kampala,2023-12-15,M
CUST102592,Esther Nsereko,0755511443,esthernsereko35@gmail.com,mityana,2021-12-12,Male
CUST102593,Andrew Ssekandi,,andrewssekandi21@yahoo.com,Soroti,2022-06-22,Female
CUST102594,Francis Kafeero,0776300057,francis.kafeero@outlook.com,Arua City,18/08/2025,Female
CUST102595,Isaac Mukasa,+256777143635,isaacmukasa40yahoo.com,Jinja,2024-01-03,Female
CUST102596,RUTH OLWENY,0752609134,rutholweny96@gmail.com,Jinja City,2025-06-29,Female
CUST102597,Isaac Mukasa,+256 73 592 4675,isaac.mukasa@gmail.com,Kampala,2025-04-16,Female
CUST102598,Phoebe Butime,736911657,phoebe.butime@mail.com,Jinja,2024-10-28,F
CUST102599,Irene Nankya,+256 77 088 3900,irene.nankya@gmail.com,Mityana,13/06/2021,
CUST102600,Tendo Harriet,256772206276,tendoharriet43@srg.co.ug,Arua,2025-06-01,Female
CUST102601,Butime Ssemakula,078-849-0502,butimessemakula25yahoo.com,none,2025-10-01,
CUST102602,Ouma Olweny,0790356995, ouma.olweny@srg.co.ug ,Kampala,09/09/2022,Male
CUST102603,Ssentongo Nankya,0747290513,ssentongonankya@outlook.com,Kampala,2023-09-24,M
CUST102604,Tumusiime Stephen,715166498,tumusiime.stephen@gmail.com,sembabule,2023-04-26,Female
CUST102605,Ssimbwa Ssemakula,0774279112,ssimbwa.ssemakula@yahoo.com,Bundibugyo,2025-04-22,Male
CUST102606,Emmanuel Nankya,+256727109403,emmanuelnankya21@yahoo.com,Hoima,2021-01-27,Female
CUST102607,Kamoga Agnes,+256721548019,kamogaagnes@outlook,mukono,,Male
CUST102608,Byaruhanga Guma,,byaruhanga.guma@outlook.com,Mbaraa,2022-04-23,Male
CUST102609,Juliet Mugisha,+256778479131,juliet.mugisha@mail.com,Kampala,05/06/2023,Female
CUST102610,Nakayiza Ssentongo,+256746554347, nakayizassentongo76@srg.co.ug ,Mukono,2025-08-21,Female 
CUST102611,Alexander Namubiru,+256799346840,alexandernamubiru@yahoo.com,Jinja,2025-05-07,Female
CUST102612,Andrew Ssemakula,256756685562,andrew.ssemakula@outlook.com,Gulu,2025-01-26,Female
CUST102613,Okello Ssentongo,798777043,okello.ssentongo@yahoo.com,bundibugyo,2021-02-12,
CUST102614,Mugisha Mugisha,+256717144272,mugisha.mugisha@hotmail.com,Soroti,05/07/2025,Male 
CUST102615,Guma Kambale,0710395495,gumakambale95@srg.co.ug,Lyantonde,2024-05-05,
CUST102616,Mugisha Nalubega,,mugisha.nalubegayahoo.com,gulu,2025-01-12,Male 
CUST102617,Samuel Nalubega,077-621-7932,samuel.nalubega@hotmail.com,Kitgum,23/04/2022,M
CUST102618,Ouma Kyebambe,773224093,ouma.kyebambe@srg.co.ug,Mukono,29-10-2023,Male
CUST102619,Nakiganda Nalubega,+256793275381,nakiganda.nalubega@gmail.com,kampala,2023-12-16,Female
CUST102620,Wasswa Lubega,075-058-9004,wasswa.lubega@gmail.com,Fort Portal,2023-07-13,
CUST102621,Michael Kyebambe,,michael.kyebambe@hotmail.com,Lira,2021-01-10,Male 
CUST102622,David Kibirige,0754633864,david.kibirige@gmail.com,Jinja City,14-09-2024,Male
CUST102623,Isaac Okello,774117109,isaac.okello@mail.com,Kampala,2022-05-04,Female
CUST102624,Ronald Nalubega,0722325652,ronald.nalubegayahoo.com,Lira,25/06/2024,M
CUST102625,Ssekandi Kibirige,0772019825, ssekandi.kibirige@outlook.com ,Kiruhura,18-05-2021,Male
CUST102626,Sheila Munezero,075-032-8315,sheila.munezero@yahoo.com,Mbale City,27/08/2022,Female
CUST102627,Jane Munezero,0725373362,jane.munezero@srg.co.ug,Mbarara,15/08/2023,Male
CUST102628,Nakiganda Ruth,0799778878,nakiganda.ruth@gmail.com,Wakiso,2025-01-28,Female
CUST102629,Mubiru Alexander,,mubiru.alexander@yahoo.com,Mbale,2021-03-03,Female
CUST102630,Kato Butime,079-861-9726,kato.butime@mail.com,Lyantonde,13/08/2021,M
CUST102631,Agnes Okello,,agnes.okello@outlook.com,Entebbe,2021-10-10,Male
CUST102632,Kato Ouma,0792811557,kato.ouma@outlook.com,Wakiso District,2023-12-20,Male
CUST102633,Guma Ouma,0773201348,,Wakiso,2024-02-01,Male
CUST102634,Namubiru Olweny,071-258-9233,namubiru.olweny@yahoo.com,wakiso,2022-07-01,Male
CUST102635,Samuel Lubega,+256 77 589 9288,samuel.lubega@yahoo.com,Soroti,2021-09-05,
CUST102636,Ssentongo Brian,0729098463, ssentongo.brian@gmail.com ,Mbarara,2025-05-13,Male 
CUST102637,Atim Olweny,+256 70 589 5956,atim.olweny@hotmail.com,Iganga,05/03/2025,
CUST102638,Samuel Tumusiime,0706962187,samuel.tumusiime@hotmail.com,Kabale,2025-09-25,Male
CUST102639,David Kizza,+256727885374,david.kizza@srg.co.ug,Kiruhura,07-08-2025,Male
CUST102640,Kato Ssempebwa,+256786689410,kato.ssempebwa@hotmail.com,Fort Portal,26/09/2024,Male
CUST102641,Mercy Kamoga,744330805,mercy.kamoga@mail.com,Wakiso,19/06/2022,F
CUST102642,Olweny Catherine,256780913607,,masindi,17-01-2024,Male
CUST102643,Kibirige Nakiganda,722658596,kibirige.nakiganda@srg.co.ug,Mbale,,Male
CUST102644,Byaruhanga Nsereko,077-069-6369,byaruhanga.nsereko@gmail.com,Mbale,2023-08-23,
CUST102645,Kyomuhendo Atim,0734708182,kyomuhendo.atim@outlook.com,Kampala,2022-11-03,F
CUST102646,Namutebi Namubiru,,namutebi.namubiru@yahoo.com,Gulu,08/10/2024,F
CUST102647,Nakato Juliet,+256 79 260 8778,nakato.juliet@outlook.com,Kampala,2024-02-03,Female
CUST102648,  Nakayiza Butime ,256796539734,nakayiza.butime@yahoo.com,Mbale City,29/08/2025,
CUST102649,Kibirige Olweny,748699786,,Jinja,2023-02-06,
CUST102650,Butime Namubiru,078-714-1766,butime.namubiru@yahoo.com,GULLU,29/05/2025,
CUST102651,Patrick Ssentongo,+256 71 037 1055,patrick.ssentongo@srg,Mbarara City,24/07/2024,Female
CUST102652,Wanyama Rebecca,0722859777,wanyamarebecca83@mail.com,Soroti,2023-09-08,Male
CUST102653,Andrew Olweny,+256726239955,andrew.olweny@yahoo,kiruhura,29-05-2023,Female
CUST102654,Nakayiza Mubiru,256752520442,nakayizamubiru@yahoo.com,Mukono,19/03/2024,Female
CUST102655,Ssentongo Kafeero,+256703828452,ssentongo.kafeero@outlook.com,Upcountry,2023-05-10,Male
CUST102656,Wasswa Nsereko,256702231837,wasswa.nsereko@hotmail.com,Mukono,2025-09-06,Male
CUST102657,Robert Mubiru,+256 78 912 3091,robert.mubiru@srg.co.ug,Mbale City,01/06/2024,Male
CUST102658,Lubega Mugisha,256744098482,lubegamugisha32@srg.co.ug,kampala,2025-04-20,M
CUST102659,Wasswa Achieng,0710914575,wasswa.achieng@mail.com,Arua,26/03/2021,Male
CUST102660,Patrick Tumusiime,0706669005,patrick.tumusiime@srg.co.ug,Mbale,2024-10-05,Female
CUST102661,Mary Ssekandi,754652815,mary.ssekandi@gmail.com,Wakiso,2022-03-07,Male
CUST102662,Sheila,0737150795,sheila@yahoo,Mbarara,2021-08-20,Female
CUST102663,Katusiime Byaruhanga,073-949-8101,katusiime.byaruhanga@srg.co.ug,Gulu,2025-06-20,F
CUST102664,Nakiganda Munezero,0721241895,nakigandamunezero28@srg.co.ug,Gulu City,2024-03-24,Female
CUST102665,Kamoga Nakiganda,256757467658,kamoganakiganda@mail.com,Mukono,2021-05-03,
CUST102666,Butime Wasswa,+256771446400,butime.wasswa@mail.com,Mukono,,M
CUST102667,Mubiru Nabbanja,,mubiru.nabbanja@mail.com,KAMPALA,2023-04-28,M
CUST102668,Grace Achieng,0737654763,grace.achieng@outlook.com,Hoima,10/07/2021,Male
CUST102669,Mercy Kamoga,744330805,mercy.kamoga@mail.com,Wakiso,19/06/2022,F
CUST102670,Munezero Wanyama,0714517936,munezero.wanyama@srg.co.ug,Gulu City,2023-07-02,Female
CUST102671,Kambale Tendo,+256724347100,kambale.tendo@srg.co.ug,Mbale,2021-12-07,Female
CUST102672,Michael Olweny,071-126-6794,michael.olweny@mail.com,Mbarara,29-03-2025,
CUST102673,Isaac Mugisha,+256 75 491 1949,isaacmugisha@gmail.com,Jinja,,Female
CUST102674,Ssempebwa Kyebambe,256709203667,ssempebwa.kyebambe@hotmail.com,Wakiso,2021-02-12,Male
CUST102675,Sheila Nakiganda,734292441,sheilanakiganda34@mail.com,Kampala,2025-09-08,Female
CUST102676,Ssimbwa Nalubega,256790589947,ssimbwa.nalubega@gmail.com,Kampala,2023-05-16,Female
CUST102677,Grace Ninsiima,0756495670,grace.ninsiimahotmail.com,Lira,2023-06-21,Male
CUST102678,Kamoga Wasswa,079-718-0330,,Gulu,2021-05-10,
CUST102679,Ouma Ssentongo,075-429-7187,ouma.ssentongo@yahoo,Gulu,2025-09-18,M
CUST102680,Ruth Byaruhanga,256789134883,ruthbyaruhanga99@yahoo.com,Jinja,2021-07-22,Female 
CUST102681,Namutebi Ssempebwa,720157861,namutebi.ssempebwa@gmail,Isingiro,,
CUST102682,Naomi Ssimbwa,,,Mukono,12/03/2023,
CUST102683,Mugishi Kizza,729518908,mugisha.kizza@srg.co.ug,Gulu,2024-06-16,
CUST102684,Lubega Tumusiime,,lubega.tumusiime@yahoo.com,Soroti,2021-01-23,
CUST102685,Alexander Nmkato,0794098146,alexander.nakato@yahoo.com,Soroti,18/06/2025,
CUST102686,Stephen Wanyama,079-978-8849,stephenwanyama86@mail.com,luwero,2024-10-28,Female
CUST102687,Tendo Namubiru,256743217997,tendo.namubiru@yahoo,Wakiso,2022-08-06,Female
CUST102688,Mifhael Kafeero,+256789971479,michael.kafeero@gmail.com,mpigi,2024-03-18,Male
CUST102689,David Guma,700295800,davidguma69outlook.com,Kampala,2021-09-11,Male
CUST102690,Sarah Mukasa,+256712943876,sarah.mukasa@mail.com,Homa,2022-05-22,Male
CUST102691,Byaruhanga Guma,,byaruhanga.guma@outlook.com,Mbaraa,2022-04-23,Male
CUST102692,Francis,0743028012,francis@hotmail.com,Gulu,2025-05-24,Female
CUST102693,Esther Kafeero,+256776542958,esther.kafeero@gmail.com,Jinja,2023-11-02,Male 
CUST102694,Naomi Achieng,0728035529,naomi.achienggmail.com,MBARARA,24/08/2025,Female
CUST102695,Achieng Kamoga,0799272773,achieng.kamoga@hotmail.com,Mbarara,2021-05-01,M
CUST102696,Grace Achieng,+256 74 371 9377,grace.achieng@srg.co.ug,Jinjja,2023-09-14,Male
CUST102697,Joseph Munezero,071-439-6728,joseph.munezerohotmail.com,iganga,17/01/2022,M
CUST102698,Nabirye Nakayiza,0770353177,nabirye.nakayiza@hotmail.com,Masaka,2023-03-07,Female
CUST102699,Ssimbwa Wanyama,0738682602,ssimbwa.wanyama@gmail.com,Mbarara,20/04/2025,Male
CUST102700,Michael Atim,734540161,michael.atimoutlook.com,Wakiso,2023-03-05,M
CUST102701,Kizza Kyebambe,0713305792,kizza.kyebambe@yahoo.com,Luwero,2022-05-01,M
CUST102702,Nabirye Kizza,+256759149788,nabirye.kizzayahoo.com,Jinja City,2023-08-07,F
CUST102703,Ronald Tendo,256799416547,ronald.tendo@outlook.com,Mbaraa,2022-09-06,
CUST102704,Kizza Nakato,0710163704,kizzanakato97@mail.com,Mbale,,
CUST102705,Naomi Lubega,712935720,,Kampala,06-02-2022,
CUST102706,Irene Kibirige,+256770562672,irene.kibirige@yahoo.com,Mukono,13-01-2024,Female
CUST102707,Daniel Kambale,0776705891,danielkambale58@yahoo.com,Sembabule,2025-05-19,Male
CUST102708,Nalubega Ssempebwa,0716503326,nalubega.ssempebwa@hotmail,Kampala,30-05-2023,Female
CUST102709,Ssentongo Collins,256792912453,ssentongo.collins@srg.co.ug,iganga,09/12/2024,Female
CUST102710,Isaac Katusiime,+256784763317,isaackatusiime28@gmail.com,Kampala,2021-04-13,Female
CUST102711,Katusiime Kyebambe,+256716608849,katusiimekyebambe35@hotmail.com,Mbarara,06/08/2021,F
CUST102712,Olweny Robert,710473380,olweny.robert@outlook.com,Kampala,2025-01-13,M
CUST102713,Emmanuel Guma,0713505316,emmanuel.guma@gmail.com,Mbarara,31/07/2023,Female
CUST102714,Emmanuel Tendo,753855949,emmanuel.tendo@outlook.com,Mukono,2024-03-21,Female
CUST102715,Kizza Kambale,+256736964008,kizza.kambale@outlook.com,Lyantonde,2023-11-09,Male
CUST102716,Grace Guma,0747689586,graceguma50@outlook.com,Kampala,2025-09-05,Male
CUST102717,Samuel,256776012518,samuel@hotmail.com,Wakiso,2022-02-20,Male
CUST102718,Ssimbwa Nakayiza,+256785325831,ssimbwa.nakayiza@srg.co.ug,Kabarole,2025-05-29,Male
CUST102719,Robert Wanyama,0712152880,robertwanyama64@yahoo.com,Mukono,2022-02-04,Male 
CUST102720,Sarah Atim,+256754280004,sarahatim69@srg.co.ug,Wakiso,16/02/2021,Male
CUST102721,Achieng Samuel,+256711637711,achieng.samuel@outlook.com,Wakiso,2022-05-08,Male
CUST102722,Tendo Atim,+256789778336,tendoatim92@yahoo.com,Wakiso,12-10-2025,F
CUST102723,Ahabwe Alexander,+256718560886,ahabwe.alexander@mail.com,Kasese,2024-07-15,Female
CUST102724,Katusiime Francis,256752627762, katusiime.francis@gmail.com ,Kumi,2022-10-30,F
CUST102725,Mercy Nankya,079-756-6327,mercy.nankya@yahoo.com,Kumi,30/11/2021,F
CUST102726,Nalubega Nakato,0731566913,nalubega.nakato@srg.co.ug,Mukono,2023-08-08,
CUST102727,Mercy Tumusiime,+256 72 235 6275,,Kampala ,2021-11-25,Female
CUST102728,Olweny vsemakula,+256740592042,olwenyssemakula34@outlook.com,Kabarole,,Male
CUST102729,Wanyama Tumujiime,+256 79 089 6758,,kampala,14-01-2024,Female
CUST102730,Namubiru Joan,256740472260,namubiru.joan@outlook.com,Gulu City,2023-02-12,Female
CUST102731,Nalubega Nsereko,708358476,nalubega.nsereko@srg.co.ug,Soroti,2021-06-14,Female
CUST102732,Ouma Ssimbwa,+256793264682,ouma.ssimbwa@hotmail.com,Jinja,2024-07-17,Male
CUST102733,Atim Kyomuhendo,0725830673, atim.kyomuhendo@gmail.com ,Mbarara City,29/07/2025,Female
CUST102734,Juliet Katusiime,256707015117,juliet.katusiime@mail,Masaka,2025-09-27,Female
CUST102735,Lubega Nankya,+256713739849,,Kampala,2024-02-24,
CUST102736,Kibirige Mubiru,0750349912,,Gulu,2022-04-28,Male
CUST102737,Kyomuhendo Ssempebwa,+256795531957,kyomuhendo.ssempebwa@outlook.com,Wakisio,06/05/2021,Female
CUST102738,Byaruhanga Munezero,256785314429,byaruhangamunezero@gmail.com,Mbarara,2024-03-21,Female
CUST102739,Phoebe Ahabwe,+256709830270,phoebeahabwe@hotmail.com,Mukono,2024-07-15,Female
CUST102740,Namubiru Achieng,+256 70 482 6042,namubiruachieng23@yahoo.com,Mbarara,25-02-2025,Female
CUST102741,Jane Atim,+256797195051,jane.atim@hotmail.com,Kabale District,15/09/2023,
CUST102742,Daniel Achieng,0792372123,daniel.achieng@outlook.com,Lira,,Male
CUST102743,Butime Kyebambe,+256713025631,butime.kyebambe@outlook.com,Kampala,,
CUST102744,Byaruhanga Wanyama,256738492696,byaruhanga.wanyama@srg.co.ug,mbale,02/04/2024,
CUST102745,Mary Wanyama,+256783699320,mary.wanyama@yahoo.com,Wakiso,10/07/2021,Male
CUST102746,Jane Ouma,+256758464093,janeouma@hotmail.com,Mbarara,2022-06-19,M
CUST102747,Stephen,0791361992,stephen@srg.co.ug,Mukono,13/11/2022,Female
CUST102748,Mugisha Butime,+256749512223,mugishabutime@gmail.com,Kampala,2025-09-10,Male
CUST102749,Nabirye Ssentongo,744452181,nabiryessentongo13@gmail.com,Mbarara,05/10/2023,Male
CUST102750,Kato Ssemakula,+256 72 667 9356,kato.ssemakulaoutlook.com,soroti,2023-01-18,Male
CUST102751,Nalubega Ssempebwa,+256 71 650 3326,nalubega.ssempebwa@hotmail,Kampala,30-05-2023,Female
CUST102752,Patrick Lubega,256712934077,patricklubega@gmail.com,Kabale,2021-11-26,Female
CUST102753,Nakato Nakiganda,,nakato.nakiganda@gmail.com,Wakisio,2024-05-17,Female
CUST102754,David Ssekandi,,david.ssekandi@yahoo,Mbararra,2022-03-16,Male
CUST102755,Ssemakula Lubega,0790365139,ssemakula.lubega@srg.co.ug,Kampala,2025-02-12,Male
CUST102756,Robert Tumusiime,256724130403,robert.tumusiime@gmail.com,Kampala,2024-02-07,
CUST102757,Irene Munezero,+256 77 274 5641,irene.munezero@outlook.com,Nakasongola,2021-05-18,F
CUST102758,Kamoga Ssekandi,+256754166124,kamogassekandi70@srg.co.ug,Masaka,2025-05-26,
CUST102759,David Nakayiza,+256723171914,david.nakayiza@gmail.com,Nakasongola,2021-01-06,Male 
CUST102760,Jane Ouma,+256722106768,jane.ouma@srg.co.ug,Kabarole,16-02-2023,M
CUST102761,Kato Ssentongo,790471569,kato.ssentongooutlook.com,Masindi,2023-10-16,Male
CUST102762,Okello Mubiru,0793459038,okello.mubirumail.com,Kiruhura,2024-11-27,
CUST102763,Isaac Nabbanja,256700288090,isaac.nabbanja@mail.com,Arua,02/11/2023,Female
CUST102764,Peter Wanyama,256715979806,peter.wanyama@gmail.com,wakiso,15-01-2022,Male
CUST102765,Nabirye Wasswa,079-813-0316,nabirye.wasswa@outlook.com,Kampala,22/02/2021,Female
CUST102766,Nabbanja Jane,+256 74 038 0391,nabbanja.jane@yahoo.com,kiboga,2023-07-02,Male 
CUST102767,Ruth Ouma,+256 72 325 1219,ruth.ouma@outlook.com,Mukono,2024-01-08,
CUST102768,Harriet Nabirye,+256731036437,harriet.nabirye@mail.com,Mukono,31-07-2022,Female
CUST102769,Ronald Guma,+256700489313,ronald.guma@hotmail.com,Gulu City,2022-12-27,Male
CUST102770,Patrick,,patrick@gmail.com,Arua,27/04/2021,Female
CUST102771,Namubiru Mugisha,+256782662275,namubiru.mugisha@mail.com,Gulu,23-07-2021,
CUST102772,Nabbanja Byaruhanga,+256787992936,nabbanja.byaruhanga@gmail.com,Jinja City,2021-02-14,Female
CUST102773,Kizza Katusiime,0728863624,kizza.katusiime@outlook.com,Hoima,2021-09-21,Male
CUST102774,Kambale Kambale,,kambalekambale4@yahoo.com,Mukono,2024-09-13,Female
CUST102775,Ssemakula Nakayiza,0746105729,ssemakulanakayiza24@srg.co.ug,Wakisio,2024-12-21,
CUST102776,Joan Nabirye,,joannabirye18@yahoo.com,Mbarara,12/12/2022,Female
CUST102777,Nalubega Isaac,+256771185866,nalubegaisaac94@mail.com,Mbarara,10/04/2024,F
CUST102778,Butime Lubega,789052117,butime.lubega@hotmail.com,Kampala,2025-03-04,Male
CUST102779,Okello Nakiganda,256725277097,okello.nakiganda@mail.com,Mukono,2023-03-31,Male
CUST102780,Kizza,+256 70 739 3615,kizza@gmail.com,Mukkono,01/07/2023,Male
CUST102781,Kibirige Nakayiza,077-325-1059,kibirige.nakayiza@yahoo.com,Nakasongola,21/10/2023,
CUST102782,Nabirye Tendo,+256779121488,nabirye.tendo@hotmail.com,Wakisio,12/02/2025,Female
CUST102783,Sarah Kafeero,+256771374102,sarah.kafeero@mail.com,Hoima,2025-03-14,Male
CUST102784,Joseph Achieng,+256794176644,joseph.achieng@yahoo.com,Kampala,2023-07-05,
CUST102785,Emmanuel Ouma,256785417160,emmanuel.ouma@yahoo.com,Masacka,2024-11-12,Female
CUST102786,STEPHEN MUKASA,+256705374540,stephenmukasa34@yahoo.com,Kampala,2021-03-15,Female
CUST102787,Butime Jane,+256701811555,butime.janeyahoo.com,Masaka,18/09/2024,Male 
CUST102788,Collins Wasswa,+256743806671,collins.wasswa@hotmail.com,Mbale,2024-06-28,
CUST102789,Mercy Mubiru,256701734139,mercy.mubiru@outlook.com,Mbarara,,F
CUST102790,Ssemakula Atim,+256746824440,ssemakula.atim@gmail.com,Soroti,2021-09-08,
CUST102791,Joan Kyebambe,+256772101992,joan.kyebambe@gmail.com,Wakiso,2022-10-11,F
CUST102792,Katusiime Katusiime,+256 78 045 9201,katusiime.katusiime@srg,Gulu,26/09/2024,Female
CUST102793,Michael Kizza,756657808,michael.kizza@mail.com,Kampala,2021-01-15,Male
CUST102794,Isaac,+256717408259,isaac@gmail.com,Kampala,02/04/2021,Female
CUST102795,Brian Kamoga,256755250623,brian.kamoga@yahoo.com,Wakiso,2023-06-09,Male
CUST102796,Dorothy Atukunda,256752423276,dorothy.atukunda@srg.co.ug,Hoima,2023-11-21,Male
CUST102797,Grace Ahabwe,+256794387656,grace.ahabwe@hotmail.com,Mukkono,09/10/2021,Male
CUST102798,David Okello,071-367-7326,david.okello@srg.co.ug,Kabale,02/09/2024,Male
CUST102799,Ruth Guma,,ruthguma13@hotmail.com,  ,11-05-2025,Female
CUST102800,Daniel Wanyama,+256 77 203 3989,daniel.wanyama@mail.com,Mbarara City,2021-10-06,Male
CUST102801,Ssemakula Ruth,0708570407,ssemakula.ruth@srg.co.ug,Kitgum,27-01-2024,Female
CUST102802,Katusiime Kyebambe,+256724515320,katusiimekyebambe@yahoo.com,Sembabule,2023-09-07,F
CUST102803,Robert Munezero,0712098453,robert.munezero@yahoo.com,Gulu,,
CUST102804,Tendo Harriet,256772206276,tendoharriet43@srg.co.ug,Arua,2025-06-01,Female
CUST102805,Lubega Ssekandi,+256733675808, lubegassekandi42@yahoo.com ,Wakiso,2025-01-23,
CUST102806,Francis Kamoga,+256 77 026 8469,,Sembabule,2024-04-14,F
CUST102807,Kyebambe Joan,+256779509007,kyebambe.joan@yahoo.com,Wakiso,2022-08-04,Female
CUST102808,Nakayiza Wanyama,0709097872,nakayizawanyama@srg.co.ug,entebbe,2023-02-17,Female
CUST102809,Olweny Ssemakula,+256740592042,olwenyssemakula34@outlook.com,Kabarole,,Male
CUST102810,Joseph Kambale,0707907717,,Wakiso,2022-10-16,Male
CUST102811,Kibirige Atim,0749234643,kibirigeatim25@gmail.com,Bundibugyo,02/11/2023,Male
CUST102812,Kizza Tendo,+256 72 635 7391,kizza.tendo@hotmail.com,Soroti,08-12-2022,M
CUST102813,Irene Kambale,,irene.kambale@mail.com,Kampala,27/04/2024,Female
CUST102814,Rebecca Ssebugwawo,,rebecca.ssebugwawo@outlook.com,Nakasongola,2025-01-05,M
CUST102815,Harriet Nalubega,711655838,harriet.nalubega@mail.com,Lira,24-03-2024,Female
CUST102816,Namutebi Nakato,+256748164298,namutebinakato26@srg.co.ug,Nebbi,10/11/2024,Female
CUST102817,Agnes Byaruhanga,+256722110584,agnesbyaruhanga59@gmail.com,Mbarara,28-05-2021,
CUST102818,Okello Timothy,256727331281,okello.timothy@gmail.com,kampala,2022-07-18,F
CUST102819,Atim Olweny,+256705895956,atim.olweny@hotmail.com,Iganga,05/03/2025,
CUST102820,Olweny Nsereko,0771334887,olweny.nsereko@yahoo.com,Tororo,16-06-2021,Male
CUST102821,Ssemakula Ssentongo,256777552756,ssemakula.ssentongo@outlook.com,Jinja,2024-03-19,Male 
CUST102822,Isaac Kyomuhendo,745291863,isaac.kyomuhendo@gmail.com,Kampala,2022-03-16,Female
CUST102823,Michael Byaruhanga,079-042-1852,michael.byaruhanga@yahoo.com,Mbarara,29-10-2021,Male
CUST102824,Joseph,074-769-0920,,Mukono,2022-02-09,Male
CUST102825,Irene Nakayiza,0739268131,irene.nakayiza@yahoo.com,sembabule,2023-02-24,Female
CUST102826,Godfrey Kibirige,0731821554,godfrey.kibirige@hotmail.com,Mbarara City,24/08/2025,Female 
CUST102827,John Wanyama,256734019398,johnwanyama@mail.com,Kampala,13-10-2021,Male
CUST102828,Agnes Atim,+256750873307,agnes.atim@outlook.com,Bundibugyo,2022-06-27,Male
CUST102829,SSIMBWA NAKIGANDA,731235067,ssimbwa.nakiganda@mail.com,kla,2023-03-06,M
CUST102830,Irene Nabbanja,0790506455,irene.nabbanja@gmail.com,Soroti,2023-01-20,F
CUST102831,John,256749041225,john@srg.co.ug,Nebbi,2024-12-23,
CUST102832,Andrew Ssentongo,0775279906,andrew.ssentongo@srg.co.ug,Wakiso,2022-09-21,Female
CUST102833,Michael,,michael12@srg.co.ug,Kampala,2023-06-22,Male
CUST102834,Ssekandi Nsereko,+256797042993,ssekandi.nsereko@outlook.com,Jinja,2022-04-27,
CUST102835,Ouma Nankya,0719256062,ouma.nankya@mail.com,nebbi,06/01/2021,Male
CUST102836,Nakayiza Tendo,256797235037,nakayizatendo@srg.co.ug,Gulu City,02/12/2022,
CUST102837,Mary Nsereko,,mary.nserekogmail.com,Wakiso,13/11/2021,M
CUST102838,Mugisha Ssempebwa,0745643874,mugishassempebwa@outlook.com,Mukko,2023-06-16,Male
CUST102839,Godfrey Kyomuhendo,+256711979042,godfrey.kyomuhendo@mail.com,Nebbi,2021-07-17,Female
CUST102840,Ssekandi Byaruhanga,,ssekandi.byaruhanga@srg.co.ug,Masindi,13-08-2024,Male
CUST102841,Olweny Mukasa,+256744203345,olweny.mukasa@srg.co.ug,Wakiso,,M
CUST102842,Joan,0727528755,joan@hotmail.com,Mbarara,2021-09-01,Female
CUST102843,Florence,+256731164914,florence82@yahoo.com,Wakiso,11/02/2021,Male
CUST102844,Beatrice Ouma,070-924-6756,beatrice.ouma@hotmail.com,Kampala,14/06/2024,F
CUST102845,Godfrey Tumusiime,075-953-3060,godfrey.tumusiime@hotmail.com,Iganga,22-01-2021,Female
CUST102846,Atim Nankya,702488458,,Jinja,28-07-2022,F
CUST102847,Patrick Ahabwe,256705035715,patrick.ahabwe@outlook.com,Jinja,,F
CUST102848,Nabirye Wanyama,+256707216043,nabirye.wanyama@hotmail.com,rakai,2021-09-02,Female
CUST102849,Godfrey Katusiime,746168418,godfrey.katusiime@srg.co.ug,Mbarara,2023-03-12,F
CUST102850,Sheila Ssebugwawo,,sheila.ssebugwawo@yahoo.com,Kampala City,2021-06-30,Female
CUST102851,Mugisha Wasswa,0798449184,mugisha.wasswa@gmail.com,Arua,14/08/2021,M
CUST102852,Patrick Ssemakula,0722793283,,Kampala,2023-05-21,F
CUST102853,Nankya Kafeero,+256733395923,nankyakafeero@hotmail.com,arua,2023-02-19,Female
CUST102854,Okello Mugisha,784231366,okello.mugisha@yahoo.com,Kasese,2025-07-21,M
CUST102855,Ssemakula Kizza,256710464632,ssemakulakizza36@mail.com,Wakiso,,M
CUST102856,Mugisha Butime,073-110-7163,mugisha.butime@hotmail.com,Arua,,
CUST102857,Kamoga Olweny,+256 78 188 0282,kamogaolweny@srg.co.ug,Wakiso,05-10-2022,Male
CUST102858,Byaruhajga Nankya,,byaruhanga.nankya@yahoo.com,Mbarara Town,2021-01-26,Male
CUST102859,Samuel Nsereko,+256791206423,samuel.nsereko@yahoo.com,Kampala,,Male
CUST102860,Catherine Sseyakula,+256794418397,catherinessemakula6@mail.com,Soroti,,Male
CUST102861,Ssebugwawo Sheila,+256715476355,ssebugwawo.sheilamail.com,Lira District,2024-08-21,Female
CUST102862,Irene,079-720-4803,irene@srg.co.ug,Gulu,19/09/2024,Female 
CUST102863,Michael Achieng,079-066-9086,michael.achieng@mail.com,Wakiso,2023-03-02,Male
CUST102864,Namutebi Tumusiime,256719358156,namutebi.tumusiime@outlook.com,Kiboga,2024-05-31,F
CUST102865,Nabbanja Ssentongo,782254356,nabbanja.ssentongo@mail.com,Kalangala,02/05/2025,Female
CUST102866,Katusiime Ssentongo,+256747081218,katusiime.ssentongo@srg.co.ug,Mukono,2021-01-10,Female
CUST102867,Daniel Ssekandi,0793168465,daniel.ssekandi@srg.co.ug,Kampala,15/02/2023,
CUST102868,Kamoga Collins,+256728523142,kamoga.collins@gmail.com,Mbale,2023-12-19,Female
CUST102869,Nabirye Kizza,+256780370613,nabirye.kizza@srg.co.ug,Wakiso,10/06/2024,Male
CUST102870,Esther Kizza,256794881951,estherkizza51hotmail.com,jinji,2022-01-14,Male
CUST102871,Ninsiima Okello,256728989340,ninsiima.okello@srg.co.ug,Kampala,04/07/2023,Male
CUST102872,Grace Ssekandi,+256781362224,grace.ssekandi@yahoo.com,Kampala,,Male
CUST102873,Nsereko Wasswa,0717301081,nserekowasswa6@yahoo.com,Gulu,2023-11-07,M
CUST102874,Olweny Katusiime,074-860-0985,olweny.katusiime@yahoo.com,Nakasongola,,Male
CUST102875,Ronald,0712636713,ronald82@outlook.com,Mbarara,2024-12-15,Male
CUST102876,Kyebambe Ssentongo,,kyebambe.ssentongo@mail.com,Mbale,2021-11-08,M
CUST102877,Irene Tendo,070-593-5806,irene.tendo@gmail.com,Mbarara,23-08-2022,Female
CUST102878,Andrew Nabirye,775683721,andrew.nabiryeyahoo.com,Mukono,2025-02-23,Female
CUST102879,EstheriMunezero,256780124200,esther.munezero@gmail.com,Arua,2025-01-16,Male
CUST102880,Kambale Mugisha,,kambale.mugisha@hotmail.com,Rakai,2023-02-05,
CUST102881,Mubiru Ssentongo,+256 70 524 4773,mubiru.ssentongo@gmail.com,gulu,2021-08-17,
CUST102882,Agnes Kyebambe,0799993737,agnes.kyebambe@hotmail.com,Wakiso,2023-09-03,M
CUST102883,Tumusiime Nankya,0704568015,tumusiimenankya@gmail.com,Soroti,29/07/2021,Female
CUST102884,Ssemakula Byaruhanga,256732895131,ssemakulabyaruhanga30@outlook.com,gulu,2022-11-01,M
CUST102885,Isaac Olweny,+256718270598,isaacolweny88@srg.co.ug,Mbarara,28-04-2023,F
CUST102886,Ninsiima Ssentongo,+256713261636,ninsiima.ssentongo@hotmail.com,Mukono,2021-05-12,Female
CUST102887,Ssekandi,0719885294,ssekandi@yahoo.com,Jinja,,Male
CUST102888,Ahabwe Mugisha,+256 70 946 8036,ahabwe.mugisha@hotmail.com,Kalangala,04-10-2025,Male
CUST102889,NALUBEGA ATUKUNDA,+256788466497,nalubega.atukunda@srg.co.ug,Nakasongola,22/03/2022,Female
CUST102890,Ninsiima Munezero,0702926505,ninsiimamunezero18@outlook.com,Wakiso,08/12/2024,Female
CUST102891,Rebecca Butime,+256787330501,rebecca.butime@outlook.com,Wakiso,,
CUST102892,Stephen Kyebambe,0774173083,stephen.kyebambe@yahoo.com,Mbale City,10/08/2023,Female
CUST102893,Kizza Nakayiza,+256755150090,kizza.nakayiza@outlook.com,Wakisio,2022-09-12,Male 
CUST102894,Tendo Ouma,+256771932648,tendo.ouma@gmail.com,Mbale,21/10/2024,Male 
CUST102895,Agnes Tumusiime,0736052065,agnes.tumusiime@gmail.com,Kampala,01-08-2023,
CUST102896,Butime,0756706546,butime@gmail.com,Kiboga,27/06/2022,Male
CUST102897,Ssemakula Ssempebwa,256753944487,,Kampala,16-10-2021,M
CUST102898,Nabbanja Ssentongo,0793951315,nabbanja.ssentongo@gmail.com,Jinja,2023-03-05,Female
CUST102899,Joan Okello,+256751729313,joan.okello@srg.co.ug,Kampala,2023-10-26,
CUST102900,Alexander Nakiganda,+256753122275,alexander.nakiganda@mail.com,Kitgum,19/11/2024,Female
CUST102901,Ruth Ouma,+256 72 325 1219,ruth.ouma@outlook.com,Mukono,2024-01-08,
CUST102902,Irene Kyebambe,+256 79 809 7663,irene.kyebambe@mail.com,Rakai,12/10/2023,Female
CUST102903,Olweny Lubega,0706830043,olweny.lubega@hotmail.com,Wakiso,22/08/2021,M
CUST102904,Sheila Guma,071-179-6324,sheilaguma88@outlook.com,Kitgum,2023-11-05,Female
CUST102905,Juliet Katusiime,0779528865,juliet.katusiime@gmail.com,kiruhura,2023-10-03,Female
CUST102906,AtimnFlorence,+256708174944,atimflorence10@yahoo.com,Mbaraa,25-07-2025,
CUST102907,Nalubega Timothy,,,Mbarara,27-09-2023,Female
CUST102908,Nankya Ssebugwawo,256733733776,nankya.ssebugwawo@outlook.com,Nebbi,18-10-2023,Female
CUST102909,David Nakato,256719607149,david.nakato@hotmail.com,Kampala,24/06/2022,Male
CUST102910,Ssemakula Kamoga,0702922258,ssemakula.kamoga@yahoo.com,Kampala,2022-05-31,Male
CUST102911,Ssimbwa Olweny,0724740070,ssimbwa.olweny@outlook.com,Mukko,10/08/2023,Male 
CUST102912,Namutebi Namubiru,719280152,namutebi.namubiru@hotmail.com,Kiboga,21/02/2023,Female
CUST102913,Stephen Atukunda,+256710982758,stephen.atukunda@hotmail.com,Kampala,2025-04-29,Female
CUST102914,Butime Tumusiime,+256 79 836 8547,butimetumusiime49@gmail.com,Kampala (Central),27/08/2025,Male 
CUST102915,Timothy,+256747525864,timothy@mail.com,Bundibugyo,2025-08-01,F
CUST102916,Agnes Ssentongo,+256716255187,agnes.ssentongo@yahoo.com,Central,2021-05-27,M
CUST102917,Beatrice Ssempebwa,256759818725,beatrice.ssempebwa@outlook.com,Jinja,2024-09-17,
CUST102918,Atim Tendo,+256788475385,atim.tendo@gmail.com,kampala,27/01/2021,Female
CUST102919,Patrick Kizza,+256723283830,patrick.kizza@gmail.com,Kiruhura,16/06/2023,Female
CUST102920,Catherine Kambale,+256740959910,catherine.kambale@srg.co.ug,Mukono,07/05/2021,Male
CUST102921,Muhisha Ssemakula,256730858795,mugisha.ssemakula@srg.co.ug,Mbale,21-12-2024,Male
CUST102922,Guma Lubega,+256714892549,gumalubega98@outlook.com,Mbale,,Male
CUST102923,Grace Namubiru,0719517057,grace.namubiru@yahoo.com,Arua,22/02/2025,Male
CUST102924,Brian Ssimbwa,0748763085,brian.ssimbwa@hotmail.com,Jinja,27/11/2023,Male
CUST102925,Ouma Nsereko,794096279,ouma.nsereko@mail.com,Wakiso,08/12/2021,Male
CUST102926,Joseph Mukasa,256771196098,,Kampala,07-07-2025,
CUST102927,Nsereko Tumusiime,0773035427,nsereko.tumusiime@mail.com,Fort Portal,2021-01-07,Male
CUST102928,Byaruhanga Nakiganda,0770228462,byaruhanganakiganda@yahoo.com,Kampala,2023-03-22,M
CUST102929,  Peter Ninsiima ,+256748494358,peter.ninsiima@hotmail.com,Kalangala,2025-10-16,Male
CUST102930,Lubega Kyomuhendo,0729630121,lubegakyomuhendo60@mail.com,Mbarara,07/03/2021,M
CUST102931,Wanyvma Nabirye,0723823176,wanyama.nabirye@yahoo.com,Wakiso,2025-03-16,Female
CUST102932,Munezero Ssentongo,0711570632,munezero.ssentongo@gmail.com,Jinja City,2021-08-05,M
CUST102933,Ssempebwa Mkkasa,256757306568,ssempebwa.mukasa@mail.com,Kampala,,Male
CUST102934,Mubiru Wanyama,256736791135,mubiru.wanyama@gmail.com,Jinja,2022-11-19,Male 
CUST102935,Kyomuhendo Nabirye,,kyomuhendo.nabirye@outlook.com,Kampala,29/07/2021,Female
CUST102936,KambaleeTimothy,,kambaletimothy51@srg.co.ug,lira,2025-07-28,Female 
CUST102937,Nakayiza Okello,070-249-9629,nakayiza.okellooutlook.com,Wakiso,2024-04-26,Female
CUST102938,Joseph Mukasa,256724750979,joseph.mukasa@outlook.com,Wakiso,29/04/2023,Male
CUST102939,Lubega Lubega,+256 72 239 7639,lubega.lubega@srg.co.ug,Mukono,2024-09-24,M
CUST102940,Kato Ssemakula,+256 77 696 0507,kato.ssemakula@hotmail.com,isingiro,2023-06-25,Male 
CUST102941,Timothy Wanyama,256733963497,timothywanyama20mail.com,Jinja,16-05-2022,
CUST102942,Tumusiime Katusiime,0777454578,tumusiime.katusiime@mail.com,Wakiso,21/02/2023,Female
CUST102943,Kambale Olweny,+256743437820,,Mbarara,2021-03-13,Female
CUST102944,Rebecca Achieng,256716854767,rebeccaachieng27@mail.com,Mbarara,2025-01-10,Male
CUST102945,Butime Kamoga,256799159218,butime.kamoga@mail.com,Bundibugyo,11/06/2024,Male
CUST102946,Atim Butime,+256 71 546 8706,atim.butime@outlook.com,bushenyi,27/03/2024,Female
CUST102947,Lubega Kamoga,+256795215827,lubega.kamoga@outlook.com,Mpigi,19/10/2022,Male
CUST102948,Kato Tumusiime,256786771884,katotumusiime84@outlook.com,Wakiso,07/09/2023,Male 
CUST102949,Nakayiza Kibirige,0723017394,nakayiza.kibirige@outlook.com,Mukono,2024-08-10,Female 
CUST102950,Grace Kafeero,+256 72 962 4260,grace.kafeero@srg.co.ug,iganga,08/07/2022,
CUST102951,Nsereko Nankya,0759253932,,Kampala,11-03-2024,Male
CUST102952,Alexander Nalubega,0799594105,,Bushenyi,2022-04-19,Female
CUST102953,Francis Wanyama,+256755669793,franciswanyama36@srg.co.ug,Masaka,06-04-2023,F
CUST102954,Francis Mukasa,+256770131694,francis.mukasa@hotmail.com,lira,2022-12-22,Female
CUST102955,Kibirige Wanyama,0742774093,kibirigewanyama22@yahoo.com,Kiruhura,2024-11-24,Male
CUST102956,Collins Ssekandi,782119882,collins.ssekandi@srg.co.ug,Kampala,2021-01-30,Female
CUST102957,Nalubega Ssimbwa,736413304,nalubega.ssimbwa@hotmail.com,Wakiso,02-03-2024,
CUST102958,Namubiru Nalubega,0750636251,,entebbe,2024-03-24,Female
CUST102959,Butime Ssekandi,077-883-2017,butime.ssekandi@yahoo.com,Kasese,,M
CUST102960,Beatrice Ssemakula,797376434,beatricessemakula15@mail.com,Mbarara,2022-08-12,Female
CUST102961,Joseph jsempebwa,796258559,joseph.ssempebwa@mail.com,Wakiso District,21/08/2025,Male
CUST102962,Harriet Okello,0783900960,harriet.okello@gmail.com,Kampala,2023-12-24,Female
CUST102963,Wanyama Ssentongo,708112755,wanyama.ssentongo@hotmail.com,Jinja,03-10-2024,Female
CUST102964,Ssempebwa Wanyama,+256746437904,ssempebwa.wanyama@hotmail.com,Kalangala,2022-03-08,Male
CUST102965,Naomi Atukunda,0736816591,naomiatukunda@outlook.com,Kampala,2024-02-21,Female
CUST102966,Godfrey Achieng,256786474001,godfreyachieng52@mail.com,Kalangala,01/04/2023,F
CUST102967,SsentongorSsimbwa,783562921,ssentongo.ssimbwa@srg.co.ug,Kasese,22/01/2024,Male
CUST102968,Byaruhanga Wasswa,+256790413013,byaruhangawasswa74@gmail.com,kampala,04/03/2025,Male
CUST102969,Ronald Mugisha,+256 78 932 7941,ronaldmugisha50@outlook.com,Kampala,16/04/2021,Male
CUST102970,Juliet Nankya,078-363-8215,juliet.nankya@hotmail.com,Mbale,02/01/2021,Female
CUST102971,Jane Mukasa,777150758,jane.mukasa@outlook.com,Gulu,2024-02-25,Male
CUST102972,Ssempebwa Wanyama,256718221938,ssempebwa.wanyama@outlook.com,Kampala,14-08-2024,Male 
CUST102973,Daniel Ssempebwa,256753899042,danielssempebwa@yahoo.com,Hoima,2025-10-12,Male
CUST102974,Peter Kibirige,+256746687272,peter.kibirige@outlook.com,Arua,2025-10-03,Male
CUST102975,Jzliet Mugisha,+256778479131,juliet.mugisha@mail.com,Kampala,05/06/2023,Female
CUST102976,Florence Nankya,0732310402,florencenankya98@srg.co.ug,Wakiso,,Male
CUST102977,Samuel Kafeero,256745302154, samuel.kafeero@yahoo.com ,Mbarara,2024-12-14,M
CUST102978,Kato Ssekandi,,kato.ssekandi@yahoo.com,Kampala,17/10/2024,M
CUST102979,Butime Atim,0711934364,butime.atim@gmail.com,rakai,31/07/2022,F
CUST102980,Grace Kibirige,0796348892,gracekibirige@gmail.com,Mukono,2022-03-26,Male
CUST102981,Peter Namubiru,793055179,peternamubiru@outlook.com,Mukono,2024-04-01,Male
CUST102982,Ssempebwa Atim,079-150-4540,ssempebwa.atim@yahoo.com,Kalangala,2025-05-27,Male
CUST102983,KAFEERO AGNES,,kafeero.agnes@mail.com,Mbarara,25-10-2024,Male
CUST102984,Kato Ahabwe,0737533678,kato.ahabwe@hotmail.com,Kla,01-04-2025,Male
CUST102985,Mukasa Ronald,0787300294,mukasa.ronald@hotmail.com,Wakiso,2024-12-16,M
CUST102986,Collins Kizza,728401713,collins.kizza@gmail.com,Wakiso,2021-09-28,
CUST102987,Michael Kamoga,078-415-8522,michael.kamoga@outlook.com,Mukko,2021-02-19,Male
CUST102988,Ssimbwa Wasswa,+256759790777,ssimbwa.wasswa@mail.com,Mbale City,2025-01-03,M
CUST102989,Ouma Kamoga,+256785768987,ouma.kamoga@hotmail.com,Gulu City,2024-03-08,Male
CUST102990,Mubiru Ssentongo,256705244773,mubiru.ssentongo@gmail.com,gulu,2021-08-17,
CUST102991,  Naomi Ssimbwa ,,,Mukono,12/03/2023,
CUST102992,Timothy Lubega,+256703690721,timothy.lubega@hotmail.com,Wakiso,02/12/2022,F
CUST102993,Nabirye,0787750202,nabirye@srg.co.ug,Mukono,2023-10-13,Female
CUST102994,Isaac Nakato,256748666872,isaac.nakato@yahoo.com,Jinja,30-07-2024,Female
CUST102995,Ssentongo Katusiime,+256776518612,ssentongo.katusiime@mail.com,Kampala,21/11/2021,M
CUST102996,Esther Nsereko,0799608457,esther.nsereko@srg.co.ug,Mbale,12/06/2022,Male
CUST102997,Katusiime Ssemakula,072-901-3967,,Wakiso,2022-06-10,Female
CUST102998,Ssemakula Achieng,758526322,ssemakulaachieng71@gmail,Kampala,04/04/2021,M
CUST102999,Daniel,,daniel@gmail.com,jinja,2021-12-19,Male
CUST103000,Samuel Atim,+256 74 250 5532,samuel.atim@yahoo.com,Gulu,2025-09-13,Male
CUST103001,Olweny Michael,0703188978,olweny.michael@yahoo.com,Kampala,2022-01-08,
CUST103002,Michael Nakayiza,0791451735,michael.nakayiza@srg.co.ug,Kampala,2021-07-11,Male
CUST103003,Rebecca Nankya,0723111043,rebecca.nankya@mail.com,Bushenyi,05-05-2023,
CUST103004,Phoebe Kambale,+256717148932,,Mbale,15/09/2024,Female
CUST103005,Ouma Kyebambe,,ouma.kyebambe@srg.co.ug,Mukono,29-10-2023,Male
CUST103006,Munezero,0771306822,munezero@mail.com,Kampala,26/01/2022,Female
CUST103007,Ssebugwawo Nabbanja,077-306-8001,ssebugwawo.nabbanja@gmail.com,Kampala,2024-05-29,
CUST103008,Ssentongo Nakiganda,,ssentongo.nakiganda@outlook.com,Kampala,2024-04-09,Male
CUST103009,Olweny Achieng,0719487862,olweny.achieng@outlook.com,Gulu,07/05/2025,
CUST103010,Olweny Grace,+256750338771,olweny.grace@yahoo.com,Mukkono,2021-04-12,Male
CUST103011,Irene Kambale,+256785454341,irene.kambale@mail.com,Kampala,27/04/2024,Female
CUST103012,Munezero Kambale,+256 71 203 3577,munezerokambale@hotmail.com,Mukono,25/05/2025,Female
CUST103013,Kyomuhendo Kibirige,+256716812130,kyomuhendo.kibirige@srg.co.ug,Kayunga,2022-01-12,Female
CUST103014,Butime Robert,+256 79 798 1569,butime.robert@mail.com,Jinja,,Male
CUST103015,Catherine Olweny,,catherineolweny@yahoo.com,Mbale,2025-03-03,Male
CUST103016,Wanyama Agnes,072-353-3821,wanyama.agnes@gmail.com,Iganga Town,25/09/2023,Male
CUST103017,Joseph Lubega,+256 72 305 1171,,Mukono,2024-11-02,Male
CUST103018,Florence Ssimbwa,783914601,florence.ssimbwaoutlook.com,Wakiso,2023-10-04,Male
CUST103019,Wasswa,+256704502134,wasswa@yahoo.com,Wakiso,2021-10-13,Male 
CUST103020,Ssemakula Ninsiima,256755536308,ssemakula.ninsiima@gmail.com,Wakiso,2025-06-13,Female
CUST103021,Andrew Kambale,+256 75 898 5867,,Kampala,26/08/2022,Female
CUST103022,Katusiime Ssebugwawo,783285584,katusiime.ssebugwawo@srg.co.ug,hoima,28/08/2022,F
CUST103023,Tendo Kibirige,+256773813410, tendo.kibirige@outlook.com ,Gulu,2025-10-02,Male
CUST103024,Ronald Ahabwe,+256717282753,ronald.ahabwe@srg.co.ug,Mityana,2024-12-14,M
CUST103025,Isaac Nabbanja,+256 72 336 0320,isaac.nabbanja@mail.com,Luwero District,2022-01-20,Female 
CUST103026,Wanyama Katusiime,,wanyama.katusiime@srg.co.ug,masindi,2023-05-03,Female
CUST103027,Munezero Kamoga,,munezero.kamoga@outlook.com,Masaka,01/11/2021,F
CUST103028,Guma Irene,,guma.irene@gmail.com,Mbarara,11/09/2023,F
CUST103029,Brian Ninsiima,0785031323,brianninsiima40@yahoo.com,Entebbe,2023-10-16,Male
CUST103030,Jane Achieng,075-777-9040,janeachieng55@yahoo.com,Jinja City,2021-04-02,Male
CUST103031,Wasswa Munezero,,wasswa.munezero@yahoo.com,Wakiso,2024-01-16,Male
CUST103032,Okello Mubiru,793459038,okello.mubirumail.com,Kiruhura,2024-11-27,
CUST103033,Catherine Ssimbwa,0707605838,catherine.ssimbwa@srg.co.ug,Kampala,2024-10-29,Male
CUST103034,Esther Nabbanja,0726932197,esther.nabbanja@mail.com,wakiso,2021-08-12,Male
CUST103035,Ruth Nsereko,+256745661608,ruth.nsereko@srg.co.ug,Kampala City,18/03/2023,Female
CUST103036,Wasswa Wanyama,256793994401,wasswa.wanyama@srg.co.ug,Kampala,11-03-2025,Male
CUST103037,Namutebi Mubiru,0715555720,namutebi.mubiru@outlook.com,Gulu,2023-12-25,F
CUST103038,Patrick,,patrick@gmail.com,Arua,27/04/2021,Female
CUST103039,Ronald Okello,+256 74 558 9112,ronald.okello@outlook.com,Kumi,2021-08-28,Male
CUST103040,Rebecca Mubiru,256706256543,rebecca.mubiruyahoo.com,Iganga,2025-04-13,Male
CUST103041,Ssempebwa Guma,071-249-5128,ssempebwa.guma@gmail.com,Kampala,2021-10-28,Male
CUST103042,Namubiru,256788581135,namubiru@srg.co.ug,Mukono,2022-07-29,
CUST103043,Guma Mubiru,0718914455,guma.mubiru@mail.com,Masindi,2021-07-01,Male
CUST103044,Agnes Nabirye,0727536450,,Rakai,26/04/2025,Male
CUST103045,Harriet Tendo,+256719017242,harriettendo@gmail.com,Isingiro,26/09/2023,Female
CUST103046,Ssemakula Ssemakula,790177159,,Arua,2022-04-05,Male
CUST103047,Mubiru Nakato,256791356754,mubiru.nakatooutlook.com,Kasese,27/10/2023,M
CUST103048,Nakiganda Rebecca,756867202,nakiganda.rebecca@outlook,Mukono,19/02/2023,
CUST103049,Grace Ouma,,grace.ouma@gmail.com,Lira,2022-02-28,M
CUST103050,Nabbanja Nabbanja,705840005,nabbanja.nabbanja@outlook.com,Jinja,18/04/2024,Female
CUST103051,Lubega Nankya,0705162825,lubega.nankyayahoo.com,Tororo,03/03/2024,Male
CUST103052,Ssemakula Achieng,+256729269883,ssemakula.achieng@gmail.com,Mbarara,25/12/2023,Male
CUST103053,Olweny Ahabwe,+256791648121,olwenyahabwe64@gmail.com,Jinja,13/11/2021,
CUST103054,Namubiru Kibirige,256732553870,namubiru.kibirige@srg.co.ug,jinja,2021-09-23,Female
CUST103055,Namubiru Wasswa,0721764884,,Kampala,29/01/2022,Female
CUST103056,Alexander Kibirige,,alexander.kibirige@gmail.com,Kampala,11/11/2021,Female
CUST103057,Namubiru Kambale,+256 78 399 2359,namubiru.kambale@gmail.com,Kiboga,2025-07-19,F
CUST103058,Nakiganda Kibirige,+256 73 324 7487,nakiganda.kibirige@outlook.com,Kampala,30-06-2022,Female 
CUST103059,Dorothy Munezero,256746394683,dorothy.munezero@yahoo.com,Wakiso,2022-12-24,
CUST103060,Kibirige Namubiru,+256775885913,kibirige.namubiru@srg.co.ug,Soroti,18/07/2023,M
CUST103061,Munezero Ronald,0702854891,munezero.ronald@outlook.com,Jinja,2024-12-18, 
CUST103062,Brian Kyebambe,256714269459,brian.kyebambe@mail.com,Gulu,2021-03-19,M
CUST103063,Beatrice Ssimbwa,0711099847,beatricessimbwa46@yahoo.com,Lira,2025-06-15,Female
CUST103064,ouma nakato,736942592,ouma.nakato@mail.com,Entebbe,2021-04-26,M
CUST103065,Esther Mukasa,077-737-4771,esthermukasa90@mail.com,Arua,2024-08-04,
CUST103066,Peter Tumusiime,0798868642,peter.tumusiime@gmail.com,Kiboga,2022-10-07,
CUST103067,joan kamoga,256773902423,joan.kamoga@hotmail.com,Kampala,,Female
CUST103068,Nankya Flmrence,788503423,nankya.florence@gmail.com,Somewhere,2024-08-20,M
CUST103069,Olweny Mubiru,787252802,olweny.mubiru@hotmail.com,Jinja City,2023-05-20,
CUST103070,Michael Mugisha,0726249752,michaelmugisha@gmail.com,Soroti,24/04/2024,Male
CUST103071,Butime Olweny,+256788119774,butime.olweny@outlook.com,Jinja,2024-11-01,M
CUST103072,Namutebi Kibirige,073-665-9203,namutebikibirige42@hotmail.com,Tororo,2021-12-02,Female
CUST103073,Ssebugwawo Atim,+256 72 834 2981,ssebugwawo.atim@mail.com,Kampala,2022-05-31,Female
CUST103074,Irene Ssentongo,0784159534,irenessentongo@mail.com,Enteba,25-04-2023,F
CUST103075,Catherine Mugisha,256731485906,catherine.mugisha@yahoo.com,Gulu,02/02/2023,
CUST103076,Mary Tumusiime,+256 72 597 3705,mary.tumusiime@gmail.com,Mbarara,2025-08-13,Male
CUST103077,Joan Kibirige,0796258763,joan.kibirigesrg.co.ug,Kabarole,2025-09-05,Female
CUST103078,Mugisha Wanyama,0785466191,mugisha.wanyama@srg.co.ug,Kampala,06/03/2023,M
CUST103079,Ssebugwawo Guma,+256743822835,ssebugwawo.guma@outlook.com,Kampala,06-09-2023,M
CUST103080,Timothy Ahabwe,+256 72 096 8804,timothyahabwe10@gmail.com,Fort Portal,06/10/2021,Female
CUST103081,Muchael Munezero,+256719563165,michael.munezero@hotmail.com,kayunga,2023-03-02,Male
CUST103082,Kamoga Nabirye,0730786038,kamoga.nabirye@hotmail.com,Kampala,20/11/2023,M
CUST103083,Robert Kamoga,+256709804406,robertkamoga32@yahoo.com,  ,2024-05-01,Male
CUST103084,Ruth Wasswa,+256 78 880 9168,ruth.wasswa@srg.co.ug,Kitgum,29/07/2025,Female
CUST103085,Stephen Byaruhanga,+256 75 470 7730,stephen.byaruhanga@outlook.com,Kiruhura,17/12/2023,Female
CUST103086,Isaac Tumusiime,+256776642888,isaac.tumusiime@outlook.com,Kampala,2023-07-08,Female
CUST103087,Kibirige Ssentongo,256742396469,kibirige.ssentongo@gmail.com,Kampala,2025-10-03,
CUST103088,Rebecca Katusiime,0781891252,rebecca.katusiime@outlook.com,Jinja,2025-03-31,Male
CUST103089,Michael Nsereko,0726103120,michael.nsereko@yahoo.com,Wakiso,2021-08-05,Male
CUST103090,Daniel Nalubega,700962753,daniel.nalubega@gmail.com,Wakisio,19/06/2023,Male
CUST103091,Stephen Mukasa,705374540,stephenmukasa34@yahoo.com,Kampala,2021-03-15,Female
CUST103092,Mary Tendo,+256776739318, mary.tendo@gmail.com ,Kampala,,
CUST103093,Namubiru Ouma,+256783176441,namubiruouma69@yahoo.com,Kalangala,11-09-2023,Male
CUST103094,Andrew Ssemakula,0738650938,andrew.ssemakula@yahoo.com,Isingiro,20/01/2025,Female
CUST103095,Nankya Mukasa,+256795498802,nankyamukasa95@outlook.com,Kampala Region,2024-07-20,Female
CUST103096,Ssempebwa Kafeero,256733713891,ssempebwa.kafeero@gmail.com,Kampala,2025-07-09,
CUST103097,Okello Kizza,079-205-2211,okello.kizza@srg.co.ug,Kayunga,2023-01-10,M
CUST103098,Jane Nalubega,706063015,jane.nalubega@gmail.com,Sembabule,2024-12-24,Male
CUST103099,Ronald Katusiime,256710642967,,Bushenyi,02/10/2025,Male
CUST103100,Ronald Kyebambe,+256 74 672 8435,ronald.kyebambe@yahoo.com,Masindi District,2025-06-14,Male
CUST103101,Mubiru Okello,+256780894589,mubiru.okello@outlook.com,Kampala,31/03/2023,Male
CUST103102,Ssekandi Ssebugwawo,,ssekandi.ssebugwawo@outlook.com,Isingiro,26/06/2025,Male 
CUST103103,Atim Lubega,256783308083,atim.lubega@gmail,Wakiso,26-05-2023,Female
CUST103104,Mugisha,770355053,mugisha@hotmail.com,Mbale,08/07/2025,M
CUST103105,Stephen Ssentongo,079-761-4144,stephen.ssentongo@yahoo.com,Wakiso,28-06-2024,F
CUST103106,Munezero Wanyama,0714517936,munezero.wanyama@srg.co.ug,Gulu City,2023-07-02,Female
CUST103107,Alexander,+256 71 183 1496,alexander95@mail.com,Mbale,2024-05-23,
CUST103108,Jane Munezero,+256719149253,jane.munezero@outlook.com,Kampala,2024-10-09,Male
CUST103109,Okello Ronald,079-708-8045,okello.ronald@mail.com,Nakasongola,17/07/2023,
CUST103110,Godfrey Mugisha,256734577186,godfreymugisha9@mail.com,Mukono,03-11-2024,Female
CUST103111,Florence Butime,+256783229908,florencebutime15@outlook.com,Wakiso,2022-05-22,Male
CUST103112,Okello John,+256717168111,,Soroti,31-08-2023,
CUST103113,Ouma Olweny,0785107216,oumaolweny@gmail.com,Nakasongola,2022-11-09,Male
CUST103114,Nabirye Ahabwe,0701933432,nabirye.ahabwe@gmail.com,Tororo,2024-05-04,F
CUST103115,Mugisha Nalubega,0711954548,mugisha.nalubega@yahoo.com,Wakiso,2022-03-05,
CUST103116,Catherine Tendo,,catherinetendo71@yahoo.com,Kampala,,Male
CUST103117,Kyomuhendo Emmanuel,+256759964068,kyomuhendoemmanuel25@yahoo.com,Luwero,30-11-2024,Female
CUST103118,Olweny Okello,074-358-7512,olweny.okello@yahoo.com,Mbarara City,2023-06-23,Male 
CUST103119,Daniel Kyomuhendo,256798371158,daniel.kyomuhendo@srg.co.ug,Wakiso,2024-02-13,
CUST103120,Nabirye,+256 79 535 3328,nabirye@yahoo.com,Kampala,24/10/2021,Female
CUST103121,Rebecca Mubiru,+256793754157,rebecca.mubiru@mail.com,Mbarara,2022-07-28,M
CUST103122,Alexander Lubega,0735159291,alexander.lubega@mail.com,luwero,06/04/2023,Female
CUST103123,Ruth Ouma,,ruth.ouma@outlook.com,Arua City,2025-05-05,F
CUST103124,Kizza,+256785383017,,Mukko,2024-11-30,Male
CUST103125,Mary Kyomuhendo,,mary.kyomuhendo@mail.com,Kampala,13-05-2024,Male
CUST103126,Okello Okello,796868175,okello.okello@mail.com,Masindi,2023-02-26,Male
CUST103127,Atim Munezero,792350338,atim.munezero@yahoo.com,Mbarara,2025-02-17,Female 
CUST103128,Joseph Kibirige,+256756562411,josephkibirige@gmail.com,Entebbe,29/08/2025,M
CUST103129,Harriet Nabirye,+256731036437,harriet.nabirye@mail.com,Mukono,31-07-2022,Female
CUST103130,Nakayiza Munezero,256734778607,nakayiza.munezero@yahoo.com,Wakiso,06/01/2024,F
CUST103131,Beatrice Guma,+256755150678,beatrice.guma@hotmail.com,Tororo,2022-12-03,Female 
CUST103132,Naomi Ssentongo,070-290-7941,naomi.ssentongo@hotmail.com,Soroti,18-01-2025,Female
CUST103133,OUMA KYEBAMBE,773224093,ouma.kyebambe@srg.co.ug,Mukono,29-10-2023,Male
CUST103134,Nabbanja Mubiru,,nabbanjamubiru96@yahoo.com,Kalangala,2023-12-17,Female 
CUST103135,Wasswa Lubega,0791701445,wasswa.lubega@outlook.com,Kampala,2022-08-21,Male
CUST103136,Florence Munezero,+256719812282,florence.munezero@yahoo.com,Mukono,2021-10-18,Male
CUST103137,Michael Kyebambe,+256 70 673 0112,michael.kyebambe@yahoo.com,Mukono,05/09/2024,Male 
CUST103138,Mary Nankya,256742999276,mary.nankyagmail.com,Kampala,2021-12-20,
CUST103139,Nakayiza Ssimbwa,754732641,nakayiza.ssimbwa@hotmail.com,Mukono,2022-09-10,F
CUST103140,Nankya Kafeero,256733395923,nankyakafeero@hotmail.com,arua,2023-02-19,Female
CUST103141,Nankya Tendo,072-186-5404,nankya.tendo@gmail.com,Kampala,,
CUST103142,Nankya Kibirige,+256706908219,nankya.kibirige@mail.com,Kampala-City,07/11/2021,Male
CUST103143,Munezero Kyomuhendo,0728840439,munezero.kyomuhendo@mail.com,Kampala,18/01/2023,Female 
CUST103144,Nabirye Kyomuhendo,775734414,,Gulu City,2024-09-10,Female 
CUST103145,John Wanyama,0772598922,johnwanyama@hotmail.com,Lira,02/03/2021,Male
CUST103146,Nabbanja Nankya,0737908834,nabbanja.nankya@gmail.com,Soroti,2023-05-05,Female
CUST103147,Atim Olweny,256739911645,atim.olweny@srg.co.ug,Kampala,2023-06-13,
CUST103148,Esther Guma,784367923,esther.guma@srg.co.ug,Lira,2021-01-14,Male
CUST103149,Tumusiime Emmanuel,+256709805740,tumusiime.emmanuel@hotmail.com,Gulu,2022-11-28,Female
CUST103150,Michael,,michael12@srg.co.ug,Kampala,2023-06-22,Male
CUST103151,Kyomuhendo Olweny,075-758-2134,kyomuhendo.olweny@yahoo.com,Hoima,01/08/2023,Female
CUST103152,Sheila Byaruhanga,+256 78 673 4416,sheila.byaruhanga@srg.co.ug,Wakiso,2024-01-08,
CUST103153,Ssemakula Kibirige,+256743027914,ssemakula.kibirige@yahoo.com,Kampala,04/08/2022,
CUST103154,Agnes Kyomuhendo,,agnes.kyomuhendo@mail.com,Jinja City,17-04-2023,Male
CUST103155,Robert Olweny,776565462,robert.olweny@gmail.com,Kampala,14/04/2024,
CUST103156,Munezero Munezero,0720185823,munezeromunezero45@yahoo.com,Isingiro,30/11/2023,Female
CUST103157,Harriet Munezero,+256770246974,,Kayunga,20/10/2022,Female
CUST103158,Byaruhanga Esther,+256708991510,byaruhanga.esther@outlook.com,Kampala,2021-12-25,Male
CUST103159,Wasswa Ssemakula,0710049465,wasswa.ssemakula@hotmail.com,Lira,,Male
CUST103160,Alexander Ssimbwa,+256 77 081 8336,alexanderssimbwa19@gmail.com,Jinja,2024-10-22,Female
CUST103161,Godfrey Ssempebwa,+256 79 355 5184,godfrey.ssempebwa@mail.com,Masaka,16/07/2022,
CUST103162,Collins Okello,0758068585,collins.okello@gmail.com,Kampala,14/03/2024,Female
CUST103163,Rebecca Ahabwe,256773739284,rebecca.ahabwe@srg.co.ug,Mukono,2024-04-26,
CUST103164,Lubega Beatrice,+256785535036,lubega.beatrice@gmail.com,Mukono,2023-04-14,F
CUST103165,Nalubega Kato,256713707528,nalubega.kato@srg.co.ug,Hoima,2025-06-09,M
CUST103166,Nabirye Namubiru,708566031,nabirye.namubiru@hotmail.com,Mbale,03/03/2023,Female
CUST103167,Nankya Mubiru,256716354756,nankya.mubiru@yahoo.com,Wakiso,2024-05-16,Female
CUST103168,Ouma Tumusiime,0799326782,ouma.tumusiime@gmail.com,Soroti District,26/06/2022,Male
CUST103169,John Nakato,,john.nakato@srg.co.ug,Kalangala,2024-05-22,Male 
CUST103170,A. Nakiganda,256771571330,ahabwenakiganda92@mail.com,Kampala City,2022-12-14,Female
CUST103171,Samuel Nsereko,+256 71 949 2022,samuel.nsereko@gmail.com,Soroti,2023-07-08,Male
CUST103172,Agnes Nalubega,713612119,,wakiso,06/01/2021,
CUST103173,Nakayiza Alexander,+256748088274,,Hoima,16/09/2021,Female
CUST103174,Samuel,074-913-3067,,Kampala,27/05/2025,Male
CUST103175,Beatrice Ssekandi,0745288901,beatrice.ssekandi@outlook.com,Arua,2021-08-20,Female
CUST103176,Ruth Mukasa,0745861955,ruth.mukasa@yahoo.com,Wakiso,07/02/2023,Female
CUST103177,Munezero,0758577024,munezero@yahoo.com,Mukono,24-07-2022,Female 
CUST103178,Wanyama Agnes,072-353-3821,wanyama.agnes@gmail.com,Iganga Town,25/09/2023,Male
CUST103179,Ssekandi Phoebe,0751023721,ssekandi.phoebe@hotmail.com,Kampala,2024-08-22,Female
CUST103180,Peter Nalubega,+256706111503,peter.nalubega@gmail.com,lira,,M
CUST103181,Nsereko Joan,,nserekojoan@gmail.com,Mbarara,22/02/2023,Female
CUST103182,  Kibirige Wanyama ,0712654188,kibirige.wanyama@outlook.com,Rakai,2021-09-28,Male
CUST103183,Namubiru Kamoga,745522274,namubiru.kamoga@outlook.com,Nebbi,10/08/2021,
CUST103184,Dorothy Ssimbwa,+256721079177,dorothy.ssimbwa@outlook.com,Kampala,2024-04-14,M
CUST103185,Daniel Munezero,256734739930,danielmunezero42@hotmail.com,Kampala,2021-05-24,Male
CUST103186,Kyomuhendo Byaruhanga,748076422,kyomuhendo.byaruhanga@srg,kiruhura,2024-01-14,Female
CUST103187,Katusiime Peter,+256 78 252 5499,katusiime.peter@gmail.com,Jinja City,13/09/2025,Male
CUST103188,Ouma Katusiime,+256 79 649 1307,ouma.katusiime@outlook.com,jinja,2024-12-12,Male
CUST103189,Ssekandi,0771072283,ssekandi@yahoo.com,Mukono,2023-03-16,Male
CUST103190,Andrew Kambale,+256 78 445 3210,andrew.kambale@gmail.com,Gulu,2022-04-19,Female
CUST103191,Andrew Namubiru,+256 72 775 0497,andrew.namubiru@mail.com,Mukono,21/09/2021,Female
CUST103192,Nsereko Nabirye,+256776101817,nsereko.nabirye@mail.com,Kasese,22/10/2021,Male
CUST103193,Samuel Kizza,0747971329,samuel.kizza@gmail.com,Wakiso,2024-07-11,Male
CUST103194,Patrick Munezero,0724692016,patrick.munezero@mail.com,mukono,2025-03-31,
CUST103195,Nankya Atukunda,0707975318,,Kiboga,2021-09-21,Female
CUST103196,Ronald Byaruhanga,0735167350,ronaldbyaruhanga12@hotmail.com,Wakiso,21-03-2022,Male
CUST103197,Emmanuel Olweny,256734410507,emmanuel.olweny@srg.co.ug,Masaka,24-11-2024,
CUST103198,Emmanuel Ssemakula,+256 74 512 5588,emmanuel.ssemakula@mail.com,Mbale City,2023-06-09,Female 
CUST103199,Wasswa,0775380218,wasswa14@hotmail.com,Gulu,18-08-2024,Male
CUST103200,Naomi Mukasa,+256 75 724 1622,naomi.mukasa@gmail.com,Wakiso,2022-07-11,Female
CUST103201,Agnes Nsereko,719652919,agnesnsereko63@hotmail.com,Kampala,,Male
CUST103202,Ssentongo Nalubega,+256 75 840 7704,ssentongo.nalubega@gmail.com,Sembabule,13/02/2024,Male
CUST103203,Isaac Achieng,,isaac.achieng@hotmail.com,Wakiso,10/04/2024,Female
CUST103204,Tendo Butime,+256 79 648 3620,tendo.butime@mail.com,Kampala,12/05/2024,M
CUST103205,Nabbanja Kyomuhendo,256772203332,nabbanjakyomuhendo29@mail.com,Gulu,2024-04-12,Female
CUST103206,Ssempebwa Lubega,,ssempebwa.lubega@srg.co.ug,Jinja,2022-12-28,Male
CUST103207,Robert Kambale,+256 71 699 1214,robert.kambale@srg.co.ug,Kampala1,19-10-2022,Male
CUST103208,Sarah Nakato,,sarah.nakato@gmail.com,Kampala,2022-12-26,Male
CUST103209,Namutebi Nabbanja,,namutebi.nabbanja@mail.com,Kampala,24/07/2025,Female
CUST103210,Lubega Okello,0772233206,lubega.okello@mail.com,Mbale,2025-04-04,
CUST103211,Patrick Kambale,+256 70 043 2716,,Masaka,2024-11-13,F
CUST103212,Nalubega Kizza,+256705634953,nalubegakizza@yahoo.com,Kampala,13/10/2022,
CUST103213,Nalubega Tumusiime,+256703481389,nalubega.tumusiime@gmail.com,Mbarara,,Female
CUST103214,Phoebe Nakayiza,0784580665, phoebe.nakayiza@gmail.com ,Kampala,2024-07-06,F
CUST103215,Sheila Kyomuhendo,071-566-8920,sheilakyomuhendo@mail.com,bundibugyo,16-02-2025,F
CUST103216,Collins Munezero,+256793370470,collins.munezero@outlook.com,Kampala,2025-07-12,F
CUST103217,Isaac Ahabwe,0735779093,isaacahabwe52@outlook.com,Mbale,2021-06-17,Female
CUST103218,Timothy Kibirige,789636249,timothy.kibirige@mail,Kampala,25/04/2023,Female
CUST103219,Ronald Butime,,ronaldbutime54@hotmail.com,Kampala,22/09/2021,Male 
CUST103220,Kambale Wasswa,+256738856762,kambale.wasswa@mail.com,Gulu,2021-02-28,
CUST103221,Kizza Namubiru,,kizzanamubiru@gmail.com,Mukono,23-09-2022,Female
CUST103222,Ssempebwa Esther,+256707278979,ssempebwa.esther@gmail.com,Kampala,,Male
CUST103223,Ouma Kyomuhendo,256777157811,ouma.kyomuhendo@hotmail.com,Kampala,2022-02-05,Male
CUST103224,Kizza Harriet,+256741241825,kizza.harriet@yahoo.com,Mukono,2021-06-21,F
CUST103225,Namubiru Mugisha,727073992, namubiru.mugisha@srg.co.ug ,Kampala,08/05/2022,F
CUST103226,Rebecca,+256738464976,rebecca@outlook.com,Kampala,04/09/2025,Male
CUST103227,Godfrey,+256705524255,godfrey@srg.co.ug,Lira,2025-04-01,Female
CUST103228,Mercy Nakato,+256 70 966 5216,mercy.nakato@yahoo.com,Mukko,18/07/2024,Female
CUST103229,Ssentongo Ssemakula,+256776430028,,Jinja,2022-06-17,Male
CUST103230,Michael Achieng,701653012,michael.achieng@hotmail.com,Gulu,17/05/2025,Male 
CUST103231,Ssentongo Nankya,0781986648,ssentongo.nankya@yahoo.com,Wakiso,2022-02-19,Female 
CUST103232,Godfrey Lubega,078-806-9367,,Kampala1,2025-01-29,Female
CUST103233,Mukasa Mugisha,0724620589,mukasamugisha96@hotmail.com,Jinja,,Male
CUST103234,Harriet Ssemakula,+256756104549,harrietssemakula@mail.com,Wakiso,2022-10-27,Female
CUST103235,Kyomuhendo Mubiru,256756587033,,Mukko,2025-08-31,
CUST103236,Brian Nsereko,,brian.nsereko@mail.com,Wakiso,,Male
CUST103237,Munezero Kibirige,0746891933,munezero.kibirige@outlook.com,Mbarara,2022-03-24,Female
CUST103238,Ronald Ninsiima,714869451,ronaldninsiima75@outlook.com,masaka,2021-02-15,
CUST103239,Ruth Atim,+256784619428,ruthatim19@gmail.com,Kampala,,Female
CUST103240,Andrew Kamoga,+256793527807,andrew.kamoga@hotmail.com,Entebbe,,Female
CUST103241,Naomi Ahabwe,+256798063384,naomi.ahabwe@hotmail,Soroti,27-06-2022,Female
CUST103242,Ssempebwa,+256740671959,ssempebwa@mail.com,Masindi,2022-08-26,Male 
CUST103243,Ssempebwa Okello,0743700180,ssempebwa.okello@gmail.com,Kitgum,2022-04-11,M
CUST103244,Joan Wasswa,718165886,joan.wasswa@hotmail.com,Mbarara,2021-01-25,Female
CUST103245,Achieng Nabirye,0703320448,,Mbarara City,26/10/2021,Female
CUST103246,Grace Mukasa,717508008,grace.mukasa@outlook.com,Bundibugyo,2023-07-29,Male
CUST103247,Olweny Samuel,,olweny.samuel@hotmail.com,Gulu,06-12-2024,Male
CUST103248,Ssempebwa Esther,+256 70 727 8979,ssempebwa.esther@gmail.com,Kampala,,Male
CUST103249,Rebecca Ninsiima,+256701608380,rebecca.ninsiima@mail.com,Jinja,2024-07-14,Male
CUST103250,Florence Kizza,0797968989,florencekizza42@gmail.com,kabale,07/07/2022,M
CUST103251,Kizza Ssentongo,256755635099,kizza.ssentongo@hotmail.com,Mbarara,2021-04-02,Male
CUST103252,OKELLO NABIRYE,,,Gulu,07/04/2025,Male
CUST103253,Ssemakula Kamoga,+256794468342,ssemakula.kamoga@outlook.com,Kalangala,23-01-2024,Male
CUST103254,Namubiru Ouma,0783176441,namubiruouma69@yahoo.com,Kalangala,11-09-2023,Male
CUST103255,Ssempebwa Kyebambe,0725661387,ssempebwa.kyebambe@mail.com,rakai,2025-06-11,Male
CUST103256,Wasswa Nakato,0750326639,wasswa.nakato@hotmail.com,mbale,2024-07-21,Male
CUST103257,Ssempebwa Tendo,0770755848,ssempebwa.tendo@yahoo.com,Arua,2021-02-18, 
CUST103258,Okello Nakato,+256 74 546 1787,,Kampala,22/06/2025,M
CUST103259,Joan Lubega,0722521068,joan.lubega@gmail.com,Wakiso,,Female
CUST103260,Munezero,0712262708,munezero@gmail.com,Mbale,2022-08-18,Female
CUST103261,Kizza Guma,0741605261,kizza.gumayahoo.com,Kayunga,01-07-2024,Male
CUST103262,Wanyama Atukunda,780510662,wanyama.atukunda@srg.co.ug,Mbarara,29/06/2022,Female
CUST103263,Olweny Munezero,+256747160694,olweny.munezero@yahoo.com,Masacka,31-05-2021,Male
CUST103264,Rebecca Mugisha,757475498,rebecca.mugisha@srg.co.ug,Wakiso,2021-08-11,Male
CUST103265,Ssempebwa Nakato,+256774261652,ssempebwanakato54@gmail.com,Gulu District,2024-09-02,
CUST103266,John Atukunda,256778435719,johnatukunda38@gmail,Mballa,2025-07-14,Male
CUST103267,Tumusiime Guma,+256715941669,tumusiime.guma@outlook.com,Kampala,2022-01-06,Male 
CUST103268,Phoebe Kizza,+256714774892,phoebe.kizza@yahoo.com,Jinja,2021-03-21,Female
CUST103269,Andrew Ssemakula,+256798397059,andrewssemakula@yahoo.com,Kalangala,16/10/2025,
CUST103270,Sheila Nabbanja,256796294218,sheila.nabbanja@hotmail.com,Entebbe City,,Female
CUST103271,Michael Kyomuhendo,256770775906,michaelkyomuhendo@outlook.com,Kampala,2022-11-11,Male
CUST103272,Lubega Sarah,+256730246380,lubega.sarah@gmail.com,Kampala,27/04/2024,M
CUST103273,Grace Guma,256782366295,grace.guma@yahoo.com,Kampala,16-07-2025,Male
CUST103274,Juliet,073-166-1616,juliet@outlook.com,Mbale,17/07/2023,Female
CUST103275,Butime Atim,735353416,butime.atim@yahoo.com,rakai,2021-11-20,Female
CUST103276,Beatrice Ouma,077-796-6779,beatrice.ouma@gmail.com,Jinja,2023-08-17,Female
CUST103277,Ronald Ssimbwa,0750547748,ronald.ssimbwa@outlook.com,Mukono,16/09/2023,
CUST103278,Alexander Guma,,alexander.guma@yahoo.com,Nebbi,2024-04-17,Female
CUST103279,Mugisha Nabbanja,070-710-1826,mugishanabbanja5@mail.com,Luwero District,2022-06-14,Male
CUST103280,Joan Nabirye,,joannabirye18@yahoo.com,Mbarara,12/12/2022,Female
CUST103281,Isaac Achieng,+256791177093,,Wakiso District,2024-06-15,Female
CUST103282,Isaac Lubega,+256 71 918 1487, isaaclubega71@hotmail.com ,Wakiso,2025-02-19,Female
CUST103283,Nalubega Robert,+256770234472,nalubega.robert@mail.com,Mbale,2021-07-08,Male
CUST103284,Ninsiima Ninsiima,071-908-8143,ninsiima.ninsiima@outlook.com,Kampala,22/09/2023,F
CUST103285,Ssimbwa Ssekandi,0744794236,ssimbwa.ssekandi@srg.co.ug,Hoima,2024-02-26,Male
CUST103286,Ssekandi Nakato,+256721610194,ssekandi.nakato@outlook.com,Lira District,02-06-2022,Male
CUST103287,Phoebe Atim,+256 71 551 9070,phoebe.atim@gmail.com,wakiso,26/06/2022,Female
CUST103288,Beatrice Butime,075-031-5307,beatrice.butime@yahoo.com,Sembabule,2021-06-23,Female
CUST103289,Ruth Kizza,,,Wakiso,2021-02-25,F
CUST103290,Phoebe Buttme,,phoebe.butime@mail.com,Jinja,2024-10-28,F
CUST103291,Sheila Nakiganda,+256724034328,sheila.nakiganda@mail.com,Wakiso,12-07-2022,Female 
CUST103292,Alexander Guma,+256790161223,alexanderguma36@gmail,Kampala,29/07/2021,Female
CUST103293,Tendo Samuel,+256 73 351 5197,tendo.samuel@outlook.com,Kampala,2023-09-19,Male
CUST103294,Mary Mubiru,0775705049,marymubiru@outlook.com,Mukono,2024-08-17,M
CUST103295,Kambale Nabbanja,,kambale.nabbanja@mail.com,Kiruhura,2021-03-31,F
CUST103296,Beatrice Kamoga,+256704669244,beatrice.kamoga@mail.com,Wakiso,2021-08-16,Female
CUST103297,Tevdo Atim,0789778336,tendoatim92@yahoo.com,Wakiso,12-10-2025,F
CUST103298,Mugisha Katusiime,256735730735, mugisha.katusiime@hotmail.com ,Kampala,2025-08-17,M
CUST103299,Lubega Kibirige,+256796437703,lubega.kibirige@outlook.com,Kitgum,2023-09-23,M
CUST103300,Ssimbwa Atim,0750286890,ssimbwa.atim@hotmail.com,Lira,05/09/2021,Male
CUST103301,florence munezero,0701838528,florence.munezero@yahoo.com,Kampala,29-12-2022,Male 
CUST103302,Ssemakula Ahabwe,074-625-3989,ssemakulaahabwe56@outlook.com,Jinja,30/09/2023, 
CUST103303,Michael Butime,073-427-6288,michael.butime@srg.co.ug,Masaka,,Male
CUST103304,Kato Lubega,0751884750,kato.lubega@outlook.com,Kampala,2021-10-24,M
CUST103305,GRACE NAMUBIRU,0719517057,grace.namubiru@yahoo.com,Arua,22/02/2025,Male
CUST103306,Phoebe Kibirige,256727049602,phoebekibirige79mail.com,Kabale,06/01/2021,
CUST103307,Godfrey Nalubega,+256730328116,godfrey.nalubega@yahoo.com,Gulu,2023-09-10,Female
CUST103308,Katusiime Nankya,791091789,katusiime.nankya@mail.com,Kampala,17-02-2022,Female
CUST103309,Beatrice Nsereko,+256790920409,beatrice.nsereko@srg.co.ug,Kabale,24-09-2024,
CUST103310,Katusiime Kibirige,0788276069,katusiime.kibirige@hotmail.com,Mbarara,03-04-2024,F
CUST103311,Kamoga Kambale,+256710347570,kamoga.kambale@mail.com,Kitgum,27-02-2023,Male
CUST103312,Nakayiza Achieng,0773947842,nakayiza.achieng@hotmail.com,Hoima,2022-08-26,Female
CUST103313,Katusiime Nabirye,0794535735,katusiimenabirye@srg.co.ug,Gulu,2023-09-05,Female
CUST103314,Mubiru Kamoga,727114213,mubiru.kamoga@mail.com,Kampala,2021-01-27,Male
CUST103315,Kamoga Kibirige,784509556,kamoga.kibirige@mail.com,Mukono,,Male
CUST103316,John Kyebambe,,john.kyebambe@gmail.com,Mukko,2024-11-05,M
CUST103317,Timothy Munezero,+256 77 352 9763,timothymunezero48yahoo.com,gulu,2024-07-11,Female
CUST103318,Grace Wanyama,,,Kampala,2024-05-20,Male
CUST103319,Butime Kamoga,,butime.kamoga@mail.com,Bundibugyo,11/06/2024,Male
CUST103320,Agnes Nakiganda,0709806149,agnesnakiganda45@gmail.com,jinji,04-09-2021,Male 
CUST103321,Ssempebwa Nankya,,ssempebwanankya11@outlook.com,Mukono,20/04/2025,
CUST103322,Mercy Ninsiima,+256791037400,mercy.ninsiima@srg.co.ug,Isingiro,2024-08-19,Female
CUST103323,Emmanuel Nsereko,079-888-1347,emmanuel.nsereko@yahoo.com,Kampala,,Female
CUST103324,Nabirye Peter,702040500,,Kampala,2023-06-09,Male
CUST103325,Guma Wasswa,0796237680,gumawasswa@mail.com,Mbarara,2021-04-12,M
CUST103326,Esther Nsereko,+256798029027,esther.nsereko@outlook.com,Gulu,2023-08-12,M
CUST103327,Kyomuhendo Byaruhanga,0787290386,,Lira,31/10/2023,Male
CUST103328,Kato Ssempebwa,+256786689410,kato.ssempebwa@hotmail.com,Fort Portal,26/09/2024,Male
CUST103329,Esther,+256786727776,esther@outlook.com,Mbarara,2022-09-03,M
CUST103330,Mercy Katusiime,772763365,mercy.katusiime@gmail.com,Gulu,2024-08-19,
CUST103331,Wasswa Mary,+256739280641,wasswamary99@yahoo.com,Kalangala,14/05/2022,M
CUST103332,Ssentongo Nakayiza,+256 71 822 3860,ssentongonakayiza69@outlook,Wakiso,2025-09-12,M
CUST103333,Namubiru Olweny,071-258-9233,namubiru.olweny@yahoo.com,wakiso,2022-07-01,Male
CUST103334,Phoebe Nakato,+256 78 880 8225,phoebenakato32@yahoo.com,Kampala,03/07/2024,
CUST103335,Brian Tumusiime,+256718900582,brian.tumusiime@mail.com,Mukono,2023-05-05,Male
CUST103336,Guma Olweny,0741823781,guma.olweny@gmail.com,kiboga,2024-11-23,Male
CUST103337,Ouma Rebecca,+256704780928,ouma.rebecca@mail.com,Entebbe City,28/06/2021,Male
CUST103338,Ssimbwa Atim,,ssimbwa.atim@mail.com,Kampala,2022-01-11,Male
CUST103339,Rebecca Ssempebwa,0782648486,rebecca.ssempebwa@mail.com,Iganga,14/05/2023,Male
CUST103340,Wanyama John,+256740157910,wanyama.john@srg.co.ug,Kampala,2024-04-11,Male
CUST103341,Mubiru Ssebugwawo,0799726632,mubirussebugwawo39@gmail.com,Jinja City,2021-12-20,Male
CUST103342,Kyomuhendo Nankya,+256 73 080 3895,kyomuhendo.nankya@gmail.com,Mukono,12/04/2021,Female
CUST103343,Collins Kambale,+256791665881,collins.kambale@yahoo.com,Wakiso,2024-12-06,
CUST103344,Nakiganda Ninsiima,+256754351939,nakiganda.ninsiima@hotmail.com,Mballa,13/01/2022,Female
CUST103345,Kyomuhendo Mukasa,700498593,kyomuhendo.mukasa@mail.com,Tororo,2024-06-11,Female
CUST103346,Nabirye Kamoga,256723897976,nabirye.kamoga@outlook.com,Jinja,2024-10-27,
CUST103347,Jane Kyomuhendo,+256 71 849 3827,jane.kyomuhendo@mail.com,Wakiso,2025-07-08,Male
CUST103348,Daniel Ouma,073-841-7082,daniel.oumasrg.co.ug,Gulu,04-11-2023,
CUST103349,Ssekandi Nakayiza,256739815732,ssekandi.nakayizagmail.com,Kalangala,2025-03-02,Male
CUST103350,Okello Kyebambe,+256740863767,okellokyebambe33@gmail.com,Kampala,2023-09-14,
CUST103351,Kyomuhendo Ssentongo,0782710052,kyomuhendo.ssentongo@hotmail.com,Wakiso,,Male
CUST103352,Ruth Byaruhanga,733476838,ruth.byaruhanga@gmail.com,Wakiso District,10-03-2023,Female
CUST103353,Ssimbwa Nankya,256751342111,ssimbwa.nankyamail.com,Kampala,10/11/2021,
CUST103354,Joseph Wasswa,0784194858,joseph.wasswa@yahoo.com,Wakiso,14/11/2023,
CUST103355,Emmanuel Nabbanja,0789886107,emmanuel.nabbanja@gmail.com,Kampala,2023-01-18,Female
CUST103356,Catherine Olweny,,catherineolweny@yahoo.com,Mbale,2025-03-03,Male
CUST103357,Grace Nalubega,0730260706,grace.nalubega@outlook.com,Gulu,19-01-2021,Male 
CUST103358,Florence Munezero,+256 79 187 8978,florence.munezero@outlook.com,Lira,16/11/2023,M
CUST103359,Mugisha Stephen,+256 78 433 0995, mugisha.stephen@outlook.com ,Kampala,2024-09-13,F
CUST103360,Namubiru Olweny,+256712589233,namubiru.olweny@yahoo.com,wakiso,2022-07-01,Male
CUST103361,Catherine Ssentongo,071-617-0676,catherinessentongo20@gmail.com,Wakiso,2022-09-02,M
CUST103362,Wasswa Nalubega,+256796172889,wasswa.nalubega@hotmail.com,Kabale,2021-03-28,Male
CUST103363,Nalubega Butime,0754297603,nalubega.butime@yahoo.com,Gulu,2022-09-15,F
CUST103364,Sarah Kizza,787038560,sarah.kizza@gmail.com,Lira,31-01-2021,Male
CUST103365,Ssempebwa Wanyama,256770709686,ssempebwawanyama@hotmail.com,Mbarara City,2021-03-31,Male
CUST103366,Mukasa Munezero,753744936,mukasa.munezero@mail.com,Wakiso,2025-02-28,F
CUST103367,Katusiime Nakiganda,0778271544,katusiimenakiganda3@gmail,Jinja,28/06/2025,Female
CUST103368,Ssemakula Ssebugwawo,+256773787287,ssemakula.ssebugwawo@outlook.com,Kampala,2022-07-27,Male
CUST103369,Peter Kyomuhendo,,peter.kyomuhendo@outlook.com,Gulu,2021-02-15,Male
CUST103370,Mary Ssemakula,+256 72 150 4981,mary.ssemakula@srg.co.ug,Kiboga,2021-02-24,Male
CUST103371,Agnes Okello,256799543768,agnes.okello@hotmail.com,Mukko,2025-03-18,
CUST103372,Catherine Nsereko,,catherinensereko87@mail.com,Luwero,28/01/2025,Male
CUST103373,John Munezero,705114029,john.munezero@gmail.com,Sembabule,2022-07-17,Male
CUST103374,Ssemakula Harriet,+256 72 697 3188,ssemakula.harriet@hotmail.com,Gulu,,Female
CUST103375,Okello Kyomuhendo,0708062528,okello.kyomuhendo@gmail.com,Wakiso,28/06/2024,
CUST103376,Olweny Kibirige,0774075375,olweny.kibirige@outlook.com,Kampala,05-09-2023,Male
CUST103377,Kato Ssentongo,0727183490,kato.ssentongo@yahoo.com,Wakiso,2024-12-13,Male
CUST103378,Grace Wanyama,0728393955,grace.wanyama@mail.com,Hoima,18/11/2023,Male
CUST103379,Samuel Nankya,0721733269,samuel.nankya@mail.com,Lira District,2023-12-27,Male
CUST103380,Munezero Ssekandi,0751194977,munezerossekandi79@gmail.com,Mukono,2021-06-01,Female
CUST103381,Nabbanja John,0747260864,nabbanja.john@yahoo.com,kampala district,11-09-2024,
CUST103382,Timothy Kamoga,079-921-0438,timothy.kamoga@mail.com,Masindi,29/09/2025,Female
CUST103383,Kibirige,0721640735,kibirige@yahoo.com,Mbale City,2023-08-28,Male
CUST103384,Ssimbwa Godfrey,0741805259,ssimbwa.godfrey@gmail.com,Mbarara,14/09/2025,Female
CUST103385,Daniel Nakiganda,256734258498,daniel.nakiganda@mail.com,Kampala,2023-05-29,Male
CUST103386,Sheila Byaruhanga,+256712953753,,Kampala,05/09/2022,
CUST103387,Ssemakula Achieng,+256783283368,ssemakula.achieng@hotmail.com,Kitgum,,Male
CUST103388,Patrick Mubiru,0730105420,patrickmubiru64@outlook.com,Soroti,2024-08-07,Female
CUST103389,Lubega Nalubega,717962981,lubeganalubega63@yahoo.com,Kayunga,,
CUST103390,Atim Namubiru,+256787566691,atim.namubiru@yahoo.com,Wakiso District,14/07/2022,Female
CUST103391,Ronald Nsereko,+256736042113,ronald.nsereko@hotmail.com,Mbarara,2024-02-22,
CUST103392,rebecca kibirige,,rebeccakibirige@srg.co.ug,Kampala,,Male
CUST103393,Isaac Nakato,0705628041,isaacnakato@gmail.com,Kampala,2023-12-13,Female 
CUST103394,Stephen Nabirye,0753362758,stephennabirye@hotmail.com,arua,2023-09-27,Female
CUST103395,Ouma Timothy,+256 72 435 1525,oumatimothy34@outlook.com,Kampala,04/01/2025,Female
CUST103396,Kyebambe Naomi,735015093,kyebambe.naomi@hotmail.com,Kampala,2024-01-24,Female
CUST103397,Francis Mugisha,0703539354,francismugisha53@yahoo.com,Jinja,2021-01-10,Female
CUST103398,Atim Munezero,0718922106,atim.munezero@srg.co.ug,Jinja,12/12/2022,Female
CUST103399,Rebecca Kizza,+256729030322,rebecca.kizza@yahoo.com,Kampala,16-07-2022,Male
CUST103400,Ssemakula Katusiime,747271327,ssemakulakatusiime70@srg.co.ug,Mbale,2021-10-31,
CUST103401,Juliet Wanyama,256732795743,julietwanyama44@hotmail.com,Wakiso,,Female
CUST103402,Mubiru Butime,+256723973197,mubiru.butime@srg.co.ug,Mukono,22/12/2022,
CUST103403,Byaruhanga Isaac,0742382887,byaruhanga.isaac@srg.co.ug,Fort Portal,2024-09-07,Female
CUST103404,Naomi Nakiganda,,naomi.nakiganda@mail.com,Jinja,18/12/2021,Female
CUST103405,Ssimbwa Butime,0796526207,ssimbwa.butime@outlook.com,Kampala,2023-01-14,Male
CUST103406,Isaac Ssemakula,+256 77 621 0760,isaacssemakula@yahoo.com,Mukono,12/08/2025,Female
CUST103407,Irene Wasswa,256700561389,irene.wasswa@outlook.com,Mbale,2025-02-14,Female
CUST103408,Ssebugwawo Ouma,+256722344121,ssebugwawo.ouma@outlook.com,jinja,2024-08-27,Male
CUST103409,Joan Katusiime,256753436584,joan.katusiime@mail.com,Jinja,2024-02-20,F
CUST103410,Andrew Ouma,,andrewouma40@yahoo.com,Kabale,2025-02-27,Female
CUST103411,Ouma Nabirye,0735793566,ouma.nabirye@srg.co.ug,Mukkono,2025-02-04, 
CUST103412,David Guma,+256728139528,david.guma@yahoo.com,Wakiso,2024-07-15,Male
CUST103413,David Nabbanja,+256 79 698 1863,davidnabbanja28@gmail.com,Kabale,2025-05-22,Male
CUST103414,Naomi Mugisha,,naomi.mugisha@yahoo.com,Kayunga,12-01-2021,Female 
CUST103415,Beatrice Ninsiima,256773582710,beatrice.ninsiima@hotmail.com,Arua,2023-06-04,Female
CUST103416,Robert Kamoga,+256713420855,,Arua,2022-05-11,Male
CUST103417,Stephen Kamoga,,stephen.kamoga@outlook.com,Gulu,,Female
CUST103418,jhoebe Nakayiza,256728924895,phoebe.nakayiza@hotmail.com,Jinja,06/10/2025,Female
CUST103419,Joan Kamoga,0773902423,joan.kamoga@hotmail.com,Kampala,,Female
CUST103420,Byaruhanga Ssekandi,+256 71 613 4572,byaruhanga.ssekandi@outlook.com,Jinjja,01/09/2024,Male
CUST103421,Olweny Butime,,olweny.butime@srg.co.ug,Mbarara,2023-11-07,Male
CUST103422,Sheila Lubega,+256781727494,,Kiruhura,2024-12-06,Female
CUST103423,Nsereko Nankya,+256738606827,nserekonankya@gmail.com,Kabale,2022-03-08,Male
CUST103424,Lubega Kafeero,+256746895725,lubega.kafeero@mail.com,Bushenyi,26/03/2023,
CUST103425,Katusiime Mubiru,781051448,katusiimemubiruyahoo.com,Mbale,2025-02-15, 
CUST103426,Jane Olweny,0727994720,jane.olweny@srg.co.ug,Kampala,10/05/2025,Male
CUST103427,Guma Kyomuhendo,,guma.kyomuhendo@gmail.com,Wakiso,05/12/2024,Male
CUST103428,Grace Nabbanja,,grace.nabbanja@hotmail.com,kasese,17/11/2024,Male
CUST103429,Atim Kizza,774681269,atimkizza53@yahoo.com,Kayunga,2022-11-03,
CUST103430,Lubega Phoebe,+256779008061,lubega.phoebe@mail.com,Gulu,2021-01-31,Female
CUST103431,Catherine Achieng,0796196984,catherineachieng91@srg.co.ug,Jinja,2024-08-01,Male
CUST103432,Peter Mukasa,787726789,peter.mukasa@outlook.com,Kampala,2022-02-02,M
CUST103433,Olweny Byaruhanga,0707188868, olweny.byaruhanga@srg.co.ug ,Kampala,2022-10-20,Male
CUST103434,Irene Namubiru,256770504036,irene.namubiru@hotmail.com,Arua City,2023-02-15,Female
CUST103435,Juliet Nakato,+256 71 141 2091,juliet.nakato@mail.com,Kampala,2022-03-20,Female
CUST103436,Butime Nakiganda,0718953656,butime.nakiganda@hotmail.com,Enteba,01-01-2024,Male
CUST103437,Andrew Ssemakula,256732191303,andrew.ssemakula@yahoo,Iganga Town,2024-07-02,Female
CUST103438,Nabirye Ssentongo,,nabirye.ssentongo@hotmail.com,Kayunga,2024-01-25,Female 
CUST103439,Beatrice Lubega,0708654230,beatricelubega97gmail.com,Wakiso,2022-03-29,Female
CUST103440,Namutebi Okello,+256706343420,namutebi.okello@hotmail.com,Wakiso,16-01-2022,Female
CUST103441,Stephen Atim,+256 73 498 3068,stephenatim85@hotmail.com,Mukono,10/03/2025,F
CUST103442,Ssekakdi Byaruhanga,+256716847244,ssekandi.byaruhanga@srg.co.ug,Masindi,13-08-2024,Male
CUST103443,Ronald Olweny,077-853-6886,ronald.olweny@gmail.com,Kampala,2024-03-10,Male 
CUST103444,Esther Okello,,estherokello@yahoo.com,Kabale,07/03/2024,Male
CUST103445,Michael Okello,256729065399,michael.okello@outlook.com,Arua,2024-11-22,M
CUST103446,Nakayiza Butime,0796539734,nakayiza.butime@yahoo.com,Mbale City,29/08/2025,
CUST103447,Nsereko Ssempebwa,789999204,nsereko.ssempebwa@yahoo.com,Sembabule,2025-02-18,Male
CUST103448,Andrew Kafeero,+256 78 691 7591,andrew.kafeero@mail.com,Mukono,15-10-2025,Female
CUST103449,Jane Mubiru,717756900,jane.mubiru@outlook.com,Mukono,10/07/2021,Male
CUST103450,Namubiru Tumusiime,+256 71 349 2445,namubiru.tumusiime@mail.com,Mbale City,2022-10-12,
CUST103451,Ruth Mugisha,0710549839,ruth.mugisha@srg.co.ug,Kalangala,26/02/2021,Female
CUST103452,Nsereko Ouma,+256710499322,nsereko.ouma@yahoo,Kampala (Central),,Male
CUST103453,Nalubega Ssimbwa,+256774644258,nalubegassimbwa54@hotmail.com,Hoima,2022-11-27,Female
CUST103454,Agnes Nakiganda,0700473093,agnesnakiganda@gmail.com,Kampala,09-11-2021,
CUST103455,Wasswa Stephen,+256749548265,wasswa.stephen@outlook.com,Fort Portal,02/03/2022,F
CUST103456,Samuel Olweny,0746450793,,Mukkono,2023-02-02,
CUST103457,Sheila Ssebugwawo,+256728801008,sheila.ssebugwawo@yahoo.com,Kampala City,2021-06-30,Female
CUST103458,Peter Ssemakula,+256787391348,peter.ssemakula@mail.com,Gulu,2021-08-08,Male
CUST103459,Lubega Kambale,0714055580,lubega.kambale@hotmail,Mbarara,,Male
CUST103460,Mercy Nabbanja,+256 74 782 9860,mercy.nabbanja@gmail.com,Jinja,2021-01-03,F
CUST103461,Kyebambe Kambale,256740592342,kyebambe.kambale@mail.com,Kampala,2024-03-27,Female
CUST103462,Atim Ssebugwawo,,atim.ssebugwawo@yahoo.com,Wakiso,2023-08-26,Female
CUST103463,Namutebi Byaruhanga,256729835684,namutebi.byaruhangagmail.com,Entebbe,19/04/2022,Female
CUST103464,Okello Nsereko,0788474333,okellonsereko63@mail.com,Kampala,17/02/2022,M
CUST103465,Esther Nankya,+256702459049,esther.nankya@outlook,Jinja,2023-12-04,Male
CUST103466,Ahabwe Kambale,,ahabwe.kambale@yahoo.com,Mukono,2024-05-03,
CUST103467,Ssentongo Nabbanja,+256 70 650 2309,ssentongo.nabbanja@outlook.com,Lyantonde,2024-09-02,Male
CUST103468,Collins Kafeero,0775940148,collins.kafeero@outlook.com,Lira,19-11-2023,Female
CUST103469,Guma Nankya,0704864807,guma.nankya@mail.com,MBARARA,2025-02-08,Male
CUST103470,Brian Mugisha,+256726818129,brian.mugisha@hotmail.com,Kabarole,2025-04-09,Male 
CUST103471,Ronald Mugisha,0745433487,ronald.mugisha@yahoo.com,Gulu,2024-11-14,
CUST103472,Ssemakula Mubiru,0704690919,ssemakulamubiru80@mail.com,Kampala,05/04/2021,Male
CUST103473,Mercy Nakayiza,256780143865,mercy.nakayiza@gmail.com,Masaka,18/09/2022,Female
CUST103474,Agnes Nsereko,719652919,agnesnsereko63@hotmail.com,Kampala,,Male
CUST103475,Mercy Ouma,0717373264,mercy.ouma@mail.com,Gulu District,2025-08-12,Female 
CUST103476,Nalubega Mugisha,719580236,nalubega.mugisha@srg.co.ug,Masaka,2022-10-27,
CUST103477,Namutebi,+256715180084,namutebi@yahoo.com,fort portal,,F
CUST103478,Naomi Atukunda,256736816591,naomiatukunda@outlook.com,Kampala,2024-02-21,Female
CUST103479,John Wasswa,256748204060,john.wasswa@gmail.com,Kampala Region,2022-06-20,M
CUST103480,Munezero Nsereko,0705947773,munezero.nsereko@outlook.com,Kampala,26/11/2023,Female
CUST103481,Mukasa Mugisha,256724620589,mukasamugisha96@hotmail.com,Jinja,,Male
CUST103482,Namubiru,+256 77 042 0391,namubiru@gmail.com,Masaka,09-02-2021,F
CUST103483,Namubiru Nankya,706715184,,Iganga,2023-10-27,Female
CUST103484,Francis Ssentongo,744274048,francisssentongo75@outlook.com,Wakiso,,Female 
CUST103485,Collins Nakiganda,256704033931,collins.nakiganda@outlook.com,Kampala,,Female 
CUST103486,Timothy Ahabwe,0736552622,timothyahabwe@hotmail.com,Jinja,26/02/2021,
CUST103487,Nabirye Namubiru,708566031,nabirye.namubiru@hotmail.com,Mbale,03/03/2023,Female
CUST103488,Agnes Ouma,,agnes.ouma@gmail.com,Lira,2025-01-23,Male
CUST103489,Brian Atim,,brian.atim@hotmail.com,Kampala,2021-04-04,Male
CUST103490,Lubega Ninsiima,732603083, lubega.ninsiima@gmail.com ,Mukono,20/05/2024,
CUST103491,Juliet Munezero,,juliet.munezero@outlook.com,Isingiro,2022-08-22,Female
CUST103492,Joseph Nankya,070-827-7970,joseph.nankya@yahoo.com,Kiboga,26/05/2025,Male
CUST103493,Agnes Byaruhanga,+256791935111,agnes.byaruhanga@hotmail.com,Wakiso,2021-08-08,Male
CUST103494,Ssentongo Catherine,256729630507,ssentongo.catherine@yahoo.com,Mbale,27/01/2025,
CUST103495,Nakato Timothy,+256795868109,nakatotimothy19@gmail.com,Kampala,2022-06-17,Female
CUST103496,Mubiru Wasswa,074-724-5083,mubiru.wasswa@gmail.com,Kampala,2022-12-18,Male
CUST103497,Esther Nabbanja,0780483214,esthernabbanja83@gmail.com,Wakiso,2023-12-21,Male
CUST103498,Nalubega Nankya,0707826173,nalubega.nankya@hotmail.com,Kayunga,,Female
CUST103499,Irene Namubiru,+256794852135,irene.namubiru@srg.co.ug,Kampala,2021-05-11,Female
CUST103500,Katusiime Ssekandi,+256 78 318 3920,katusiime.ssekandi@gmail.com,Kampala,21/06/2023,Female
CUST103501,NAMUBIRU ATIM,+256 73 322 5074,,Wakiso,04/09/2022,Female
CUST103502,Phoebe Nabirye,0714177894,phoebenabirye@srg.co.ug,Kalangala,15/08/2023,
CUST103503,Nalubega Ssimbwa,+256736413304,nalubega.ssimbwa@hotmail.com,Wakiso,02-03-2024,
CUST103504,Mercy Wanyama,+256742878711,mercy.wanyama@gmail.com,Kisese,2025-01-31,F
CUST103505,Mugisha Kafeero,+256748651361,mugishakafeero73@mail.com,Mukko,17/05/2023,Male
CUST103506,Agnes Nakayiza,+256703388398,agnes.nakayiza@srg.co.ug,Mukono,19/04/2021,Male
CUST103507,Ssekandi Nankya,0756681481,ssekandi.nankya@srg.co.ug,Iganga,12/01/2025,Male
CUST103508,Munezero Ssentongo,+256 70 169 9632,munezero.ssentongo@gmail.com,kabale,2024-05-14,Female
CUST103509,Nakiganda Atukunda,,nakigandaatukunda7@srg.co.ug,Wakiso,22/01/2022,Female
CUST103510,Peter Kibirige,+256746687272,peter.kibirige@outlook.com,Arua,2025-10-03,Male
CUST103511,Guma Ssemakula,0724656946,guma.ssemakula@outlook.com,Wakiso,2021-06-09,Male
CUST103512,Wasswa Wanyama,0739402760,wasswa.wanyama@gmail.com,Homa,08-06-2022,
CUST103513,Francis Mukasa,256795966053,francismukasa52@mail.com,Jinja,2022-08-03,
CUST103514,Grace Kizza,256743427774,gracekizza73@gmail.com,Mukono,2024-12-05,Male
CUST103515,Mubiru Nankya,0701011875,mubirunankya@outlook.com,Kampala,2023-08-24,Female
CUST103516,Andrew Kyomuhendo,+256 72 644 2288,,Mukono,2023-12-12,Female
CUST103517,Kibirige Kafeero,+256739111606,kibirige.kafeero@hotmail,Kabale,04/01/2025,Male
CUST103518,Florence Kibirige,0783018510,florence.kibirige@gmail.com,Kampala,18-06-2022,Male
CUST103519,Naomi Lubega,+256752143131,naomi.lubega@srg.co.ug,Gulu,2021-04-25,Female
CUST103520,Mugisha Kyomuhendo,+256795734971,mugisha.kyomuhendo@gmail.com,Mbale City,,Male 
CUST103521,Nakiganda Kibirige,+256 73 324 7487,nakiganda.kibirige@outlook.com,Kampala,30-06-2022,Female 
CUST103522,Okello Kizza,073-279-1323,okello.kizza@mail.com,Jinja City,23-03-2023,Male 
CUST103523,  Kibirige Atim ,0749234643,kibirigeatim25@gmail.com,Bundibugyo,02/11/2023,Male
CUST103524,Agnes Okello,,agnes.okello@srg.co.ug,Wakiso,2024-04-26,
CUST103525,Namubiru Sheila,,namubiru.sheila@mail.com,Kampala,2021-12-01,Female
CUST103526,Alexander Nakayiza,070-029-2485,alexander.nakayiza@srg.co.ug,Hoima,2025-02-23,Female
CUST103527,Kambale Nabbanja,,kambale.nabbanja@mail.com,Kiruhura,2021-03-31,F
CUST103528,Ruth Lubega,0733534170,ruth.lubega@srg.co.ug,Kampala,2021-04-09,F
CUST103529,Ouma Nankya,0773153490,oumanankya32@srg.co.ug,Kampala,2023-10-09,Male
CUST103530,Njnkya Tumusiime,256716488729,nankyatumusiime54@outlook.com,Soroti,2021-01-02,F
CUST103531,Guma Wasswa,+256796237680,gumawasswa@mail.com,Mbarara,2021-04-12,M
CUST103532,Naomi Ssekandi,+256787254147,naomi.ssekandi@yahoo.com,Mukono,2021-02-09,Female
CUST103533,Ninsiima Nabbanja,+256732130315,ninsiima.nabbanja@gmail.com,tororo,2023-08-24,Female
CUST103534,Byaruhanga Munezero,079-813-7154,byaruhanga.munezero@gmail.com,Wakiso,2022-12-18,F
CUST103535,David Guma,700295800,davidguma69outlook.com,Kampala,2021-09-11,Male
CUST103536,Srebugwawo Harriet,+256759343286,ssebugwawo.harriet@yahoo.com,Masacka,28/11/2021,Female
CUST103537,Ssebugwawo Alexander,+256782606252,ssebugwawo.alexander@yahoo.com,Kampala,2024-09-20,Female
CUST103538,Wasswa Wasswa,0739376622,wasswa.wasswa@yahoo.com,Wakiso,12/12/2023,Male
CUST103539,Beatrice Ssebugwawo,787744330,beatrice.ssebugwawo@srg.co.ug,Hoima,2022-11-27,F
CUST103540,Mubiru Mugisha,+256793723083, mubiru.mugisha@gmail.com ,Mityana,2024-06-02,Male
CUST103541,Wasswa Namutebi,+256703562322,wasswa.namutebi@yahoo.com,Bushenyi,2023-06-03,
CUST103542,Ninsiima Nankya,0725022737,ninsiima.nankya@srg.co.ug,Mukono,13/10/2021,F
CUST103543,Wasswa Kizza,0792039665,wasswa.kizza@yahoo.com,Kampala,20/08/2024,Male
CUST103544,David Ssemakula,+256 75 174 4542,david.ssemakula@outlook.com,Mukono,03-05-2024,
CUST103545,Alexander Namubiru,+256799346840,alexandernamubiru@yahoo.com,Jinja,2025-05-07,Female
CUST103546,Juliet Kambale,749450429,julietkambale75@mail.com,Mbale,2022-02-11,
CUST103547,Ouma Namubiru,0734178039,ouma.namubiru@yahoo.com,Mbarara,2021-03-02,Male
CUST103548,Nabbanja Nabbanja,702104275,nabbanja.nabbanja@srg.co.ug,Masaka,2025-03-27,Female
CUST103549,Ninsiima,+256785409183,,Kampala,2023-07-02,Female
CUST103550,Beatrice Kibirige,256730808375, beatrice.kibirige@gmail.com ,Hoima,16/09/2021,Female
CUST103551,Namutebi Kamoga,256715108761,namutebikamoga@srg.co.ug,Kiboga,29/09/2024,Female
CUST103552,Okello Timothy,072-733-1281,okello.timothy@gmail.com,kampala,2022-07-18,F
CUST103553,Godfrey Nabirye,075-461-4813,godfreynabirye76@hotmail.com,Kampala,2022-03-01,Female
CUST103554,Kizza Ssekandi,+256 70 797 0184,kizza.ssekandi@yahoo.com,Mukono,,Male
CUST103555,Alexander Mukasa,+256705519115,alexandermukasa@gmail.com,Kasese,2023-06-20,Female
CUST103556,Florence Mukasa,0759516149,florence.mukasa@outlook.com,Mbale,2023-03-28,M
CUST103557,Nakayiza Butime,256742046495,nakayiza.butimehotmail.com,Kampala,01/04/2025,F
CUST103558,Nalubega Mugisha,078-457-8080,nalubega.mugisha@outlook.com,Jinja,2021-12-29,F
CUST103559,Mugisha Ninsiima,0700722799,mugisha.ninsiimasrg.co.ug,Jinja,18-06-2021,
CUST103560,Atwm Butime,+256715468706,atim.butime@outlook.com,bushenyi,27/03/2024,Female
CUST103561,Grace Kizza,736964410,grace.kizza@gmail.com,Masaka,14/03/2024,Male
CUST103562,Munezero Ssekandi,754165497,,Kasese,2025-05-04,Female
CUST103563,Collins,,collins@gmail.com,Wakisio,29/05/2023,Female
CUST103564,Achieng Alexander,,achieng.alexander@outlook.com,Kampala,2022-08-07,F
CUST103565,David Ssempebwa,,david.ssempebwa@srg.co.ug,Guluu,2022-08-09,Male
CUST103566,hodfrey,0705524255,godfrey@srg.co.ug,Lira,2025-04-01,Female
CUST103567,Sheila Nalubega,0700516121,sheila.nalubega@hotmail.com,Jinja City,08/08/2022,Female
CUST103568,Naomi Namubiru,746159902,naomi.namubiru@outlook.com,Gulu,2024-08-13,
CUST103569,Nalubega Tumusiime,+256 70 348 1389,nalubega.tumusiime@gmail.com,Mbarara,,Female
CUST103570,Florence Kyomuhendo,073-622-5800,florence.kyomuhendosrg.co.ug,Mukono,2024-03-25,
CUST103571,Harriet Nankya,+256755670799,harriet.nankya@outlook.com,Gulu,2022-03-31,Female
CUST103572,Ronald Nabirye,711814042,ronald.nabirye@gmail.com,Nakasongola,07/07/2022,M
CUST103573,Ssemakula Nankya,725548857,ssemakulanankya70@gmail.com,Mbale,2025-06-24,M
CUST103574,Jdliet Nakayiza,0744464176,juliet.nakayiza@hotmail.com,Mukono,2023-04-01,Female 
CUST103575,Mugisha Wanyama,0719335580,mugisha.wanyama@mail.com,Gulu,2021-11-02,
CUST103576,Grace Butime,256754130374,gracebutime@mail.com,Mpigi,20/02/2022,Male
CUST103577,Kibirige Ssekandi,+256722783534,kibirige.ssekandi@hotmail.com,Kampala,2021-12-05,
CUST103578,Ssentongo Mubiru,256737495028,ssentongo.mubiru@yahoo.com,Wakiso,2021-02-05,
CUST103579,Ahabwe Namubiru,0723294560,,Bundibugyo,21-01-2021,Female
CUST103580,Isaac Nabirye,+256789676520,isaac.nabirye@srg.co.ug,Mityana,2024-09-13,
CUST103581,Kizza Atim,256723429308,kizza.atim@gmail.com,Wakiso,18/10/2023,
CUST103582,Samuel,+256715724485,samuel@hotmail.com,Kampala,2022-11-23,
CUST103583,Andrew,+256 78 453 1679,andrew11@hotmail.com,Kampala,05/05/2025,F
CUST103584,Phoebe Munezero,+256726279156,phoebe.munezero@mail.com,Kayunga,2023-10-26,F
CUST103585,Ssentongo Lubega,+256 75 849 9166,ssentongo.lubega@srg,Lira,08/06/2024,M
CUST103586,Jane Byaruhanga,256719069862,janebyaruhanga@outlook.com,isingiro,2022-04-04,Male
CUST103587,Munezerc Ruth,256733230929,munezero.ruth@srg.co.ug,Kampala,2025-07-11,Female
CUST103588,Collins Kamoga,256728036507,,Jinja,2023-03-04,Female
CUST103589,Atim Ssempebwa,+256707234254,atim.ssempebwa@srg.co.ug,Entebbe City,16/02/2024,Female
CUST103590,Robert Kafeero,+256713439607,robertkafeero@hotmail.com,Kayunga,2025-07-21,Male
CUST103591,Beatrice Nakiganda,+256709867401,beatrice.nakiganda@yahoo.com,Wakiso,2024-12-28,Female
CUST103592,Joseph Mukasa,0771196098,,Kampala,07-07-2025,
CUST103593,Nakiganda Okello,0701077987,nakiganda.okello@yahoo.com,Jinja,30/12/2024,Female
CUST103594,Michael Munezero,+256719563165,michael.munezero@hotmail.com,kayunga,2023-03-02,Male
CUST103595,Ouma Katusiime,+256 79 649 1307,ouma.katusiime@outlook.com,jinja,2024-12-12,Male
CUST103596,Mugisha Butime,073-110-7163,mugisha.butime@hotmail.com,Arua,,
CUST103597,Juliet Ssentongo,0704821542,juliet.ssentongo@gmail.com,Sembabule,2024-01-03,F
CUST103598,Okello Ssebugwawo,+256709993143,okellossebugwawo69@mail.com,Kiboga,2024-07-30,Male
CUST103599,Mugisha Ouma,,mugisha.ouma@hotmail.com,Lira,25/04/2025,Male
CUST103600,Irene Ssekandi,256784239625,irene.ssekandi@mail.com,Mukono,2024-04-29,Female
CUST103601,Olweny Wanyama,0709067618,olwenywanyama@srg.co.ug,Soroti,2025-10-08,Male
CUST103602,David Nabbanja,0785978886,david.nabbanja@outlook.com,Jinja,2021-02-17,M
CUST103603,Kamoga Ssimbwa,256793148034,kamoga.ssimbwa@srg.co.ug,Kampala,24/01/2025,M
CUST103604,Ssemakuea Mubiru,256704690919,ssemakulamubiru80@mail.com,Kampala,05/04/2021,Male
CUST103605,Dorothy Katusiime,+256 77 591 5835,dorothy.katusiime@yahoo.com,Lira District,2024-12-05,M
CUST103606,Alexander Ssebugwawo,0781240322,alexander.ssebugwawo@gmail.com,Iganga,2022-06-10,Female
CUST103607,Wasswa Stephen,732845467,wasswa.stephen@gmail.com,Gulu,2024-08-16,F
CUST103608,Naomi Kizza,256775206427,naomi.kizza@yahoo.com,Luwero,2022-06-19,F
CUST103609,Francis Kafeero,0798600012,franciskafeero99@gmail.com,Soroti,04/07/2025,Female
CUST103610,Mary Ssebugwawo,,,Mbale,2023-08-19,M
CUST103611,Emmanuel,+256758374941,,Kampala ,06/03/2024,Female 
CUST103612,David Ssekandi,+256 77 501 5375,david.ssekandi@srg.co.ug,Isingiro,2021-05-04,Male
CUST103613,Peter,074-261-5448,peter@mail.com,Kampala Region,2021-11-14,Male
CUST103614,Wasswa Munezero,256738064890,wasswamunezero33@yahoo.com,Kampala CBD,2021-01-07,M
CUST103615,Nalubega Ahabwe,0771552978,nalubega.ahabwe@outlook.com,Kampala,,Female
CUST103616,Esther Kambale,,esther.kambale@yahoo,Gulu,10/08/2021,M
CUST103617,Daniel Mubiru,,daniel.mubiru@yahoo.com,Kampala,2021-04-21,Male
CUST103618,Sheila Ssemakula,0743264844,sheila.ssemakula@outlook.com,Wakisio,2025-03-13,F
CUST103619,Ronald Mugisha,256745433487,ronald.mugisha@yahoo.com,Gulu,2024-11-14,
CUST103620,Florence Butime,+256745910252,florence.butime@gmail.com,Hoima,2021-01-27,Male
CUST103621,Sslntongo Kafeero,0775284181,,Lira,2022-10-13,Male
CUST103622,Ruth Ouma,+256 71 752 8055,ruthouma92@hotmail.com,Mbaraa,,Female
CUST103623,Nankya Kyebambe,0748421423,nankya.kyebambe@yahoo.com,kiruhura,2024-10-01,Female
CUST103624,Ronald Wanyama,+256742391027,ronald.wanyama@gmail.com,Gulu City,01/07/2021,Male
CUST103625,Francis Nankya,256708137822, francisnankya89@srg.co.ug ,Soroti,2024-08-16,F
CUST103626,Guma Kyomuhendo,0729861670,guma.kyomuhendo@yahoo.com,Gulu,2021-11-27,M
CUST103627,Peter Ssentongo,751208467,peterssentongo69@mail.com,Tororo,2021-05-18,Male
CUST103628,Dorothy Kibirige,256717314658,,Jinja,2022-01-05,
CUST103629,Samuel Ahabwe,0740683130,samuel.ahabwe@yahoo.com,Gulu District,2025-06-02,Male
CUST103630,Mubiru Mugisha,0731826300,mubiru.mugisha@yahoo.com,Jinja,2022-08-20,Male
CUST103631,Rebecca Katusiime,256781891252,rebecca.katusiime@outlook.com,Jinja,2025-03-31,Male
CUST103632,Catherine Achieng,074-267-7020,catherine.achieng@hotmail.com,Wakiso,2022-12-25,Male
CUST103633,Catherine Okello,256753486910,catherine.okello@mail.com,Mbale,2023-03-11,Male 
CUST103634,Catherine Atukunda,+256 71 002 3540,catherine.atukunda@gmail.com,Masacka,2024-12-25,Male
CUST103635,Ahabwe Butime,256787412297,ahabwe.butime@gmail.com,Kampala,12-09-2023,Male
CUST103636,Esther Kgfeero,+256740553039,esther.kafeero@hotmail,Soroti,12-04-2025,Male
CUST103637,Kizza Atukunda,718716237,kizza.atukunda@gmail.com,Masaka,24-12-2021,Male
CUST103638,Guma Ouma,0791654483,,Entebbe,2023-09-14,
CUST103639,Tendo Nalubega,+256701741570,tendonalubega@hotmail.com,Soroti,06/07/2023,F
CUST103640,EMMANUEL KAMBALE,256798358573,emmanuelkambale@outlook.com,Wakiso,2024-11-23,F
CUST103641,Kizza Nabbanja,+256740878975,kizza.nabbanja@outlook.com,Kabarole,2022-08-31,
CUST103642,Jane Nakato,756494275,,Mbarara,2022-07-22,Male
CUST103643,Mary Nabbanja,+256 71 479 4357,mary.nabbanja@srg.co.ug,Gulu City,2023-02-26,Male
CUST103644,Kambale John,+256 75 248 7466,kambale.john@hotmail.com,kampala district,2025-09-08,Male
CUST103645,David Ssempebwa,256777919107,david.ssempebwa@srg.co.ug,Guluu,2022-08-09,Male
CUST103646,Mugisha Kambale,256715452547,mugisha.kambale@yahoo.com,Isingiro,2021-02-09,Male
CUST103647,Ninsiima Olweny,0702983103,ninsiima.olweny@srg.co.ug,Mukono,07-10-2022,M
CUST103648,Ssentongo Katusiime,+256776518612,ssentongo.katusiime@mail.com,Kampala,21/11/2021,M
CUST103649,Kato,0715303852,kato@yahoo.com,Jinja,,M
CUST103650,Namubiru,+256721399107,namubiru@yahoo.com,Lyantonde,26/07/2023,
CUST103651,Kamoga Ouma,, kamoga.ouma@outlook.com ,hoima,2022-04-19,M
CUST103652,Ssekandi Nakato,0771436023,ssekandinakato@mail.com,Wakiso District,2022-02-01,Male
CUST103653,Wanyama Ssentongo,+256713035412,wanyama.ssentongo@gmail.com,Mbale City,2025-06-26,Female
CUST103654,Wanyama,,wanyama96@mail.com,Sembabule,08-05-2024,Female
CUST103655,Stephen Munezero,743163167,stephenmunezero@gmail.com,Wakiso,05/12/2024,Female
CUST103656,Ruth Kamoga,0716377506,ruth.kamoga@gmail.com,Sembabule,17/11/2023,Female
CUST103657,Atim Ssekandi,0716405326,atim.ssekandi@hotmail.com,Mbale,25/01/2022,Female
CUST103658,Rebecca Nakiganda,+256795998259,rebecca.nakigandaoutlook.com,Mballa,18/10/2021,M
CUST103659,Ssempebwa Mugisha,775684638,ssempebwamugisha43@srg.co.ug,Kampala,29/06/2025,Male
CUST103660,Mercy Nalubega,796531321,mercy.nalubega@gmail.com,Wakiso,,Female
CUST103661,Butime Kizza,,butime.kizza@mail.com,Mbale,2022-10-27,M
CUST103662,Robert,256731261931,robert@srg.co.ug,Mukono,2023-03-16,Male
CUST103663,Ouma Nsereko,074-765-6528,ouma.nsereko@hotmail.com,Jinja,12/07/2022,Male
CUST103664,Francis Ssimbwa,0711699366,francis.ssimbwa@yahoo.com,Soroti District,2021-05-27,
CUST103665,Lubega Atim,,lubega.atim@hotmail.com,Lira,,Male
CUST103666,Andrew Kyomuhendo,0742209832,,Kayunga,2022-02-19,Female
CUST103667,Achieng Beatrice,0708744592,achieng.beatrice@outlook.com,Mbaraa,2021-09-26,
CUST103668,Mukasa Joan,+256757231797,mukasajoan67@srg.co.ug,Mbarara City,2024-04-16,
CUST103669,Wasswa Mubiru,0786870670,wasswa.mubiru@gmail.com,Wakiso,2023-09-24,Male
CUST103670,Joan Nalubega,0794199298,joannalubega74@mail.com,Kayunga,2022-07-07,Female
CUST103671,Kibirige Nakiganda,+256 73 810 6623,kibirige.nakiganda@yahoo.com,lira,2025-04-29,M
CUST103672,John Nabirye,+256747507930,john.nabirye@mail.com,Mbale,2021-05-12,Male
CUST103673,Collins Olweny,+256756795286,collins.olweny@yahoo.com,Mbale,2023-06-28,
CUST103674,Jane,0753655710, jane@mail.com ,Kampala,29/12/2022,Male
CUST103675,Kibirige Kafeero,0743609846,kibirige.kafeero@hotmail,Mukono,2025-05-22,Male
CUST103676,Juliet Ninsiima,+256727685074,juliet.ninsiima@srg.co.ug,Arua,23/02/2023,
CUST103677,Mary Byaruhanga,0791775892,marybyaruhanga2@outlook.com,Wakiso,25/01/2023,Male
CUST103678,Nakato Godfrey,0721128695,nakato.godfrey@outlook.com,Kampala,15/05/2023,Female
CUST103679,Ssekandi Ssempebwa,0770532970,ssekandi.ssempebwa@yahoo.com,Mbarara,29/05/2021,Male
CUST103680,Patrick Butime,746134938,patrickbutime@yahoo.com,Wakiso,,Female
CUST103681,Florence Munezero,256701838528,florence.munezero@yahoo.com,Kampala,29-12-2022,Male 
CUST103682,Nakayiza Okello,079-860-1730,nakayiza.okello@srg.co.ug,Kampala ,,M
CUST103683,Godfrey Nakayiza,0787648470,godfrey.nakayiza@outlook,jinji,20-01-2022,Female
CUST103684,  Nabbanja Nakato ,0784011044,nabbanja.nakato@outlook.com,Gulu,15/12/2021,F
CUST103685,Nabbanja Mubiru,+256 71 873 9696,nabbanjamubiru96@yahoo.com,Kalangala,2023-12-17,Female 
CUST103686,Nabbanja Namutebi,+256730592847,nabbanja.namutebi@gmail.com,Lyantonde,25/06/2023,F
CUST103687,Namubiru Michael,,namubiru.michael@srg.co.ug,Kampala,13/02/2022,Male
CUST103688,Mercy Olweny,0781807909, mercy.olweny@hotmail.com ,Mbarara,2024-02-07,Female
CUST103689,Lubega Ssekandi,,lubegassekandi69@yahoo.com,Sembabule,14/04/2024,Male
CUST103690,Nakiganda Kambale,+256713757452,nakiganda.kambale@yahoo.com,Gulu,16-06-2024,Female
CUST103691,Namutebi Kambale,0797544371,,Wakiso,29/04/2025,Female
CUST103692,Wasswa Lubega,075-058-9004,wasswa.lubega@gmail.com,Fort Portal,2023-07-13,
CUST103693,Namubiru Collins,256743485925,namubiru.collins@mail.com,Wakiso,2025-06-30,Female
CUST103694,John Ssempebwa,+256721406336,,Kampala,2021-08-11,Male
CUST103695,Nabbanja Nabbanja,0723571382,nabbanja.nabbanja@gmail.com,Mbarara City,06/04/2022,Female
CUST103696,Jane Nabbanja,+256 78 401 7159,janenabbanja@hotmail.com,kla,02/07/2024,
CUST103697,Joseph Okello,+256710462383,joseph.okello@srg.co.ug,Mbarara,2023-02-20,M
CUST103698,Emmanuel Butime,, emmanuel.butime@mail.com ,Tororo,2024-04-03,Female
CUST103699,Duvid Nsereko,,david.nserekosrg.co.ug,Kampala,2022-09-21,Male
CUST103700,Harriet Achieng,,harrietachieng68@mail.com,Gulu,2021-01-28,Female
CUST103701,Mugisha Wanyama,,mugishawanyama87@outlook.com,Kampala,02/10/2024,M
CUST103702,Mukasa Katusiime,+256795641219,mukasakatusiime80@mail.com,Mballa,2022-04-28,Female
CUST103703,Guha Atim,+256723126904,guma.atim@mail.com,Nakasongola,20/09/2022,Female
CUST103704,Isaac Nalubega,0795407298,isaac.nalubega@gmail.com,Arua,2021-07-26,F
CUST103705,Timothy Atim,074-775-3856, timothy.atim@hotmail.com ,Rakai,2022-03-23,Female
CUST103706,Kyomuhendo Olweny,078-689-0951,kyomuhendoolweny78@gmail.com,Kampala,2022-11-17,F
CUST103707,Robert Nakiganda,0753427558,robert.nakiganda@mail.com,Kampala,2021-12-16,Male
CUST103708,Ouma Ssempebwa,+256771595259,,Kampala,31/08/2021,Male
CUST103709,Ninsiima Kyebambe,+256770608446,ninsiima.kyebambe@mail.com,Kampala,18/12/2023,Female
CUST103710,Ninsiima,758179366,ninsiimamail.com,Kampala,2023-08-10,
CUST103711,Patrick Ssentongo,256710371055,patrick.ssentongo@srg,Mbarara City,24/07/2024,Female
CUST103712,Stephen Ssempebwa,+256786827840,,Iganga,2024-08-23,F
CUST103713,Sheila Lubega,+256 79 828 8294,sheilalubega@yahoo.com,Kampala,31/05/2022,Female
CUST103714,Nsereko Butime,+256 74 250 9428,nserekobutimeoutlook.com,Kampala ,2022-09-01,
CUST103715,Kamoga Wanyama,,kamoga.wanyama@outlook.com,Masaka,2025-09-04,Male
CUST103716,Timothy Olweny,739882370,timothy.olweny@hotmail.com,Mbale City,2022-02-22,Female
CUST103717,Kafeero Dorothy,0725950909,kafeero.dorothy@srg.co.ug,Wakiso,2021-06-08,
CUST103718,Katusiime Kambale,,katusiime.kambale@mail.com,Lira,23/03/2021,Female
CUST103719,Kamoga Samuel,256774841650,kamoga.samuel@gmail.com,Mukono,21/04/2023,
CUST103720,Sarah Tumusiime,+256781462999,sarahtumusiime26@mail.com,Kalangala,24/10/2022,Male
CUST103721,Francis,0797346829,francis15srg.co.ug,Wakiso,2023-07-19,Female
CUST103722,Kato Kamoga,+256736156214,kato.kamoga@mail.com,Mbale,25/09/2023,Male
CUST103723,Ninsiima Wanyama,0721205832,ninsiima.wanyama@yahoo.com,gulu,19/07/2022,F
CUST103724,Byaruhanga Ssebugwawo,,byaruhanga.ssebugwawo@gmail,Arua,2024-10-01,M
CUST103725,Munezero Wanyama,256757245231,munezero.wanyama@mail.com,Hoima,02/01/2023,Female
CUST103726,Collins Nabbanja,+256 73 343 6497,collinsnabbanja79@gmail.com,Mbale,2025-05-08,Female
CUST103727,Lubega Nakato,784845867,lubega.nakato@outlook.com,Mbarara City,10/07/2021,Male
CUST103728,Joseph Ssekandi,+256703250620,joseph.ssekandi@gmail.com,Mukko,01/04/2024,
CUST103729,  Ouma Irene ,0703065100,ouma.irene@mail.com,Wakiso,14-06-2025,Female
CUST103730,Nabbanja John,747260864,nabbanja.john@yahoo.com,kampala district,11-09-2024,
CUST103731,Wasswa Atukunda,0723114495,wasswaatukunda@hotmail.com,Jinja,06-11-2022,
CUST103732,Sheila Byaruhanga,+256720895803,sheila.byaruhanga@outlook.com,Mbarara,14-09-2021,
CUST103733,Ssimbwa Tumusiime,0712377242,ssimbwa.tumusiime@yahoo.com,Kampala,2025-09-02,Male
CUST103734,Esther Ouma,0777044267,estherouma2@outlook.com,Kumi,2023-04-27,
CUST103735,Nabirye Ssimbwa,0724703757,nabiryessimbwa@outlook.com,Wakiso,2025-04-26,
CUST103736,Joseph Nabbanja,+256 77 377 0186,joseph.nabbanjahotmail.com,soroti,2024-08-05,
CUST103737,Atim Ssempebwa,+256704142498,atimssempebwa@outlook.com,Wakiso,2024-08-11,Female
CUST103738,Nabbanja Jane,,nabbanja.jane@gmail.com,Kabale,18/08/2024,Male
CUST103739,Kyomuhendo Katusiime,+256738506281,kyomuhendo.katusiime@outlook.com,Mbarara Town,2021-11-01,Female
CUST103740,Daniel Mubiru,256771801761,danielmubiru25@gmail.com,Kampala,,Male
CUST103741,Phoebe Tendo,+256 74 784 9694,phoebe.tendo@srg.co.ug,Bushenyi District,01-04-2021,Female
CUST103742,Namutebi Ssemakula,0784928453,namutebissemakula29@outlook.com,Wakiso District,2025-03-31,F
CUST103743,Stephen Byaruhanga,0726975742,stephen.byaruhanga@outlook.com,Kampala,16-04-2024,Female 
CUST103744,Ssimbwa Guma,+256788312609,ssimbwaguma80@srg.co.ug,Mbarara,2024-04-04,M
CUST103745,Katusiime Joseph,748856240,katusiime.joseph@hotmail.com,Mbarara,2023-03-16,Male
CUST103746,Grace Kizza,0726548903,,Wakiso,2021-10-30,M
CUST103747,Beatrice Ahabwe,073-922-8524,beatriceahabwe78@yahoo.com,Kampala,08-07-2025,F
CUST103748,Nalubega Samuel,+256744765006,nalubega.samuel@outlook,Kampala,20/05/2023,M
CUST103749,Munezero Ruth,733230929,munezero.ruth@srg.co.ug,Kampala,2025-07-11,Female
CUST103750,Wanyama Jane,+256771606748,,mpigi,2023-11-29,Male
CUST103751,Collins Ahabwe,+256780389861,collinsahabwe46@gmail.com,Kayunga,2023-05-04,F
CUST103752,Brian Mugisha,732901951,brian.mugisha@srg.co.ug,Kiboga,2021-04-29,Male 
CUST103753,Jane Mukasa,777150758,jane.mukasa@outlook.com,Gulu,2024-02-25,Male
CUST103754,Wanyama Atuaunda,+256780510662,wanyama.atukunda@srg.co.ug,Mbarara,29/06/2022,Female
CUST103755,Grace Nakayiza,077-666-7720,gracenakayiza18@outlook.com,Mukono,,Male
CUST103756,Nakayiza Nakato,073-879-7259,nakayiza.nakato@mail.com,Kampala,,F
CUST103757,Rebecca Atim,+256702827214,rebecca.atim@gmail.com,bushenyi,09-08-2025,
CUST103758,Ruth Mubiru,+256 77 550 2525,ruth.mubiru@hotmail.com,Kampala,17/10/2024,F
CUST103759,Mugisha Wanyama,,mugishawanyama87@outlook.com,Kampala,02/10/2024,M
CUST103760,Nabirye Butime,0730362328,nabirye.butime@outlook.com,Wakiso,,Female
CUST103761,Emmanuel Nsereko,749913719,emmanuel.nsereko@yahoo.com,Mukko,2023-11-20,Female
CUST103762,Ouma Ssempebwa,077-099-3403,ouma.ssempebwa@srg.co.ug,Mbarara City,2024-11-14,Male
CUST103763,Catherine Kamoga,0759497480,catherine.kamogaoutlook.com,Gulu,26/09/2021,Male
CUST103764,John Nankya,+256 78 105 0111,john.nankya@srg.co.ug,Kampala,2025-05-24,Male
CUST103765,Atim Okello,0744145448,atim.okello@hotmail.com,Arua,,Female
CUST103766,Nakiganda Nakiganda,+256722461284,nakiganda.nakiganda@yahoo.com,Kampala,2023-04-30,Female
CUST103767,Ruth Nsereko,745661608,ruth.nsereko@srg.co.ug,Kampala City,18/03/2023,Female
CUST103768,Nakiganda Ssimbwa,071-136-3565,nakiganda.ssimbwa@mail.com,Gulu City,14/09/2021,Female
CUST103769,Daniel Namubiru,256706421180,danielnamubiru73@hotmail.com,Jinja,2021-05-31,M
CUST103770,Sheila,0783786364,sheila63@hotmail.com,Wakiso,2024-11-06,F
CUST103771,Kato Kambale,0726588491,kato.kambale@srg,Kabarole,2021-09-10,M
CUST103772,Wanyama Guma,,,Wakiso,15/03/2024,Female
CUST103773,Michael Kyebambe,+256 70 673 0112,michael.kyebambe@yahoo.com,Mukono,05/09/2024,Male 
CUST103774,DavidnNakayiza,+256723171914,david.nakayiza@gmail.com,Nakasongola,2021-01-06,Male 
CUST103775,Kibirige Olweny,+256748699786,,Jinja,2023-02-06,
CUST103776,Esther Ssemakula,256722275358,,Kumi,2021-03-15,Male 
CUST103777,Ssimbwa Munezero,+256736029310,,Wakiso,2022-06-09,Male
CUST103778,Florence Tendo,,florence.tendo@hotmail.com,Wakiso,27/06/2023,Male
CUST103779,Joseph Ssempebwa,796258559,joseph.ssempebwa@mail.com,Wakiso District,21/08/2025,Male
CUST103780,Ruth Atim,,,Kampala,29-07-2025,F
CUST103781,Butime Butime,+256759679289,butime.butime@yahoo.com,Kiruhura,11/02/2022,Male
CUST103782,Catherine,,catherine@yahoo.com,Wakiso,2024-01-14,Male 
CUST103783,Ssimbwa Wasswa,0759790777,ssimbwa.wasswa@mail.com,Mbale City,2025-01-03,M
CUST103784,Brian Ssimbwa,,brian.ssimbwa@mail.com,Jinja,2024-02-01,Male
CUST103785,Mercy Wasswa,256778277279,mercy.wasswa@srg.co.ug,Wakiso,2021-09-21,Female
CUST103786,Kibirige Ssempebwa,,kibirige.ssempebwagmail.com,Kampala,2022-03-29,M
CUST103787,Katusiime Byaruhanga,,katusiime.byaruhanga@mail,Kampala,24/04/2021,Male
CUST103788,David Nserqko,+256797267908,david.nserekosrg.co.ug,Kampala,2022-09-21,Male
CUST103789,Nankya Wasswa,0730193292,nankya.wasswa@yahoo.com,Mukono,2024-03-03,Female
CUST103790,Patrick Ssimbwa,0783278682,patrick.ssimbwa@yahoo.com,Kampala,09/09/2023,Female
CUST103791,Nakiganda Andrew,+256788409021,nakigandaandrew@gmail.com,Arua,12/02/2021,Female
CUST103792,Sarah Ahabwe,+256703317708,sarah.ahabwe@srg.co.ug,Mukono,28/01/2023,Male
CUST103793,Phoebe Nakiganda,0779777259,phoebe.nakiganda@outlook.com,Mukono,2021-06-12,Female
CUST103794,Ssimbwa Mugisha,078-218-7085,ssimbwa.mugisha@mail.com,Wakiso,27/06/2025,Male 
CUST103795,ouma nabirye,,ouma.nabirye@srg.co.ug,Mukkono,2025-02-04, 
CUST103796,Nabbanja Nakayiza,0708567758,nabbanja.nakayiza@hotmail.com,Jinja,06-12-2021,Female
CUST103797,Ronald Byaruhanga,748406867,,Wakiso,2025-10-02,M
CUST103798,beatrice ahabwe,,beatriceahabwe95@srg.co.ug,Mbale,12/03/2023,Female 
CUST103799,Namubiru Nankya,733540590,namubiru.nankya@srg.co.ug,Lira,02/12/2024,Female
CUST103800,Ronald Ssekandi,256715528405,ronald.ssekandi@outlook.com,Mukono,01-10-2023,
CUST103801,Wanyama Ssentongo,256713240185,wanyamassentongo16@outlook.com,Mpigi,2021-02-27,Female
CUST103802,Lubega Nakato,+256711045334,lubega.nakato@yahoo.com,Jinja,2021-04-25,Male
CUST103803,Nalubega Kyebambe,256735782656,nalubegakyebambe36@gmail,Tororo,2021-03-05,Female
CUST103804,Namutebi Mugisha,256750420010,namutebi.mugisha@hotmail.com,Kampala,28/05/2025,F
CUST103805,Naomi Tumusiime,256798476185,naomi.tumusiime@mail.com,Jinja,2022-01-23,F
CUST103806,Sheila Nsereko,+256794879779,sheila.nsereko@srg.co.ug,isingiro,01-05-2022,Female
CUST103807,Andrew,+256746019918,andrew65@mail.com,Nakasongola,2022-01-21,Female
CUST103808,Kambale Guma,0719711311,kambale.guma@srg.co.ug,Jinja,01/11/2024,Female
CUST103809,Mary Ahabwe,+256 79 656 0929,mary.ahabwe@hotmail.com,Bushenyi,2023-07-01,Male 
CUST103810,Ssempebwa Wagswa,256723699332,ssempebwa.wasswa@srg.co.ug,Gulu City,21/09/2023,Male
CUST103811,Michael,772793852,michael@yahoo.com,Masindi,21/03/2021,Male 
CUST103812,Nakayiza Mukasa,793554380,nakayiza.mukasa@srg.co.ug,Soroti,18/01/2021,Female
CUST103813,Wanyama Kyebambe,+256 70 014 8685,wanyama.kyebambe@hotmail.com,Wakiso,17/02/2022,Female
CUST103814,Juliet Nakayiza,256780237526,juliet.nakayiza@srg.co.ug,Kampala,2023-01-02,
CUST103815,Ouma,752677492,ouma@outlook.com,Kampala,2025-06-14,Male
CUST103816,Nabbanja Ouma,+256729540360,nabbanja.ouma@gmail.com,Masaka,26-05-2022,Female
CUST103817,Francis,743028012,francis@hotmail.com,Gulu,2025-05-24,Female
CUST103818,Mercy Ssentongo,,mercy.ssentongo@yahoo.com,Jinja,21/08/2024,F
CUST103819,Kizza Katusiime,+256 73 014 3878,,kasese,31/08/2022,Male
CUST103820,Nabirye Agnes,+256714734176,nabiryeagnes43@hotmail.com,Kasese,31/07/2025,Male
CUST103821,Ouma,+256781524746,ouma48@hotmail,Mbarara,2022-07-12,
CUST103822,Kato Nakayiza,772515507,kato.nakayiza@mail.com,Kampala,2021-07-11,M
CUST103823,Mercy Ssfmpebwa,0755160845,mercy.ssempebwa@gmail.com,Kampala,2025-07-18,Female
CUST103824,Florence Butime,0706086572,florence.butime@outlook.com,Kampala,2024-10-23,M
CUST103825,Florence Okello,070-762-9196,florence.okello@mail.com,Mbaraa,12-02-2021,M
CUST103826,Nalubega Mubiru,,nalubega.mubiru@hotmail.com,Mukono,20-10-2021,
CUST103827,Kibirige Katusiime,+256 72 851 3337,kibirige.katusiime@hotmail.com,Kampala,2022-08-10,F
CUST103828,Sheila Kibirige,+256789828001,sheilakibirige99@gmail.com,Kampala,2024-12-22,
CUST103829,Harriet Nabirye,+256731036437,harriet.nabirye@mail.com,Mukono,31-07-2022,Female
CUST103830,Wanyama Patrick,+256 73 641 6253,wanyama.patrick@outlook.com,Mukono,2024-01-27,F
CUST103831,Namubiru Butime,+256740181897,namubirubutime34@yahoo.com,Mbarara,2022-05-24,Female
CUST103832,Joan Byaruhanga,+256752099503,joan.byaruhanga@srg.co.ug,Kampala,2023-12-08,Female
CUST103833,Wasswa,706035421,wasswa@gmail.com,Gulu,14/08/2021,Male
CUST103834,Peter Namubiru,0793055179,peternamubiru@outlook.com,Mukono,2024-04-01,Male
CUST103835,Timothy Okello,+256 70 516 0199,timothy.okello@hotmail.com,Kampala,13/07/2024,
CUST103836,Guma Nankya,0702903611,guma.nankya@mail.com,Wakisio,2021-12-24,Male
CUST103837,Peter,075-925-8612,petermail.com,Mbarara,,Male
CUST103838,Sarah Munezero,+256740416016,sarahmunezero57@mail.com,Jinja,2023-10-31,Male
CUST103839,Mary Munezero,+256 74 393 0306,mary.munezero@yahoo.com,Masacka,2023-10-22,Male
CUST103840,Beatrice Olweny,0750152675, beatrice.olweny@mail.com ,Mbarara,28/02/2021,Female
CUST103841,Ruth Nakiganda,0745696972,ruth.nakiganda@srg.co.ug,Mpigi,02/05/2024,Female
CUST103842,Andrew Ssebugwawo,0739721723, andrew.ssebugwawo@gmail.com ,Gulu City,2024-04-12,Female
CUST103843,Irene Ouma,0718626798,irene.ouma@hotmail.com,Soroti,06/05/2023,
CUST103844,Florence Ouma,0747424109,florence.ouma@srg.co.ug,Wakiso,2023-04-11,Male
CUST103845,Ssentongo,+256 77 204 4724,ssentongo@outlook.com,Jinja,20-01-2021,Male 
CUST103846,Agnes Ssebugwawo,,agnes.ssebugwawo@outlook.com,Mbale,03-04-2023,
CUST103847,Joan Nakayiza,,joan.nakayiza@srg.co.ug,Mpigi,2022-04-22,Female
CUST103848,Ssimbwa Nabbanja,738673592,ssimbwa.nabbanja@hotmail.com,Mukono,2022-08-10,Male
CUST103849,Kyomuhendo Kambale,+256711866287,kyomuhendokambale3@srg.co.ug,Kabale District,2022-02-15,Female
CUST103850,Juliet Nankya,,juliet.nankya@yahoo.com,Kumi,15/02/2023,Female
CUST103851,Guma Patrick,702058322,guma.patrick@hotmail.com,Wakiso,10-04-2023,Female
CUST103852,Mubiru Kafeero,+256749669302,mubiru.kafeero@hotmail.com,Mbarara,2025-04-06,
CUST103853,Mercy,0725005956,mercy@mail.com,mbale,2022-03-21,F
CUST103854,Kambale Ninsiima,+256780878467,kambale.ninsiima@srg.co.ug,Arua,04/12/2021,Female
CUST103855,David Butime,+256 79 177 0370,david.butime@outlook.com,Arua,07/11/2023,Male
CUST103856,Ouma Mukasa,0733327867, ouma.mukasa@hotmail.com ,Jinja,11/08/2024,
CUST103857,Phoebe Guma,+256709486292,phoebe.guma@yahoo.com,kiruhura,2024-03-13,F
CUST103858,Kibirige Nakato,0796061259,kibirigenakato35@srg.co.ug,Gulu City,2025-05-25,M
CUST103859,Guma Sheila,079-433-7774,guma.sheila@mail.com,Lira,05/10/2023,Female
CUST103860,Godfrey Tendo,0718122101,godfrey.tendo@outlook.com,Jinja,2025-05-07,Female
CUST103861,Naomi Kyebambe,256780098898,naomi.kyebambe@outlook.com,isingiro,26/07/2023,Female
CUST103862,Ssebugwawo Beatrice,,ssebugwawo.beatrice@outlook,Iganga,13-08-2025,Female
CUST103863,John Namubiru,256776599103, john.namubiru@srg.co.ug ,Mbale,28/03/2025,M
CUST103864,Andrew Olweny,256748813500,andrew.olweny@yahoo.com,Nebbi,13/04/2023,Female
CUST103865,Florence,+256719060164,florence@mail.com,Kabale,2024-12-08,Male
CUST103866,Patrick Tendo,+256720598293,patrick.tendo@outlook.com,Kampala,07/09/2025,Female 
CUST103867,Nsereko Ninsiima,721867181,nserekoninsiima@gmail.com,Kampala,27/09/2024,Female
CUST103868,Mercy Butime,+256795648534, mercybutime87@yahoo.com ,Jinja,,Female
CUST103869,Kamoga Ruth,256789831846,kamoga.ruth@outlook.com,Soroti,2022-05-23,Female
CUST103870,Rebecca,+256773822493,rebecca@gmail,Jinja,2024-03-18,Male 
CUST103871,Kambale Tumusiime,+256 73 212 6309,kambale.tumusiime@hotmail.com,Bushenyi,2021-07-18,F
CUST103872,Atim Harriet,070-797-9022,atim.harriet@yahoo.com,lyantonde,27/07/2022,Female
CUST103873,Kambale Nabbanja,,,Wakiso,2023-06-03,F
CUST103874,Nabirye Kamoga,+256 72 389 7976,nabirye.kamoga@outlook.com,Jinja,2024-10-27,
CUST103875,Collins Mugisha,0782788848,collins.mugisha@yahoo.com,Wakiso,19/02/2022,Female
CUST103876,Joseph Kyebambe,256778293654,joseph.kyebambe@outlook.com,Mukko,2024-01-16,
CUST103877,Kizza Katusiime,+256 74 176 7054,kizza.katusiime@yahoo.com,Jinja,2025-05-02,Male
CUST103878,Wanyama Butime,+256741979451,wanyama.butime@yahoo.com,Gulu,2022-08-27,
CUST103879,Godfrey Achieng,,godfrey.achieng@hotmail.com,Hoima,2022-04-03,
CUST103880,Nabirye Atim,0717092808,nabirye.atim@srg.co.ug,Gulu,25/08/2025,Female
CUST103881,Naomi Nakayiza,070-989-1660,naomi.nakayiza@outlook.com,Kampala,09/05/2025,Female
CUST103882,Brian Tendo,725421639,briantendo1@gmail.com,Mbarara,,Male
CUST103883,Ssimbwa Irene,+256 70 313 2104,ssimbwa.irene@srg.co.ug,Isingiro,20/04/2025,Female
CUST103884,Patrick Mukasa,775762698,patrick.mukasa@gmail.com,Mbale,2023-01-11,F
CUST103885,Alexander Tendo,0794962972,alexander.tendo@gmail.com,Kabale District,2024-06-03,
CUST103886,Achieng Samuel,+256711637711,achieng.samuel@outlook.com,Wakiso,2022-05-08,Male
CUST103887,Mubiru Nsereko,0704367196,mubiru.nsereko@hotmail.com,Mukono,2022-09-21,Male
CUST103888,Namutebi Ouma,0704238199,namutebiouma85@mail.com,Jinja,2025-01-19,F
CUST103889,Rebecca Nabbanja,728603382,rebecca.nabbanja@srg.co.ug,Jinja,2023-02-04,Male
CUST103890,Esther Okello,0715449686,esther.okello@outlook.com,Gulu City,30/11/2021,
CUST103891,Kamoga Wasswa,+256797180330,,Gulu,2021-05-10,
CUST103892,Jane Nakayiza,+256700465882,jane.nakayiza@yahoo.com,Mityana,26/03/2023,M
CUST103893,Nakayiza Atukunda,256706998859,nakayiza.atukunda@mail.com,Mbale,2021-02-14,F
CUST103894,N. Ahabwe,+256706198743,namubiru.ahabwe@srg.co.ug,Wakiso,2025-09-21,
CUST103895,  Timothy ,,timothy@yahoo.com,mbale,30/09/2024,Female
CUST103896,Patrick Tendo,,patrick.tendo@hotmail.com,Kampala,12/09/2023,Female
CUST103897,Collins Munezero,+256710504976,collins.munezero@outlook.com,Nebbi,12/09/2021,
CUST103898,Mugisha Phoebe,0790761213,mugisha.phoebe@gmail.com,Wakisio,2023-06-17,F
CUST103899,Kibirige,0721640735,kibirige@yahoo.com,Mbale City,2023-08-28,Male
CUST103900,Irene Kamoga,256777894899,irene.kamoga@srg.co.ug,Kampala,2022-06-27,Female
CUST103901,Ahabwe Catherine,256715393575, ahabwe.catherine@gmail.com ,Mukono,04/03/2025,Male
CUST103902,Daniel Ninsiima,+256722462019,daniel.ninsiima@outlook.com,kampala,2025-08-02,
CUST103903,Nakayiza,+256 77 711 0228,nakayiza@mail.com,Masaka,2023-10-15,Female
CUST103904,Ssempebwa Mukasa,256757306568,ssempebwa.mukasa@mail.com,Kampala,,Male
CUST103905,Joan Kyebambe,+256772101992,joan.kyebambe@gmail.com,Wakiso,2022-10-11,F
CUST103906,Ssekandi Ssekandi,+256705819108,ssekandi.ssekandi@hotmail.com,Jinja,2023-08-08,Male
CUST103907,Kizza Guma,0708854226,kizza.guma@srg.co.ug,Mbarara,,M
CUST103908,Patrick Ahabwe,072-117-9813,patrick.ahabwe@srg.co.ug,Wakiso District,2021-04-28,Female 
CUST103909,Kyomuhendo Ssekandi,774668720,kyomuhendo.ssekandi@gmail.com,Wakisio,22/05/2021,
CUST103910,lubega byaruhanga,,lubega.byaruhanga@gmail.com,mbarara,2025-08-04,Male
CUST103911,Ssimbwa Patrick,0735443080,ssimbwa.patrick@mail.com,Kampala,2023-09-07,Female
CUST103912,Butime Wanyama,0787948632,butime.wanyama@outlook.com,Kalangala,,M
CUST103913,Kamoga Kibirige,256720663708,kamoga.kibirige@srg.co.ug,Kampala,11/06/2022,Male 
CUST103914,Ouma Munezero,0781013856,ouma.munezero@yahoo.com,kiruhura,2023-06-16,M
CUST103915,Brian Katusiime,0708186903,brian.katusiime@srg.co.ug,Mukono,2024-06-08,Male
CUST103916,Mercy Nakayiza,0780143865,mercy.nakayiza@gmail.com,Masaka,18/09/2022,Female
CUST103917,Nalubega Kizza,+256735824888,nalubega.kizza@srg.co.ug,Mbarara,2024-02-14,Female
CUST103918,Jane Nabirye,0710373876,jane.nabirye@gmail.com,Kampala,2022-08-23,M
CUST103919,Nakayiza Okello,0773884554,nakayiza.okello@srg.co.ug,Jinja,27/05/2021,Female
CUST103920,Timothy,+256787475150,timothy@yahoo.com,mbale,30/09/2024,Female
CUST103921,Nabirye Nsereko,+256700953690,nabirye.nsereko@srg.co.ug,Kampala,02/01/2023,Female
CUST103922,Ouma Ruth,+256791376908,oumaruth30@yahoo.com,Mbarara City,07/04/2021,
CUST103923,Kibirige Byaruhanga,+256 73 878 8155,kibirige.byaruhanga@outlook.com,Wakiso,2022-11-30,Male
CUST103924,Agnes Achieng,,agnes.achieng@yahoo.com,Soroti,03/09/2024,
CUST103925,Ssekandi Kafeero,+256783114095,ssekandi.kafeero@srg.co.ug,Mbarara,31/03/2024,Male
CUST103926,Kyomuhendo Nakiganda,,kyomuhendonakiganda65@yahoo.com,Jinja,2024-06-05,
CUST103927,Godfrey,+256 78 596 8059,godfrey@srg.co.ug,Luwero District,23/06/2024,Female
CUST103928,Munezero Olweny,0733894046,munezero.olweny@outlook.com,Kampala,2025-03-31,Female
CUST103929,Nabirye Wanyama,256720386655,nabirye.wanyama@srg.co.ug,Gulu,24/05/2024,Female
CUST103930,Nankya Nabirye,0745053955,nankya.nabirye@hotmail.com,Mbarara,06/09/2022,Female
CUST103931,Emmanuel Nalubega,+256715070282,emmanuel.nalubega@gmail.com,Jinja,2022-02-22,Female
CUST103932,Nankya,0737283706,nankya29@srg.co.ug,Jinja Town,28/09/2025,Female
CUST103933,Ninsiima Atim,744513629,ninsiima.atim@srg.co.ug,Masaka,13/04/2025,Female
CUST103934,Godfrey Kyomuhendo,711979042,godfrey.kyomuhendo@mail.com,Nebbi,2021-07-17,Female
CUST103935,Ssekandi Mercy,,ssekandi.mercy@yahoo.com,Gulu,2024-08-16,Female
CUST103936,Juliet Butime,+256753401370,juliet.butime@hotmail.com,Kabale,2023-02-23,Female
CUST103937,Naomi Ssemakula,740773453,naomi.ssemakula@mail.com,Mbale,2021-12-24,Female
CUST103938,Ruth Mukasa,+256794396464,ruth.mukasa@yahoo.com,Mukono,18-07-2025,Female
CUST103939,Joseph Wasswa,,joseph.wasswa@yahoo.com,Gulu,14-08-2022,Male
CUST103940,Munezero Ssebugwawo,0756218905,munezero.ssebugwawo@yahoo.com,Rakai,2021-07-11,Female
CUST103941,Sarah Wanyama,0730240703,sarahwanyama@yahoo.com,mukono,2023-08-13,Male 
CUST103942,Mugisha Rebecca,0712102684,mugisharebecca75@hotmail.com,Jinja,19/01/2023,Male
CUST103943,Ssimbwa Nabirye,073-372-3525,ssimbwa.nabirye@mail.com,Mukono,2021-05-07,M
CUST103944,Rebecca Nabbanja,0740060546,rebecca.nabbanja@yahoo.com,kla,30/01/2024,Male
CUST103945,Ronald Wasswa,0747414647,ronald.wasswa@yahoo.com,Mbale,2024-02-19,Male 
CUST103946,Juliet Lubega,0786754372,juliet.lubega@gmail.com,Masindi,26/01/2021,
CUST103947,Stephen Nankya,0796133052,stephen.nankya@mail.com,Kampala,2024-09-08,F
CUST103948,Kibirige Kafeero,256743609846,kibirige.kafeero@hotmail,Mukono,2025-05-22,Male
CUST103949,Nsereko Kambale,,nsereko.kambale@mail.com,Mukono,2022-05-16,Male
CUST103950,Agnes Ssentongo,+256 74 216 4771,agnes.ssentongo@srg.co.ug,Tororo,2022-07-31,Male
CUST103951,Byaruhanga Nsereko,0701563030,byaruhanga.nsereko@mail.com,Kitgum,2024-05-24,Male
CUST103952,Kizza Ahabwe,+256741754728,kizzaahabwe@outlook.com,Kabarole,09-03-2023,Male
CUST103953,Guma Katusiime,256739117126,gumakatusiime53@mail.com,Kitgum,2023-01-12,Male
CUST103954,Katusiime Atim,+256723495083,,Mukono,,F
CUST103955,Okello Ninsiima,256799523004,okello.ninsiima@yahoo.com,Bundibugyo,25/02/2023,Female
CUST103956,Mubiru,+256 78 317 1897,mubiru@gmail.com,Soroti,15/03/2025,
CUST103957,Dorothy Munezero,0746394683,dorothy.munezero@yahoo.com,Wakiso,2022-12-24,
CUST103958,Kambale Namutebi,702008621,kambale.namutebi@hotmail.com,Wakiso,2022-03-09,
CUST103959,Ssimbwa Rebecca,+256703190895,ssimbwarebecca17@srg.co.ug,Lyantonde,2025-05-27,Male
CUST103960,Nabirye Ssimbwa,0735809063,nabirye.ssimbwa@gmail.com,Mbarara,17/07/2025,
CUST103961,Daniel Butime,256734674829,daniel.butime@hotmail.com,Kampala,2025-01-18,Male
CUST103962,Kizza Guma,+256784541189,kizza.guma@gmail.com,Sembabule,2024-08-06,Male
CUST103963,Ruth Atukunda,256799246427,ruth.atukundamail.com,Soroti,2023-02-07,F
CUST103964,Mugisha Ssekandi,0799450348,mugisha.ssekandi@gmail.com,Jinja City,,Male
CUST103965,Irene Kibirige,,irenekibirige44@hotmail.com,Gulu City,13/02/2025,Female
CUST103966,Atim Okello,+256722644127,atim.okello@yahoo.com,Kampala,16/08/2021,Female
CUST103967,Nakayiza,,nakayiza46@srg.co.ug,Soroti,2024-12-09,F
CUST103968,Ssentongo Katusiime,,ssentongo.katusiime@hotmail.com,Mbararra,27/06/2021,
CUST103969,Kambale Nankya,0715891438,kambale.nankya@gmail.com,Wakiso,2024-02-02,Female
CUST103970,Nakayiza Kyebambe,256703676292,nakayiza.kyebambe@srg.co.ug,kayunga,2021-09-21,Female
CUST103971,Ninsiima Nakato,256728990073,ninsiima.nakato@hotmail.com,Gulu,26-02-2023,F
CUST103972,Ssempebwa Olweny,+256 75 753 5979,ssempebwa.olweny@mail.com,Rakai,30/03/2024,Male
CUST103973,Kamoga Okello,775070103,kamogaokello28@mail.com,Masaka,17-11-2024,Male
CUST103974,Nsereko,0741828940,nsereko@gmail,Jinja City,2021-03-17,Male
CUST103975,Ssempebwa,+256770377139,ssempebwa@gmail.com,Kampala,2025-01-19,Male
CUST103976,Kizza Guma,+256784541189,kizza.guma@gmail.com,Sembabule,2024-08-06,Male
CUST103977,Katusiime Atukunda,+256 78 759 1569,katusiimeatukunda67@mail.com,Wakiso,28-05-2025,Female
CUST103978,Kamoga Ssekandi,+256719799446,kamoga.ssekandi@hotmail.com,Jinja,10/12/2024,Male
CUST103979,Nabbanja Byaruhanga,072-267-9094,nabbanja.byaruhanga@yahoo.com,Guluu,26/05/2025,F
CUST103980,Nabbanja Ssempebwa,0778624358,nabbanjassempebwa55mail.com,Soroti,2024-07-18,Female
CUST103981,Ninsiima Mary,+256 77 363 4376,ninsiima.mary@hotmail.com,sembabule,22/10/2024,Male
CUST103982,Mary Lubega,256792409319,mary.lubega@srg.co.ug,Kampala,24-03-2025,Male
CUST103983,Kizza Samuel,0707141402, kizza.samuel@yahoo.com ,Mbarara,2023-06-04,Male
CUST103984,Butime Kyebambe,709187017,,Lira,2022-06-17,Male
CUST103985,Wanyama Kamoga,,wanyama.kamogamail.com,Jinja,2025-07-13,Female
CUST103986,Ssimbwa Wanyama,0749309601,ssimbwa.wanyama@outlook.com,Kabale,2025-04-26,Male
CUST103987,Ssempebwa Tendo,0770755848,ssempebwa.tendo@yahoo.com,Arua,2021-02-18, 
CUST103988,Andrew Nabbanja,256798059654,andrew.nabbanjasrg.co.ug,Tororo,2025-03-15,F
CUST103989,Kamoga Ahabwe,256775026970,kamoga.ahabwe@srg,Arua City,06/06/2024,Male
CUST103990,Irene Nabbanja,0790506455,irene.nabbanja@gmail.com,Soroti,2023-01-20,F
CUST103991,Nakiganda Mubiru,+256 72 090 5793,nakiganda.mubiru@outlook.com,Kumi,2025-02-28,F
CUST103992,Patrick Olweny,0759914846,patrick.olweny@hotmail.com,Gulu,2022-10-29,Female
CUST103993,Ouma Mukasa,+256 72 694 9196,oumamukasa@srg.co.ug,Jinja City,2022-03-05,
CUST103994,Peter Ouma,0742050156,peter.ouma@srg.co.ug,Mbarara,24/10/2024,
CUST103995,Katusiime Nalubega,0778776065,katusiimenalubega59@gmail.com,Kampala1,2023-11-11,Female
CUST103996,Florence Nakiganda,+256 75 826 8238,florence.nakiganda@yahoo.com,Mbarara,2022-04-24,Male
CUST103997,Jane Byaruhanga,0701279906,jane.byaruhanga@gmail.com,Kampala,2023-01-08,Male
CUST103998,Achieng Robert,071-689-1487,achieng.robertoutlook.com,Kasese,2023-09-12,Male
CUST103999,Byaruhanga Kibirige,256748516290,byaruhanga.kibirige@hotmail.com,Wakiso,2023-09-02,
CUST104000,Guma Guma,718426143,guma.guma@hotmail.com,Masacka,2021-04-04,Male
CUST104001,Ssempebwa Nsereko,758628968,ssempebwa.nsereko@yahoo.com,Kampala,2025-08-22,
CUST104002,Kyomuhendo Ssempebwa,256720326876,kyomuhendo.ssempebwa@outlook.com,luwero,2025-05-10,
CUST104003,Roberf Nakiganda,+256715154019,robert.nakiganda@yahoo.com,Mbarara,2022-05-15,Male
CUST104004,Daniel Kambale,0778671751,daniel.kambaleyahoo.com,Mbale,,Male
CUST104005,Namutebi Ssimbwa,,namutebissimbwa58@mail.com,Homa,28/04/2022,F
CUST104006,Joan Kamoga,256773902423,joan.kamoga@hotmail.com,Kampala,,Female
CUST104007,Nalubega Butime,0719063364, nalubega.butime@gmail.com ,Mukono,2024-01-05,Female
CUST104008,Nankya Beatrice,,nankyabeatrice98@srg.co.ug,mukono,19/05/2023,F
CUST104009,Collins Namubiru,744964165,collins.namubiru@hotmail.com,Kampala,2021-03-02,Female
CUST104010,Naomi,+256706681257,naomi@outlook.com,Bushenyi District,2024-03-24,Female
CUST104011,Okello,749490559,okello@srg.co.ug,Kampala,2021-08-25,Male
CUST104012,Kambale Mugisha,,kambalemugisha@gmail.com,Jinja,30/03/2022,
CUST104013,Tumusiime Catherine,0781108515,tumusiime.catherine@mail.com,kiboga,2021-10-31,M
CUST104014,Wasswa Ssekandi,+256 77 281 7683,wasswassekandi73@gmail.com,Gulu,26/12/2024,Male
CUST104015,Juliet Atim,+256707106067,juliet.atim@outlook.com,Wakiso,2023-10-28,Female
CUST104016,Emmanuel Guma,+256 78 931 7772,emmanuelguma78@hotmail.com,Wakiso,2025-03-17,Female
CUST104017,Nalubega Tendo,+256790538625,nalubega.tendo@srg.co.ug,Mukono,21/04/2023,Female
CUST104018,Namubiru Ssemakula,0775777744,namubirussemakula49@mail.com,Wakiso,2025-08-25,
CUST104019,Ruth Namubiru,+256 77 456 5709,ruth.namubiru@yahoo.com,Wakisio,25/01/2021,
CUST104020,Ninsiima Ninsiima,256741570294,ninsiima.ninsiima@outlook.com,Mukono,05/11/2021,F
CUST104021,Godfrey Kizza,256722867183,godfrey.kizza@mail.com,Fort-Portal,14/01/2021,
CUST104022,Munezero Atim,0711426961,munezeroatim94@hotmail.com,Kampala,26/07/2023,Female
CUST104023,Nsereko Ouma,0718478488,nserekoouma5@srg.co.ug,Mbarara,2021-06-17,Male
CUST104024,Lubega Ssemakula,0749364698,lubega.ssemakula@hotmail.com,Kabale,29/05/2024,Male
CUST104025,Mubiru Mugisha,0795237620,mubiru.mugisha@mail.com,FortPortal,2023-02-17,M
CUST104026,Kafeero Ssimbwa,+256780246551,,Mukono,2021-11-13,Male
CUST104027,Mubiru Ssemakula,+256759360759,mubirussemakula44@outlook.com,Kampala,2024-05-11,M
CUST104028,Ouma Munezero,256781013856,ouma.munezero@yahoo.com,kiruhura,2023-06-16,M
CUST104029,Naomi Ssempebwa,256710028242,naomissempebwa@hotmail.com,Wakiso District,2025-04-27,Female
CUST104030,Nakiganda Wanyama,722532244,,Kampala,12/12/2023,
CUST104031,Ssempebwa Kamoga,256773461444,ssempebwa.kamoga@srg.co.ug,Kasese,2023-12-10,Male
CUST104032,Ssemakula Kyomuhendo,0733735688,ssemakulakyomuhendo@gmail.com,Kabarole,2024-06-19,Male
CUST104033,Sheila Kyomuhendo,+256785193840,sheila.kyomuhendo@hotmail.com,NA,13-04-2025,Female
CUST104034,Wasswa Nalubega,+256796172889,wasswa.nalubega@hotmail.com,Kabale,2021-03-28,Male
CUST104035,Juliet Namubiru,+256 70 346 4403,julietnamubiru@mail.com,Enteba,2021-09-17,Female
CUST104036,David Nabirye,256789357928,david.nabirye@outlook.com,Kasese,2023-02-13,Male
CUST104037,Kamoga Katusiime,0700895587,kamoga.katusiime@outlook.com,Kampala,2024-05-01,Male
CUST104038,Patrick,,patrick@gmail.com,Arua,27/04/2021,Female
CUST104039,Nalubega Kyomuhendo,+256 77 019 8788,,Mbale,2021-02-03,Female
CUST104040,Ssentongo Kyebambe,+256770607576,ssentongo.kyebambe@mail.com,Torroro,,Male
CUST104041,Alexander Munezero,789041348,alexander.munezero@srg.co.ug,Wakiso,2024-07-14,F
CUST104042,Ssekandi Byaruhanga,716847244,ssekandi.byaruhanga@srg.co.ug,Masindi,13-08-2024,Male
CUST104043,Kamoga Samuel,+256 78 366 1429,kamoga.samuel@outlook.com,Kitgum,,Male
CUST104044,Mercy Ouma,+256 71 737 3264,mercy.ouma@mail.com,Gulu District,2025-08-12,Female 
CUST104045,Joseph Tendo,742877234,joseph.tendo@outlook.com,Kampala,22/12/2024,Male
CUST104046,Michael Kyebambe,,michael.kyebambe@hotmail.com,Lira,2021-01-10,Male 
CUST104047,JOAN ACHIENG,0722038764,joan.achieng@gmail.com,Kampala,31/10/2021,Female
CUST104048,Munezero Kamoga,,munezero.kamoga@outlook.com,Masaka,01/11/2021,F
CUST104049,Ssekandi Butime,075-257-9702,ssekandi.butime@yahoo.com,Torroro,09/05/2021,Male
CUST104050,Joan Kibirige,+256 78 052 2223,joan.kibirige@yahoo.com,Entebbe City,2023-01-15,F
CUST104051,Dorothy,+256 78 978 5741,dorothy@gmail.com,Mukono,2025-01-01,Male
CUST104052,Nabbanja,256780916692,nabbanja@srg.co.ug,kabale,2025-02-07,Female
CUST104053,Harriet Ssemakula,256756104549,harrietssemakula@mail.com,Wakiso,2022-10-27,Female
CUST104054,IRENE OUMA,+256718626798,irene.ouma@hotmail.com,Soroti,06/05/2023,
CUST104055,Harriet Mugisha,,harriet.mugishayahoo.com,Jinja,17/11/2022,Female 
CUST104056,  Nakiganda Wanyama ,0707112983,nakiganda.wanyama@srg.co.ug,Mbale,2022-01-05,F
CUST104057,Nsereko Olweny,+256 70 053 9564,nserekoolweny54@srg.co.ug,Mbarara,18-07-2022,
CUST104058,Munezero Nabbanja,+256788591693,munezero.nabbanja@hotmail.com,rakai,24/10/2021,Female
CUST104059,Samuel Namubiru,+256752280191,samuel.namubiru@yahoo.com,Mbarara,2021-11-21,
CUST104060,Butime Mukasa,,butime.mukasa@mail.com,Kampala,2024-11-05,Male
CUST104061,Atim Florence,+256708174944,atimflorence10@yahoo.com,Mbaraa,25-07-2025,
CUST104062,Ssentongo Nabbanja,256729994104,,Iganga,2024-08-05,Male
CUST104063,Francis Nakato,0770823106,francis.nakato@gmail.com,Mbarara,30/10/2021,Female
CUST104064,Esther Munezero,+256731078078,esther.munezero@outlook.com,Kampala,10-11-2023,
CUST104065,Andrew Munezero,0729018876,andrewmunezero58mail.com,Mbarara,20/12/2021,Female
CUST104066,Achieng Timothy,0799900389,achieng.timothy@hotmail.com,Mityana,2022-07-01,Female
CUST104067,Kyomuhendo Katusiime,+256743369561, kyomuhendokatusiime4@yahoo.com ,Gulu City,19/11/2024,Female
CUST104068,Nakiganda Mubiru,,nakiganda.mubiru@mail.com,Kampala,30/07/2023,F
CUST104069,Kamoga Namubiru,+256738740559,kamoga.namubiru@outlook.com,Kampala,03/03/2024,M
CUST104070,Kato Ouma,749736803,,Kampala,03-05-2023,
CUST104071,Ninsiima Stephen,0748032582,ninsiima.stephen@gmail.com,Kabarole,10-07-2025,F
CUST104072,Kizza Wanyama,0719499473,kizzawanyama33@mail.com,mbale,25-01-2024,Male
CUST104073,Michael Namubiru,0734117490,michael.namubiruoutlook.com,Lira,25-08-2021,
CUST104074,Byaruhanga Ssentongo,+256791815957,byaruhanga.ssentongo@outlook.com,Kasese,2023-07-13,Male
CUST104075,Naomi Nabirye,0711212825,naomi.nabirye@gmail.com,Kiruhura,10/02/2021,F
CUST104076,Katusiime Nakiganda,256755852704,katusiimenakiganda@gmail.com,Kampala,15/07/2021,Female
CUST104077,Ssimbwa Atim,256783780170,,mukono,2022-05-29,
CUST104078,Robert Nakiganda,715154019,robert.nakiganda@yahoo.com,Mbarara,2022-05-15,Male
CUST104079,Ssekandi Kibirige,256784975444,ssekandi.kibirigeyahoo.com,Kampala-City,2023-02-15,Male
CUST104080,Florence Kambale,0791531049,florencekambale23@gmail.com,Kayunga,2023-04-18,
CUST104081,Esther Nabirye,0737716746,esthernabirye@srg.co.ug,Gulu City,2021-05-05,Male
CUST104082,Mubiru Atim,079-504-9266,mubiruatim@mail.com,wakiso,2021-10-01,Female
CUST104083,Irene Mubiru,0734620155,irene.mubiru@mail.com,Kampala,,Female
CUST104084,Kizza Kambale,+256706206625,kizza.kambale@gmail.com,kayunga,2022-01-05,Male
CUST104085,Joan Olweny,074-020-2203,joan.olweny@hotmail.com,Mbarara,14/08/2024,F
CUST104086,Beatrice Nalubega,,beatrice.nalubega@srg.co.ug,Kabarole,,Female
CUST104087,Godfrey Achieng,256733218273,godfreyachieng77@outlook.com,Wakiso,2025-05-12,F
CUST104088,Atim Ouma,+256713455227,atim.ouma@yahoo.com,Kabale,2024-10-15,Male
CUST104089,Robert Kyebambe,,robertkyebambe18@yahoo.com,Lyantonde,06/05/2022,Male
CUST104090,Ruth Nakato,+256725712081,,Wakiso,2022-04-25,Female
CUST104091,Kibirige Nakayiza,702148242,kibirige.nakayiza@gmail.com,Kampala,2021-01-24,M
CUST104092,Nankya Tumusiime,0716488729,nankyatumusiime54@outlook.com,Soroti,2021-01-02,F
CUST104093,Atukunda Naomi,0731574962,atukunda.naomi@outlook.com,Kampala,2025-01-07,Female
CUST104094,Irene Kibirige,256778484350,irenekibirige44@hotmail.com,Gulu City,13/02/2025,Female
CUST104095,Naomi,+256 78 758 8096,naomioutlook.com,Kampala,2025-07-01,Female
CUST104096,Peter Wanyama,,peter.wanyama@yahoo.com,Kampala,2024-06-10,Male
CUST104097,Kyomuhendo Sarah,+256737913557,kyomuhendo.sarah@outlook.com,Guluu,2025-01-01,Male
CUST104098,Okello Nakayiza,256726310448,okellonakayiza52@hotmail.com,soroti,2022-09-27,Female
CUST104099,Jane Nalubega,+256706063015,jane.nalubega@gmail.com,Sembabule,2024-12-24,Male
CUST104100,Michael Kambale,,michael.kambalesrg.co.ug,Mbale,2021-08-24,Male
CUST104101,Guma Butime,0744080459,guma.butimeyahoo.com,Jinja,04-10-2025,M
CUST104102,Ssentongo Nakiganda,+256 71 163 3976,ssentongo.nakiganda@gmail.com,Hoima,2023-04-04,Female
CUST104103,Joseph Katusiime,0792888363,joseph.katusiime@srg.co.ug,Mbale,19/05/2024,Male
CUST104104,Godfrey,738159762,godfrey@yahoo.com,Lira,2024-12-07,Female
CUST104105,Harriet Atukunda,+256750921399,harrietatukunda@srg.co.ug,KAMPALA,07/12/2023,Female
CUST104106,David Kafeero,0747665072,davidkafeero81@srg.co.ug,Kampala,2024-01-02,M
CUST104107,  Sheila Guma ,,sheilaguma88@outlook.com,Kitgum,2023-11-05,Female
CUST104108,Katusiime Irene,+256798418665,katusiime.irene@mail.com,Bushenyi District,2024-09-30,Female
CUST104109,Tumusiime Emmanuel,+256 70 980 5740,tumusiime.emmanuel@hotmail.com,Gulu,2022-11-28,Female
CUST104110,Wanyama,0738354009,wanyama96@mail.com,Sembabule,08-05-2024,Female
CUST104111,Michael Ssimbwa,+256738239083,michael.ssimbwa@hotmail.com,Lira,29/05/2024,Male
CUST104112,  Kibirige Achieng ,,,Isingiro,,Male
CUST104113,Dorothy Byaruhanga,0713321973,dorothy.byaruhanga@srg.co.ug,Rakai,2021-11-08,Male
CUST104114,Nabirye Kibirige,0778469664,nabirye.kibirige@outlook.com,Kampala,25-12-2022,
CUST104115,J. Ssempebwa,+256721406336,,Kampala,2021-08-11,Male
CUST104116,John Tendo,701764110,john.tendo@outlook.com,Bundibugyo,14/10/2024,Male
CUST104117,Esther Nabirye,737716746,esthernabirye@srg.co.ug,Gulu City,2021-05-05,Male
CUST104118,Olweny Ouma,256729763913,olweny.ouma@hotmail.com,Mukono,11-01-2021,
CUST104119,Ronald Butime,,ronald.butime@yahoo.com,Mukono,15/07/2021,
CUST104120,Florence Ouma,,florence.ouma@srg.co.ug,Kayunga,22-07-2024,Male
CUST104121,Katusiime Kibirige,+256737553395,katusiime.kibirige@outlook.com,Wakiso,15/02/2024,F
CUST104122,Namubiru Katusiime,0787401475,,Lira,13-05-2024,Female
CUST104123,Nakayiza Wasswa,772088330,nakayiza.wasswa@mail.com,Kampala,10/05/2025,Female
CUST104124,Mugisha Nabbanja,0708662386,mugishanabbanja68@mail.com,Mbarara,2021-01-09,Male
CUST104125,Namutebi Kyebambe,+256 77 003 8375,namutebi.kyebambe@mail.com,Gulu,2021-08-02,Female
CUST104126,Esther Ssempebwa,,esther.ssempebwa@yahoo.com,Kabarole,18/07/2021,Male
CUST104127,Butime Kambale,0710795603,butime.kambale@hotmail.com,arua,2021-06-02,
CUST104128,Ssemakula Nankya,+256725548857,ssemakulanankya70@gmail.com,Mbale,2025-06-24,M
CUST104129,Kyomuhendo Ssentongo,774715802,kyomuhendo.ssentongo@mail.com,Mbarara,28/01/2025,
CUST104130,Kato Ssentongo,256717720759,kato.ssentongo@srg.co.ug,Kitgum,12-05-2024,Male
CUST104131,Atim Ssekandi,0718316676,atim.ssekandi@gmail.com,Arua City,,Female
CUST104132,Timothy Achieng,256745029969,timothy.achieng@yahoo.com,Kabale,2023-06-30,F
CUST104133,Wasswa Munezero,+256726149640,wasswa.munezero@hotmail.com,Kumi,27/09/2022,Male
CUST104134,Kamoga Namubiru,,kamoga.namubiru@mail.com,Kampala-City,28/11/2022,Male
CUST104135,Emmanuel Nsereko,+256749913719,emmanuel.nsereko@yahoo.com,Mukko,2023-11-20,Female
CUST104136,Munezero Tendo,256732742629,munezero.tendo@outlook.com,Fort Portal,02/02/2024,Female
CUST104137,Catherine Nabirye,074-090-6790,catherine.nabirye@mail.com,Wakiso District,2023-04-25,
CUST104138,Nsereko Nakato,0738118893,nserekonakato21@srg.co.ug,Kalangala,2023-11-14,Male
CUST104139,Ssemakula Kafeero,+256751924756,ssemakula.kafeero@hotmail.com,Sembabule,2025-04-27,Male 
CUST104140,Nabbanja Olweny,0729758404,nabbanjaolweny17@mail.com,Mbale,05-04-2022,Female 
CUST104141,Beatrice Tumusiime,256736170798,beatrice.tumusiime@gmail,Masaka,2024-03-15,Female
CUST104142,Ruth Nabirye,+256701992066,ruth.nabirye@srg.co.ug,Gulu,2021-09-21,Female
CUST104143,  Namutebi Ssempebwa ,,namutebi.ssempebwa@outlook.com,Kabale,22/03/2024,
CUST104144,Patrick Lubega,779753706,patricklubega94@yahoo.com,Mbarara,2021-09-13,F
CUST104145,Collins Ahabwe,784037403,collins.ahabwe@yahoo.com,Wakiso,2021-05-26,
CUST104146,Nalubega Nsereko,793502760,nalubegansereko@mail.com,Mukkono,2023-08-30,Female
CUST104147,Namubiru Mukasa,+256 71 652 7212,namubirumukasa79@yahoo.com,Arua,22-12-2023,Female
CUST104148,Rebecca Nakato,+256799349855,,Gulu City,2022-06-04,M
CUST104149,Naomi,0747685797,naomi@mail.com,Kampala,08-02-2024,Female
CUST104150,Daniel Ssimbwa,,daniel.ssimbwa@outlook.com,Luweero,2022-11-11,
CUST104151,Emmanuel Ssemakula,+256712478756,emmanuel.ssemakula@srg.co.ug,Bundibugyo,2021-01-01,Female
CUST104152,Munezero Nalubega,0710799361,munezero.nalubega@hotmail.com,Wakiso,2023-10-14,Female
CUST104153,Kizza Nabirye,0743914660,kizza.nabirye@gmail.com,Wakisio,2023-04-21,Male
CUST104154,Kizza Agnes,256741673702,kizzaagnes@outlook.com,Wakiso,,M
CUST104155,Kambale Timothy,+256738791588,kambaletimothy78@srg.co.ug,Soroti,2025-09-17,Female
CUST104156,Joan Ssempebwa,256739461973,joan.ssempebwa@gmail.com,Gulu,19-04-2025,Female 
CUST104157,N. Kyomuhendo,775734414,,Gulu City,2024-09-10,Female 
CUST104158,Naomi Nakiganda,+256706987272,naominakiganda@gmail.com,Mukono,2021-02-08,Female 
CUST104159,Ninsiima Sarah,+256 77 061 9098,ninsiima.sarah@yahoo.com,Bushenyi,2021-05-05,Male
CUST104160,John Namubiru,0707191096,john.namubirugmail.com,Mbale,28/01/2024,Male
CUST104161,Atim Florence,+256708174944,atimflorence10@yahoo.com,Mbaraa,25-07-2025,
CUST104162,Nankya Mubiru,716354756,nankya.mubiru@yahoo.com,Wakiso,2024-05-16,Female
CUST104163,Agnes Ssekandi,,agnes.ssekandi@yahoo.com,jinja,2024-12-16,M
CUST104164,Irene Mubiru,+256 73 462 0155,irene.mubiru@mail.com,Kampala,,Female
CUST104165,  Dorothy ,+256 78 978 5741,dorothy@gmail.com,Mukono,2025-01-01,Male
CUST104166,Agnes Kyebambe,+256799993737,agnes.kyebambe@hotmail.com,Wakiso,2023-09-03,M
CUST104167,Kambale Tumusiime,0777946192, kambaletumusiime98@outlook.com ,Kumi,,
CUST104168,Patrick,798275984,patrick@outlook.com,Mbarara,2022-09-04,Female
CUST104169,Ouma Kambale,0772738999,oumakambale21@mail.com,Soroti,2025-05-13,
CUST104170,Guma Namubiru,729979909,gumanamubiru@hotmail.com,Kalangala,2022-08-19,Male
CUST104171,Kamoga Namubiru,0759796316,kamoga.namubiru@mail.com,Masacka,2025-07-31,Male
CUST104172,Nabbanja Nankya,256754458083,nabbanja.nankya@srg.co.ug,Lira,2021-03-20,F
CUST104173,Timothy Mukasa,799579427,timothy.mukasa@yahoo.com,Wakisio,2021-05-13,Female
CUST104174,Agnes Mukasa,+256711413455,agnes.mukasa@outlook.com,Mukono,22/12/2023,Male
CUST104175,Namutebi Ninsiima,+256 70 149 7309,namutebi.ninsiima@gmail.com,Kampala,2025-08-24,Female
CUST104176,Ninsiima Tendo,070-871-2158,ninsiimatendo@srg,Lira,2024-01-21,Female
CUST104177,Tumusiime Mugisha,0729437073,tumusiime.mugisha@mail.com,Tororo,17-06-2023,Male
CUST104178,Mercy Wasswa,256724148396,mercy.wasswa@hotmail.com,Kampala,2024-04-02,Female
CUST104179,Katusiime Wasswa,711045777,katusiime.wasswa@outlook.com,Mbarara,2025-06-29,
CUST104180,Ninsiima Nsereko,,ninsiima.nsereko@mail.com,Kampala,2024-02-19,Female
CUST104181,Kambale Byaruhanga,791590493,kambalebyaruhanga97@srg.co.ug,Lyantonde,30/01/2024,
CUST104182,Ssempebwa Nsereko,,ssempebwa.nserekohotmail.com,Masaka,04/02/2023,Male
CUST104183,Emmanuel Atim,739336359,emmanuelatim30@gmail.com,Mbale,2024-12-21,Female
CUST104184,Nalubega Mukasa,256717550241,nalubega.mukasa@gmail.com,Gulu,2022-02-22,Female
CUST104185,Kambale Kamoga,+256736946079,kambalekamoga@hotmail.com,Luwero District,,Female
CUST104186,Ouma Kambale,784681102,ouma.kambale@yahoo.com,Kampala,07/02/2022,Male
CUST104187,Agnes Ninsiima,075-706-3352,agnes.ninsiima@mail.com,MBARARA,26-04-2025,
CUST104188,Joan Achieng,+256 72 203 8764,joan.achieng@gmail.com,Kampala,31/10/2021,Female
CUST104189,Rebecca Nakiganda,+256722849748,rebecca.nakiganda@mail.com,nakasongola,10/06/2023,M
CUST104190,Kizza Ssempebwa,0710170401,kizzassempebwa8@gmail.com,Gulu,2021-02-04,
CUST104191,Collins Kamoga,070-885-6424,collinskamoga87@gmail.com,Gulu,07/06/2022,F
CUST104192,Byaruhanga Ssebugwawo,,byaruhanga.ssebugwawo@gmail,Arua,2024-10-01,M
CUST104193,Namubiru Dorothy,,namubirudorothy@outlook.com,Mbarara,06/01/2022,Male
CUST104194,Juliet Nabirye,0722224316,,Arua,2025-05-30,Female
CUST104195,Kambale Tumusiime,0732126309,kambale.tumusiime@hotmail.com,Bushenyi,2021-07-18,F
CUST104196,Naomi Nakiganda,0782568947,naomi.nakiganda@outlook.com,Mukono,2024-04-12,Female 
CUST104197,Nankya Katusiime,+256745660461,nankya.katusiime@outlook.com,Kampala,30-09-2023,Female
CUST104198,Byaruhanga Atim,0774976839,byaruhanga.atim@srg.co.ug,Wakiso,2021-12-11,Male
CUST104199,Sarah Mukasa,+256712943876,sarah.mukasa@mail.com,Homa,2022-05-22,Male
CUST104200,Nakayiza Nankya,+256794195049,nakayizanankya57@mail.com,Kampala,2025-02-08,F
CUST104201,Catherine Kizza,073-515-6879,catherine.kizza@outlook.com,Mbararra,2023-02-06,Male
CUST104202,Sarah Kamoga,+256721094067,sarah.kamoga@outlook.com,Wakiso,11-09-2021,Male
CUST104203,Esther Nsereko,0755511443,esthernsereko35@gmail.com,mityana,2021-12-12,Male
CUST104204,Kizza Namutebi,0790555366,kizza.namutebi@srg,Mukono,2023-06-20,Female
CUST104205,Patrick Atukunda,,patrick.atukunda@hotmail.com,Fort Portal,13/12/2023,Female
CUST104206,Samuel Tumusiime,781064653,samuel.tumusiime@gmail.com,Gulu,29/04/2021,M
CUST104207,Katusiime Olweny,,katusiime.olweny@outlook.com,Jinja,31/12/2023,Female
CUST104208,Naomi,779412185,naomi35@mail.com,Kampala,23/11/2023,Female
CUST104209,Francis Ahabwe,0720524516,francis.ahabwe@srg.co.ug,Kampala,2022-11-04,Female
CUST104210,Francis Mukasa,+256796627423,francis.mukasa@hotmail.com,Wakiso,2022-07-10,Female 
CUST104211,Wasswa Emmanuel,0740188036,wasswaemmanuel@srg.co.ug,Mukono,2022-08-16,Female
CUST104212,David Namubiru,0752344407,david.namubiru@outlook.com,Wakiso,23/02/2023,Male 
CUST104213,Katusiime Nakiganda,256755852704,katusiimenakiganda@gmail.com,Kampala,15/07/2021,Female
CUST104214,Jane Atukunda,+256776894167,jane.atukunda@outlook.com,Kampala,2023-10-25,Male
CUST104215,Andrew Atukunda,0719294512,andrew.atukunda@yahoo.com,Gulu City,2022-05-06,Female
CUST104216,Munezero Atim,0711426961,munezeroatim94@hotmail.com,Kampala,26/07/2023,Female
CUST104217,Emmanuel Kambale,0798358573,emmanuelkambale@outlook.com,Wakiso,2024-11-23,F
CUST104218,Nankya Kafeero,256733395923,nankyakafeero@hotmail.com,arua,2023-02-19,Female
CUST104219,Ouma Grace,0786286851,oumagrace4@outlook.com,Kampala,2022-08-18,Male
CUST104220,Brian Kizza,071-180-1628,brian.kizza@yahoo.com,Kampala,18/01/2022,Male
CUST104221,Byaruhanga Kyebambe,0783084834,byaruhangakyebambe15@srg.co.ug,Rakai,2024-08-02,Male
CUST104222,Alexander Kambale,0798413808,alexander.kambale@yahoo.com,Mbale,2024-03-19,F
CUST104223,Atukunda Kibirige,,atukunda.kibirige@mail.com,Mbarara,2023-12-30,M
CUST104224,Naomi,0732064112,naomi@gmail.com,Mbarara,2021-12-30,
CUST104225,Emmanuel Nalubega,0715070282,emmanuel.nalubega@gmail.com,Jinja,2022-02-22,Female
CUST104226,Juliet Atukunda,075-402-0627,juliet.atukunda@yahoo,Kampala,2025-07-24,Female 
CUST104227,Katusiime Atim,256735488172,katusiime.atim@mail.com,Kampala,2024-08-10,Female
CUST104228,Patrick Tendo,,patrick.tendo@outlook.com,Kampala,07/09/2025,Female 
CUST104229,  Agnes Ssebugwawo ,,agnes.ssebugwawo@outlook.com,Mbale,03-04-2023,
CUST104230,Kambale Andrew,+256730180623,kambale.andrew@mail.com,Mbarara,27/12/2022,Female
CUST104231,Irene,256732558202,irene60@gmail.com,Kampala,,Female
CUST104232,David Lubega,789195967,davidlubega@mail.com,arua,05/10/2024,
CUST104233,Mubiru Achieng,256793447706,mubiru.achieng@gmail.com,Gulu,31/03/2022,M
CUST104234,Godfrey Ssebugwawo,+256749931429,godfrey.ssebugwawo@gmail.com,Wakiso,2024-08-28,F
CUST104235,David Wasswa,788938270,david.wasswa@hotmail.com,Mbarara,2022-09-10,Male
CUST104236,Nakayiza,073-664-7566,nakayiza@mail.com,Kampala City,2024-10-29,Female
CUST104237,Nsereko Francis,,nsereko.francis@hotmail.com,Wakiso,12/03/2023,F
CUST104238,Tendo Ssimbwa,+256707773473,tendo.ssimbwa@mail.com,Kampala,2024-09-05,
CUST104239,Kamoga Ssebugwawo,,kamoga.ssebugwawo@mail.com,Mbale,29/07/2022,M
CUST104240,Collins Butime,+256 75 293 0501,collins.butime@srg.co.ug,entebbe,2023-04-05,Female
CUST104241,namutebi mubiru,0715555720,namutebi.mubiru@outlook.com,Gulu,2023-12-25,F
CUST104242,Irene Katusiime,+256758064056,,Bundibugyo,19/04/2021,Female 
CUST104243,Rebecca Kyomuhendo,256715910453,rebecca.kyomuhendo@srg.co.ug,Nebbi,30/11/2024,Male
CUST104244,Olweny Olweny,+256757567390,olweny.olweny@mail,Kampala,16/10/2024,Male
CUST104245,Ninsiima Tumusiime,,ninsiima.tumusiime@outlook.com,Jinja,20/11/2021,Female
CUST104246,Wanyama Namubiru,+256705362308,wanyama.namubiru@hotmail.com,Mityana,21-04-2023,F
CUST104247,Juliet Kibirige,+256735096541,julietkibirige26@srg.co.ug,Mukono,10-08-2024,F
CUST104248,Achieng Nabbanja,256722769184,achieng.nabbanja@hotmail.com,Wakiso,2022-03-25,F
CUST104249,Ninsiima Kibirige,+256718974914,ninsiima.kibirige@hotmail.com,Kampala,2022-02-12,Female 
CUST104250,  Kambale Nabbanja ,,,Wakiso,2023-06-03,F
CUST104251,Juliet Munezero,0733415451,juliet.munezero@outlook.com,Isingiro,2022-08-22,Female
CUST104252,Godfrey Kizza,785009858,godfrey.kizza@mail.com,Mbarara,2022-04-29,Female
CUST104253,Wasswa,+256706035421,wasswa@gmail.com,Gulu,14/08/2021,Male
CUST104254,Juliet Nankya,+256725237276,juliet.nankya@yahoo.com,Kumi,15/02/2023,Female
CUST104255,Naomi Kyebambe,,,Rural,,F
CUST104256,Ssekandi Kamoga,0797607442,ssekandi.kamoga@hotmail.com,Masindi,2022-11-17,Male
CUST104257,Byaruhanga Ahabwe,256720470795,byaruhangaahabwe54@srg.co.ug,Kampala,17/06/2023, 
CUST104258,David Nabirye,0740699227,david.nabiryemail.com,Kampala,,
CUST104259,Grace Byaruhanga,256725474827,grace.byaruhanga@mail.com,Mbarara City,,M
CUST104260,Kambale Munezero,726453196,,kampala district,,Female
CUST104261,Ssempebwa Mukasa,256757306568,ssempebwa.mukasa@mail.com,Kampala,,Male
CUST104262,Kato Wanyama,+256 70 036 4667,kato.wanyama@gmail.com,Wakiso,2021-05-22,
CUST104263,Mercy Nankya,256703454135,mercynankya16@yahoo.com,Mbaraa,2021-05-04,
CUST104264,Daniel Atim,,daniel.atim@outlook.com,Kumi,21-03-2022,
CUST104265,Atim Olweny,256704738471,atim.olweny@srg.co.ug,Mballa,2025-02-28,Female
CUST104266,Daniel Nabbanja,0783334974,daniel.nabbanja@srg.co.ug,Mbale City,14/01/2024,M
CUST104267,Dorothy Ahabwe,+256 70 425 4564,dorothy.ahabwe@yahoo.com,Kampala,2021-10-14,
CUST104268,Emmanuel Kibirige,+256713095746,emmanuel.kibirige@gmail.com,Wakiso,2024-07-01,Female
CUST104269,Ssentongo Kafeero,,ssentongo.kafeero@outlook.com,Upcountry,2023-05-10,Male
CUST104270,Mugisha Wanyama,0719335580,mugisha.wanyama@mail.com,Gulu,2021-11-02,
CUST104271,Kyomuhendo Phoebe,,kyomuhendo.phoebe@gmail.com,Kampala City,01-08-2025,F
CUST104272,Namutebi Ahabwe,+256782317207, namutebi.ahabwe@yahoo.com ,Wakiso,2024-07-18,Female
CUST104273,Harriet Byaruhanga,0721007482,harriet.byaruhanga@yahoo.com,Isingiro,20/11/2021,Female
CUST104274,Ssempebwa Tendo,+256 73 041 6789,ssempebwatendo23@yahoo.com,Lira,2024-12-11,
CUST104275,Ahabwe Phonbe,256759024035,ahabwe.phoebe@outlook.com,Mbale City,2025-06-03,F
CUST104276,Agnes Okello,0799543768,agnes.okello@hotmail.com,Mukko,2025-03-18,
CUST104277,Wanyama Ssekandi,+256730479210,wanyamassekandi64@mail.com,Soroti,2025-01-06,Female 
CUST104278,John Kambale,256733198355,john.kambale@srg.co.ug,Wakiso,,Male
CUST104279,Guma Butime,256715610132,guma.butime@gmail.com,Kampala,23-04-2025,M
CUST104280,Guma Mubiru,,guma.mubiru@yahoo.com,Kabale,2021-05-09,Male
CUST104281,Harriet Nankya,+256782808436,,Nebbi,2021-06-16,Female
CUST104282,Nankya Katusiime,701861840,nankya.katusiime@outlook.com,Kampala,2022-06-08,F
CUST104283,Nabbanja,+256 71 213 8467,nabbanja44mail.com,Kabale,18/03/2022,Female
CUST104284,Atim ilexander,0758680352,,Kampala,01-01-2024,F
CUST104285,Namubiru,+256 73 439 5309,namubiru@hotmail.com,Kampala,27/02/2022,
CUST104286,Agnes,256702496245,agnessrg.co.ug,kabale,2024-04-17,Male 
CUST104287,Munezero Atim,078-818-4010,munezero.atim@outlook.com,Mbale,2023-01-15,Female
CUST104288,Joan Achieng,0722038764,joan.achieng@gmail.com,Kampala,31/10/2021,Female
CUST104289,tamutebi Byaruhanga,256788884663,namutebi.byaruhanga@gmail.com,Wakiso,2024-06-04,
CUST104290,Ouma Irene,+256703065100,ouma.irene@mail.com,Wakiso,14-06-2025,Female
CUST104291,Ninsiima Ssempebwa,0738757901,ninsiima.ssempebwa@mail.com,Jinja,2024-08-19,F
CUST104292,Atim Nsereko,+256742727005,atimnsereko88@mail.com,Kabale,30/06/2021,Female
CUST104293,Rebecca Nabbanja,078-250-7129,rebeccanabbanja@outlook.com,Kampala,2022-09-19,M
CUST104294,Kambale Kizza,075-656-7171,kambalekizza47@srg.co.ug,Mbale City,24/07/2023,F
CUST104295,Jane Atim,,jane.atim@hotmail.com,Kabale District,15/09/2023,
CUST104296,Andrew Kamoga,750667283,,Tororo,2022-03-09,Female
CUST104297,Joseph Munezero,0749649690,joseph.munezero@gmail.com,Gulu,22/02/2025,Male
CUST104298,Kibirige Kyebambe,074-793-3794,kibirige.kyebambe@gmail,Mukko,2022-04-11,
CUST104299,Nakayiza Ssebugwawo,256729233353,nakayiza.ssebugwawo@outlook.com,Mbarara,2021-01-13,Female
CUST104300,R. Mukasa,745861955,ruth.mukasa@yahoo.com,Wakiso,07/02/2023,Female
CUST104301,Byaruhanga Atim,+256774976839,byaruhanga.atim@srg.co.ug,Wakiso,2021-12-11,Male
CUST104302,Namubiru Kyebambe,+256797608784,namubirukyebambe@hotmail.com,Wakiso,19/05/2024,Female
CUST104303,Joseph Olweny,+256 79 886 8266,,Wakiso,03/07/2021,M
CUST104304,Nankya Ssebugwawo,0799997843,nankya.ssebugwawo@gmail.com,Wakiso District,2024-01-12,Female 
CUST104305,Godfrey Byaruhanga,256742127410,,Gulu,31/07/2025,Female
CUST104306,Nankya Mubiru,758733355,,Isingiro,23/09/2022,Female
CUST104307,Ssemakula Kyomuhendo,+256797280759,ssemakula.kyomuhendo@outlook.com,Kampala,26/08/2024,Male
CUST104308,John Ssentongo,+256731007531,john.ssentongo@gmail.com,Kampala,2023-12-27,Male
CUST104309,Naomi Nalubega,0789059511,naominalubega79@hotmail.com,Mbale,20/07/2025,
CUST104310,stephen nabirye,256753362758,stephennabirye@hotmail.com,arua,2023-09-27,Female
CUST104311,Catherine Guma,+256 75 279 5285,catherineguma62@outlook.com,Mukono,08/08/2022,Male
CUST104312,Olweny Atim,0783558309,olweny.atim@yahoo.com,Lira,2024-12-26,
CUST104313,atim butime,0741060162, atim.butime@hotmail.com ,Arua City,28/06/2024,F
CUST104314,Peter Nxnsiima,,peterninsiima62@srg.co.ug,Hoima,04/04/2021,M
CUST104315,Ssimbwa Nakiganda,0725301410,ssimbwa.nakiganda@mail.com,Kampala,07/12/2022,Male
CUST104316,Wasswa Wanyama,0739402760,wasswa.wanyama@gmail.com,Homa,08-06-2022,
CUST104317,  Michael Kafeero ,0794532173,michaelkafeero83@yahoo.com,Sembabule,2025-03-24,Male
CUST104318,Nalubega Nabbanja,+256785808656,nalubega.nabbanja@gmail.com,Mbarara,2024-03-20,Female
CUST104319,Rebecca Byaruhanga,+256790413546,rebecca.byaruhanga@srg.co.ug,nebbi,2025-03-08,
CUST104320,Atim Byaruhanga,071-752-8014,atimbyaruhanga72@yahoo.com,Soroti,26-09-2025,Female
CUST104321,Phoebe Kyomuhendo,0747851181,,Jinja,2021-08-16,Female
CUST104322,Samuel Nabbanja,072-682-2085,,Kampala,2024-05-10,Male
CUST104323,Nakiganda Florence,+256758961264,nakiganda.florence@srg.co.ug,Jinja City,2021-06-23,Male
CUST104324,Ssempebwa Irene,,ssempebwa.irene@gmail.com,Soroti,29-11-2022,F
CUST104325,Sheila Ssebugwawo,+256709046840,sheila.ssebugwawo@hotmail.com,Kampala,2023-12-20,F
CUST104326,Wasswa Kato,0705053059,wasswa.kato@gmail.com,Mukono,2024-01-03,M
CUST104327,Atim Beatrtce,256720327092,atim.beatricehotmail.com,Nakasongola,2021-05-15,Female
CUST104328,Kafeero Naomi,748177442,kafeero.naomi@outlook.com,Jinja,2024-07-06,Female
CUST104329,Ssekandi Guma,+256702881856,ssekandiguma50@yahoo.com,Gulu,2023-07-22,
CUST104330,Samuel Kamoga,256771374515,samuel.kamoga@outlook.com,Kampala,2025-07-01,Male
CUST104331,Ssekandi Ssemakula,256712430693,ssekandi.ssemakula@srg.co.ug,Arua,2023-05-05,
CUST104332,Ruth Ssimbwa,077-572-9792, ruthssimbwa46@gmail.com ,Wakiso,2023-04-30,F
CUST104333,Nakayiza Ouma,071-652-7264,nakayiza.ouma@mail.com,Soroti,05/11/2021,
CUST104334,Nsereko Achieng,+256726021980,nserekoachieng22@srg.co.ug,Entebbe,26/11/2024,Male
CUST104335,Lubega Olweny,+256 77 122 0474,lubega.olweny@outlook.com,wakiso,2024-03-16,Male
CUST104336,Mubiru Alexander,,mubiru.alexander@yahoo.com,Mbale,2021-03-03,Female
CUST104337,Nsereko Alexander,256701527556,nsereko.alexander@hotmail.com,Mbarara,05/07/2023,Female
CUST104338,Esther Nabbanja,0780483214,esthernabbanja83@gmail.com,Wakiso,2023-12-21,Male
CUST104339,zhoebe Nakato,+256 78 880 8225,phoebenakato32@yahoo.com,Kampala,03/07/2024,
CUST104340,Dorothy Tendo,+256704563283,dorothytendo@hotmail.com,Arua,2021-04-10,Male
CUST104341,Michael Nalubega,+256745848227,michaelnalubega52@gmail.com,Mbarara,27/04/2021,Male
CUST104342,Alexander Katusiime,0715126515,alexander.katusiime@outlook.com,kla,2023-05-13,Female
CUST104343,Ssentongo Agnes,+256703705213,ssentongo.agnes@gmail.com,Kampala,2023-08-03,Male
CUST104344,Munezero Namubiru,,munezero.namubirumail.com,Fort-Portal,2022-08-29,Female 
CUST104345,Samuel Namubiru,+256752181974,samuelnamubiru12@srg.co.ug,Kampala,10/03/2025,Male
CUST104346,Michael Ahabwe,0758791726,michaelahabwe14@yahoo.com,kabale,2021-04-29,Male
CUST104347,Ssekandi Kyebambe,256727864046,ssekandi.kyebambe@mail.com,Kampala Region,2021-08-28,M
CUST104348,Nakayiza Ouma,+256 72 534 2950,nakayiza.ouma@hotmail.com,Mbarara,25/03/2022,Female
CUST104349,Lubega Mukasa,+256711194574,lubega.mukasa@yahoo.com,Kampala,,Male 
CUST104350,Lubega Butime,0770753056,lubega.butime@yahoo.com,Wakiso,2024-01-24,Male
CUST104351,Kyomuhendo Nabirye,700479132,kyomuhendo.nabirye@outlook.com,Kampala,29/07/2021,Female
CUST104352,Catherine Ssemakula,+256795266334,catherine.ssemakula@hotmail.com,Gulu,,Male
CUST104353,Guma Nalubega,718508279,guma.nalubega@mail.com,Entebbe,20-05-2024,Male
CUST104354,Butime Beatrice,072-083-3342,butimebeatrice22@outlook.com,Kitgum,22/10/2023,F
CUST104355,Sarah Mugisha,,sarah.mugisha@gmail.com,Mukkono,2024-08-15,Male
CUST104356,Ssekandi Byaruhanga,0790719666,ssekandibyaruhanga@gmail.com,Kampala,10/09/2021,
CUST104357,Joan Byaruhanga,+256717128879,joan.byaruhanga@hotmail.com,Nakasongola,05/07/2023,Female
CUST104358,Mary Kizza,+256 77 217 9987,mary.kizza@yahoo.com,Mukono,17/05/2024,Male
CUST104359,Michael Nankya,0721400393,michael.nankya@mail.com,Isingiro,2022-07-02,
CUST104360,Juliet Katusiime,+256732204431,juliet.katusiime@outlook.com,Hoima,2021-07-31,Female
CUST104361,Kamoga Olweny,741366167,kamogaolweny24@srg.co.ug,kampala district,,Male
CUST104362,Butime Okello,781843298, butime.okello@hotmail.com ,soroti,25-08-2023,Male
CUST104363,Dorothy Mubiru,0775047924,dorothy.mubiru@outlook.com,Kampala,2022-10-06,Male
CUST104364,Butime Olweny,+256784929448,butime.olweny@gmail.com,masaka,2022-03-28, 
CUST104365,Emmanuel Kibirige,+256735233204,emmanuel.kibirige@hotmail.com,Kampala,2025-04-15,Female
CUST104366,Joan Katusiime,256771294536,joankatusiime@yahoo.com,Kampala,20-03-2021,Female
CUST104367,Grace Kafeero,0775981005,grace.kafeero@srg.co.ug,Mityana,30-12-2021,Male
CUST104368,Irene Wasswa,0734361405,irene.wasswa@gmail.com,Mukono,24/06/2021,Female
CUST104369,Kambale Nakiganda,+256 78 128 6287,kambale.nakiganda@outlook.com,Wakiso,18-01-2025,Female
CUST104370,Nsereko,0741828940,nsereko@gmail,Jinja City,2021-03-17,Male
CUST104371,Mercy Kyomuhendo,+256720397161,mercy.kyomuhendo@outlook.com,Wakiso,2025-04-20,Female
CUST104372,  Kato Tendo ,725891439,katotendo@gmail.com,Soroti,2024-03-21,
CUST104373,Mercy Ssentongo,775627795,mercy.ssentongo@srg.co.ug,Soroti,19/04/2025,Female
CUST104374,Nakiganda Wasswa,0747986198,nakiganda.wasswa@gmail.com,Mbale City,12-07-2023,Female
CUST104375,Lubega Nakiganda,+256 79 609 4583,lubega.nakiganda@outlook.com,Kampala,2025-02-18,Male
CUST104376,Byaruhanga Wanyama,+256741021954,byaruhanga.wanyama@hotmail.com,Isingiro,22/10/2023,Male
CUST104377,Joseph Katusiime,256740881462,josephkatusiime@yahoo.com,Kampala,14/12/2023,Male
CUST104378,Collins,+256711039892,collins@hotmail.com,Gulu,2024-06-29,Female
CUST104379,Juliet Wasswa,710073701, juliet.wasswa@hotmail.com ,Masaka,23/11/2024,Female
CUST104380,Ouma Butime,+256711128891,ouma.butime@outlook.com,Masaka,25-11-2023,Male
CUST104381,Agnes Nalubega,,agnes.nalubega@gmail.com,Jinja,2024-08-25,Male
CUST104382,Andrew Ssimbwa,256716656754,andrew.ssimbwa@gmail.com,Jinja,2025-06-27,Female 
CUST104383,Stephen Nakato,,stephen.nakato@gmail.com,Masaka,30/05/2024,Female
CUST104384,Godfrey Nakato,,godfrey.nakato@outlook.com,Wakiso,2021-07-12,Female
CUST104385,John Ssekandi,+256786892917,john.ssekandi@srg.co.ug,Soroti,2022-06-14,Male
CUST104386,Wasswa Ssentongo,,wasswa.ssentongo@mail.com,Kampala,17/02/2022,
CUST104387,  Nankya Florence ,,nankya.florence@gmail.com,Somewhere,2024-08-20,M
CUST104388,Catherine Atukunda,+256716136596,catherine.atukunda@yahoo.com,soroti,29-05-2021,Male
CUST104389,Nakayiza Ouma,0736802502,nakayizaouma88@yahoo.com,Hoima,20/03/2024,M
CUST104390,Byaruhanga Nakato,+256776618432,byaruhanga.nakato@hotmail.com,Jinja City,16-02-2025,M
CUST104391,Grace,256711155190,grace@gmail.com,Jinja,2025-05-07,M
CUST104392,Mercy Nabbanja,,mercy.nabbanja@hotmail.com,Kasese,19/03/2024,Female
CUST104393,Samuel Ssentongo,0714987933,samuel.ssentongogmail.com,Guluu,30/06/2022,Male
CUST104394,Nsereko Ninsiima,,nsereko.ninsiima@hotmail.com,Kampala1,2025-06-26,Female
CUST104395,Timothy Wasswa,+256703174658,timothy.wasswa@yahoo.com,Kampala,2025-01-01,Female
CUST104396,Rebecca Ssempebwa,0711221635,rebecca.ssempebwa@hotmail.com,Wakiso,04/02/2024,Male
CUST104397,Katusiime,0719588430,katusiime@srg.co.ug,Masaka,2024-06-06,Female
CUST104398,Catherine Ssentongo,0701348156,catherine.ssentongo@gmail.com,Kampala,22/03/2023,Male
CUST104399,Kizza Wanyama,722119482,kizza.wanyama@yahoo.com,Kampala,2025-09-14,Male
CUST104400,Michael,0759562241,michael@mail.com,wakiso,20-09-2024,Male
CUST104401,Lubega Nakiganda,+256796094583,lubega.nakiganda@outlook.com,Kampala,2025-02-18,Male
CUST104402,Naomi Ssemakula,0736686587,naomi.ssemakula@gmail.com,Mpigi,08/04/2025,Female
CUST104403,Beatrice Ahabwe,746858391,beatriceahabwe95@srg.co.ug,Mbale,12/03/2023,Female 
CUST104404,Sarah Kafeero,256775081994,sarahkafeero42@mail.com,Mukono,2024-08-30,
CUST104405,Nsereko Kamoga,+256721464643,nsereko.kamoga@hotmail.com,Mbarara,2025-09-18,Male
CUST104406,John,+256783550637,john@gmail,Kampala,,
CUST104407,Brian puma,256702631650,brian.ouma@yahoo.com,Mbarara,2025-06-22,Male 
CUST104408,Godfrey Achieng,256786474001,godfreyachieng52@mail.com,Kalangala,01/04/2023,F
CUST104409,Wanyama Olweny,0759520464,wanyama.olweny@gmail.com,Mukono,2023-11-10,Female
CUST104410,Nakiganda Ahabwe,+256 79 770 3507,nakiganda.ahabwe@srg.co.ug,Mbarara,2021-01-17,Female
CUST104411,Phoebe Tendo,0779776825,phoebe.tendo@gmail.com,Kampala,03/08/2024,Female
CUST104412,Brian Namubiru,706329862,brian.namubiru@srg.co.ug,arua,2023-05-09,Male
CUST104413,Nakayiza Achieng,0773947842,nakayiza.achieng@hotmail.com,Hoima,2022-08-26,Female
CUST104414,Ssimbwa Kibirige,256791020730,ssimbwa.kibirige@yahoo.com,Masaka,09/06/2021,M
CUST104415,David Namubiru,072-138-8794,david.namubiru@srg,Mbaraa,2024-12-07,
CUST104416,Beatrice Munezero,+256 78 929 6399,,Gulu City,11/07/2025,Female
CUST104417,Joseph Butime,0795542629,joseph.butime@yahoo.com,Lira,13/02/2022, 
CUST104418,Daniel Mukasa,0742079307,daniel.mukasa@srg.co.ug,Masaka,2024-10-02,Male
CUST104419,Byaruhanga Achieng,+256719279473,,Gulu,2022-04-20,M
CUST104420,Ninsiima Atim,722080294,ninsiima.atim@yahoo.com,Wakiso,2025-03-09,
CUST104421,Mubiru Atukunda,256785472395,mubiru.atukunda@srg.co.ug,Gulu,2022-09-02,Male
CUST104422,Kizza Kyebambe,0713305792,kizza.kyebambe@yahoo.com,Luwero,2022-05-01,M
CUST104423,Sheila Munezero,+256736656526,sheila.munezero@mail.com,Wakiso,26-08-2021,Female
CUST104424,Byaruhanga,256797274502,byaruhanga@mail.com,Kabale,25/06/2022,M
CUST104425,mugisha butime,0749512223,mugishabutime@gmail.com,Kampala,2025-09-10,Male
CUST104426,Esther Nsereko,+256798029027,esther.nsereko@outlook.com,Gulu,2023-08-12,M
CUST104427,Stephen,+256700309826,stephen@yahoo.com,Mbarara City,2024-09-06,Female
CUST104428,Joseph,0726145945,joseph@outlook.com,Mbarara,29/05/2024,Male
CUST104429,Ssekandi Ssempebwa,742871102,ssekandi.ssempebwa@hotmail.com,Isingiro,2022-11-10,Male
CUST104430,Butime Mukasa,,butimemukasa@srg.co.ug,Kiruhura,2024-02-07,Male
CUST104431,Alexander Nakato,0794098146,alexander.nakato@yahoo.com,Soroti,18/06/2025,
CUST104432,Samuel Tumusiime,256728878977,,Gulu,03/02/2023,M
CUST104433,Ronald Nabbanja,+256778834309,ronald.nabbanja@yahoo.com,Luwero,,Male
CUST104434,  Patrick Lubega ,0712934077,patricklubega@gmail.com,Kabale,2021-11-26,Female
CUST104435,Namubiru Ssemakula,0775771481,namubiru.ssemakula@outlook.com,Kabale,2023-07-26,Female
CUST104436,Nankya Okello,,nankya.okello@hotmail.com,Jinja,30/04/2023,Female
CUST104437,Emmanuel Tumusiime,0736930903,,Wakiso,2022-10-14,Female
CUST104438,Brian Nabbanja,+256 77 581 5537,brian.nabbanja@mail.com,Masaka,2023-02-25, 
CUST104439,Beatrice Ssemakula,0729652974,,Kampala,2023-10-23,Female 
CUST104440,Catherine Nsereko,256723717343,catherine.nsereko@mail.com,Wakiso,06/08/2023,
CUST104441,Esther Tumusiime,256734420549,esther.tumusiime@yahoo.com,Wakiso,28/12/2023,Male
CUST104442,Nabirye Nakiganda,+256736938840,nabirye.nakiganda@yahoo.com,Mukono,2024-09-01,Female
CUST104443,Mukasa Sheila,256779710994,mukasa.sheila@gmail.com,Wakiso,2022-10-16,Female
CUST104444,Kizza Phoebe,071-387-5625,kizza.phoebe@srg.co.ug,Masaka,21/03/2021,F
CUST104445,Atim Katusiime,0728082891,,Arua,,F
CUST104446,Mercy,0706979042,mercy11@gmail,Kalangala,27-10-2023,Female 
CUST104447,Mary Butime,738608403,mary.butimemail.com,Mbarara,2022-05-20,Male
CUST104448,Brian Byaruhanga,079-780-2946,brian.byaruhanga@mail.com,none,14/03/2022,Male
CUST104449,Nakiganda Ssimbwa,732133397,nakiganda.ssimbwa@srg.co.ug,Arua City,,Female
CUST104450,Isaac Ahabwe,+256744014555,isaacahabwe@mail.com,KAMPALA,2023-02-09,Female
CUST104451,Nabbanja Namubiru,0794137333,nabbanja.namubiru@yahoo.com,Mbarara,,Female
CUST104452,Michael Butime,256789790925,michael.butime@srg.co.ug,Kampala,14/12/2023,Male
CUST104453,Nabbanja Kizza,+256709083929,,Kampala,06/09/2022,Female
CUST104454,Ssebugwawo Agnes,+256779633058,ssebugwawo.agnes@outlook.com,Jinja,2023-11-30,M
CUST104455,Naomi Tendo,+256 78 472 6959,naomitendo@gmail.com,Kabale,19/09/2021,Female
CUST104456,Sheila,+256 75 943 2313,sheila@yahoo.com,Mbale,28/10/2021,Female
CUST104457,Ruth Kibirige,+256731416286,ruth.kibirige@mail.com,Mbarara City,21-06-2022,Female
CUST104458,Kambale Nabbanja,,,Wakiso,2023-06-03,F
CUST104459,Ahabwe Kambale,0719168651,ahabwekambale@hotmail.com,mbarara,2023-10-20,Female
CUST104460,Grace Nalubega,+256710895458,gracenalubega@mail.com,Mbale City,04-01-2022,
CUST104461,Ouma,256798973637, ouma@outlook.com ,Wakiso,02/04/2024,
CUST104462,David Tumusiime,727506205,david.tumusiime@yahoo,Masindi,2022-07-12,
CUST104463,Mercy Ssempebwa,+256755160845,mercy.ssempebwa@gmail.com,Kampala,2025-07-18,Female
CUST104464,Ssempebwa Nsereko,+256713713400,ssempebwa.nsereko@srg.co.ug,Tororo,2024-10-03,Male
CUST104465,Catherine Ssekandi,+256729117623,,Gulu City,,M
CUST104466,Ninsiima Katusiime,+256 75 741 2190, ninsiima.katusiime@srg.co.ug ,Kampala,2021-01-02,
CUST104467,Michael Mugisha,0726249752,michaelmugisha@gmail.com,Soroti,24/04/2024,Male
CUST104468,Sheila Kafeero,+256741752431,sheila.kafeero@gmail.com,Gulu,31/03/2022,F
CUST104469,Naomi Ssemakula,0740773453,naomi.ssemakula@mail.com,Mbale,2021-12-24,Female
CUST104470,Ssempebwa Kamoga,,ssempebwa.kamoga@srg.co.ug,Kasese,2023-12-10,Male
CUST104471,Ouma Mubiru,079-144-4228,,Kampala,14/02/2023,
CUST104472,Daniel Mubiru,,danielmubiru70@yahoo.com,Kalangala,2022-02-04,
CUST104473,Kamoga Tumusiime,256737295037,kamogatumusiime40@mail,Kumi,2023-11-19,
CUST104474,Wanyama Olweny,+256744756352,wanyamaolweny14@yahoo.com,Masindi,2025-03-27,Female
CUST104475,Lubega Kyomuhendo,256758685271,lubega.kyomuhendo@mail.com,kampala district,2023-08-07,M
CUST104476,Mukasa Katusiime,795641219,mukasakatusiime80@mail.com,Mballa,2022-04-28,Female
CUST104477,Michael Namubiru,256734117490,michael.namubiruoutlook.com,Lira,25-08-2021,
CUST104478,Lubega Atim,,lubega.atim@hotmail.com,Lira,,Male
CUST104479,Mary Nalubega,0795807154,marynalubega88@mail.com,Wakiso,2024-03-04,Male
CUST104480,Rebecca Kibirige,0755908792,rebecca.kibirige@hotmail.com,Gulu,2021-08-25,
CUST104481,B. Lubega,789052117,butime.lubega@hotmail.com,Kampala,2025-03-04,Male
CUST104482,Juliet Ouma,0798200033,juliet.ouma@gmail.com,Mbale,02-02-2023,Female 
CUST104483,Francis Nakiganda,+256731570338,francis.nakiganda@yahoo.com,Kampala,2021-09-08,F
CUST104484,Mercy Kamoga,072-079-9550,,Mukono,04/11/2024,Female
CUST104485,Guma Kyomuhendo,729861670,guma.kyomuhendo@yahoo.com,Gulu,2021-11-27,M
CUST104486,Ouma Ssimbwa,0793264682,ouma.ssimbwa@hotmail.com,Jinja,2024-07-17,Male
CUST104487,Emmanuel Ahabwe,256748179063,emmanuel.ahabwe@gmail.com,Gulu,08/01/2022,F
CUST104488,michael kambale,,michael.kambalesrg.co.ug,Mbale,2021-08-24,Male
CUST104489,Joan Ssebugwawo,0797890810,joan.ssebugwawo@yahoo.com,Wakiso,21/07/2022,Female
CUST104490,Kibirige Kyebambe,0728889850,kibirigekyebambe83@gmail.com,Mukono,2022-10-07,M
CUST104491,Ssimbwa Munezero,,ssimbwa.munezero@gmail.com,Gulu,2024-10-31,
CUST104492,Kibirige Namubiru,+256775885913,kibirige.namubiru@srg.co.ug,Soroti,18/07/2023,M
CUST104493,Naomi Kafeero,256782596639,naomi.kafeero@gmail.com,Wakiso,2024-02-08,Female
CUST104494,Beatrice Okello,0730965650,beatriceokello56@mail.com,Hoima,2021-05-08,
CUST104495,Guma Atim,072-312-6904,guma.atim@mail.com,Nakasongola,20/09/2022,Female
CUST104496,Nankya Wasswa,0730193292,nankya.wasswa@yahoo.com,Mukono,2024-03-03,Female
CUST104497,Juliet Ssebugwawo,+256745208208,juliet.ssebugwawo@yahoo.com,Kampala,25/01/2023,Female 
CUST104498,Francis Soentongo,753830773,francisssentongo4@srg.co.ug,Lyantonde,2021-03-04,Female
CUST104499,Florence Nsereko,0703085612,,Masaka,27/02/2021,Male
CUST104500,Isaac Nsereko,0753341011,isaacnsereko38@gmail.com,Jinja City,2021-02-06,Female
CUST104501,Lubega Nankya,256785588406,lubega.nankya@srg.co.ug,Mbale,2025-07-26,
CUST104502,Namutebi Ssimbwa,+256 71 671 7677,namutebissimbwa58@mail.com,Homa,28/04/2022,F
CUST104503,Emmanuel Namubiru,+256 70 004 4796,emmanuelnamubiru48@gmail.com,Nakasongola,07-05-2024,Female
CUST104504,Jane Kyomuhendo,0710582240,jane.kyomuhendo@srg.co.ug,Wakiso District,2022-06-24,Male
CUST104505,Wanyama Samuel,+256 79 769 9242,wanyamasamuel@hotmail.com,Jinja,2023-12-23,Male
CUST104506,Juliet Katusiime,707015117,juliet.katusiime@mail,Masaka,2025-09-27,Female
CUST104507,Robert Mubiru,+256 73 568 9790,robertmubiru4@srg.co.ug,Kampala,2022-11-21,Male
CUST104508,Nankya Kyebambe,0730542990,nankya.kyebambe@srg.co.ug,Mukono,,Female
CUST104509,Kyomuhendo Robert,0716814768,kyomuhendorobert91@gmail.com,Mukono,24-12-2021,Male
CUST104510,Ninsiima Byaruhanga,0747171222,ninsiima.byaruhanga@mail.com,Wakiso,17/08/2024,Female
CUST104511,David Kibirige,075-463-3864,david.kibirige@gmail.com,Jinja City,14-09-2024,Male
CUST104512,Kamoga Olweny,741366167,kamogaolweny24@srg.co.ug,kampala district,,Male
CUST104513,Sheila Kyebambe,,sheila.kyebambe@srg.co.ug,Mpigi,2021-12-02,Female
CUST104514,Alexander Ssemakula,256718934973,alexanderssemakula@srg.co.ug,Kampala,2022-04-24,Female
CUST104515,Ssemakula Ahabwe,+256795475910,ssemakula.ahabwe@yahoo.com,Kampala,2021-06-20,Male
CUST104516,Nankya Tendo,0731279507,nankyatendo4@gmail.com,Gulu,2024-08-28,Female
CUST104517,Byaruhanga Okello,770706115,byaruhanga.okello@yahoo.com,Kampala,20/08/2024,Male
CUST104518,Ssempebwa Atim,070-164-9347,ssempebwaatim60@yahoo.com,Mbale,01/10/2025,M
CUST104519,David Kamoga,+256 74 975 8721,davidkamoga74outlook.com,Kampala,2022-07-07,M
CUST104520,Byaruhanga Namubiru,256740211313,byaruhanganamubiru@hotmail.com,Wakiso,2023-09-07,Male
CUST104521,Emmanuel Ninsiima,,emmanuel.ninsiimagmail.com,wakiso,16/10/2021,
CUST104522,John Ssekandi,+256786892917,john.ssekandi@srg.co.ug,Soroti,2022-06-14,Male
CUST104523,John Kamoga,714515742,john.kamoga@hotmail.com,Enteba,2021-12-06,Male 
CUST104524,Munezero Kambale,+256774946119,munezero.kambale@gmail.com,Luwero,22/07/2025,F
CUST104525,Robert Nakayiza,+256790535527,robert.nakayiza@hotmail.com,Tororo,,
CUST104526,Wanyama Timothy,,wanyamatimothy@outlook.com,Guluu,25/10/2023,F
CUST104527,Byaruhanga Mubiru,792446330,byaruhangamubiru1@yahoo.com,Mbale,,
CUST104528,Kafeero Ouma,745808029,kafeero.ouma@srg.co.ug,Lira,20/02/2025,
CUST104529,Ssentongo Atukunda,256743120701,ssentongoatukunda8@srg.co.ug,entebbe,2022-12-15,M
CUST104530,Irene Nabirye,256703202352,irene.nabirye@mail.com,Soroti,29/01/2024,Female
CUST104531,Jane Nsereko,256792401965,jane.nsereko@gmail.com,Wakiso,2024-12-21,
CUST104532,Harriet Nankya,+256755670799,harriet.nankya@outlook.com,Gulu,2022-03-31,Female
CUST104533,Brian Boaruhanga,,brian.byaruhanga@mail.com,none,14/03/2022,Male
CUST104534,Alexander Katusiime,+256715126515,alexander.katusiime@outlook.com,kla,2023-05-13,Female
CUST104535,Irene Byaruhanga,0799974544,irene.byaruhanga@outlook.com,Wakiso,2023-05-26,Female
CUST104536,Phoebe Mugisha,+256 73 861 4322,phoebe.mugisha@yahoo.com,Masaka,28/10/2022,Female
CUST104537,Francis,+256 70 872 0829,francis@outlook.com,Mityana,2023-10-13,Female
CUST104538,Ssentongo Olweny,+256778506821,ssentongoolweny82@hotmail.com,Kampala,15/04/2021,Male
CUST104539,Harriet Nakiganda,0785554973,,Mbarara,17/04/2022,Female
CUST104540,Ssentongo Lubega,256785797683,ssentongo.lubega@mail.com,Bundibugyo,01-12-2021,Male
CUST104541,Daniel Guma,0731615650,danielguma73@hotmail.com,Wakiso,01/03/2024,Male
CUST104542,Butime Nalubega,0706234604,butime.nalubega@gmail.com,Wakiso,05/01/2024, 
CUST104543,Sheila Katusiime,748250096,sheila.katusiime@srg.co.ug,Kumi,2023-12-10,Female
CUST104544,Munezero Olweny,256778435584,munezero.olweny@yahoo.com,Mukono,2021-12-09,Female
CUST104545,Beatrice Wasswa,750095723,beatricewasswa@gmail.com,Mbale,31/10/2021,
CUST104546,Ruth,717755885,ruth@yahoo.com,Kabale,2024-05-15,F
CUST104547,Lubega Guma,0795333879,lubega.guma@hotmail,Kampala,04/08/2021,Male
CUST104548,Namubiru Kizza,0712046534, namubiru.kizza@gmail.com ,Jinja,2023-01-05,Female
CUST104549,Mubiru Godfrey,+256704881221,mubiru.godfrey@srg.co.ug,Kampala,19-09-2022,Female
CUST104550,Beatrice Ssentongo,+256 79 384 7312,beatrice.ssentongo@mail.com,Mbarara Town,2021-10-05,Female
CUST104551,Nakiganda Ahabwe,256726889334,nakiganda.ahabwe@srg.co.ug,Hoima,05/02/2022,Female
CUST104552,Naomi Olweny,,naomi.olweny@outlook.com,Iganga,18/04/2021,Female
CUST104553,Joseph Wasswa,0701071035,josephwasswa79@yahoo.com,Kampala Region,14/04/2022,M
CUST104554,Florence Namubiru,0773412994,florence.namubiru@gmail.com,Lyantonde,2025-03-11,
CUST104555,Michael Kafeero,794532173,michaelkafeero83@yahoo.com,Sembabule,2025-03-24,Male
CUST104556,Namubiru Rebecca,797978859,namubiru.rebecca@srg.co.ug,kla,2024-02-07,M
CUST104557,Ninsiima Byaruhanga,773388151,ninsiima.byaruhanga@yahoo.com,Wakiso,16/10/2022,F
CUST104558,Alexander Nakato,0708998486,alexander.nakato@gmail.com,Mpigi,24/09/2021,Female
CUST104559,Kambale,+256794131887,kambale@mail.com,Kampala,2024-07-06,Female
CUST104560,Nankya Lubega,733592708,nankya.lubega@outlook.com,Arua,28/12/2021,F
CUST104561,Olweny Atim,0783558309,olweny.atim@yahoo.com,Lira,2024-12-26,
CUST104562,Munezero Nabirye,256740533583,munezero.nabirye@yahoo.com,Wakiso District,2022-07-01,Female
CUST104563,Godfrey Nakiganda,748255480,,Mukono,2022-10-06,Female
CUST104564,Alexander Mugisha,0717898832,alexander.mugisha@yahoo.com,Arua,2023-05-10,Female
CUST104565,Joan Mubiru,256785405700,joan.mubiru@srg.co.ug,Isingiro,2024-03-31,
CUST104566,Kamoga Byaruhanga,+256708633902,kamogabyaruhanga@gmail.com,Gulu,23/05/2024,
CUST104567,S. Lubega,,ssempebwa.lubega@srg.co.ug,Jinja,2022-12-28,Male
CUST104568,Harriet Munezero,256794968643,harriet.munezero@yahoo.com,Mukko,10/11/2023,Female 
CUST104569,Ouma Mercy,+256751436796,ouma.mercy@outlook.com,Mbale,21-09-2022,Female
CUST104570,Nabbanja,0754303190,nabbanja62@gmail.com,Jinja,25/07/2025,Female
CUST104571,Ssentongo Mary,0755945999,ssentongo.mary@hotmail.com,Wakiso,2024-02-05,
CUST104572,juliet nankya,,juliet.nankya@yahoo.com,Kumi,15/02/2023,Female
CUST104573,Beatrice Ssekandi,,,kampala district,16/06/2023,F
CUST104574,Irene Tendo,732583989,irene.tendo@gmail.com,Masindi,,Female
CUST104575,Olweny Butime,+256 70 851 8432,olweny.butime@yahoo.com,Mukono,2021-12-31,Male 
CUST104576,Munezero Ahabwe,072-036-4929,munezero.ahabwe@gmail.com,sembabule,2023-02-04,Female
CUST104577,Irene Lubega,793693729,irene.lubega@yahoo.com,Kampala,2023-03-06,Female
CUST104578,Dorothy Ouma,0744273995,dorothyouma@srg.co.ug,Lira,03/08/2021,M
CUST104579,Juliet Kambale,+256749450429,julietkambale75@mail.com,Mbale,2022-02-11,
CUST104580,Okello Kibirige,256720075953,okello.kibirige@outlook.com,Wakiso District,21-01-2022,M
CUST104581,Kyomuhendo Robert,0716814768,kyomuhendorobert91@gmail.com,Mukono,24-12-2021,Male
CUST104582,Wasswa Godfrey,075-542-5293,wasswa.godfrey@yahoo.com,Gulu,23/09/2024,
CUST104583,Naomi Ahabwe,796552189,naomi.ahabwe@hotmail.com,Kampala,24/07/2024,F
CUST104584,Kamoga Nakiganda,+256757467658,kamoganakiganda@mail.com,Mukono,2021-05-03,
CUST104585,Lubega Sarah,+256730246380,lubega.sarah@gmail.com,Kampala,27/04/2024,M
CUST104586,Isaac Ahabwe,256793898557,isaac.ahabwe@outlook.com,Kampala,28/08/2024,F
CUST104587,Nabirye Mubiru,+256731960664,nabirye.mubiru@yahoo.com,Mbarara Town,2024-12-11,
CUST104588,Nakiganda Okello,256721041312,,Mbarara City,2025-07-07,F
CUST104589,K. Wasswa,711045777,katusiime.wasswa@outlook.com,Mbarara,2025-06-29,
CUST104590,Ouma Ninsiima,,ouma.ninsiima@hotmail.com,Wakiso,10/03/2021,F
CUST104591,Collins Kafeero,0775940148,collins.kafeero@outlook.com,Lira,19-11-2023,Female
CUST104592,Ninsiima Ssentongo,+256713261636,ninsiima.ssentongo@hotmail.com,Mukono,2021-05-12,Female
CUST104593,kato Byaruhanga,0718950030,kato.byaruhanga@hotmail.com,Lyantonde,20/09/2023,Male
CUST104594,Joan Nsereko,+256708777064,,Iganga,2021-11-09,Female
CUST104595,Kyebambe Ouma,256703511457,kyebambe.ouma@srg.co.ug,nebbi,2022-05-16,
CUST104596,Andrew Atim,256752864041,andrewatim62gmail.com,Wakiso,29-06-2023,Female
CUST104597,Juliet Namubiru,730316275,julietnamubiru@mail.com,JINJA,08/07/2023,F
CUST104598,Lubega Kibirige,0789685762,lubegakibirige33@yahoo.com,fort portal,15/04/2022,M
CUST104599,Beatrice Okello,+256741218537,,Wakiso,01-09-2025,Female
CUST104600,Wasswa Nakiganda,0777265909,wasswa.nakiganda@yahoo.com,Mukono,2023-11-13,Male
CUST104601,Irene Temdo,732583989,irene.tendo@gmail.com,Masindi,,Female
CUST104602,Kyomuhendo Nakiganda,,,Rakai,03/02/2025,F
CUST104603,Brian Ouma,256702631650,brian.ouma@yahoo.com,Mbarara,2025-06-22,Male 
CUST104604,Patrick Ouma,+256740199610,patrick.ouma@mail.com,Jinja,2024-07-04,
CUST104605,Grace Achieng,+256735276776,grace.achieng@outlook.com,Wakiso,2023-10-15,
CUST104606,Nankya Okello,+256795989360,nankya.okello@hotmail.com,Jinja,30/04/2023,Female
CUST104607,Kamoga Butime,, kamoga.butime@yahoo.com ,Kampala (Central),19/11/2022,Male
CUST104608,John Ssentongo,0770617400,john.ssentongo@hotmail.com,Kampala,2025-02-17,Male 
CUST104609,Katusiime Kyebambe,+256 71 660 8849,katusiimekyebambe35@hotmail.com,Mbarara,06/08/2021,F
CUST104610,Esther Nabirye,+256742686364,esther.nabirye@mail.com,Jinja,2024-05-11,M
CUST104611,D. Ninsiima,722462019,daniel.ninsiima@outlook.com,kampala,2025-08-02,
CUST104612,Nabirye Kyebambe,+256 71 447 2196,,Sembabule,2024-02-13,
CUST104613,Michael Kyebambe,+256794407953,michael.kyebambe@srg.co.ug,Kampala-City,2023-12-19,Male
CUST104614,Kambale Ronald,0714956357,,Jinja,13-02-2025,Male
CUST104615,Kato Wanyama,256788743001,kato.wanyama@mail.com,Gulu,17/06/2023,Male
CUST104616,Wanyama Irene,+256772838458,wanyama.irenehotmail.com,Bushenyi,21/11/2022,Female
CUST104617,Sarah Butime,782922165,sarah.butime@yahoo.com,mbale,04/10/2021,
CUST104618,S. Nabirye,075-076-8594,sheilanabirye57@outlook,Wakiso,2022-04-03,Female
CUST104619,Ninsiima,0741750401,ninsiima@hotmail.com,Gulu,2023-01-30,Female
CUST104620,Nakayiza Ssemakula,0791166494,nakayizassemakula18@mail.com,Wakiso,2024-07-13,
CUST104621,Irene Wasswa,0700561389,irene.wasswa@outlook.com,Mbale,2025-02-14,Female
CUST104622,Collins Nankya,721337157,collins.nankya@outlook.com,Kayunga,20/07/2021,Female
CUST104623,Mercy Nalubega,0791612540,mercy.nalubega@srg.co.ug,sembabule,2024-02-23,Female
CUST104624,Agnes Kizza,0705577482,agnes.kizza@srg.co.ug,Kampala,2023-12-10,
CUST104625,Ssempebwa Atim,+256738466758,ssempebwa.atim@yahoo.com,Mbarara,10/06/2022,Male
CUST104626,Ssimbwa Kambale,073-185-4409,ssimbwa.kambale@mail.com,kla,26/09/2021,F
CUST104627,Robert Byaruhanga,256779925068,robert.byaruhanga@outlook.com,Soroti,09-01-2025,Male
CUST104628,Atim Atukunda,+256794100770,atimatukunda42@yahoo.com,Jinja,2023-01-15,F
CUST104629,Collins Guma,+256 75 928 7835,collins.guma@yahoo.com,Kiboga,24/01/2023,Female
CUST104630,Catherine Kambale,+256740959910,catherine.kambale@srg.co.ug,Mukono,07/05/2021,Male
CUST104631,Ninsiima Nakayiza,256719824436,ninsiima.nakayiza@gmail.com,Masindi,2023-12-14,F
CUST104632,Ouma Irene,+256703065100,ouma.irene@mail.com,Wakiso,14-06-2025,Female
CUST104633,Kizza Ssempebwa,,kizzassempebwa83@mail.com,Kampala,02/05/2024,Male
CUST104634,Dorothy Ssebugwawo,0792388703,dorothy.ssebugwawo@mail.com,Sembabule,2023-04-20,Male
CUST104635,Kamoga David,,kamoga.david@yahoo.com,Tororo,2022-10-08,Male
CUST104636,Kyebambe Stephen,,kyebambestephen68@hotmail.com,kampala district,2021-02-11,Female
CUST104637,Nalubega Butime,0719063364, nalubega.butime@gmail.com ,Mukono,2024-01-05,Female
CUST104638,NABIRYE SAMUEL,0728520305,nabiryesamuel75@srg.co.ug,Kampala,24-07-2021,Male
CUST104639,Olweny Kamoga,0713029797,olweny.kamoga@outlook.com,Kla,2021-06-06,
CUST104640,Beatrice Ahabwe,746858391,beatriceahabwe95@srg.co.ug,Mbale,12/03/2023,Female 
CUST104641,Collins Mubiru,0750152312,collinsmubiru53@mail.com,Mukono,2024-04-26,F
CUST104642,Namutebi Ssempebwa,,namutebi.ssempebwa@outlook.com,Kabale,22/03/2024,
CUST104643,Mary Nankya,077-248-1649,,Wakiso,2022-05-23,Male
CUST104644,Munezero Tumusiime,+256708545070,munezero.tumusiime@yahoo.com,Kampala,20/01/2025,F
CUST104645,Kato Kambale,+256771438253,katokambale@hotmail.com,kiboga,2022-08-01,Male
CUST104646,Isaac Nabbanja,+256744053173,isaac.nabbanja@outlook.com,Nakasongola,2022-01-10,Female
CUST104647,Lubega Ssentongo,+256711708359,lubega.ssentongo@gmail.com,Masaka,2024-06-08,Male
CUST104648,Lubega Kibirige,256789685762,lubegakibirige33@yahoo.com,fort portal,15/04/2022,M
CUST104649,Robert Nakayiza,0733797532,robertnakayiza@yahoo.com,Mbarara,2022-08-23,Male
CUST104650,Munezero Nabbanja,0748000043,munezero.nabbanja@outlook.com,Wakiso,2023-03-19,Female
CUST104651,Stephen Mukasa,256739289041,stephen.mukasa@yahoo.com,Kampala,,F
CUST104652,Jane Mukasa,256704353048,jane.mukasa@hotmail.com,Jinja,26/09/2022,Male
CUST104653,Ouma Tendo,+256757626002,ouma.tendo@gmail.com,jinja,20/12/2021,M
CUST104654,Ssemakula Kyomuhendo,797280759,ssemakula.kyomuhendo@outlook.com,Kampala,26/08/2024,Male
CUST104655,Juliet Nakayiza,0744464176,juliet.nakayiza@hotmail.com,Mukono,2023-04-01,Female 
CUST104656,Daniel Achieng,+256708425550,daniel.achieng@outlook.com,Wakiso,2021-03-13,
CUST104657,Lubega Lubega,256722397639,lubega.lubega@srg.co.ug,Mukono,2024-09-24,M
CUST104658,Atim Atim,0711904194,atim.atim@gmail.com,Rakai,20/01/2023,
CUST104659,Olweny,0785395274,olweny@srg.co.ug,Kampala,,Male
CUST104660,Lubega Butime,0781156835,lubega.butime@outlook.com,Tororo,05/03/2024,Male
CUST104661,Namubiru Ninsiima,+256741567809,namubiru.ninsiima@outlook.com,Kabale,2025-04-11,Female
CUST104662,Kibirige Ruth,+256732327332, kibirige.ruth@gmail.com ,Wakiso,2024-12-13,Female
CUST104663,Timothy Ssekandi,078-854-3390,timothy.ssekandi@outlook.com,Gulu,2021-09-19,Female
CUST104664,Guma Atukunda,,guma.atukunda@gmail.com,Mbale,2024-07-27,M
CUST104665,Munezero David,0757935442,munezero.david@outlook.com,Bundibugyo,2024-03-17,Male
CUST104666,Kyomuhendo Godfrey,074-633-3802,kyomuhendo.godfrey@mail.com,Tororo,21/02/2023,Female
CUST104667,Ssemakula Ssekandi,256731444839,ssemakula.ssekandi@hotmail.com,GULLU,2021-08-05,
CUST104668,Juliet Guma,0721662011,julietguma69@gmail.com,Entebbe,30/07/2024,F
CUST104669,Wanyama Ssempebwa,0725180653, wanyamassempebwa89@yahoo.com ,Wakiso,2023-10-04,Female
CUST104670,Achieng Brian,256703616998,achieng.brian@gmail.com,Kampala,2023-10-14,Male
CUST104671,Ruth Olweny,+256 75 260 9134,rutholweny96@gmail.com,Jinja City,2025-06-29,Female
CUST104672,Munezero Namubiru,+256796116130,munezero.namubiru@mail.com,Wakiso,2022-10-04,F
CUST104673,Collins Ssentongo,,collins.ssentongo@yahoo,Wakisio,25/11/2023,F
CUST104674,John Mubiru,+256737337089,,Mukono,18/01/2023,Male
CUST104675,Lubega Michael,0781297490,lubega.michael@mail.com,Jinja,2023-01-18,Male
CUST104676,Naomi Kambale,+256710537904,naomikambale14@hotmail.com,Wakiso,2023-02-26,Female
CUST104677,Rebecca Okello,+256 75 940 1667,rebecca.okello@mail.com,Kabale,2023-02-06,Male
CUST104678,Ssentongo,256716515575,ssentongo@srg.co.ug,Wakisio,2022-11-03,M
CUST104679,Ruth Mugisha,0710549839,ruth.mugisha@srg.co.ug,Kalangala,26/02/2021,Female
CUST104680,Sarah Mubiru,256739134935,sarah.mubiru@mail.com,Soroti,2024-05-20,
CUST104681,Jane Nabirye,256710373876,jane.nabirye@gmail.com,Kampala,2022-08-23,M
CUST104682,Mercy Guma,0741226771,mercyguma92@yahoo.com,Wakiso District,2025-05-20,Female
CUST104683,Atim Ssempebwa,700267266,atim.ssempebwa@srg.co.ug,Entebbe,01/09/2023,F
CUST104684,Wasswa Katusiime,256722310573,,Kampala,2021-09-16,M
CUST104685,Mugisha Okello,795778211,mugishaokello62srg.co.ug,Kampala,2023-01-24,Male
CUST104686,Nabirye Kambale,256713264172,nabirye.kambale@gmail.com,Kampala,28/04/2021,Female
CUST104687,Jane Nakayiza,+256701424942,jane.nakayiza@mail.com,Mukono,2022-04-05,Male
CUST104688,Catherine Tendo,,catherinetendo71@yahoo.com,Kampala,,Male
CUST104689,Alexander Kizza,0784390963,alexanderkizza84@hotmail.com,Kampala,2023-05-25,F
CUST104690,David Ssekandi,0736790970,david.ssekandi@yahoo.com,Sembabule,2023-02-20,Male
CUST104691,Olweny Olweny,0757567390,olweny.olweny@mail,Kampala,16/10/2024,Male
CUST104692,Rebecca Olweny,0743877891,rebecca.olweny@outlook.com,Sembabule,15/08/2025,M
CUST104693,Timothy Ssekandi,074-613-5896,timothy.ssekandi@hotmail.com,Gulu,02/05/2023,Female
CUST104694,Irene Kibirige,714573040,irene.kibirige@outlook.com,Kayunga,10-05-2022,Female
CUST104695,Wasswa Katusiime,256787669051,,Wakiso,25-01-2024,
CUST104696,Emmanuel Kizza,077-938-2214,emmanuel.kizza@srg.co.ug,Tororo,05-09-2021,Female
CUST104697,Katusiime Godfrey,073-685-4262,katusiime.godfrey@hotmail.com,Jinja,15/10/2022,Female
CUST104698,Godfrey Kizza,256722867183,godfrey.kizza@mail.com,Fort-Portal,14/01/2021,
CUST104699,Nakayiza Nankya,256701072694,nakayiza.nankya@mail.com,N/A,,Female
CUST104700,Nankya Ouma,256783533140,nankya.ouma@gmail.com,Wakiso District,28-07-2024,Female
CUST104701,Kato Nakato,+256788014571,kato.nakato@outlook.com,Kampala,13/01/2024,Male
CUST104702,Nabirye Butime,+256 79 082 9528,nabirye.butime@hotmail.com,Kitgum,2021-11-07,Female
CUST104703,Harriet Nalubega,256758936790,harriet.nalubega@yahoo.com,Fort Portal,2021-09-28,Female 
CUST104704,Ouma Beatrice,079-399-9113,ouma.beatrice@srg.co.ug,Kampala,2022-06-03,F
CUST104705,Isaac Nabirye,721565092,isaac.nabirye@outlook.com,Iganga,2025-06-29,
CUST104706,Lubega Nakato,077-914-5918,lubega.nakato@hotmail.com,Gulu,2021-04-26,Male
CUST104707,Atim Kambale,0712819381,atim.kambale@yahoo.com,Hoima,2021-07-02,Female
CUST104708,Atim Beatrice,+256720327092,atim.beatricehotmail.com,Nakasongola,2021-05-15,Female
CUST104709,Ssimbwa Nabbanja,+256748665138,ssimbwanabbanja44@hotmail.com,Kampala,2022-02-19,Male
CUST104710,  Ssimbwa Kyomuhendo ,+256 72 177 7026,ssimbwa.kyomuhendo@srg.co.ug,Mbarara,2023-05-27,
CUST104711,Kato Mubjru,,kato.mubiru@hotmail.com,Guluu,2023-05-28,Male
CUST104712,Guma,+256798118391,guma32@hotmail.com,Kalangala,24/06/2021,
CUST104713,Nalubega Ssempebwa,0750869337,nalubega.ssempebwa@hotmail.com,Lira,23/05/2023,Female
CUST104714,Beatrice Kafeero,753392679,beatrice.kafeero@outlook.com,Luwero,2024-11-13,Female
CUST104715,Nabbanja Nakato,+256784011044,nabbanja.nakato@outlook.com,Gulu,15/12/2021,F
CUST104716,Kibirige Stephen,256770388432,kibirige.stephen@outlook.com,Fort Portal,2022-03-25,
CUST104717,Lubega Florence,0735066783,lubegaflorence@mail.com,Wakiso,2025-03-03,Male
CUST104718,Ninsiima Katusiime,0744520688,ninsiima.katusiime@mail.com,Kampala,2022-07-14,F
CUST104719,Namubiru Atim,0771188455,namubiru.atim@mail.com,Wakiso,2021-02-27,Female
CUST104720,Ssentongo Ruth,0780008915,ssentongo.ruth@hotmail.com,Kampala,2023-07-10,Female
CUST104721,Irene Nakayiza,771241465,irene.nakayiza@yahoo.com,Rakai,2021-01-05,Female
CUST104722,Katusiime Nakiganda,073-333-5811,katusiimenakiganda63@gmail.com,Mukono,,Female
CUST104723,Collins Butime,755752392,collins.butime@gmail.com,Jinja City,2024-07-20,F
CUST104724,Patrick Kafeero,0738074219,patrick.kafeero@outlook.com,lyantonde,2024-05-06,Female
CUST104725,Samuel Kyebambe,+256 77 137 1481,samuel.kyebambe@mail.com,Bushenyi,2025-02-04,
CUST104726,Godfrey,+256 75 924 1840,godfrey21@outlook.com,mpigi,2021-09-06,F
CUST104727,Atim zhabwe,+256711947069,atim.ahabwe@yahoo.com,Kampala,2021-05-31,Female
CUST104728,Stephen Ssempebwa,789592847,stephen.ssempebwa@srg.co.ug,Lyantonde,2025-01-29,Female 
CUST104729,Michael Ninsiima,256759914596,michael.ninsiima@hotmail.com,Kampala,2021-03-09,M
CUST104730,Lubega Nakiganda,0750109613,lubeganakiganda87@yahoo.com,Arua City,29/07/2025,
CUST104731,Peter Nankya,755304350,peter.nankya@outlook.com,Kampala,2022-12-09,Male
CUST104732,Kamoga Nsereko,+256784328788,kamoga.nsereko@yahoo.com,Luwero,2023-02-12,Male 
CUST104733,Nabirye Nalubega,0755205799,nabirye.nalubegahotmail.com,Jinja,,Female
CUST104734,Beatrice,256752691671,beatrice@srg.co.ug,NA,2024-10-16,Female
CUST104735,Joseph Kyebambe,256719759534, josephkyebambe23@outlook.com ,Kampala ,09/10/2025,Male
CUST104736,Emmanuel Nankya,0779105358,emmanuel.nankya@yahoo.com,Wakiso,19/12/2023,Female
CUST104737,Nabirye Ssebugwawo,+256 75 550 9312,nabiryessebugwawo@srg.co.ug,Lira,2024-06-10,Female
CUST104738,Wanyama Agnes,256723533821,wanyama.agnes@gmail.com,Iganga Town,25/09/2023,Male
CUST104739,Kambale Nankya,0786225711,kambale.nankya@outlook.com,Kabale,2023-08-23,Female
CUST104740,Ssimbwa Ssimbwa,+256715804754,ssimbwa.ssimbwa@yahoo.com,Gulu,05/09/2025, 
CUST104741,Sheila,0776786714,sheila@hotmail.com,Hoima,11/07/2022,F
CUST104742,Collins Ssempebwa,256726611404,collins.ssempebwa@mail.com,Kampala,15-08-2022,Female
CUST104743,Ssentongo Kyomuhendo,0752021717,ssentongo.kyomuhendo@srg.co.ug,Mbarara,2021-04-22,Male
CUST104744,Ouma Daniel,0702164701,ouma.daniel@srg.co.ug,Jinja City,2024-12-18,Male
CUST104745,Namubiru Ouma,0798289356,,Mbale,19/12/2024,Female
CUST104746,Sarah Nsereko,+256756667950,sarah.nsereko@srg.co.ug,Nakasongola,2021-03-07,Male
CUST104747,Juliet Mubiru,+256713483615,julietmubiru34@hotmail.com,Kampala,16/08/2022,F
CUST104748,Guma Butime,0744080459,guma.butimeyahoo.com,Jinja,04-10-2025,M
CUST104749,Peter Lubega,0717325865,peter.lubega@mail.com,Lyantonde,11/10/2023,Male
CUST104750,Wanyama Ssentongo,0706324218,wanyama.ssentongo@yahoo.com,Mbarara,2022-01-23,Female
CUST104751,Nakiganda Kyomuhendo,+256719592802,nakiganda.kyomuhendo@mail.com,Mbarara,2024-07-11,Female
CUST104752,Kamoga Butime,, kamoga.butime@yahoo.com ,Kampala (Central),19/11/2022,Male
CUST104753,Juliet Kyomuhendo,256744918193,juliet.kyomuhendosrg.co.ug,Mbarara,11/10/2025,
CUST104754,Nsereko Nankya,+256779642326,nsereko.nankya@outlook.com,Kampala,2025-09-05,
CUST104755,Nakayiza Ssimbwa,, nakayiza.ssimbwa@hotmail.com ,Nebbi,2024-12-27,Male
CUST104756,Namubiru Ssempebwa,256782195626,namubiru.ssempebwa@hotmail.com,Mpigi,05/09/2023,
CUST104757,Lubega Guma,780644956,lubega.guma@gmail.com,Lyantonde,23/09/2024,Male
CUST104758,Namubiru Ssemakula,+256775777744,namubirussemakula49@mail.com,Wakiso,2025-08-25,
CUST104759,Brian Nsereko,256795248481,brian.nsereko@srg.co.ug,Masaka,31/07/2021,Male
CUST104760,Daniel Okello,0714526649,danielokello89@outlook.com,Jinja,2021-09-01,Male
CUST104761,Peter Mukasa,256701131138,peter.mukasa@hotmail.com,Kampala,2024-09-03,M
CUST104762,Wasswa Phoebe,735453988,wasswa.phoebe@hotmail.com,Kampala,,Female
CUST104763,Collins Mugisha,256782788848,collins.mugisha@yahoo.com,Wakiso,19/02/2022,Female
CUST104764,Ssimbwa,256757680588,ssimbwa@mail.com,Lira,2022-09-04,Male
CUST104765,Grace Kamoga,,grace.kamoga@gmail.com,Mukono,19-03-2025,Male
CUST104766,Ssimbwa Ouma,+256712988261,ssimbwa.ouma@mail.com,MBARARA,31/05/2021,
CUST104767,Kambale Kafeero,0776022539,kambalekafeero55@srg.co.ug,Lyantonde,13/02/2022,Female
CUST104768,Namutebi Nabbanja,,namutebi.nabbanja@mail.com,Kampala,24/07/2025,Female
CUST104769,David Wasswa,0770483487,david.wasswa@gmail.com,Wakisio,2023-12-26,Male
CUST104770,Samuel Guma,+256709858794,samuel.guma@outlook.com,Kampala,06/09/2021,Male
CUST104771,Emmanuel Kambale,0753662175,emmanuel.kambale@hotmail.com,Bundibugyo,25/05/2022,Female
CUST104772,John Ssebugwawo,0783986885,john.ssebugwawo@srg.co.ug,Soroti,2024-11-02,Male
CUST104773,Sskmakula Joan,,ssemakula.joan@srg.co.ug,Jinja,2022-10-08,Female
CUST104774,Nabirye Ninsiima,+256781134759,nabiryeninsiima32hotmail.com,Mukkono,08/04/2024,Female
CUST104775,Ssentongo Lubega,+256 75 849 9166,ssentongo.lubega@srg,Lira,08/06/2024,M
CUST104776,Mugisha Munezero,+256750665736,mugisha.munezero@yahoo.com,jinji,2022-12-03,Male
CUST104777,Catherine Byaruhanga,+256741047571,catherinebyaruhanga@hotmail.com,Kampala ,03/03/2022,Male
CUST104778,Mubiru,256717740370,mubiru@mail.com,Wakiso,2023-06-03,M
CUST104779,Kamoga vutime,, kamoga.butime@yahoo.com ,Kampala (Central),19/11/2022,Male
CUST104780,Kizza Wanyama,+256796770898,kizza.wanyama@srg.co.ug,Wakiso District,2021-08-28,Male 
CUST104781,Munezero Ninsiima,,munezero.ninsiima@srg.co.ug,Kampala,01-02-2023,Female
CUST104782,Nabirye Nakiganda,776490099,nabirye.nakigandaoutlook.com,Arua,2023-12-29,
CUST104783,Patrick Butime,0735095465,,Kiruhura,07/06/2024,Female
CUST104784,  John Wasswa ,+256 74 820 4060,john.wasswa@gmail.com,Kampala Region,2022-06-20,M
CUST104785,Isaac Mubiru,0729808486,isaac.mubiru@outlook.com,Kampala,20/08/2021,
CUST104786,Mugisha Wanyama,+256 71 581 4755,mugisha.wanyama@mail.com,Kampala,2021-06-24,Female
CUST104787,JOAN NAKATO,256718440654,joan.nakato@mail.com,Gulu,2021-01-20,F
CUST104788,Namutebi Ssempebwa,0720157861,namutebi.ssempebwa@gmail,Isingiro,,
CUST104789,Nankya Kibirige,+256706908219,nankya.kibirige@mail.com,Kampala-City,07/11/2021,Male
CUST104790,Nalubega Nakiganda,+256 72 617 3805,nalubeganakiganda1@yahoo.com,Wakiso District,2023-11-20,F
CUST104791,Kyomuhendo Ssentongo,776373715,kyomuhendo.ssentongo@mail.com,Jinja,12/06/2024,Male
CUST104792,Ouma Ssempebwa,771595259,,Kampala,31/08/2021,Male
CUST104793,Emmanuel Guma,0713505316,emmanuel.guma@gmail.com,Mbarara,31/07/2023,Female
CUST104794,mtephen Ssempebwa,789592847,stephen.ssempebwa@srg.co.ug,Lyantonde,2025-01-29,Female 
CUST104795,Alexander Ssekandi,256713674855,alexanderssekandi@hotmail.com,Wakiso,14-08-2023,Female
CUST104796,Nakiganda Robert,+256771320642,nakiganda.robert@srg.co.ug,Nakasongola,19/12/2021,Male
CUST104797,Byaruhanga Lubega,+256 72 487 7587,byaruhanga.lubega@gmail.com,Mbarara,2022-01-28,M
CUST104798,Kizza Nsereko,+256758068442,kizza.nsereko@mail.com,Kampala,25/03/2021,
CUST104799,Butime Ssekandi,0754542417,butime.ssekandi@outlook.com,Hoima,2023-06-12,Male
CUST104800,Tumusiime Nakiganda,+256 74 602 6842,tumusiime.nakiganda@yahoo.com,Isingiro,2024-08-01,Female
CUST104801,Agnes Okello,+256794665572,agnes.okello@srg.co.ug,Wakiso,2024-04-26,
CUST104802,Samuel Mukasa,0716199632,samuel.mukasa@outlook.com,Gulu,2025-08-11,Male
CUST104803,Patruck Ssemakula,0785765353,patrick.ssemakula@srg.co.ug,Wakiso,2024-10-09,Female
CUST104804,Ssempebwa Mugisha,,,Masaka,02-08-2022,Male
CUST104805,Joan Kamoga,0775889482,joan.kamoga@mail.com,Mukko,2023-05-07,Female
CUST104806,Florence Mugisha,+256702650372,florence.mugisha@srg.co.ug,Arua,2025-07-07,
CUST104807,Mubiru Butime,0723973197,mubiru.butime@srg.co.ug,Mukono,22/12/2022,
CUST104808,Ninsiima Olweny,+256 71 666 2218,ninsiima.olweny@yahoo.com,Wakisio,10-11-2023,
CUST104809,Kizza Atim,,kizzaatim36@yahoo.com,Wakiso,, 
CUST104810,Ahabwe Nakiganda,+256787925415, ahabwe.nakiganda@gmail.com ,Hoima,2025-01-16,Female
CUST104811,Nankya Nankya,256787300588,nankya.nankya@outlook.com,Wakiso,,F
CUST104812,Jane Ssentongo,256701940739,jane.ssentongo@mail.com,Mbale,14/11/2023,Male
CUST104813,Nakiganda,+256788837481,nakiganda@hotmail.com,Kampala,21-11-2024,Female
CUST104814,Ruth Kafeero,+256738142415,ruthkafeero41@srg,Wakiso District,07/01/2021,
CUST104815,Guma Mubiru,+256718914455,guma.mubiru@mail.com,Masindi,2021-07-01,Male
CUST104816,Nabirye Kambale,0733971892,nabirye.kambale@yahoo.com,Gulu,2022-05-06,Female
CUST104817,Guma Atukunda,+256 79 650 0282,guma.atukunda@mail.com,Mukono,03/05/2021,
CUST104818,Juliet Nakato,+256 71 141 2091,juliet.nakato@mail.com,Kampala,2022-03-20,Female
CUST104819,Collins Tendo,+256 78 126 4952,collinstendo81@srg.co.ug,Kabarole,2025-09-23,F
CUST104820,Ronald Lubega,+256721170854,ronald.lubega@hotmail.com,Gulu City,2024-02-21,Male
CUST104821,Juliet Nalubega,0785421734,,Kampala,25-05-2024,Female
CUST104822,Godfrey Atukunda,791674847,godfrey.atukunda@hotmail.com,Kampala,2023-06-05,F
CUST104823,Kato Ssempebwa,0712892898,katossempebwa@yahoo.com,Kampala Region,08/09/2021,
CUST104824,Grace Nabirye,0779473883,gracenabirye56@mail.com,Iganga,2023-11-10,M
CUST104825,Grace Kafeero,+256729624260,grace.kafeero@srg.co.ug,iganga,08/07/2022,
CUST104826,Isaac Ouma,0728685879,isaac.ouma@srg.co.ug,Jinja,11/10/2022,F
CUST104827,Mary Lubega,256727568537,mary.lubega@mail.com,Mbale,2021-08-22,Male
CUST104828,Ssempebwa Nakato,+256 77 426 1652,ssempebwanakato54@gmail.com,Gulu District,2024-09-02,
CUST104829,Joseph Nakiganda,+256 79 169 2880,joseph.nakiganda@mail.com,Lira,19-09-2022,M
CUST104830,Agnes Atim,735990223,agnes.atim@yahoo.com,Hoima,2022-04-02,
CUST104831,Munezero Peter,256785590380,munezero.peter@srg.co.ug,Kampala,2024-03-06,Male
CUST104832,Ahabwe Phoebe,759024035,ahabwe.phoebe@outlook.com,Mbale City,2025-06-03,F
CUST104833,Ssimbwa Guma,256796303101,ssimbwa.guma@outlook.com,Kampala,,Male
CUST104834,Kizza Alexander,+256726194496,kizza.alexander@outlook.com,Wakiso,,
CUST104835,Kibirige Esther,+256770643552,kibirige.esther@outlook.com,Gulu,2023-05-25,Male
CUST104836,Peter Ninsiima,+256782267826,peterninsiima62@srg.co.ug,Hoima,04/04/2021,M
CUST104837,Mercy Mugisha,0736296843,mercy.mugisha@srg.co.ug,Tororo,14/03/2023,Female
CUST104838,Kibirige Atukunda,+256788986679,kibirigeatukunda@mail.com,Wakiso,07/02/2025,Male
CUST104839,Kibirige Kamoga,+256 72 929 2541,kibirigekamoga88@yahoo.com,Mukono,2024-11-18,Male
CUST104840,Jane,778907922,jane@gmail.com,Wakiso,14-06-2024,Male
CUST104841,Kibirige Nakiganda,256747403538,kibirige.nakiganda@gmail.com,Kumi,02/10/2021,M
CUST104842,Byaruhanga Kyomuhendo,,byaruhanga.kyomuhendo@gmail.com,Kalangala,2024-10-05,Male
CUST104843,John Tumusiime,759726742,john.tumusiime@mail.com,Soroti District,31/03/2024,Male
CUST104844,Ssimbwa Ssebugwawo,,ssimbwa.ssebugwawo@yahoo.com,Masaka,18-03-2021,Male
CUST104845,aichael Nsereko,077-590-1878,michael.nsereko@yahoo.com,Mukono,09/03/2023,Male
CUST104846,Daniel Nakayiza,+256739492844,daniel.nakayiza@yahoo.com,Hoima,14-02-2025,Male
CUST104847,Nabbanja Kafeero,+256757944662,nabbanja.kafeerosrg.co.ug,Wakiso,2021-07-03,
CUST104848,Rebecca Ouma,+256787425064,rebecca.ouma@hotmail.com,Kampala,15/03/2021,Male
CUST104849,Agnes Kamoga,,agnes.kamoga@yahoo.com,Hoima,22/02/2023,Male
CUST104850,Ouma Ruth,+256701552514,ouma.ruth@mail.com,Guluu,30/12/2024,
CUST104851,Godfrey Olweny,734326491,godfrey.olweny@hotmail.com,entebbe,21/10/2021,Female
CUST104852,Juliet Nsereko,0782199151,juliet.nsereko@hotmail.com,Kla,28-06-2021,F
CUST104853,Tumusiime Butime,,tumusiime.butime@outlook.com,Jinja City,17/07/2022,
CUST104854,Ssimbwa Ssebugwawo,,ssimbwa.ssebugwawo@yahoo.com,Masaka,18-03-2021,Male
CUST104855,Kibirige Olweny,792448984,kibirige.olweny@srg.co.ug,Mbarara,07/08/2023,
CUST104856,Kato Ssemakula,0732592163,katossemakula@gmail.com,Mbarara,2021-07-22,M
CUST104857,Ssimbwa Atim,0773815644,ssimbwaatim91@hotmail.com,nebbi,2022-09-28,M
CUST104858,Naomi,779412185,naomi35@mail.com,Kampala,23/11/2023,Female
CUST104859,Nabirye Peter,256724149041,nabirye.peterhotmail.com,kampala,30/01/2021,Male
CUST104860,Sheila Ahabwe,0731661737,sheila.ahabwe@mail.com,Mukono,2021-06-02,Female 
CUST104861,Andrew Kafeero,0786917591,andrew.kafeero@mail.com,Mukono,15-10-2025,Female
CUST104862,Beatrice Nabbanja,256739171980,beatrice.nabbanja@yahoo.com,luwero,29/03/2023,Female
CUST104863,Godfrey Ssebugwawo,709003722,,Wakiso,2024-06-06,Female
CUST104864,Lubega Byaruhanga,+256704178162,lubega.byaruhanga@gmail.com,Mbarara,2025-09-12,
CUST104865,Nabbanja Wanyama,256705607481,nabbanja.wanyama@mail.com,Mukono,2024-05-18,Female
CUST104866,Jane Nsereko,710886838,jane.nsereko@gmail.com,Kabale,30/12/2022,Male
CUST104867,Sarah Ssimbwa,0781370664, sarah.ssimbwa@mail.com ,hoima,2024-12-09,Male
CUST104868,Mukasa Rebecca,0710130878,mukasa.rebecca@hotmail.com,Masaka,2023-05-26,Male
CUST104869,Ssentongo Kafeero,0775284181,,Lira,2022-10-13,Male
CUST104870,Harriet Ahabwe,+256715044742,harrietahabwe@gmail.com,Wakiso,2023-07-16,Female
CUST104871,Ssemakula Godfrey,070-470-4704,ssemakula.godfrey@gmail.com,Lira,01/11/2024,F
CUST104872,Sarah Olweny,+256737140106,saraholweny29@srg.co.ug,Kampala,21/08/2024,Male
CUST104873,Isaac Nabirye,+256 71 976 1272,isaac.nabirye@hotmail.com,Wakiso,18-03-2023,Female
CUST104874,Munezero Atim,719373893,munezero.atim@yahoo.com,Jinja,2021-10-03,F
CUST104875,Phoebe Nakayiza,0777533262,phoebe.nakayiza@hotmail.com,wakiso,2025-02-05,Female
CUST104876,David Byaruhanga,+256754478520,david.byaruhanga@yahoo.com,Masaka,2025-10-09,Male
CUST104877,Ssempebwa Butime,0777930813,ssempebwa.butime@mail.com,Jinja City,,Male
CUST104878,Aoim Ssekandi,256716405326,atim.ssekandi@hotmail.com,Mbale,25/01/2022,Female
CUST104879,Kizza Namubiru,+256718000845,kizzanamubiru@gmail.com,Mukono,23-09-2022,Female
CUST104880,Ruth Nakayiza,+256743493983,ruth.nakayiza@gmail.com,Mukono,2024-07-29,Female
CUST104881,Katusiime,0790383775,,Nebbi,2021-05-22,Female
CUST104882,Robert Kamoga,0709804406,robertkamoga32@yahoo.com,  ,2024-05-01,Male
CUST104883,Phoebe Ssebugwawo,0713804660,phoebessebugwawo6@mail.com,Masaka,,Female
CUST104884,namutebi mugisha,0786016211,namutebi.mugisha@srg.co.ug,Mukono,09/02/2023,Female
CUST104885,Mubiru Wanyama,+256736791135,mubiru.wanyama@gmail.com,Jinja,2022-11-19,Male 
CUST104886,Collins,256785894466,collins73@outlook,Gulu,2023-11-27,Female
CUST104887,Achieng Catherine,0779044401,achieng.catherine@mail.com,Kabarole,2022-05-11,M
CUST104888,Samuel Okello,+256721410642,samuelokello@srg.co.ug,Wakiso,2024-09-10, 
CUST104889,Munezero Mugisha,075-248-1686,munezero.mugisha@srg.co.ug,Mbarara City,,Female
CUST104890,Daniel Ouma,786452430,danielouma@hotmail.com,Jinja,17-02-2023,Male
CUST104891,Kamoga Kambale,710347570,kamoga.kambale@mail.com,Kitgum,27-02-2023,Male
CUST104892,Kato Mubiru,,kato.mubiru@hotmail.com,Guluu,2023-05-28,Male
CUST104893,Ssemakula Ahabwe,+256 78 833 9846,ssemakula.ahabwe@hotmail.com,Mukono,2022-08-07,Male
CUST104894,Samuel Kyomuhendo,256719317258,samuel.kyomuhendo@yahoo.com,Masaka,11/10/2024,M
CUST104895,Ssemakula Ssemakula,+256794807511,ssemakulassemakula@gmail.com,Wakiso,02/10/2024,Male
CUST104896,Florence Kizza,+256 75 509 1940,florence.kizza@outlook.com,Mbarara,2021-02-03,Male
CUST104897,Naomi,722794512,naomi@yahoo.com,Kampala,,Female
CUST104898,Namubiru Munezero,0799130174,namubirumunezero@yahoo.com,Jinja,2022-01-03,Female
CUST104899,David Olweny,256738312307,david.olweny@gmail.com,Wakiso,2021-12-04,M
CUST104900,Wasswa Wanyama,701115313,,Kiboga,2024-01-20,
CUST104901,Samuel Tendo,,samuel.tendo@srg.co.ug,Masaka,28-09-2021,Male
CUST104902,Guma Collins,256759351257,guma.collins@yahoo.com,Mbale,24/09/2024,
CUST104903,Joan Ninsiima,+256773978394,joan.ninsiima@outlook.com,Wakiso,06/02/2025,F
CUST104904,Esther,256797981174,esther@srg.co.ug,Mbale,2025-05-01,Male
CUST104905,Byaruhanga Achieng,0759082878,byaruhangaachieng54@srg.co.ug,Entebbe,31-10-2022, 
CUST104906,Ssimbwa Ruth,704071186,,Mukono,2024-09-20,Female
CUST104907,Nsereko Ssekandi,+256778964865,nsereko.ssekandi@srg.co.ug,Sembabule,11-05-2022,
CUST104908,Collins Kambale,+256 74 725 2648,collins.kambale@outlook.com,Wakiso,2025-03-22,F
CUST104909,Nabbanja Kizza,733202867,nabbanja.kizza@hotmail.com,jinja,2024-04-24,Female
CUST104910,Stephen Atim,073-498-3068,stephenatim85@hotmail.com,Mukono,10/03/2025,F
CUST104911,Ninsiima,0732155037,ninsiima@gmail.com,Kampala,2025-04-06,
CUST104912,Ssemakula Florence,0753525683,ssemakula.florence@outlook.com,Kampala,2025-07-27,M
CUST104913,Alexander Kibirige,,alexander.kibirige@gmail.com,Kampala,11/11/2021,Female
CUST104914,Katusiime Mugisha,0799320615,katusiimemugisha@hotmail.com,Gulu,08-06-2024,Female
CUST104915,Juliet Nakayiza,0707941952,julietnakayiza82@mail.com,Gulu,11/10/2025,Female
CUST104916,Wasswa Ssemakula,+256710049465,wasswa.ssemakula@hotmail.com,Lira,,Male
CUST104917,Estrer Namubiru,+256799631783,esther.namubiru@outlook.com,Jinja City,2025-07-26,Male
CUST104918,Stephen Munezero,0721390780,stephen.munezero@mail.com,Nebbi,12/03/2025,Female
CUST104919,Katusiime Olweny,0748201982,katusiime.olweny@gmail.com,Wakiso,2021-04-26,Female
CUST104920,Florence Kizza,0721558193,florence.kizza@gmail.com,Mukkono,03/10/2021,
CUST104921,Atim Kyomuhendo,+256780811659,atim.kyomuhendo@gmail.com,Bushenyi,2021-07-20,Female
CUST104922,Patrick Nabirye,077-527-5797, patrick.nabirye@outlook.com ,KAMPALA,2025-03-08,Female
CUST104923,Peter Ssimbwa,+256 74 358 4575,peter.ssimbwa@yahoo.com,Gulu,30/09/2021,M
CUST104924,Irene Lubega,+256790141010,irene.lubega@yahoo.com,Arua,13-05-2021,F
CUST104925,Daniel Ssimbwa,+256773780437,danielssimbwa31@hotmail.com,Arua City,27/01/2024,Male
CUST104926,  Byaruhanga Ssebugwawo ,,byaruhanga.ssebugwawo@gmail,Arua,2024-10-01,M
CUST104927,Patrick Byaruhanga,074-623-8435,patrick.byaruhanga@gmail.com,Kampala,2024-01-19,Female
CUST104928,Mercy Okello,0715899399,mercy.okello@yahoo.com,Soroti,2023-08-09,F
CUST104929,Timothy Olweny,798569956,timothy.olweny@hotmail.com,kiboga,2025-06-17,F
CUST104930,Florence,724391694,florence@srg.co.ug,Kampala,2024-11-15,Male
CUST104931,Andrew Ninsiima,,andrew.ninsiima@yahoo.com,Kabale,2024-02-23,F
CUST104932,Guma Tendo,256718378434,guma.tendo@srg.co.ug,Masaka,2021-10-05,
CUST104933,Olweny Namubiru,256718620733,olwenynamubiru47@mail.com,masindi,23/04/2022,Male
CUST104934,Sheila Ssimbwa,,sheila.ssimbwa@yahoo.com,Mbale,2025-06-26,Female
CUST104935,Mugisha Nsereko,256770246606,mugisha.nsereko@srg.co.ug,Wakiso,2022-08-17,
CUST104936,Lubega Irene,256772904080,lubega.irene@yahoo,Soroti,2021-09-13,F
CUST104937,Kizza,0755389943,kizza@outlook.com,Isingiro,2022-08-12,
CUST104938,Ssekandi Ruth,+256 74 784 9161,ssekandi.ruth@srg.co.ug,Mukono,11-08-2023,Female
CUST104939,Nsereko Ninsiima,0721867181,nserekoninsiima@gmail.com,Kampala,27/09/2024,Female
CUST104940,Beatrice Mugisha,+256714496630,beatrice.mugisha@mail.com,Gulu,2023-12-22,Female 
CUST104941,Peter Lubega,+256743727196,peter.lubega@srg.co.ug,Kampala,2022-05-02,Male
CUST104942,Ssekandi Namubiru,717678823,ssekandi.namubiru@hotmail.com,Rakai,2024-09-16,M
CUST104943,Grace Wanyama,,,Kampala,2024-05-20,Male
CUST104944,Ruth Ssempebwa,+256709809337,,Wakiso,2023-01-22,Female 
CUST104945,Mubiru Wasswa,0742585317,mubiru.wasswa@outlook.com,Kitgum,2021-07-31,Male
CUST104946,Okello Kyomuhendo,071-618-0541,okello.kyomuhendo@srg.co.ug,Mukono,25-03-2021,
CUST104947,Namubiru Butime,0740181897,namubirubutime34@yahoo.com,Mbarara,2022-05-24,Female
CUST104948,Dorothy,0748926457,dorothy70@yahoo.com,Mbale City,,M
CUST104949,Atim Olweny,,atim.olweny@hotmail.com,Iganga,05/03/2025,
CUST104950,Timothy Nabirye,0702473219,timothy.nabirye@srg.co.ug,Iganga,2022-05-16,F
CUST104951,Juliet Achieng,794990080,,iganga,2024-03-02,Female
CUST104952,Ssekandi Achieng,+256701876021,ssekandi.achieng@gmail.com,Mbarara City,08-08-2024,Male
CUST104953,Munezero Namubiru,,munezero.namubiru@srg.co.ug,Kampala,2022-09-09,
CUST104954,Godfrey Okello,781552763,godfreyokello@srg.co.ug,Lyantonde,,Female
CUST104955,Mubiru,0789513612,mubiru25@srg.co.ug,Kampala,22/04/2022,Male
CUST104956,Nakiganda Achieng,256716060563,nakiganda.achieng@hotmail.com,Gulu,25/03/2021,Female
CUST104957,Sheila Olweny,0741678384,sheilaolweny1@hotmail.com,Wakiso,24-06-2023,F
CUST104958,Michael Mugisha,256726249752,michaelmugisha@gmail.com,Soroti,24/04/2024,Male
CUST104959,Andrew Mubiru,+256759406028,andrewmubiru16@srg.co.ug,Jinja,2023-01-08,Female
CUST104960,Collins Butime,0739224151,collinsbutime9@srg.co.ug,Kampala,2023-08-25,Female
CUST104961,Irene Tumusiime,0788131778,irene.tumusiime@srg.co.ug,Jinja,06/07/2025,Female
CUST104962,Godfrey Nakato,0750053224,godfrey.nakato@hotmail.com,Kitgum,2022-12-29,Female
CUST104963,Jane Wasswa,0792780719,jane.wasswa@gmail.com,hoima,17/01/2024,Male
CUST104964,Juliet Katusiime,256707015117,juliet.katusiime@mail,Masaka,2025-09-27,Female
CUST104965,Joseph Olweny,+256751964197,josepholweny27@mail.com,Hoima,2022-12-10,M
CUST104966,Kambale,0737103886,kambale53@outlook,Jinjja,17/04/2023,Female
CUST104967,Nakayiza Olweny,+256 72 497 0769,nakayiza.olweny@mail.com,Soroti,2022-05-06,F
CUST104968,  Lubega Nabirye ,+256 77 940 3414,lubega.nabirye@gmail.com,JINJA,2025-05-16,Male
CUST104969,grace wanyama,,,Kampala,2024-05-20,Male
CUST104970,Irene Olweny,0741998760,irene.olweny@outlook.com,Gulu,2024-06-11,Female
CUST104971,Kibirige Mugisha,+256706753770,kibirige.mugisha@outlook.com,Gulu,2023-04-24,
CUST104972,Ouma dutime,+256725028839,ouma.butime@srg.co.ug,Wakiso,2025-01-08,Male
CUST104973,Wanyama Guma,0715898245,,Wakiso,15/03/2024,Female
CUST104974,Naomi Ssemakuha,740773453,naomi.ssemakula@mail.com,Mbale,2021-12-24,Female
CUST104975,Nsereko,797997683,nsereko@mail.com,soroti,2023-07-31,Male
CUST104976,Sheila Kizza,0704175475,sheila.kizza@srg.co.ug,mukono,08/01/2024,Female
CUST104977,Peter Ssebugwawo,075-024-3951,peter.ssebugwawo@hotmail.com,Kampala1,2021-03-08,Male
CUST104978,Rebecca Kibirige,0703757472,rebeccakibirige@srg.co.ug,Kampala,,Male
CUST104979,Nakayiza Mukasa,0759610464,nakayizamukasa@yahoo.com,Kampala,18/01/2023,Female
CUST104980,Atim Tumusiime,256750569521,atimtumusiime@mail.com,Kampala,2024-01-21,Female
CUST104981,David Kizza,0727885374,david.kizza@srg.co.ug,Kiruhura,07-08-2025,Male
CUST104982,Michael Namubiru,+256743018052,michael.namubiru@yahoo.com,Mpigi,2023-07-28,Male
CUST104983,Alexander Nakayiza,0715935206, alexander.nakayiza@gmail.com ,Tororo,2024-05-05,F
CUST104984,Juliet Ssebugwawo,,juliet.ssebugwawo@mail.com,Guluu,10/06/2021,Female
CUST104985,Guma Wanyama,,guma.wanyama@yahoo.com,kitgum,2025-04-27,Male
CUST104986,Mugisha Kizza,0729518908,mugisha.kizza@srg.co.ug,Gulu,2024-06-16,
CUST104987,Ronald Lubega,0701162487,ronald.lubega@outlook.com,gulu,13-06-2022,Male 
CUST104988,Nsereko Nankya,+256738606827,nserekonankya@gmail.com,Kabale,2022-03-08,Male
CUST104989,Joseph Ssebugwawo,777169786,joseph.ssebugwawo@mail.com,Gulu,30/03/2022,Male 
CUST104990,Kato Butime,079-861-9726,kato.butime@mail.com,Lyantonde,13/08/2021,M
CUST104991,Catherine Tumusiime,744339344,catherine.tumusiime@hotmail.com,Wakiso,2022-02-26,Male
CUST104992,Atukunda Dorothy,,atukunda.dorothy@gmail,Iganga,2024-10-04,Male
CUST104993,robert nakiganda,715154019,robert.nakiganda@yahoo.com,Mbarara,2022-05-15,Male
CUST104994,Ronald Lubega,074-522-3516,ronald.lubega@outlook.com,Gulu,2024-05-24,Male
CUST104995,andrew ninsiima,,andrew.ninsiima@yahoo.com,Kabale,2024-02-23,F
CUST104996,wanyama kyebambe,0700148685,wanyama.kyebambe@hotmail.com,Wakiso,17/02/2022,Female
CUST104997,Sarah Tumusiime,+256741442345,sarahtumusiime51@hotmail.com,Wakiso,2022-04-24,M
CUST104998,Olweny Ssentongo,256725628602,olweny.ssentongo@srg.co.ug,Wakiso,2021-03-17,Male
CUST104999,John Kamoga,+256 71 708 3358,john.kamoga@mail.com,Arua City,09-09-2023,
CUST105000,Byaruhanga Nakayiza,+256794867191,byaruhanga.nakayiza@hotmail.com,Kampala,01-01-2024,Male
