transaction_id,store_id,customer_id,product_id,quantity,unit_price,payment_method,payment_ref,transaction_timestamp
TXN90000001,ST04,CUST100835,PRD200727,1,550.0,AirtelMoney,AUTH83951,2024-08-11 14:04:00
TXN90000002,ST18,CUST100022,PRD200391,4,3000.0,Cash,AM289043610,2024-07-02 01:02:00
TXN90000003,ST19,CUST102648,PRD200097,1,19500.0,MTN Mobile Money,MP142873883,2024-10-08 07:48:00
TXN90000004,ST04,CUST104547,PRD200395,2,36000.0,MTN Mobile Money,CASH-9812,2024-09-22 20:27:00
TXN90000005,ECOM01,CUST101603,PRD200574,1,550.0,Airtel Money,AUTH63362,2024-09-23 04:00:00
TXN90000006,ST06,CUST100047,PRD201138,1,5595.96,CASH,MP459608129,14/07/2024 15:33
TXN90000007,ST13,CUST104295,PRD200533,1,8250.0,Cash,AUTH27931,2024-10-01 11:20:00
TXN90000008,ST04,CUST102410,PRD200352,1,3600.0,momo,AM900047995,2024-08-22 15:35:00
TXN90000009,ST14,CUST104151,PRD200358,2,8100.0,MTN Mobile Money,AUTH56457,2024-10-11 20:32:00
TXN90000010,ST21,CUST101768,PRD200583,3,23000.0,MTN Mobile Money,MP358702698,2024-11-01 17:26:00
TXN90000011,ST21,CUST101767,PRD200879,1,UGX2500,MTN MoMo,CASH-5129,2024-09-11 18:50:00
TXN90000012,ST09,CUST101927,PRD200958,1,2600.0,Cash,,2024-11-30 18:05:00
TXN90000013,ST14,CUST104483,PRD200025,2,1875.0,MTN MoMo,AM793595532,2024-12-03 00:55:00
TXN90000014,ST09,CUST102303,PRD201015,3,UGX62500,AirtelMoney,MP995542053,2024-08-14 03:53:00
TXN90000015,ST01,CUST103836,PRD200034,1,12500.0,MTN MoMo,AUTH63950,2024-12-23 10:07:00
TXN90000016,ST18,CUST103849,PRD201127,4,1950.0,MTN Mobile Money,CASH-9258,2024-08-15 12:46:00
TXN90000017,ST15,CUST104090,PRD200972,2,12000.0,Cash,CASH-4061,15/08/2024 13:19
TXN90000018,ST16,CUST101154,PRD201025,2,4500.0,MTN MoMo,CASH-7602,2024-09-23 22:45:00
TXN90000019,ST09,CUST102797,PRD200132,1,6750.0,Airtel Money,MP951907354,10/09/2024 04:10
TXN90000020,ST13,CUST102977,PRD201094,1,13000.0,AirtelMoney,MP733738027,2024-09-24 13:36:00
TXN90000021,ST11,CUST101947,PRD200570,1,38500.0,Airtel Money,AUTH64572,2024-11-17 04:46:00
TXN90000022,ST08,CUST100251,PRD201104,1,3300.0,AirtelMoney,CASH-1335,19/11/2024 18:20
TXN90000023,ST12,CUST102499,PRD200823,4,2600.0,Cash,MP974788588,2024-07-02 11:08:00
TXN90000024,ST07,CUST103705,PRD200156,1,26000.0,Airtel Money,MP774745382,2024-11-13 06:36:00
TXN90000025,ST22,CUST101718,PRD200359,2,2200.0,AirtelMoney,MP256924432,2024-11-03 15:44:00
TXN90000026,ST15,CUST102856,PRD200903,1,90000.0,MTN MoMo,MP829779918,2024-10-14 00:00:00
TXN90000027,ST06,CUST100523,PRD200004,2,1150.0,Card,MP342318748,2024-10-16 14:53:00
TXN90000028,ST16,CUST103224,PRD201082,1,11868.68,MTN Mobile Money,,02/09/2024 12:38
TXN90000029,ST19,CUST100438,PRD200108,4,1200.0,AirtelMoney,AM785505255,2024-11-28 07:47:00
TXN90000030,ECOM01,CUST100188,PRD200718,4,2300.0,MTN MoMo,AM148047270,2024-09-30 10:25:00
TXN90000031,ST12,CUST104318,PRD200245,2,4500.0,Cash,CASH-1374,25/08/2024 09:16
TXN90000032,ST19,CUST101242,PRD201057,1,825.0,Airtel Money,AUTH39665,07/12/2024 15:56
TXN90000033,ST06,CUST104098,PRD200939,1,18750.0,MTN MoMo,AUTH87193,09/09/2024 19:58
TXN90000034,ECOM01,,PRD200183,2,4500.0,Cash,MP181465847,06/10/2024 20:13
TXN90000035,ST14,CUST103042,PRD201016,2,16500.0,MTN MoMo,CASH-1274,2024-08-04 23:17:00
TXN90000036,ST22,CUST102127,PRD200686,-2,5400.0,CASH,CASH-6096,30/08/2024 16:46
TXN90000037,ECOM01,CUST101018,PRD201154,1,55000.0,Airtel Money,AM225147587,2024-10-05 20:35:00
TXN90000038,ST12,CUST100573,PRD200110,2,13000.0,momo,,2024-08-02 09:54:00
TXN90000039,ST18,CUST103516,PRD200205,1,6250.0,AirtelMoney,MP598578774,2024-10-17 06:44:00
TXN90000040,ST14,CUST104145,PRD200638,1,3000.0,Cash,AM693845448,2024-12-15 00:12:00
TXN90000041,ST07,CUST103682,PRD200851,2,1300.0,MTN MoMo,CASH-9992,2024-07-10 08:18:00
TXN90000042,ST06,CUST104272,PRD200947,4,937.5,AirtelMoney,AM745812531,2024-10-19 19:50:00
TXN90000043,ST16,,PRD201078,3,12500.0,momo,AUTH52007,2024-12-20 04:17:00
TXN90000044,ST04,CUST100706,PRD200423,3,3900.0,MTN MoMo,CASH-4045,2024-09-20 12:19:00
TXN90000045,ECOM01,CUST101547,PRD200060,1,2875.0,Airtel Money,CASH-7672,2024-11-05 08:00:00
TXN90000046,ST04,CUST104927,PRD200025,1,1875.0,Cash,AUTH59565,14/10/2024 08:54
TXN90000047,ST17,CUST103805,PRD200852,3,4500.0,AirtelMoney,CASH-3953,2024-12-08 03:25:00
TXN90000048,ST04,CUST102918,PRD200976,1,8100.0,Airtel Money,AUTH98743,2024-10-27 00:57:00
TXN90000049,ST22,CUST101332,PRD200198,2,3000.0,MTN MoMo,AM378894222,2024-08-03 05:41:00
TXN90000050,ST21,CUST104886,PRD200972,4,12000.0,AirtelMoney,CASH-4368,2024-11-05 18:14:00
TXN90000051,ECOM01,CUST102569,PRD200684,2,6750.0,Airtel Money,AUTH25669,2024-09-06 15:40:00
TXN90000052,ST08,CUST103482,PRD200246,2,22500.0,Airtel Money,AM944110868,2024-08-23 12:32:00
TXN90000053,ST03,CUST100248,PRD200738,1,63000.0,MTN Mobile Money,AM761967040,2024-11-02 21:00:00
TXN90000054,ST21,CUST103823,PRD200723,2,1725.0,Cash,AM628731120,2024-12-02 09:30:00
TXN90000055,ST12,CUST102492,PRD200414,1,11250.0,MTN MoMo,MP321200736,2024-09-22 10:27:00
TXN90000056,ST16,CUST103270,PRD200709,1,1800.0,AirtelMoney,AM725994847,2024-11-05 14:34:00
TXN90000057,ST13,CUST103904,PRD201012,-2,2400.0,MTN Mobile Money,CASH-1280,2024-08-26 19:25:00
TXN90000058,ECOM01,CUST104303,PRD200642,1,5500.0,MTN Mobile Money,AM175712613,2024-12-22 21:47:00
TXN90000059,ST03,CUST104858,PRD200345,1,3750.0,MTN Mobile Money,AUTH40773,2024-07-20 12:27:00
TXN90000060,ST19,CUST103025,PRD200935,1,42000.0,MTN MoMo,AM345102584,2024-11-06 06:54:00
TXN90000061,ST13,CUST101066,PRD200227,4,550.0,Cash,AUTH31563,2024-11-21 15:28:00
TXN90000062,ST03,CUST101832,PRD201059,1,1300.0,Cash,CASH-7353,2024-12-09 22:16:00
TXN90000063,ST04,CUST104161,PRD200810,3,13500.0,Cash,AM900443076,24/08/2024 18:39
TXN90000064,ST17,CUST102006,PRD200153,2,UGX 900,AirtelMoney,CASH-8253,2024-11-11 01:20:00
TXN90000065,ST01,CUST104246,PRD200555,3,4500.0,AirtelMoney,MP739008888,2024-09-16 19:02:00
TXN90000066,ST04,CUST103987,PRD200593,3,550.0,MTN MoMo,CASH-4291,2024-09-29 13:04:00
TXN90000067,ECOM01,CUST103630,PRD201071,1,3300.0,AirtelMoney,,2024-08-18 20:54:00
TXN90000068,ST20,CUST100823,PRD200434,3,"UGX 16,500",Cash,AM116765966,2024-09-28 15:23:00
TXN90000069,ST18,CUST104029,PRD200772,3,13000.0,momo,AM457345976,2024-08-09 23:39:00
TXN90000070,ECOM01,CUST104451,PRD200441,4,825.0,MTN Mobile Money,AUTH35978,2024-10-09 10:47:00
TXN90000071,ST04,CUST103401,PRD200162,2,40250.0,MTN MoMo,AUTH56800,2024-08-17 00:49:00
TXN90000072,ST13,CUST104244,PRD200975,1,36000.0,CASH,AUTH34988,16/09/2024 23:19
TXN90000073,ST08,CUST104076,PRD200525,2,6250.0,Cash,CASH-4716,2024-07-23 03:37:00
TXN90000074,ST10,CUST103928,PRD201061,3,862.5,MTN MoMo,MP841582975,2024-08-24 20:21:00
TXN90000075,ST02,,PRD200762,2,18750.0,momo,,2024-08-09 22:59:00
TXN90000076,ST02,CUST104246,PRD200241,1,6750.0,MTN MoMo,CASH-2126,2024-10-11 02:32:00
TXN90000077,ST11,CUST101843,PRD200878,2,18000.0,CASH,MP603427264,2024-07-10 12:33:00
TXN90000078,ST03,CUST101607,PRD200963,1,1200.0,MTN Mobile Money,CASH-4731,2024-12-24 10:36:00
TXN90000079,ST23,CUST104733,PRD201083,5,12000.0,MTN Mobile Money,CASH-5041,2024-07-13 08:07:00
TXN90000080,ECOM01,CUST101758,PRD201100,1,65000.0,MTN MoMo,CASH-2384,2024-09-15 21:09:00
TXN90000081,ST22,CUST100470,PRD201153,1,9750.0,MTN MoMo,AM604362302,2024-11-19 11:58:00
TXN90000082,ST03,CUST103442,PRD200813,3,3000.0,Card,MP339327547,2024-11-22 13:52:00
TXN90000083,ST13,CUST104807,PRD201115,1,3000.0,MTN MoMo,AUTH45505,29/10/2024 03:07
TXN90000084,ECOM01,CUST100157,PRD200703,1,4500.0,Cash,AUTH27549,2024-09-17 22:05:00
TXN90000085,ST22,CUST102409,PRD200434,1,16500.0,Cash,AUTH90945,03/11/2024 12:19
TXN90000086,ECOM01,CUST103845,PRD200533,1,"UGX 8,250",Airtel Money,AUTH70635,2024-07-24 21:43:00
TXN90000087,ST08,CUST104717,PRD200566,1,2300.0,Airtel Money,CASH-1975,2024-07-13 05:02:00
TXN90000088,ST10,,PRD200985,2,57500.0,AirtelMoney,MP463983126,2024-11-23 02:04:00
TXN90000089,ST19,CUST101193,PRD201023,3,57500.0,Cash,AM645314000,2024-07-28 00:43:00
TXN90000090,ST21,CUST103228,PRD200456,2,11500.0,MTN MoMo,AUTH44092,2024-08-12 04:26:00
TXN90000091,ST09,CUST101823,PRD200101,5,3750.0,Cash,CASH-3690,2024-09-15 08:29:00
TXN90000092,ST02,CUST103349,PRD200945,1,3557.96,momo,AUTH34711,2024-08-02 23:41:00
TXN90000093,ST13,CUST100358,PRD200354,3,2700.0,CASH,MP286486986,2024-11-05 04:49:00
TXN90000094,ECOM01,CUST101235,PRD200480,-1,13000.0,MTN MoMo,AUTH13273,2024-11-01 02:41:00
TXN90000095,ST18,CUST102071,PRD201085,1,22000.0,Airtel Money,CASH-2358,2024-11-22 11:42:00
TXN90000096,ST17,CUST103657,PRD200917,1,3450.0,Cash,AM746729235,2024-08-31 05:29:00
TXN90000097,ST14,CUST102240,PRD200895,4,1250.0,AirtelMoney,MP558687379,2024-08-18 17:08:00
TXN90000098,ECOM01,CUST103207,PRD200284,-1,16500.0,AirtelMoney,,03/10/2024 22:53
TXN90000099,ECOM01,CUST101107,PRD200837,1,UGX90000,MTN MoMo,AUTH16797,2024-08-07 07:34:00
TXN90000100,ST01,CUST101610,PRD201080,1,6250.0,MTN MoMo,CASH-9904,2024-07-09 23:41:00
TXN90000101,ST09,CUST102363,PRD200337,1,25000.0,MTN Mobile Money,MP527602868,2024-11-04 01:53:00
TXN90000102,ST07,CUST100061,PRD200880,1,"11,500",Airtel Money,CASH-9353,23/07/2024 09:36
TXN90000103,ST01,,PRD200118,3,7500.0,MTN MoMo,AUTH62382,2024-11-14 16:40:00
TXN90000104,ST10,CUST104225,PRD200794,2,2300.0,MTN MoMo,AUTH92883,24/09/2024 00:57
TXN90000105,ECOM01,CUST103898,PRD200891,3,40250.0,Airtel Money,AUTH38871,2024-07-30 15:42:00
TXN90000106,ST02,CUST101739,PRD200612,1,12000.0,MTN Mobile Money,AUTH94030,28/08/2024 22:47
TXN90000107,ST18,CUST100771,PRD200631,1,3000.0,MTN MoMo,AM675495581,2024-08-01 07:42:00
TXN90000108,ST11,CUST102172,PRD200237,3,UGX52500,Airtel Money,AUTH45328,2024-12-22 04:23:00
TXN90000109,ST11,CUST101919,PRD200765,2,6366.89,MTN MoMo,CASH-5674,16/11/2024 15:17
TXN90000110,ST03,CUST100232,PRD201065,2,13500.0,Cash,,2024-07-15 18:28:00
TXN90000111,ST23,CUST103990,PRD200060,2,2875.0,Airtel Money,MP317779045,2024-07-09 14:26:00
TXN90000112,ST14,CUST102266,PRD200922,1,55000.0,Airtel Money,AUTH94942,04/09/2024 21:38
TXN90000113,ST02,CUST102149,PRD200580,2,3300.0,MTN MoMo,MP705623927,2024-08-04 10:15:00
TXN90000114,ST03,CUST103763,PRD200992,1,3000.0,MTN MoMo,AUTH91173,26/08/2024 12:36
TXN90000115,ST19,CUST102923,PRD200702,1,625.0,MTN MoMo,,2024-11-18 08:22:00
TXN90000116,ST17,CUST100481,PRD200768,1,5400.0,MTN Mobile Money,,2024-11-16 16:12:00
TXN90000117,ST05,CUST100384,PRD200759,3,8625.0,MTN Mobile Money,,2024-09-18 15:25:00
TXN90000118,ST06,CUST103828,PRD200888,2,3750.0,MTN MoMo,AUTH78350,2024-12-09 08:34:00
TXN90000119,ECOM01,CUST102269,PRD200732,3,2300.0,Cash,CASH-4592,2024-09-26 14:39:00
TXN90000120,ST16,CUST104876,PRD200473,1,15000.0,Airtel Money,CASH-2371,2024-09-29 15:25:00
TXN90000121,ST20,CUST100937,PRD200183,4,4500.0,Airtel Money,AUTH58461,2024-10-26 02:09:00
TXN90000122,ST19,CUST101251,PRD201040,1,19500.0,AirtelMoney,AUTH10272,2024-11-08 19:03:00
TXN90000123,ST14,CUST103311,PRD200388,1,3452.78,MTN MoMo,,2024-09-30 14:39:00
TXN90000124,ECOM01,CUST101501,PRD200193,-1,36000.0,Cash,AM410529623,2024-10-03 19:39:00
TXN90000125,ST20,CUST103829,PRD200684,3,6750.0,MTN Mobile Money,AUTH55900,2024-07-21 05:57:00
TXN90000126,ECOM01,CUST101628,PRD200750,5,3600.0,MTN MoMo,CASH-6950,30/11/2024 11:09
TXN90000127,ST06,CUST102810,PRD200205,2,6250.0,MTN MoMo,AUTH85107,2024-08-16 18:39:00
TXN90000128,ST11,CUST104473,PRD200720,2,3125.0,MTN MoMo,MP751896930,2024-09-09 18:36:00
TXN90000129,ST04,,PRD200484,2,4500.0,Cash,AUTH71291,2024-08-31 16:47:00
TXN90000130,ECOM01,CUST103272,PRD201004,2,3250.0,Cash,CASH-2644,2024-09-11 11:08:00
TXN90000131,ST20,CUST102508,PRD200954,1,"38,500",MTN Mobile Money,MP578597570,2024-09-03 10:20:00
TXN90000132,ECOM01,CUST104056,PRD200848,1,57500.0,MTN Mobile Money,,2024-11-29 14:30:00
TXN90000133,ST11,,PRD200458,2,40250.0,Cash,MP179414726,2024-08-25 17:58:00
TXN90000134,ST17,CUST104106,PRD200069,-1,9000.0,Cash,,2024-07-18 23:34:00
TXN90000135,ST10,CUST101859,PRD200182,5,1883.72,AirtelMoney,AUTH66414,2024-08-11 23:45:00
TXN90000136,ST01,CUST103117,PRD200931,2,9750.0,AirtelMoney,,2024-07-04 02:56:00
TXN90000137,ST21,,PRD200839,1,UGX65000,MTN Mobile Money,AM286385772,2024-07-26 12:00:00
TXN90000138,ST05,CUST103402,PRD200448,2,2750.0,MTN MoMo,CASH-8322,2024-12-18 15:09:00
TXN90000139,ST19,CUST104180,PRD200989,4,17250.0,MTN MoMo,MP950419892,22/11/2024 11:38
TXN90000140,ECOM01,,PRD200742,2,3000.0,MTN Mobile Money,AM607399590,2024-08-17 00:44:00
TXN90000141,ST08,,PRD200293,1,3450.0,Airtel Money,MP266329210,17/11/2024 16:32
TXN90000142,ST09,CUST101515,PRD200745,1,"UGX 90,000",momo,MP138096273,2024-07-25 05:32:00
TXN90000143,ST06,CUST101416,PRD200920,1,11250.0,Airtel Money,MP711348772,2024-11-22 04:21:00
TXN90000144,ST03,CUST100413,PRD200852,2,4500.0,Cash,AM464287970,2024-12-09 09:41:00
TXN90000145,ST22,,PRD201027,4,5850.0,MTN Mobile Money,AUTH94975,2024-11-01 23:07:00
TXN90000146,ST04,CUST101012,PRD200482,4,25000.0,Cash,AM503421683,2024-10-16 07:51:00
TXN90000147,ST21,CUST103586,PRD201040,3,19500.0,MTN Mobile Money,AM627689743,2024-12-10 15:04:00
TXN90000148,ST21,CUST102799,PRD201039,1,19500.0,MTN MoMo,AUTH14131,2024-09-25 20:09:00
TXN90000149,ST07,CUST100793,PRD200162,4,40250.0,AirtelMoney,MP957714587,03/08/2024 00:34
TXN90000150,ECOM01,CUST104245,PRD200655,1,2250.0,MTN MoMo,CASH-1187,2024-10-25 18:01:00
TXN90000151,ST21,CUST102615,PRD200981,2,6500.0,CASH,CASH-7957,2024-07-18 02:55:00
TXN90000152,ST23,CUST103273,PRD200842,1,"3,450",Cash,,2024-11-03 03:58:00
TXN90000153,ST06,CUST103289,PRD200301,3,1250.0,MTN MoMo,MP315839191,2024-12-02 22:01:00
TXN90000154,ST22,CUST104345,PRD200122,1,18000.0,Cash,CASH-4966,2024-12-04 04:32:00
TXN90000155,ST02,CUST104060,PRD200543,1,2750.0,Cash,CASH-4035,2024-07-05 17:57:00
TXN90000156,ST04,CUST102753,PRD200873,2,1300.0,Cash,AM599923617,2024-11-11 03:57:00
TXN90000157,ST12,CUST101974,PRD200767,3,937.5,MTN MoMo,AUTH10606,2024-08-28 16:52:00
TXN90000158,ST09,CUST100456,PRD200979,4,1200.0,Cash,MP442741933,2024-08-27 12:56:00
TXN90000159,ST08,CUST100297,PRD201132,1,2400.0,MTN Mobile Money,CASH-6177,2024-09-09 04:55:00
TXN90000160,ST17,CUST101114,PRD200018,2,2200.0,MTN MoMo,,2024-11-19 11:13:00
TXN90000161,ST03,,PRD201147,1,2300.0,Airtel Money,AUTH61939,2024-08-11 23:58:00
TXN90000162,ST21,CUST100824,PRD201078,2,12500.0,MTN MoMo,CASH-5388,2024-08-15 06:17:00
TXN90000163,ST05,,PRD200636,1,3600.0,MTN Mobile Money,MP558796458,21/12/2024 00:45
TXN90000164,ST08,,PRD200561,2,UGX5750,MTN MoMo,MP910157442,2024-08-27 14:32:00
TXN90000165,ECOM01,CUST101232,PRD200700,1,8100.0,Airtel Money,,2024-11-09 07:37:00
TXN90000166,ST15,CUST104812,PRD200576,2,1725.0,MTN Mobile Money,AM131193192,2024-07-07 08:20:00
TXN90000167,ST22,CUST100050,PRD200549,2,650.0,momo,MP341432787,2024-09-12 00:02:00
TXN90000168,ST22,CUST104687,PRD200918,4,1800.0,Airtel Money,AM962970697,31/10/2024 16:00
TXN90000169,ST23,CUST102872,PRD200816,4,9000.0,MTN MoMo,MP730816442,2024-08-08 22:27:00
TXN90000170,ST15,CUST102586,PRD200358,4,8100.0,Cash,,07/09/2024 18:37
TXN90000171,ST06,CUST104352,PRD200552,3,11000.0,momo,AUTH84142,2024-08-24 02:54:00
TXN90000172,ST09,CUST100272,PRD200064,2,23000.0,CASH,CASH-1856,2024-07-06 14:16:00
TXN90000173,ECOM01,CUST101888,PRD200980,1,625.0,Airtel Money,,2024-10-30 05:58:00
TXN90000174,ECOM01,CUST101084,PRD201136,3,2250.0,AirtelMoney,AUTH51539,2024-07-17 17:09:00
TXN90000175,ST18,CUST100372,PRD200742,3,3000.0,MTN Mobile Money,CASH-6165,2024-12-14 16:54:00
TXN90000176,ECOM01,CUST104839,PRD200961,3,UGX4500,MTN MoMo,MP649485574,2024-08-04 00:07:00
TXN90000177,ECOM01,CUST102698,PRD200680,3,7500.0,AirtelMoney,AM502420964,01/09/2024 15:42
TXN90000178,ST23,CUST100567,PRD200420,4,2250.0,CASH,CASH-3473,2024-10-29 16:13:00
TXN90000179,ST19,CUST104886,PRD200809,4,5850.0,MTN Mobile Money,AM263988076,2024-09-25 19:10:00
TXN90000180,ST11,CUST102931,PRD200695,1,2875.0,Airtel Money,AUTH93966,2024-07-13 02:30:00
TXN90000181,ST08,CUST101335,PRD201056,1,63000.0,Cash,AUTH44969,2024-08-20 17:42:00
TXN90000182,ST19,,PRD200269,1,60000.0,MTN Mobile Money,AM968588340,2024-07-19 02:30:00
TXN90000183,ST05,CUST101650,PRD200743,1,575.0,Airtel Money,AM944910688,2024-07-23 07:15:00
TXN90000184,ST17,CUST100167,PRD201111,3,650,MTN MoMo,AUTH34088,2024-07-26 11:40:00
TXN90000185,ST13,,PRD200005,-1,1200.0,Cash,MP694425592,2024-08-29 01:04:00
TXN90000186,ST03,CUST103290,PRD200707,1,8100.0,MTN Mobile Money,CASH-5640,2024-11-07 04:27:00
TXN90000187,ST07,CUST103821,PRD200218,1,650.0,MTN MoMo,AM923241746,2024-10-28 07:33:00
TXN90000188,ST22,CUST103810,PRD200191,-2,19500.0,Cash,CASH-7457,2024-10-18 04:10:00
TXN90000189,ST08,CUST101467,PRD200225,1,3600.0,AirtelMoney,CASH-3643,2024-10-17 03:10:00
TXN90000190,ST19,CUST104114,PRD200187,4,937.5,Cash,AM537694399,2024-07-29 01:35:00
TXN90000191,ECOM01,CUST102868,PRD200193,2,36000.0,momo,AM341617638,2024-09-07 05:19:00
TXN90000192,ST12,CUST101128,PRD200856,1,19500.0,MTN Mobile Money,,2024-08-14 01:25:00
TXN90000193,ST01,CUST100424,PRD200435,2,2300.0,momo,MP618977780,2024-10-22 19:24:00
TXN90000194,ST06,CUST100460,PRD200559,1,750.0,Cash,MP351785686,2024-10-24 10:00:00
TXN90000195,ST02,CUST100998,PRD200135,1,6500.0,Airtel Money,AUTH93650,2024-11-28 04:17:00
TXN90000196,ST22,CUST101819,PRD200544,1,18750.0,MTN Mobile Money,AUTH19429,16/09/2024 23:54
TXN90000197,ST08,CUST103290,PRD200009,1,5500.0,Cash,AUTH93817,2024-07-31 10:47:00
TXN90000198,ST22,CUST103123,PRD200519,2,3750.0,MTN Mobile Money,CASH-1505,2024-11-25 23:46:00
TXN90000199,ST06,CUST102259,PRD200466,1,8625.0,Cash,CASH-3256,2024-11-16 22:48:00
TXN90000200,ECOM01,,PRD200652,5,65000.0,Airtel Money,MP382249268,2024-07-16 17:32:00
TXN90000201,ST23,CUST104507,PRD201035,2,2250.0,MTN Mobile Money,CASH-4952,2024-09-05 00:21:00
TXN90000202,ECOM01,CUST103674,PRD200363,1,4500.0,AirtelMoney,CASH-9647,2024-09-07 11:59:00
TXN90000203,ST14,CUST102053,PRD200580,1,3300.0,Cash,MP475781835,2024-11-24 18:07:00
TXN90000204,ST23,CUST101003,PRD200499,1,600.0,CASH,,2024-09-19 13:53:00
TXN90000205,ECOM01,CUST103946,PRD200546,3,5175.0,MTN MoMo,CASH-3811,2024-09-07 19:57:00
TXN90000206,ST17,CUST104787,PRD200408,2,19500.0,MTN MoMo,CASH-5714,2024-08-25 19:30:00
TXN90000207,ST21,CUST103857,PRD200588,2,5500.0,momo,,18/10/2024 23:32
TXN90000208,ST07,CUST102733,PRD200567,4,75000.0,Airtel Money,,2024-09-05 19:31:00
TXN90000209,ST01,,PRD200205,1,6250.0,Cash,,2024-12-24 07:25:00
TXN90000210,ST14,CUST103908,PRD200729,1,38500.0,Airtel Money,AM936791014,2024-09-14 02:34:00
TXN90000211,ST15,CUST104216,PRD200423,3,3900.0,momo,MP629346199,2024-11-15 10:42:00
TXN90000212,ECOM01,CUST103855,PRD200274,4,11500.0,MTN Mobile Money,AM512686436,2024-08-15 10:14:00
TXN90000213,ST22,CUST102556,PRD201093,1,UGX11250,AirtelMoney,AM516383928,20/10/2024 02:49
TXN90000214,ST03,CUST102418,PRD200210,1,5500.0,MTN Mobile Money,CASH-7120,22/10/2024 00:23
TXN90000215,ST01,CUST100947,PRD200181,2,9750.0,Cash,MP195304487,2024-11-29 21:32:00
TXN90000216,ST15,CUST103006,PRD200671,5,550.0,MTN Mobile Money,MP180358968,2024-09-20 17:40:00
TXN90000217,ST10,CUST103258,PRD200236,3,22500.0,Airtel Money,,2024-12-02 14:26:00
TXN90000218,ST06,CUST101667,PRD201061,2,862.5,Cash,MP127682156,20/09/2024 10:27
TXN90000219,ST18,CUST100057,PRD200160,-1,2750.0,MTN MoMo,AUTH24358,11/10/2024 11:05
TXN90000220,ST23,CUST101078,PRD200121,1,3600.0,MTN MoMo,AUTH16997,2024-07-11 22:27:00
TXN90000221,ST13,CUST103672,PRD200046,2,367,Cash,CASH-4759,11/10/2024 21:57
TXN90000222,ST22,CUST103481,PRD200273,2,2700.0,Cash,MP565874287,2024-12-16 17:00:00
TXN90000223,ST21,CUST101495,PRD200540,2,11000.0,Cash,CASH-5979,2024-11-21 11:07:00
TXN90000224,ST05,CUST100618,PRD200848,5,57500.0,Cash,,2024-12-25 01:05:00
TXN90000225,ST13,CUST102082,PRD200613,3,36000.0,MTN Mobile Money,AUTH86190,2024-09-01 17:35:00
TXN90000226,ST03,CUST101432,PRD200838,4,11000.0,MTN MoMo,AM593861246,2024-11-07 20:46:00
TXN90000227,ST17,CUST103443,PRD200504,2,5400.0,MTN Mobile Money,,2024-12-15 03:54:00
TXN90000228,ST08,CUST100372,PRD200023,1,3600.0,CASH,CASH-4528,2024-11-20 16:04:00
TXN90000229,ST09,CUST102248,PRD200400,1,5625.0,momo,AM706567180,08/11/2024 14:03
TXN90000230,ST14,CUST100895,PRD200182,5,1883.72,Cash,CASH-1560,2024-10-01 16:47:00
TXN90000231,ST20,CUST101437,PRD200070,2,1100.0,MTN Mobile Money,CASH-9930,2024-08-01 03:19:00
TXN90000232,ST13,CUST104295,PRD200731,1,3125.0,MTN MoMo,,2024-12-24 15:46:00
TXN90000233,ST02,CUST101125,PRD200462,2,1125.0,MTN MoMo,MP827487791,20/12/2024 10:56
TXN90000234,ST06,CUST102630,PRD200317,2,45500.0,Airtel Money,AM641225152,2024-10-10 13:13:00
TXN90000235,ST03,CUST104063,PRD200442,1,3750.0,Cash,CASH-4850,2024-08-25 16:30:00
TXN90000236,ST04,CUST104181,PRD200783,3,57500.0,Airtel Money,MP862329507,2024-10-07 20:52:00
TXN90000237,ECOM01,CUST101930,PRD200202,3,42000.0,momo,AUTH35138,20/10/2024 08:38
TXN90000238,ST07,CUST100350,PRD200238,2,43750.0,MTN MoMo,CASH-4519,02/08/2024 12:49
TXN90000239,ST20,CUST102748,PRD200362,3,3450.0,Airtel Money,AM615799758,17/09/2024 11:39
TXN90000240,ECOM01,CUST100050,PRD200806,1,UGX62500,MTN Mobile Money,AUTH74131,2024-10-01 13:43:00
TXN90000241,ST13,CUST104002,PRD200622,1,75000.0,momo,AM424222168,28/09/2024 04:32
TXN90000242,ST23,CUST103492,PRD200203,-1,2300.0,AirtelMoney,CASH-1763,2024-09-10 23:57:00
TXN90000243,ST19,,PRD200708,1,2500.0,AirtelMoney,,2024-11-21 23:12:00
TXN90000244,ST03,CUST102095,PRD200040,3,52500.0,Card,MP635163737,2024-10-07 21:11:00
TXN90000245,ST17,CUST101592,PRD200099,2,7500.0,MTN Mobile Money,AUTH76990,2024-08-29 12:30:00
TXN90000246,ECOM01,CUST103204,PRD201127,2,1950.0,MTN MoMo,AM139255820,2024-07-18 03:02:00
TXN90000247,ECOM01,CUST103001,PRD200081,1,4500.0,CASH,AUTH17412,2024-07-14 21:34:00
TXN90000248,ST06,CUST103701,PRD200546,2,5175.0,MTN MoMo,MP544070118,2024-07-09 07:12:00
TXN90000249,ST19,CUST103009,PRD200873,2,1300.0,momo,AUTH24713,2024-11-27 04:40:00
TXN90000250,ST04,CUST100768,PRD201107,-2,18750.0,Card,AUTH38793,10/08/2024 19:39
TXN90000251,ST22,CUST103914,PRD200758,3,9000.0,Card,AM354757979,2024-08-04 15:06:00
TXN90000252,ST09,CUST104875,PRD200358,2,8100.0,MTN MoMo,CASH-6079,2024-08-20 13:37:00
TXN90000253,ST08,CUST103675,PRD200053,1,9000.0,MTN MoMo,CASH-5168,2024-10-10 16:17:00
TXN90000254,ST04,CUST104845,PRD200715,1,6000.0,Airtel Money,AUTH75763,2024-09-07 02:31:00
TXN90000255,ECOM01,CUST104677,PRD200100,3,1875.0,momo,AUTH29932,2024-08-05 19:19:00
TXN90000256,ECOM01,CUST100637,PRD200396,2,3000.0,Cash,AUTH68956,2024-11-25 03:31:00
TXN90000257,ECOM01,CUST102745,PRD201032,1,5750.0,MTN MoMo,MP104961068,2024-08-14 22:34:00
TXN90000258,ST04,CUST102048,PRD200722,3,65000.0,MTN Mobile Money,CASH-8881,2024-07-18 22:16:00
TXN90000259,ST23,CUST101590,PRD200253,1,9750.0,MTN Mobile Money,CASH-8402,2024-09-23 01:54:00
TXN90000260,ECOM01,,PRD200581,4,3750.0,Airtel Money,CASH-5110,2024-10-21 02:53:00
TXN90000261,ECOM01,CUST104937,PRD201149,1,12000.0,Cash,CASH-2453,2024-10-26 08:23:00
TXN90000262,ST06,CUST104544,PRD200914,3,UGX16500,MTN MoMo,AM903704797,2024-09-25 13:14:00
TXN90000263,ECOM01,CUST104302,PRD200978,2,40250.0,Cash,AUTH66187,10/07/2024 07:46
TXN90000264,ST06,CUST103203,PRD200065,1,36000.0,MTN Mobile Money,MP985263798,2024-11-20 02:01:00
TXN90000265,ST06,CUST100279,PRD200669,2,40250.0,MTN Mobile Money,,2024-09-17 19:46:00
TXN90000266,ST20,CUST103081,PRD201122,-1,6750.0,momo,AUTH98873,2024-07-10 04:32:00
TXN90000267,ST09,CUST103639,PRD200983,3,1725.0,MTN MoMo,CASH-1020,2024-09-27 10:04:00
TXN90000268,ST14,CUST104714,PRD200903,2,90000.0,AirtelMoney,AM334816058,2024-07-26 18:39:00
TXN90000269,ST21,CUST104377,PRD200910,1,3750.0,MTN Mobile Money,MP124641709,2024-12-03 22:57:00
TXN90000270,ST02,CUST102903,PRD200027,2,2250.0,AirtelMoney,AUTH59246,2024-07-05 19:02:00
TXN90000271,ECOM01,CUST104980,PRD200901,1,18000.0,Cash,AM999784801,2024-12-02 15:19:00
TXN90000272,ST02,CUST103036,PRD200210,3,5500.0,MTN MoMo,CASH-8988,2024-10-16 09:07:00
TXN90000273,ST14,CUST103799,PRD200282,2,5175.0,MTN MoMo,MP600112440,2024-10-11 20:43:00
TXN90000274,ST08,CUST100497,PRD200474,2,UGX2200,momo,AM601264563,12/10/2024 20:05
TXN90000275,ECOM01,CUST103503,PRD200477,2,UGX3000,Airtel Money,CASH-5552,2024-11-23 21:03:00
TXN90000276,ST08,CUST104968,PRD200567,5,"UGX 75,000",AirtelMoney,AUTH53701,2024-11-11 14:44:00
TXN90000277,ST04,CUST104097,PRD200117,5,3600.0,Airtel Money,MP966953846,2024-12-11 05:22:00
TXN90000278,ST06,CUST103773,PRD200494,1,25000.0,AirtelMoney,CASH-6788,2024-08-04 21:46:00
TXN90000279,ST01,CUST104216,PRD200468,1,15000.0,Airtel Money,AUTH17165,2024-07-05 00:26:00
TXN90000280,ST16,CUST101995,PRD200065,2,36000.0,Card,,2024-12-17 14:24:00
TXN90000281,ST14,CUST104949,PRD200785,4,862.5,Airtel Money,AM656387428,2024-12-01 13:44:00
TXN90000282,ST03,CUST100372,PRD200767,4,937.5,AirtelMoney,MP404617438,2024-10-12 10:17:00
TXN90000283,ST02,CUST102565,PRD200497,1,600.0,MTN Mobile Money,MP347674384,2024-09-05 03:03:00
TXN90000284,ST04,CUST100468,PRD200849,1,"UGX 1,500",MTN MoMo,MP480335325,2024-10-14 12:54:00
TXN90000285,ST15,CUST101896,PRD200912,1,12000.0,AirtelMoney,CASH-9809,2024-11-07 03:03:00
TXN90000286,ST15,CUST101528,PRD200997,1,17250.0,momo,MP820511623,2024-08-11 00:41:00
TXN90000287,ECOM01,CUST102510,PRD200652,-1,65000.0,MTN MoMo,AM743830775,2024-10-11 03:47:00
TXN90000288,ST02,CUST100734,PRD200342,2,6750.0,AirtelMoney,AM954194333,2024-11-01 06:06:00
TXN90000289,ST09,CUST100380,PRD200322,2,9000.0,MTN Mobile Money,CASH-1264,2024-08-27 01:21:00
TXN90000290,ST05,,PRD200912,1,12000.0,Airtel Money,AUTH45954,2024-09-26 19:00:00
TXN90000291,ST22,CUST103072,PRD200258,1,18000.0,MTN MoMo,AM442277709,2024-12-23 00:11:00
TXN90000292,ST11,CUST104916,PRD200480,1,13000.0,MTN MoMo,MP499098866,2024-10-14 08:06:00
TXN90000293,ST03,CUST101635,PRD200784,2,4950.0,MTN MoMo,MP947069781,2024-12-16 13:24:00
TXN90000294,ST06,CUST101904,PRD201100,1,65000.0,MTN MoMo,AUTH48608,13/08/2024 02:36
TXN90000295,ST23,CUST103068,PRD200194,3,25000.0,MTN MoMo,,2024-10-05 16:26:00
TXN90000296,ST21,CUST104486,PRD200316,2,1800.0,MTN Mobile Money,AUTH77621,2024-11-20 06:53:00
TXN90000297,ST11,CUST101034,PRD200508,1,4500.0,Cash,MP465136706,2024-09-22 05:08:00
TXN90000298,ST02,CUST100584,PRD200963,3,1200.0,MTN Mobile Money,,2024-08-28 23:35:00
TXN90000299,ST08,CUST101991,PRD201098,2,75000.0,Cash,AM143340400,2024-12-06 05:53:00
TXN90000300,ECOM01,CUST101644,PRD200811,3,1350.0,MTN MoMo,CASH-6495,2024-11-09 22:17:00
TXN90000301,ST05,CUST104133,PRD200137,5,900.0,MTN Mobile Money,MP890967713,2024-09-18 09:49:00
TXN90000302,ST09,CUST100772,PRD200476,2,11500.0,MTN MoMo,MP783232910,2024-07-13 04:53:00
TXN90000303,ECOM01,CUST101314,PRD200255,1,24000.0,Cash,MP577520595,2024-10-31 14:59:00
TXN90000304,ST08,,PRD200457,2,5175.0,MTN MoMo,AUTH40705,04/12/2024 04:33
TXN90000305,ST16,CUST103442,PRD200059,1,40250.0,Cash,MP213984436,2024-12-24 15:34:00
TXN90000306,ST16,CUST104485,PRD200929,1,1650.0,MTN MoMo,MP703767072,2024-11-18 03:56:00
TXN90000307,ECOM01,CUST101295,PRD200512,1,4500.0,AirtelMoney,AM370069133,2024-08-27 01:02:00
TXN90000308,ST14,CUST103960,PRD200847,1,11000.0,CASH,MP986700712,21/10/2024 04:32
TXN90000309,ST12,CUST104297,PRD200669,2,40250.0,MTN Mobile Money,AUTH12968,2024-08-02 01:53:00
TXN90000310,ECOM01,CUST104817,PRD200402,2,6750.0,Cash,AM895976140,2024-11-10 01:54:00
TXN90000311,ST10,CUST103166,PRD200738,2,63000.0,Cash,MP577507327,2024-07-01 15:49:00
TXN90000312,ST21,CUST100142,PRD200290,-2,12000.0,MTN Mobile Money,AUTH26718,2024-08-02 11:19:00
TXN90000313,ECOM01,,PRD200137,1,900.0,MTN MoMo,MP217153303,2024-08-22 08:20:00
TXN90000314,ST13,CUST104320,PRD200086,4,900.0,MTN MoMo,AUTH94578,2024-10-12 00:18:00
TXN90000315,ST22,CUST100253,PRD201099,2,2750.0,CASH,CASH-5038,2024-11-13 10:17:00
TXN90000316,ST15,CUST100641,PRD200161,1,4500.0,Airtel Money,AUTH25973,2024-12-02 00:03:00
TXN90000317,ST04,CUST101693,PRD200546,3,5175.0,MTN Mobile Money,,2024-07-05 21:10:00
TXN90000318,ST05,CUST104224,PRD200081,1,4500.0,MTN MoMo,CASH-2998,24/07/2024 12:34
TXN90000319,ST18,CUST102036,PRD200339,1,682.36,CASH,MP247752951,2024-12-08 02:32:00
TXN90000320,ST15,CUST100627,PRD200609,3,900.0,MTN MoMo,CASH-2462,2024-10-04 05:43:00
TXN90000321,ST12,CUST104881,PRD201103,2,1150.0,Cash,,2024-11-17 22:06:00
TXN90000322,ST08,CUST104622,PRD200277,4,22000.0,MTN MoMo,AUTH16335,29/09/2024 20:56
TXN90000323,ECOM01,CUST101852,PRD200242,2,52500.0,Cash,MP952055191,2024-12-17 11:49:00
TXN90000324,ST08,CUST100293,PRD200676,2,16500.0,Cash,,2024-08-01 08:52:00
TXN90000325,ST05,CUST103206,PRD200401,3,5625.0,AirtelMoney,CASH-1534,2024-07-12 00:20:00
TXN90000326,ST07,CUST100646,PRD200815,1,45500.0,AirtelMoney,,2024-08-05 18:30:00
TXN90000327,ST09,CUST104004,PRD201022,2,"19,500",Card,AUTH14596,2024-07-24 15:06:00
TXN90000328,ST09,CUST101120,PRD200525,2,6250.0,MTN Mobile Money,MP631839843,2024-11-24 08:25:00
TXN90000329,ST09,CUST103506,PRD200483,4,4500.0,MTN Mobile Money,AUTH92038,2024-12-03 02:37:00
TXN90000330,ECOM01,CUST103798,PRD200184,1,"UGX 3,600",MTN Mobile Money,AUTH70601,2024-11-08 02:08:00
TXN90000331,ST11,CUST100359,PRD200978,1,40250.0,MTN MoMo,CASH-1699,2024-10-12 09:39:00
TXN90000332,ECOM01,CUST103054,PRD200319,1,2400.0,AirtelMoney,AUTH97552,2024-10-23 12:06:00
TXN90000333,ST19,CUST102864,PRD201000,2,2200.0,Card,CASH-9573,2024-07-20 04:23:00
TXN90000334,ST08,,PRD200085,1,3750.0,Cash,MP783759339,2024-08-16 10:32:00
TXN90000335,ST15,CUST100243,PRD201015,3,62500.0,Cash,AUTH22980,30/10/2024 11:00
TXN90000336,ST19,CUST101301,PRD200830,3,36000.0,AirtelMoney,AM503376328,2024-09-18 00:42:00
TXN90000337,ST04,CUST102731,PRD200773,2,2500.0,momo,AUTH36975,2024-07-22 15:50:00
TXN90000338,ST20,CUST102281,PRD200360,1,"UGX 52,500",AirtelMoney,CASH-9728,03/09/2024 23:57
TXN90000339,ST18,CUST104265,PRD200775,3,1950.0,MTN MoMo,CASH-8256,2024-11-27 19:07:00
TXN90000340,ECOM01,CUST101068,PRD200921,2,3750.0,Cash,CASH-7087,2024-08-09 11:20:00
TXN90000341,ST19,CUST101717,PRD200109,2,975.0,MTN MoMo,CASH-3632,05/11/2024 06:08
TXN90000342,ST06,CUST104686,PRD200990,3,52500.0,Cash,MP723644994,2024-08-30 08:23:00
TXN90000343,ST22,CUST104788,PRD200382,1,2600.0,momo,MP661200351,2024-10-27 17:51:00
TXN90000344,ST16,CUST102869,PRD201086,1,5625.0,Airtel Money,,2024-08-15 22:50:00
TXN90000345,ST12,CUST103809,PRD200366,2,5400.0,CASH,MP709632672,16/07/2024 00:21
TXN90000346,ST03,CUST102288,PRD200323,1,4950.0,MTN Mobile Money,AM573322546,2024-11-20 22:59:00
TXN90000347,ST15,CUST102845,PRD200527,-1,575.0,AirtelMoney,MP920390564,2024-11-20 11:36:00
TXN90000348,ST10,CUST103914,PRD200826,3,18000.0,Airtel Money,CASH-9353,2024-09-11 08:42:00
TXN90000349,ST06,CUST104665,PRD200787,2,UGX3250,Cash,,2024-11-07 23:53:00
TXN90000350,ECOM01,CUST102841,PRD200204,4,40250.0,Airtel Money,AM990672902,27/12/2024 04:28
TXN90000351,ST12,,PRD200730,2,6750.0,MTN MoMo,AUTH97210,2024-08-11 11:27:00
TXN90000352,ST14,CUST101919,PRD200051,2,42000.0,MTN MoMo,MP511685982,11/08/2024 00:24
TXN90000353,ST11,CUST103258,PRD200810,2,13500.0,momo,AM678565505,2024-10-27 13:22:00
TXN90000354,ECOM01,CUST100818,PRD201052,1,16500.0,Airtel Money,CASH-2407,2024-09-16 18:44:00
TXN90000355,ST23,CUST104861,PRD200053,1,9000.0,Airtel Money,AUTH50686,2024-12-17 12:53:00
TXN90000356,ST19,CUST101757,PRD200864,2,2875.0,MTN Mobile Money,AUTH52337,16/10/2024 17:52
TXN90000357,ST01,CUST100506,PRD200269,1,60000.0,Cash,CASH-3480,2024-10-17 03:53:00
TXN90000358,ST13,CUST104476,PRD201145,2,16500.0,Cash,MP847947924,2024-07-23 04:07:00
TXN90000359,ST22,CUST104136,PRD200143,1,"47,254",MTN MoMo,,2024-10-15 21:27:00
TXN90000360,ECOM01,CUST104812,PRD200920,3,11250.0,CASH,MP601285938,2024-08-15 18:36:00
TXN90000361,ST07,CUST103110,PRD200601,3,"UGX 18,750",Cash,MP765220828,2024-11-07 10:12:00
TXN90000362,ST11,CUST103361,PRD200159,3,1150.0,momo,AM735067670,2024-12-12 23:36:00
TXN90000363,ST05,CUST104071,PRD200339,1,682,MTN MoMo,CASH-2863,2024-12-08 08:55:00
TXN90000364,ST18,CUST100554,PRD201147,2,2300.0,CASH,AM951726013,2024-07-02 05:00:00
TXN90000365,ST02,CUST104791,PRD200889,1,9000.0,MTN Mobile Money,AM293455849,2024-09-30 03:44:00
TXN90000366,ST08,CUST104015,PRD200812,1,1800.0,AirtelMoney,AM222079871,17/10/2024 16:31
TXN90000367,ECOM01,CUST104615,PRD200975,2,36000.0,MTN MoMo,MP942830914,2024-11-16 02:33:00
TXN90000368,ECOM01,CUST104759,PRD200756,1,900.0,Cash,AUTH94245,2024-08-07 11:36:00
TXN90000369,ECOM01,CUST104646,PRD200453,1,9750.0,Airtel Money,MP264422504,2024-09-19 00:24:00
TXN90000370,ST01,CUST101504,PRD200362,-1,3450.0,MTN MoMo,CASH-3210,2024-09-30 06:15:00
TXN90000371,ST12,,PRD200898,3,11500.0,Card,CASH-8544,2024-09-16 22:57:00
TXN90000372,ST13,CUST102151,PRD200163,2,7500.0,Airtel Money,AUTH43652,25/10/2024 03:06
TXN90000373,ST01,CUST101466,PRD200038,2,4500.0,AirtelMoney,AM328604417,2024-11-17 16:35:00
TXN90000374,ST03,CUST104327,PRD201002,1,11250.0,MTN MoMo,,06/12/2024 17:14
TXN90000375,ST08,CUST101840,PRD200303,1,43750.0,Cash,CASH-9233,2024-12-20 17:05:00
TXN90000376,ST12,,PRD200590,1,30000.0,AirtelMoney,MP919348932,2024-12-13 22:35:00
TXN90000377,ECOM01,CUST102777,PRD200622,4,75000.0,AirtelMoney,CASH-4809,2024-10-22 19:26:00
TXN90000378,ECOM01,CUST101821,PRD200897,2,11250.0,momo,,2024-09-06 01:25:00
TXN90000379,ST08,CUST100074,PRD200913,2,43750.0,CASH,,2024-08-05 15:44:00
TXN90000380,ECOM01,CUST101470,PRD200074,4,6000.0,Airtel Money,AUTH69429,2024-09-26 06:56:00
TXN90000381,ST11,CUST104933,PRD200941,1,36000.0,Cash,AM996427140,2024-07-20 23:42:00
TXN90000382,ST13,CUST103707,PRD201044,2,27000.0,Cash,CASH-7571,2024-08-19 17:47:00
TXN90000383,ST22,,PRD200188,-2,38500.0,CASH,AUTH38837,2024-09-04 20:57:00
TXN90000384,ST01,CUST100875,PRD200405,2,45500.0,momo,AM404233444,2024-08-31 10:16:00
TXN90000385,ST18,CUST103112,PRD201162,-2,18000.0,AirtelMoney,,2024-12-21 14:27:00
TXN90000386,ST05,CUST102872,PRD200102,1,1200.0,Airtel Money,AUTH43575,2024-12-13 13:38:00
TXN90000387,ECOM01,CUST104290,PRD200578,2,UGX 938,momo,CASH-3938,2024-07-08 09:44:00
TXN90000388,ST18,CUST100427,PRD200832,1,3900.0,momo,MP760193501,2024-10-12 20:10:00
TXN90000389,ST01,CUST104671,PRD200128,3,5400.0,MTN MoMo,AUTH40043,2024-07-23 05:13:00
TXN90000390,ST03,CUST104680,PRD200644,1,3000.0,MTN MoMo,AM772404113,02/08/2024 08:56
TXN90000391,ST22,CUST104534,PRD200796,1,2750.0,momo,AM215171389,17/09/2024 20:53
TXN90000392,ST14,CUST101693,PRD200101,1,3750.0,Airtel Money,CASH-9296,2024-10-16 09:54:00
TXN90000393,ST10,,PRD201072,1,27000.0,MTN MoMo,,2024-09-07 01:35:00
TXN90000394,ST21,CUST104130,PRD200175,1,18000.0,momo,MP359897065,2024-07-18 10:50:00
TXN90000395,ECOM01,CUST100322,PRD200159,1,1150.0,MTN MoMo,CASH-4834,2024-11-06 08:27:00
TXN90000396,ST02,CUST101883,PRD200801,4,9000.0,AirtelMoney,CASH-4026,2024-07-31 01:11:00
TXN90000397,ST16,CUST103784,PRD201039,1,19500.0,Cash,MP108267748,2024-10-18 06:50:00
TXN90000398,ST05,CUST104074,PRD200968,1,6250.0,Cash,AM687645238,2024-07-21 10:02:00
TXN90000399,ST05,CUST101367,PRD200081,1,4500.0,Cash,MP520994913,2024-07-05 08:36:00
TXN90000400,ST06,CUST103104,PRD200424,1,9375.0,momo,AUTH10837,2024-11-28 01:46:00
TXN90000401,ST19,,PRD200323,1,4950.0,MTN MoMo,,2024-11-06 08:36:00
TXN90000402,ST08,CUST104326,PRD200957,2,4950.0,momo,AM757762272,2024-10-12 18:45:00
TXN90000403,ST06,CUST102887,PRD200324,1,"UGX 27,000",Airtel Money,AUTH22784,2024-08-28 16:07:00
TXN90000404,ECOM01,CUST102259,PRD200023,2,3600.0,Airtel Money,CASH-2976,2024-10-02 22:34:00
TXN90000405,ECOM01,CUST102225,PRD200667,2,36000.0,Cash,,2024-07-18 16:45:00
TXN90000406,ST16,CUST101787,PRD200278,1,1350.0,MTN Mobile Money,CASH-4869,2024-10-25 06:00:00
TXN90000407,ST02,CUST104376,PRD201117,1,937.5,CASH,CASH-3011,2024-11-28 18:40:00
TXN90000408,ST17,CUST102162,PRD200102,1,1200.0,AirtelMoney,MP330368113,2024-10-08 06:46:00
TXN90000409,ST14,CUST101660,PRD200053,3,9000.0,Airtel Money,CASH-4209,2024-08-03 20:07:00
TXN90000410,ST21,,PRD200836,1,7500.0,Cash,AUTH74636,2024-09-08 02:07:00
TXN90000411,ECOM01,,PRD200700,1,"8,100",momo,MP659441526,2024-07-06 15:52:00
TXN90000412,ST05,CUST100329,PRD201078,1,12500.0,MTN MoMo,AM299771772,2024-12-01 00:31:00
TXN90000413,ST18,CUST101534,PRD200708,1,2500.0,MTN MoMo,AM386790877,2024-09-04 13:32:00
TXN90000414,ST03,,PRD200988,2,1800.0,MTN Mobile Money,,11/10/2024 05:24
TXN90000415,ECOM01,CUST101380,PRD200801,1,9000.0,Cash,,2024-11-29 23:51:00
TXN90000416,ST08,CUST104255,PRD200997,2,17250.0,Airtel Money,MP119045563,02/08/2024 07:08
TXN90000417,ST22,CUST101107,PRD200764,2,1725.0,momo,MP433099103,2024-07-19 20:15:00
TXN90000418,ST13,CUST100961,PRD200772,1,13000.0,Cash,AM507219024,2024-07-18 08:11:00
TXN90000419,ST23,CUST104652,PRD200277,2,22000.0,MTN MoMo,AUTH49187,2024-07-16 21:44:00
TXN90000420,ST04,CUST101678,PRD201160,2,3750.0,AirtelMoney,CASH-5554,2024-07-08 17:34:00
TXN90000421,ST20,CUST104496,PRD200983,1,1725.0,MTN Mobile Money,CASH-3542,2024-09-27 00:31:00
TXN90000422,ST15,CUST104180,PRD200556,1,63000.0,CASH,AM228707475,2024-10-24 14:34:00
TXN90000423,ECOM01,CUST100018,PRD200984,1,4950.0,Airtel Money,AM853046637,2024-09-10 21:18:00
TXN90000424,ECOM01,CUST104586,PRD201084,2,25000.0,AirtelMoney,MP219412200,2024-10-29 04:31:00
TXN90000425,ECOM01,CUST102733,PRD200897,3,11250.0,Cash,AUTH77509,2024-09-28 03:19:00
TXN90000426,ST16,CUST104267,PRD200784,3,4950.0,CASH,MP567599213,2024-11-28 20:11:00
TXN90000427,ST05,,PRD200252,1,938,MTN MoMo,AM317984820,08/08/2024 05:36
TXN90000428,ST16,CUST100730,PRD200005,1,1200.0,momo,AUTH94250,2024-11-17 02:28:00
TXN90000429,ST06,CUST103824,PRD200602,3,6000.0,MTN Mobile Money,MP760255261,2024-12-24 11:38:00
TXN90000430,ST15,CUST100502,PRD200655,1,2250.0,Airtel Money,AUTH25990,2024-11-29 00:23:00
TXN90000431,ST01,CUST102484,PRD200993,-1,1500.0,momo,AM847449697,2024-11-14 01:52:00
TXN90000432,ST16,CUST100541,PRD201145,2,16500.0,AirtelMoney,CASH-5697,2024-11-28 03:32:00
TXN90000433,ST13,CUST103132,PRD200392,2,7500.0,Cash,AUTH46103,2024-11-14 17:03:00
TXN90000434,ST10,,PRD200800,1,3600.0,momo,,2024-12-20 15:15:00
TXN90000435,ST08,CUST102648,PRD200461,1,9000.0,MTN MoMo,CASH-2867,2024-12-09 01:56:00
TXN90000436,ST04,CUST101193,PRD200153,2,900.0,AirtelMoney,MP410564606,2024-09-10 02:49:00
TXN90000437,ST01,CUST101677,PRD200668,1,"UGX 2,070",Card,,19/11/2024 14:46
TXN90000438,ST03,,PRD200564,3,15000.0,MTN MoMo,,2024-11-06 03:07:00
TXN90000439,ST19,CUST104668,PRD200925,3,62500.0,Airtel Money,AM106100750,08/12/2024 02:56
TXN90000440,ECOM01,CUST103264,PRD200462,2,1125.0,MTN MoMo,AM243800040,2024-10-03 18:30:00
TXN90000441,ST01,CUST100660,PRD200306,2,8250.0,momo,AUTH20552,2024-11-10 04:15:00
TXN90000442,ST11,CUST103192,PRD201149,1,12000.0,Airtel Money,AM834722071,2024-07-06 05:04:00
TXN90000443,ST20,CUST103681,PRD200304,2,1950.0,Cash,,11/11/2024 00:38
TXN90000444,ST12,CUST104869,PRD201129,1,18000.0,AirtelMoney,CASH-4597,16/11/2024 21:36
TXN90000445,ST18,CUST100986,PRD200256,1,975.0,Airtel Money,MP176443100,2024-08-28 04:52:00
TXN90000446,ECOM01,CUST101473,PRD200661,2,18750.0,MTN Mobile Money,,2024-10-01 03:01:00
TXN90000447,ST08,CUST104438,PRD200639,1,19500.0,momo,AUTH83089,2024-09-24 05:08:00
TXN90000448,ST09,CUST102684,PRD201112,1,UGX 575,MTN MoMo,CASH-3067,2024-10-13 10:12:00
TXN90000449,ECOM01,,PRD200417,2,600.0,MTN MoMo,AUTH38452,30/11/2024 10:15
TXN90000450,ST08,CUST102343,PRD200690,1,5750.0,MTN Mobile Money,AM710878127,24/11/2024 18:05
TXN90000451,ST16,CUST100810,PRD200031,-2,1300.0,momo,CASH-9398,2024-09-08 17:51:00
TXN90000452,ST05,CUST103222,PRD200650,1,90000.0,Cash,AM271556828,2024-08-26 18:05:00
TXN90000453,ST01,CUST103912,PRD200890,2,2600.0,MTN MoMo,CASH-1027,2024-08-04 07:18:00
TXN90000454,ST20,CUST102218,PRD201069,2,8100.0,Cash,AM661586933,2024-08-06 19:17:00
TXN90000455,ST20,CUST103428,PRD200584,1,5175.0,Cash,AM142490943,04/11/2024 11:19
TXN90000456,ST16,CUST100477,PRD200061,2,18750.0,MTN MoMo,MP742714468,20/07/2024 03:18
TXN90000457,ST02,,PRD200889,2,9000.0,CASH,MP290300288,2024-11-03 14:58:00
TXN90000458,ST14,CUST101325,PRD200154,3,900,Cash,CASH-2987,2024-10-23 21:39:00
TXN90000459,ST09,CUST104796,PRD200847,-1,11000.0,MTN MoMo,MP868359225,2024-09-25 15:45:00
TXN90000460,ST16,CUST101003,PRD200740,2,65000.0,MTN MoMo,AM819425024,2024-07-19 23:53:00
TXN90000461,ST20,CUST102669,PRD200983,2,1725.0,MTN Mobile Money,CASH-4657,2024-08-14 11:55:00
TXN90000462,ECOM01,CUST101869,PRD200498,1,625.0,MTN MoMo,MP987002716,02/12/2024 04:25
TXN90000463,ST05,CUST104323,PRD201010,1,18750.0,Cash,MP964165226,2024-11-04 19:23:00
TXN90000464,ST17,CUST101076,PRD200468,2,15000.0,Cash,,2024-07-25 05:11:00
TXN90000465,ST05,CUST104284,PRD200211,4,1875.0,CASH,CASH-3055,2024-07-28 05:25:00
TXN90000466,ECOM01,CUST104934,PRD200874,1,6000.0,Airtel Money,AUTH21349,2024-09-07 20:49:00
TXN90000467,ST05,CUST103374,PRD200987,2,30000.0,CASH,AM706349525,2024-08-15 05:57:00
TXN90000468,ECOM01,CUST103634,PRD200978,3,40250.0,Cash,CASH-4414,2024-11-17 23:10:00
TXN90000469,ST06,CUST100979,PRD200873,4,1300.0,MTN MoMo,AUTH18782,16/08/2024 17:53
TXN90000470,ST14,CUST103243,PRD200266,-1,2500.0,Airtel Money,AUTH59944,2024-11-11 07:43:00
TXN90000471,ST17,CUST102654,PRD200890,1,2600.0,Cash,,2024-10-02 07:52:00
TXN90000472,ST01,CUST102944,PRD200858,1,2300.0,MTN MoMo,,2024-11-16 20:19:00
TXN90000473,ST16,CUST101773,PRD200688,1,36000.0,MTN Mobile Money,MP858908163,2024-11-16 15:18:00
TXN90000474,ST01,CUST102287,PRD200894,1,3125.0,Cash,AUTH26655,2024-07-31 19:57:00
TXN90000475,ST08,CUST100850,PRD200136,-1,UGX90000,MTN MoMo,CASH-1791,2024-08-10 00:47:00
TXN90000476,ST01,CUST102803,PRD200594,2,22000.0,Airtel Money,AM333352676,2024-09-14 02:58:00
TXN90000477,ST03,CUST102753,PRD200094,4,43750.0,Card,MP669828776,2024-12-24 01:54:00
TXN90000478,ST19,,PRD200264,2,1800.0,Card,CASH-1681,2024-10-21 06:14:00
TXN90000479,ST06,CUST104806,PRD200275,1,8625.0,Airtel Money,CASH-6006,19/12/2024 23:26
TXN90000480,ST22,CUST104110,PRD200736,3,18000.0,CASH,AM335430058,2024-09-28 06:49:00
TXN90000481,ECOM01,CUST103758,PRD200720,2,3125.0,MTN MoMo,,2024-10-05 15:04:00
TXN90000482,ECOM01,CUST103658,PRD200046,-1,367.06,MTN MoMo,AM528704872,2024-07-08 11:03:00
TXN90000483,ST22,CUST104519,PRD201006,4,5750.0,MTN MoMo,MP588845275,2024-10-19 11:15:00
TXN90000484,ST23,CUST100072,PRD200253,3,9750.0,MTN MoMo,AM607419912,2024-11-24 09:14:00
TXN90000485,ST21,CUST101659,PRD200885,3,3600.0,MTN MoMo,CASH-6908,08/12/2024 01:45
TXN90000486,ST03,CUST101095,PRD200591,1,12500.0,MTN Mobile Money,MP207564529,2024-11-17 05:17:00
TXN90000487,ST08,CUST100241,PRD200606,4,43750.0,Card,AM248233353,03/11/2024 09:25
TXN90000488,ST13,CUST103228,PRD200099,2,UGX7500,Cash,,2024-12-06 13:10:00
TXN90000489,ST05,,PRD200365,1,23000.0,MTN MoMo,CASH-8132,2024-08-26 06:47:00
TXN90000490,ST05,CUST102536,PRD200229,1,16500.0,AirtelMoney,CASH-2779,2024-11-26 23:57:00
TXN90000491,ST18,CUST102694,PRD200505,1,1125.0,MTN Mobile Money,AM951812765,2024-11-29 19:14:00
TXN90000492,ST19,,PRD200595,3,1300.0,Airtel Money,AUTH25423,2024-10-16 21:52:00
TXN90000493,ST16,CUST103107,PRD200593,2,550.0,Cash,AM908985967,2024-08-26 18:20:00
TXN90000494,ST15,CUST102209,PRD200166,1,11000.0,Cash,CASH-3768,2024-12-23 21:29:00
TXN90000495,ST13,CUST101401,PRD200082,2,9000.0,Cash,MP254425978,2024-08-06 00:41:00
TXN90000496,ST02,CUST101292,PRD200431,3,2200.0,AirtelMoney,AM968193305,2024-11-12 03:47:00
TXN90000497,ST20,CUST104294,PRD200307,5,"65,000",CASH,AUTH41714,01/10/2024 23:21
TXN90000498,ST05,CUST103436,PRD200233,3,937.5,Airtel Money,AM332828585,2024-07-23 14:25:00
TXN90000499,ST12,CUST100399,PRD200829,2,63000.0,Cash,CASH-1692,2024-10-31 17:44:00
TXN90000500,ST14,CUST101704,PRD200399,3,900.0,MTN MoMo,AUTH64112,2024-07-12 20:07:00
TXN90000501,ST12,CUST101324,PRD200644,1,3000.0,Airtel Money,AUTH18068,2024-08-12 18:09:00
TXN90000502,ST19,CUST103430,PRD200892,4,26000.0,MTN MoMo,AUTH31832,2024-11-22 15:05:00
TXN90000503,ST17,CUST103993,PRD201089,4,1250.0,Airtel Money,CASH-7323,2024-07-01 03:35:00
TXN90000504,ST22,CUST100372,PRD200735,1,15000.0,MTN Mobile Money,AUTH76831,2024-11-21 17:53:00
TXN90000505,ST23,CUST103329,PRD201099,2,2750.0,MTN MoMo,AM483417948,2024-09-28 11:17:00
TXN90000506,ST19,CUST100585,PRD200544,1,18750.0,Airtel Money,CASH-9013,2024-12-22 20:13:00
TXN90000507,ST01,CUST102838,PRD200253,1,9750.0,MTN MoMo,CASH-4207,2024-11-02 10:07:00
TXN90000508,ECOM01,CUST104472,PRD201101,1,8625.0,CASH,AM512977890,05/09/2024 16:17
TXN90000509,ST10,CUST101975,PRD200380,2,4500.0,momo,CASH-1905,2024-09-11 07:41:00
TXN90000510,ECOM01,CUST104315,PRD200584,2,5175.0,CASH,AUTH47216,2024-11-13 19:24:00
TXN90000511,ST03,CUST101085,PRD200138,1,4500.0,MTN Mobile Money,AM687235736,14/07/2024 06:51
TXN90000512,ST11,,PRD200439,2,17250.0,AirtelMoney,AM282436551,2024-08-20 20:23:00
TXN90000513,ECOM01,CUST102960,PRD200174,3,1500.0,MTN Mobile Money,CASH-8235,2024-08-27 14:14:00
TXN90000514,ST01,CUST102126,PRD200770,1,2700.0,MTN MoMo,CASH-4858,2024-11-05 08:23:00
TXN90000515,ST14,CUST102705,PRD200764,2,1725.0,Card,AM649214113,15/12/2024 11:52
TXN90000516,ST07,CUST102607,PRD201144,2,2700.0,MTN MoMo,AM261048983,2024-10-09 20:25:00
TXN90000517,ST23,CUST101158,PRD200820,-1,8100.0,MTN MoMo,AM524759060,2024-11-17 02:51:00
TXN90000518,ST18,CUST104672,PRD200989,2,17250.0,MTN MoMo,AM451257431,2024-09-21 22:31:00
TXN90000519,ST06,CUST104303,PRD201160,2,3750.0,MTN MoMo,MP993657602,2024-07-28 01:09:00
TXN90000520,ECOM01,CUST102020,PRD200221,-1,7500.0,momo,CASH-6301,2024-08-22 12:38:00
TXN90000521,ST09,CUST104204,PRD200572,1,3750.0,Airtel Money,,2024-08-03 07:39:00
TXN90000522,ST18,CUST100629,PRD200711,1,3300.0,Airtel Money,,05/12/2024 11:04
TXN90000523,ST06,CUST102039,PRD200800,3,UGX3600,CASH,AM649216685,2024-07-31 03:06:00
TXN90000524,ST22,CUST102631,PRD200374,2,19500.0,Cash,AM685136005,2024-08-22 16:48:00
TXN90000525,ST08,CUST104425,PRD200360,2,52500.0,Cash,,2024-09-02 15:32:00
TXN90000526,ECOM01,CUST103645,PRD200092,2,1500.0,MTN Mobile Money,CASH-5199,2024-08-21 12:10:00
TXN90000527,ST15,CUST103680,PRD200035,1,11500.0,MTN MoMo,AM154062040,2024-11-22 13:19:00
TXN90000528,ST11,CUST101322,PRD200455,3,575.0,CASH,AM942276269,2024-07-10 16:47:00
TXN90000529,ST13,,PRD201115,2,3000.0,MTN MoMo,,2024-07-25 12:05:00
TXN90000530,ST01,CUST103520,PRD200150,1,25000.0,MTN MoMo,,2024-10-18 23:15:00
TXN90000531,ST16,CUST102932,PRD200232,2,9375.0,MTN MoMo,AUTH88541,2024-07-01 20:30:00
TXN90000532,ECOM01,CUST104686,PRD200159,2,1150.0,AirtelMoney,AUTH28214,2024-08-16 21:49:00
TXN90000533,ST14,CUST104931,PRD200186,2,15000.0,Airtel Money,,2024-11-19 00:13:00
TXN90000534,ST16,CUST104100,PRD200522,1,38500.0,MTN MoMo,CASH-6868,2024-11-11 09:42:00
TXN90000535,ST21,CUST101356,PRD201125,2,1950.0,Airtel Money,CASH-3710,2024-07-05 03:05:00
TXN90000536,ST08,CUST102196,PRD200957,2,4950.0,MTN MoMo,MP424156083,2024-08-07 15:04:00
TXN90000537,ST22,CUST102606,PRD200793,2,2200.0,MTN MoMo,AUTH94598,18/08/2024 15:15
TXN90000538,ST10,CUST103823,PRD200207,1,25000.0,AirtelMoney,AUTH89428,2024-07-12 14:11:00
TXN90000539,ST12,CUST100393,PRD200627,3,55000.0,MTN MoMo,,2024-11-01 01:14:00
TXN90000540,ST13,CUST100914,PRD200626,2,18000.0,MTN Mobile Money,CASH-3993,24/12/2024 20:53
TXN90000541,ST06,,PRD201120,1,90000.0,MTN Mobile Money,MP847688930,08/11/2024 10:34
TXN90000542,ST18,CUST103050,PRD200470,2,42000.0,MTN MoMo,AM706539263,2024-07-15 02:49:00
TXN90000543,ST21,,PRD200702,1,625.0,Airtel Money,AUTH82760,2024-07-30 10:29:00
TXN90000544,ECOM01,CUST100453,PRD200180,2,5400.0,Cash,MP763417965,2024-09-30 19:16:00
TXN90000545,ST10,CUST101059,PRD200616,1,3250.0,CASH,MP612578470,2024-09-05 12:13:00
TXN90000546,ST23,CUST101546,PRD200997,1,17250.0,MTN Mobile Money,,2024-11-23 20:18:00
TXN90000547,ECOM01,CUST101564,PRD200098,1,42000.0,Cash,AM644528316,2024-09-08 23:48:00
TXN90000548,ST03,CUST102699,PRD200704,2,5750.0,momo,MP267454564,2024-07-27 07:42:00
TXN90000549,ST23,,PRD200206,1,18000.0,CASH,AM797411346,2024-12-23 02:35:00
TXN90000550,ST21,CUST102066,PRD200746,1,1650.0,Cash,MP297388249,2024-07-06 23:26:00
TXN90000551,ECOM01,CUST104042,PRD200993,2,1500.0,AirtelMoney,AM105301328,09/11/2024 19:23
TXN90000552,ST08,CUST101536,PRD200332,2,6250.0,momo,MP941413464,2024-10-18 04:20:00
TXN90000553,ST09,CUST101163,PRD200088,3,2500.0,MTN MoMo,AUTH88661,2024-08-28 09:33:00
TXN90000554,ST13,CUST101138,PRD200138,4,4500.0,CASH,MP873579777,16/07/2024 10:43
TXN90000555,ST07,CUST104277,PRD201102,1,3750.0,MTN MoMo,AM511453547,2024-08-19 16:34:00
TXN90000556,ST16,CUST100654,PRD200974,2,1800.0,MTN Mobile Money,,2024-07-29 10:17:00
TXN90000557,ST19,CUST101665,PRD200959,2,2200.0,AirtelMoney,AM322828552,2024-09-18 10:53:00
TXN90000558,ECOM01,CUST102859,PRD200825,3,550.0,momo,MP351256008,2024-07-09 05:10:00
TXN90000559,ST20,CUST101550,PRD200387,1,6750.0,MTN MoMo,CASH-4541,2024-11-07 17:57:00
TXN90000560,ECOM01,CUST103498,PRD200065,3,36000.0,CASH,CASH-5607,2024-10-18 05:46:00
TXN90000561,ST09,CUST100866,PRD200813,4,3000.0,MTN MoMo,,2024-11-05 13:16:00
TXN90000562,ECOM01,CUST102597,PRD200597,3,5750.0,Cash,MP194280099,26/07/2024 18:14
TXN90000563,ECOM01,CUST104560,PRD201079,1,1800.0,MTN MoMo,AM507448589,22/11/2024 01:26
TXN90000564,ST15,CUST102009,PRD200641,3,"52,500",Cash,AM278097945,2024-09-19 22:59:00
TXN90000565,ST04,CUST104103,PRD200327,2,5400.0,CASH,CASH-5624,2024-08-24 12:05:00
TXN90000566,ST07,CUST101151,PRD200122,-2,18000.0,AirtelMoney,MP366725708,2024-11-07 23:38:00
TXN90000567,ST06,CUST102643,PRD200529,1,18000.0,Cash,AUTH72820,2024-09-12 04:36:00
TXN90000568,ST18,CUST103840,PRD200304,3,UGX1950,MTN Mobile Money,AUTH63418,16/11/2024 00:20
TXN90000569,ECOM01,CUST100294,PRD200095,1,5400.0,MTN MoMo,MP532220921,2024-11-04 14:53:00
TXN90000570,ECOM01,CUST101577,PRD200912,1,12000.0,Airtel Money,CASH-9055,24/12/2024 13:21
TXN90000571,ECOM01,CUST102598,PRD200489,5,3600.0,Cash,MP791170439,2024-12-14 03:19:00
TXN90000572,ECOM01,CUST101682,PRD200265,1,27000.0,momo,CASH-8270,2024-07-12 07:24:00
TXN90000573,ST05,,PRD200017,1,326.93,MTN Mobile Money,CASH-1662,18/10/2024 13:12
TXN90000574,ST22,,PRD200080,2,7500.0,MTN MoMo,,2024-12-06 02:43:00
TXN90000575,ST17,CUST101919,PRD200573,1,42000.0,MTN Mobile Money,AM389944156,28/12/2024 00:00
TXN90000576,ST20,CUST103048,PRD200136,2,90000.0,Cash,MP418155051,2024-08-02 04:43:00
TXN90000577,ST05,CUST103478,PRD200709,2,1800.0,MTN MoMo,AM631710750,2024-10-29 02:31:00
TXN90000578,ECOM01,CUST104831,PRD200427,1,"UGX 24,113",MTN Mobile Money,CASH-1393,14/07/2024 01:19
TXN90000579,ECOM01,CUST104038,PRD200565,1,36000.0,MTN MoMo,AM491603612,2024-10-08 01:22:00
TXN90000580,ST15,CUST101912,PRD200298,1,40250.0,CASH,CASH-3441,01/08/2024 00:42
TXN90000581,ECOM01,CUST102489,PRD200778,1,UGX938,AirtelMoney,AM662955669,2024-10-08 05:24:00
TXN90000582,ST08,CUST101483,PRD201099,2,2750.0,MTN MoMo,CASH-8895,2024-07-03 15:26:00
TXN90000583,ST19,CUST104400,PRD200549,3,UGX 650,AirtelMoney,,2024-10-03 20:08:00
TXN90000584,ECOM01,CUST102719,PRD201013,2,UGX5750,MTN Mobile Money,AUTH32379,2024-12-14 17:41:00
TXN90000585,ECOM01,,PRD201099,2,"UGX 2,750",Cash,CASH-4693,2024-09-28 18:23:00
TXN90000586,ST06,CUST103473,PRD200509,2,9375.0,Cash,CASH-9234,17/07/2024 18:47
TXN90000587,ECOM01,CUST103270,PRD200519,1,3750.0,Cash,CASH-7047,2024-08-30 19:10:00
TXN90000588,ST10,,PRD201104,1,3300.0,Cash,AUTH23323,2024-10-18 01:52:00
TXN90000589,ST13,CUST104581,PRD200205,1,6250.0,MTN MoMo,CASH-1192,2024-08-20 02:09:00
TXN90000590,ST08,CUST104955,PRD200844,2,1300.0,MTN MoMo,AUTH14903,2024-07-22 19:06:00
TXN90000591,ECOM01,CUST100894,PRD200770,5,2700.0,Airtel Money,MP609016108,2024-10-05 19:17:00
TXN90000592,ST18,CUST101429,PRD200801,1,9000.0,Airtel Money,AUTH85270,2024-09-17 14:06:00
TXN90000593,ECOM01,CUST101126,PRD200671,2,550.0,AirtelMoney,CASH-6161,2024-10-10 18:08:00
TXN90000594,ECOM01,CUST101385,PRD200852,1,4500.0,Airtel Money,AUTH51490,16/09/2024 18:11
TXN90000595,ST09,CUST104696,PRD200152,3,30000.0,MTN MoMo,CASH-9498,2024-10-30 15:20:00
TXN90000596,ECOM01,,PRD200924,1,1125.0,MTN MoMo,MP365923292,2024-12-15 22:05:00
TXN90000597,ECOM01,CUST103031,PRD200317,2,45500.0,MTN MoMo,,2024-07-14 12:28:00
TXN90000598,ST02,CUST103825,PRD200834,1,8100.0,Cash,AM206585887,2024-11-13 02:06:00
TXN90000599,ST04,CUST100402,PRD200364,3,9375.0,Cash,MP743359985,14/10/2024 15:36
TXN90000600,ST18,CUST104250,PRD200410,2,55000.0,momo,AM853443898,2024-11-14 12:26:00
TXN90000601,ST08,CUST100391,PRD200259,1,3300.0,MTN MoMo,,2024-08-14 14:11:00
TXN90000602,ST13,CUST104436,PRD200254,3,2837.78,MTN MoMo,AM521367920,2024-10-12 09:51:00
TXN90000603,ST15,,PRD200652,1,65000.0,momo,MP602325049,2024-08-18 09:04:00
TXN90000604,ST15,CUST103418,PRD200389,1,15000.0,MTN MoMo,AM681311796,2024-09-28 22:43:00
TXN90000605,ECOM01,CUST100304,PRD200821,2,"9,603",Airtel Money,CASH-9421,2024-08-27 01:03:00
TXN90000606,ST03,CUST100045,PRD200037,1,27000.0,MTN MoMo,CASH-8028,2024-09-27 13:43:00
TXN90000607,ECOM01,CUST100878,PRD200913,1,43750.0,Airtel Money,AUTH82357,2024-10-16 20:34:00
TXN90000608,ST22,CUST104256,PRD200119,4,18000.0,Airtel Money,AM223413564,2024-12-21 18:02:00
TXN90000609,ST07,CUST101119,PRD201157,1,600,AirtelMoney,MP378491051,2024-07-24 05:49:00
TXN90000610,ECOM01,CUST103901,PRD201105,2,15000.0,Airtel Money,,2024-07-24 08:06:00
TXN90000611,ST06,CUST100275,PRD200975,2,36000.0,MTN MoMo,MP450988062,2024-07-03 14:42:00
TXN90000612,ST14,CUST100774,PRD201060,1,9750.0,MTN MoMo,AM863224694,2024-09-16 13:06:00
TXN90000613,ST23,CUST101878,PRD200352,2,3600.0,Airtel Money,AM809352344,2024-07-30 07:17:00
TXN90000614,ST02,CUST101903,PRD200938,1,3900.0,CASH,MP411162678,2024-10-15 16:02:00
TXN90000615,ECOM01,CUST101021,PRD200225,2,3600.0,MTN MoMo,AUTH71050,2024-10-13 14:50:00
TXN90000616,ST05,CUST102730,PRD200221,1,7500.0,MTN Mobile Money,AM285672917,2024-09-05 20:04:00
TXN90000617,ST14,CUST101514,PRD201003,1,1950.0,Card,CASH-9730,2024-09-18 11:17:00
TXN90000618,ST21,CUST103672,PRD200920,2,11250.0,MTN MoMo,AM599672186,2024-09-19 17:26:00
TXN90000619,ST11,CUST103425,PRD200267,1,900.0,Airtel Money,MP392423821,2024-11-11 17:16:00
TXN90000620,ST06,,PRD200009,-2,5500.0,Cash,CASH-5887,2024-08-24 13:58:00
TXN90000621,ST12,CUST103524,PRD200342,1,6750.0,Cash,MP258396404,2024-10-02 09:49:00
TXN90000622,ST15,CUST101471,PRD200556,2,63000.0,Airtel Money,MP254722008,2024-08-08 14:54:00
TXN90000623,ST16,CUST100123,PRD200178,-1,9375.0,MTN MoMo,AM275119709,2024-09-03 18:05:00
TXN90000624,ST09,CUST102568,PRD200813,2,3000.0,momo,AUTH15533,2024-08-20 12:26:00
TXN90000625,ST15,CUST104014,PRD200708,2,2500.0,Airtel Money,AM148306889,2024-11-10 15:38:00
TXN90000626,ST13,CUST103375,PRD200530,1,5625.0,MTN MoMo,CASH-9330,2024-09-26 19:57:00
TXN90000627,ST21,CUST102799,PRD200574,2,550.0,Airtel Money,AUTH91421,2024-09-25 10:46:00
TXN90000628,ST02,CUST100723,PRD200857,1,625.0,Card,CASH-7930,2024-07-27 11:13:00
TXN90000629,ECOM01,CUST104483,PRD200459,1,42000.0,Airtel Money,AUTH59533,2024-11-04 01:09:00
TXN90000630,ST09,CUST101495,PRD200987,2,30000.0,momo,MP380594625,2024-10-15 21:39:00
TXN90000631,ST19,CUST103539,PRD200298,1,40250.0,Cash,AUTH18967,2024-11-21 04:27:00
TXN90000632,ECOM01,CUST100245,PRD200978,1,40250.0,Cash,AM441635282,30/07/2024 15:29
TXN90000633,ST08,CUST103012,PRD200220,4,5400.0,MTN MoMo,MP192456354,2024-12-23 20:26:00
TXN90000634,ST03,CUST101913,PRD200553,2,900,Card,AM180880811,2024-10-20 16:46:00
TXN90000635,ECOM01,,PRD200558,2,5500.0,MTN MoMo,,2024-09-24 02:56:00
TXN90000636,ST05,CUST102013,PRD200455,1,575.0,Airtel Money,MP854175301,2024-07-11 17:51:00
TXN90000637,ST18,CUST104891,PRD200472,3,24000.0,MTN MoMo,AM751921628,2024-08-28 12:17:00
TXN90000638,ECOM01,CUST103165,PRD200463,3,36000.0,Card,AM569463086,2024-07-04 09:34:00
TXN90000639,ST11,CUST101161,PRD200596,1,1974.41,CASH,MP473334438,2024-09-13 17:01:00
TXN90000640,ECOM01,CUST100761,PRD200061,2,18750.0,MTN Mobile Money,AM704076301,2024-08-27 16:28:00
TXN90000641,ST13,CUST104082,PRD200790,1,1800.0,MTN MoMo,AM723394128,2024-08-08 19:45:00
TXN90000642,ECOM01,CUST103591,PRD200508,1,4500.0,Cash,AM369277536,2024-10-08 17:26:00
TXN90000643,ST10,CUST100809,PRD200655,1,2250.0,Cash,AUTH92385,2024-10-23 01:18:00
TXN90000644,ST02,CUST101758,PRD201091,2,11500.0,MTN MoMo,AUTH29898,2024-10-22 17:02:00
TXN90000645,ECOM01,CUST103435,PRD200218,1,650.0,Airtel Money,MP161818629,2024-09-10 18:44:00
TXN90000646,ST03,CUST101825,PRD200391,3,3000.0,MTN MoMo,AM903485728,2024-12-26 17:10:00
TXN90000647,ST14,CUST102726,PRD200968,4,6250.0,CASH,AM492979082,2024-07-26 17:34:00
TXN90000648,ST16,CUST101730,PRD200647,3,13000.0,Airtel Money,AM786039584,2024-09-08 06:54:00
TXN90000649,ST21,CUST103618,PRD200630,1,575.0,Cash,CASH-4149,15/12/2024 13:20
TXN90000650,ST21,CUST102256,PRD200245,1,"4,500",MTN MoMo,CASH-3777,2024-10-20 23:53:00
TXN90000651,ECOM01,CUST103373,PRD200350,2,11500.0,MTN MoMo,,2024-07-30 14:50:00
TXN90000652,ST11,CUST103126,PRD200793,2,2200.0,Card,,2024-10-05 18:28:00
TXN90000653,ECOM01,CUST104009,PRD200435,1,2300.0,Airtel Money,AM322979309,2024-08-17 05:45:00
TXN90000654,ECOM01,CUST102163,PRD200950,1,63000.0,MTN MoMo,AUTH19543,2024-11-17 23:44:00
TXN90000655,ST19,CUST103843,PRD201129,2,18000.0,Cash,MP254788376,2024-08-15 19:28:00
TXN90000656,ST14,CUST101909,PRD201146,3,23000.0,AirtelMoney,,2024-11-17 08:32:00
TXN90000657,ST20,CUST102450,PRD200327,1,5400.0,momo,CASH-9444,2024-09-20 03:41:00
TXN90000658,ST09,,PRD201164,1,19500.0,CASH,,2024-07-27 00:09:00
TXN90000659,ECOM01,CUST100474,PRD200026,3,12500.0,MTN MoMo,AUTH81897,23/07/2024 10:43
TXN90000660,ST08,CUST103480,PRD200239,4,1350.0,MTN MoMo,MP149128921,2024-11-17 19:26:00
TXN90000661,ST08,CUST102201,PRD200326,1,3300.0,Airtel Money,AM293555184,2024-11-05 06:26:00
TXN90000662,ST09,CUST100214,PRD200736,2,18000.0,MTN MoMo,AM935673089,2024-11-27 03:33:00
TXN90000663,ST16,CUST103011,PRD200572,1,3750.0,AirtelMoney,,2024-10-02 08:44:00
TXN90000664,ST04,CUST101901,PRD200442,3,3750.0,MTN Mobile Money,,2024-07-09 05:14:00
TXN90000665,ST23,CUST104605,PRD200824,1,"UGX 3,250",AirtelMoney,CASH-4573,2024-09-11 23:34:00
TXN90000666,ST02,CUST104310,PRD200468,2,15000.0,MTN MoMo,AM770191124,07/08/2024 09:04
TXN90000667,ECOM01,CUST100626,PRD200399,1,UGX 900,MTN MoMo,CASH-7655,2024-11-21 22:35:00
TXN90000668,ST23,CUST104901,PRD200814,1,2490.01,AirtelMoney,CASH-5410,2024-07-02 13:13:00
TXN90000669,ST13,CUST100564,PRD200308,4,3000.0,Airtel Money,AUTH10798,2024-09-13 20:55:00
TXN90000670,ECOM01,CUST102180,PRD200551,1,6750.0,MTN MoMo,,2024-11-27 21:43:00
TXN90000671,ST09,CUST101789,PRD200677,1,12500.0,Cash,AM152001685,2024-11-22 11:29:00
TXN90000672,ST18,CUST100325,PRD200257,2,1867.74,momo,,2024-08-24 07:57:00
TXN90000673,ST03,CUST103151,PRD200445,4,13000.0,momo,,2024-07-28 01:22:00
TXN90000674,ST09,CUST103426,PRD200065,-1,36000.0,Airtel Money,AUTH15173,23/10/2024 01:37
TXN90000675,ST04,CUST100385,PRD201034,1,36000.0,CASH,MP799881687,2024-11-23 11:44:00
TXN90000676,ST19,CUST103555,PRD200100,3,1875.0,MTN MoMo,AUTH87415,2024-10-07 23:12:00
TXN90000677,ST08,CUST101810,PRD200879,1,2500.0,momo,AM381608999,2024-09-10 03:58:00
TXN90000678,ST18,CUST104221,PRD201033,1,63000.0,AirtelMoney,,2024-07-04 12:33:00
TXN90000679,ST16,CUST101462,PRD200746,1,1650.0,Airtel Money,CASH-5293,2024-10-05 13:50:00
TXN90000680,ST20,CUST101900,PRD200614,4,"UGX 22,500",AirtelMoney,,2024-12-05 09:16:00
TXN90000681,ST11,CUST104932,PRD200624,2,23000.0,Cash,,2024-11-19 04:50:00
TXN90000682,ST21,CUST101776,PRD200361,1,1200.0,momo,MP168500968,2024-08-27 16:15:00
TXN90000683,ST18,CUST103493,PRD201137,1,12500.0,Cash,AM181855905,2024-07-19 18:56:00
TXN90000684,ST20,CUST103823,PRD200148,3,23000.0,MTN Mobile Money,CASH-8261,2024-08-14 21:31:00
TXN90000685,ST20,CUST103893,PRD200815,3,45500.0,Airtel Money,CASH-9728,2024-08-20 15:39:00
TXN90000686,ST10,CUST104463,PRD200928,4,24000.0,Airtel Money,AM293830111,2024-07-21 02:26:00
TXN90000687,ST05,CUST104195,PRD201069,3,8100.0,MTN Mobile Money,MP938068946,2024-08-28 05:21:00
TXN90000688,ECOM01,CUST104298,PRD200803,1,862.5,MTN Mobile Money,MP306909479,2024-09-27 15:48:00
TXN90000689,ECOM01,CUST101287,PRD200827,2,90000.0,Airtel Money,CASH-6497,2024-10-11 05:38:00
TXN90000690,ECOM01,,PRD200905,1,2200.0,Cash,AM493264140,2024-08-11 18:15:00
TXN90000691,ST17,CUST100736,PRD200478,1,3750.0,AirtelMoney,AUTH81046,2024-12-14 17:35:00
TXN90000692,ST15,CUST103879,PRD200843,1,3450.0,momo,AM218500458,2024-07-04 14:26:00
TXN90000693,ST19,CUST104627,PRD200870,2,1800.0,CASH,MP354449440,2024-10-10 13:18:00
TXN90000694,ST19,CUST101754,PRD200532,4,19500.0,Airtel Money,AM499918871,2024-11-22 20:11:00
TXN90000695,ST01,CUST103484,PRD200329,2,23000.0,Cash,AM656143869,2024-08-25 15:41:00
TXN90000696,ST20,CUST102499,PRD200863,-1,27000.0,CASH,CASH-6566,2024-09-18 04:16:00
TXN90000697,ST16,,PRD200489,1,"3,600",Cash,MP545809121,11/07/2024 08:14
TXN90000698,ECOM01,CUST103864,PRD200950,1,63000.0,MTN MoMo,CASH-1108,2024-08-07 07:50:00
TXN90000699,ST15,CUST103836,PRD200227,2,550,Cash,AUTH75479,2024-07-30 03:59:00
TXN90000700,ECOM01,CUST103591,PRD201018,1,9750.0,CASH,AUTH68057,20/08/2024 19:26
TXN90000701,ECOM01,,PRD200840,1,1500.0,Cash,CASH-5316,2024-08-08 05:13:00
TXN90000702,ST20,CUST103301,PRD200231,1,22500.0,MTN MoMo,,2024-10-27 02:21:00
TXN90000703,ST20,CUST101313,PRD200170,3,4500.0,Cash,,2024-07-29 08:51:00
TXN90000704,ST12,CUST100071,PRD200579,4,600.0,AirtelMoney,MP584063776,2024-12-27 20:45:00
TXN90000705,ST14,CUST103539,PRD200435,1,2300.0,MTN MoMo,CASH-1940,2024-08-09 04:59:00
TXN90000706,ST17,CUST104479,PRD201104,2,3300.0,MTN MoMo,MP456850937,21/11/2024 20:45
TXN90000707,ST06,CUST103902,PRD200827,1,90000.0,momo,,18/08/2024 21:29
TXN90000708,ST14,CUST104663,PRD200426,1,550.0,Airtel Money,AM235924771,2024-07-11 01:55:00
TXN90000709,ST12,CUST100176,PRD200915,1,12500.0,Airtel Money,AM957138292,03/09/2024 15:29
TXN90000710,ST15,CUST103788,PRD200690,1,5750.0,AirtelMoney,MP375002414,20/12/2024 11:15
TXN90000711,ST16,CUST102878,PRD200667,1,36000.0,AirtelMoney,MP588712228,15/07/2024 00:41
TXN90000712,ECOM01,CUST102344,PRD201100,2,65000.0,MTN MoMo,CASH-7682,2024-07-23 13:32:00
TXN90000713,ST15,CUST103307,PRD200273,-2,2700.0,MTN MoMo,AM248010164,2024-12-06 06:35:00
TXN90000714,ST14,CUST103968,PRD201045,3,1800.0,MTN Mobile Money,,2024-10-13 10:17:00
TXN90000715,ECOM01,CUST104739,PRD200812,1,1800.0,MTN Mobile Money,MP951970221,2024-11-18 11:06:00
TXN90000716,ST05,CUST103041,PRD200116,3,1201.24,MTN MoMo,AUTH92808,2024-08-01 09:33:00
TXN90000717,ST15,CUST104036,PRD201141,4,36000.0,momo,CASH-7567,2024-11-16 12:28:00
TXN90000718,ECOM01,CUST101712,PRD201078,1,12500.0,Airtel Money,MP191779475,2024-12-23 16:35:00
TXN90000719,ST13,CUST101942,PRD200196,1,5536.64,Cash,CASH-6215,2024-08-24 04:16:00
TXN90000720,ST15,CUST101643,PRD200557,3,19500.0,AirtelMoney,AUTH36238,14/11/2024 17:15
TXN90000721,ECOM01,CUST100620,PRD200228,1,UGX12500,Cash,AUTH61741,2024-08-24 00:41:00
TXN90000722,ST07,CUST104044,PRD201050,1,2500.0,MTN MoMo,AM709835091,16/08/2024 22:18
TXN90000723,ECOM01,CUST104119,PRD201122,5,6750.0,Airtel Money,AUTH73487,2024-07-17 09:48:00
TXN90000724,ST03,CUST104985,PRD200181,1,9750.0,MTN Mobile Money,AUTH20598,2024-08-18 03:06:00
TXN90000725,ST22,CUST100292,PRD200827,-1,UGX90000,MTN MoMo,AUTH35911,2024-10-01 19:25:00
TXN90000726,ST14,CUST103546,PRD200457,1,5175.0,momo,CASH-6146,07/12/2024 16:00
TXN90000727,ST03,CUST104789,PRD200246,1,22500.0,MTN MoMo,AUTH26136,2024-07-30 14:46:00
TXN90000728,ECOM01,CUST102269,PRD200760,1,6000.0,Airtel Money,,2024-09-09 15:52:00
TXN90000729,ST02,CUST103711,PRD200073,3,38500.0,Cash,MP882599216,30/08/2024 20:17
TXN90000730,ST04,CUST103590,PRD200683,2,1950.0,Cash,AM515046271,2024-08-20 22:41:00
TXN90000731,ST20,CUST102238,PRD201031,1,6500.0,AirtelMoney,AUTH85417,2024-11-12 22:31:00
TXN90000732,ST15,CUST104624,PRD201107,1,18750.0,MTN MoMo,AUTH21625,2024-07-05 23:09:00
TXN90000733,ST23,CUST102504,PRD200387,2,"6,750",MTN MoMo,AUTH73865,2024-10-28 13:29:00
TXN90000734,ST15,CUST100986,PRD200083,1,40250.0,momo,AUTH83108,2024-12-07 04:23:00
TXN90000735,ST18,CUST101291,PRD200940,1,825.0,AirtelMoney,MP940003630,2024-09-03 03:47:00
TXN90000736,ST01,CUST100864,PRD200797,1,39122.92,Airtel Money,MP250677206,2024-11-22 15:39:00
TXN90000737,ST07,CUST101797,PRD200384,1,2600.0,MTN Mobile Money,CASH-7981,2024-08-14 18:36:00
TXN90000738,ST20,CUST100456,PRD200672,1,23000.0,Card,,2024-09-05 22:59:00
TXN90000739,ST17,CUST104565,PRD200859,2,"UGX 6,000",MTN Mobile Money,,2024-11-02 12:57:00
TXN90000740,ST06,CUST102825,PRD200994,1,17250.0,Cash,,17/09/2024 21:36
TXN90000741,ST09,CUST100758,PRD200508,2,4500.0,CASH,AM391439375,2024-10-19 11:40:00
TXN90000742,ECOM01,,PRD200558,1,5500.0,Cash,AM560631949,2024-07-13 00:27:00
TXN90000743,ECOM01,,PRD200945,5,3557.96,MTN MoMo,CASH-2447,2024-10-24 05:42:00
TXN90000744,ECOM01,CUST101583,PRD200075,3,15000.0,MTN Mobile Money,,2024-09-19 02:14:00
TXN90000745,ST06,,PRD200372,-1,900.0,CASH,MP535056032,2024-12-10 07:31:00
TXN90000746,ST02,CUST100559,PRD200777,3,42000.0,momo,AUTH90182,18/07/2024 15:08
TXN90000747,ST13,CUST104673,PRD200144,2,3900.0,MTN Mobile Money,AM557031788,2024-09-29 17:33:00
TXN90000748,ECOM01,CUST104928,PRD200934,3,38500.0,AirtelMoney,AM876387943,2024-08-31 08:57:00
TXN90000749,ECOM01,CUST101863,PRD200764,3,1725.0,AirtelMoney,MP271585375,2024-12-14 04:55:00
TXN90000750,ST07,CUST101517,PRD200947,1,937.5,MTN MoMo,AUTH42454,2024-09-25 15:17:00
TXN90000751,ECOM01,CUST102272,PRD200756,2,900.0,Cash,CASH-6978,09/11/2024 00:13
TXN90000752,ST06,CUST100562,PRD201009,1,"25,000",MTN Mobile Money,AUTH90800,2024-10-15 11:48:00
TXN90000753,ECOM01,CUST103137,PRD200174,1,1500.0,MTN MoMo,MP422842991,2024-09-01 06:33:00
TXN90000754,ST17,CUST102675,PRD200303,-1,43750.0,MTN MoMo,AM695804931,2024-10-19 06:43:00
TXN90000755,ST22,CUST104645,PRD200518,2,3900.0,Airtel Money,AUTH91250,2024-11-12 19:18:00
TXN90000756,ST15,,PRD200875,4,4036.94,Airtel Money,CASH-7038,2024-07-22 01:30:00
TXN90000757,ST03,CUST104156,PRD201005,3,5400.0,Airtel Money,AUTH23205,09/11/2024 02:50
TXN90000758,ST23,CUST100291,PRD200250,1,8100.0,CASH,AUTH98159,2024-11-14 10:04:00
TXN90000759,ST12,CUST102694,PRD200697,2,60000.0,momo,CASH-4816,25/08/2024 01:21
TXN90000760,ST20,CUST103526,PRD200070,1,1100.0,Cash,CASH-9934,2024-11-02 00:36:00
TXN90000761,ST14,,PRD200207,1,25000.0,Airtel Money,AUTH68895,2024-07-31 00:17:00
TXN90000762,ST13,CUST100123,PRD200268,1,25000.0,MTN MoMo,MP196559241,2024-10-02 20:05:00
TXN90000763,ST06,CUST104373,PRD200217,2,5750.0,AirtelMoney,,2024-11-30 08:02:00
TXN90000764,ST17,CUST103383,PRD200001,3,60000.0,MTN MoMo,MP876310736,2024-07-17 13:25:00
TXN90000765,ST06,CUST101364,PRD200570,1,38500.0,Cash,AUTH67026,2024-10-16 07:50:00
TXN90000766,ST01,CUST102377,PRD200598,1,862.5,MTN MoMo,CASH-8921,2024-12-05 04:44:00
TXN90000767,ST23,CUST103240,PRD200304,5,1950.0,MTN MoMo,CASH-4975,2024-08-19 20:45:00
TXN90000768,ST17,CUST100310,PRD201064,1,19500.0,MTN MoMo,,2024-07-14 02:13:00
TXN90000769,ST20,CUST100928,PRD200319,1,2400.0,Airtel Money,MP226738545,26/07/2024 20:00
TXN90000770,ST20,CUST104005,PRD200947,5,937.5,AirtelMoney,CASH-7316,2024-11-12 06:31:00
TXN90000771,ST02,CUST100741,PRD200653,2,2700.0,Airtel Money,,2024-11-02 05:16:00
TXN90000772,ECOM01,CUST101848,PRD200859,1,6000.0,Card,AM893152074,2024-08-07 10:45:00
TXN90000773,ST05,,PRD200858,4,2300.0,Cash,AUTH31183,2024-10-26 14:44:00
TXN90000774,ST04,CUST101467,PRD200752,2,825.0,AirtelMoney,AM911043060,26/08/2024 03:20
TXN90000775,ST21,CUST100810,PRD200806,1,62500.0,MTN MoMo,AUTH54098,12/10/2024 03:54
TXN90000776,ECOM01,CUST103467,PRD200180,2,5400.0,Card,CASH-8020,2024-12-27 13:36:00
TXN90000777,ECOM01,CUST103494,PRD201075,2,7500.0,AirtelMoney,AM659688986,2024-12-01 17:46:00
TXN90000778,ST16,CUST104804,PRD200337,1,25000.0,MTN MoMo,AUTH14919,2024-11-18 17:24:00
TXN90000779,ST04,CUST102259,PRD200088,3,2500.0,AirtelMoney,AUTH36809,2024-09-23 22:55:00
TXN90000780,ECOM01,CUST102560,PRD200066,1,1250.0,MTN MoMo,AM553504785,2024-08-24 12:19:00
TXN90000781,ST21,CUST101907,PRD200827,1,90000.0,Airtel Money,AUTH99547,2024-10-01 05:47:00
TXN90000782,ST19,CUST100406,PRD201123,2,4950.0,CASH,AUTH94008,2024-12-02 23:38:00
TXN90000783,ST11,CUST101492,PRD200834,2,8100.0,AirtelMoney,AUTH13759,2024-10-11 00:55:00
TXN90000784,ST21,CUST103097,PRD200533,2,8250.0,AirtelMoney,AUTH25047,2024-08-15 11:51:00
TXN90000785,ST13,CUST103796,PRD200113,2,65000.0,Cash,AM861582887,2024-07-04 18:02:00
TXN90000786,ECOM01,CUST101909,PRD201063,1,600.0,momo,CASH-2048,2024-10-31 17:06:00
TXN90000787,ECOM01,CUST102534,PRD200066,4,"UGX 1,250",CASH,MP443983576,2024-11-08 09:18:00
TXN90000788,ST15,CUST101288,PRD200721,2,8625.0,Cash,AM943548199,2024-10-21 06:26:00
TXN90000789,ECOM01,CUST100941,PRD200968,2,6250.0,Card,AUTH27016,2024-11-14 04:22:00
TXN90000790,ST16,CUST102557,PRD200783,3,57500.0,Cash,CASH-4340,2024-11-12 04:18:00
TXN90000791,ST03,CUST100622,PRD200798,4,2400.0,Cash,CASH-5665,2024-11-16 04:40:00
TXN90000792,ST13,CUST104312,PRD200696,1,UGX5500,Card,MP615488011,2024-08-19 19:45:00
TXN90000793,ECOM01,CUST103112,PRD200704,1,5750.0,MTN Mobile Money,AUTH48938,2024-11-12 16:20:00
TXN90000794,ST17,CUST104668,PRD200250,1,8100.0,MTN Mobile Money,CASH-3753,2024-08-11 08:23:00
TXN90000795,ST10,CUST102319,PRD200714,1,7500.0,MTN Mobile Money,MP790183944,2024-10-02 01:59:00
TXN90000796,ECOM01,CUST100505,PRD201052,3,16500.0,MTN Mobile Money,CASH-5232,2024-09-30 05:40:00
TXN90000797,ECOM01,,PRD200659,1,5595.96,Cash,CASH-1583,2024-10-07 02:55:00
TXN90000798,ST09,CUST104028,PRD200041,2,11500.0,Card,MP254530797,2024-09-09 02:56:00
TXN90000799,ST21,,PRD200265,3,27000.0,MTN Mobile Money,CASH-6835,2024-10-31 07:14:00
TXN90000800,ST16,CUST104884,PRD200486,-1,900.0,momo,MP844696506,2024-07-13 20:23:00
TXN90000801,ST01,CUST101853,PRD200834,2,8100.0,momo,AM677171182,2024-07-01 09:44:00
TXN90000802,ST09,CUST102423,PRD201042,2,2750.0,MTN MoMo,AM887925576,2024-11-09 02:43:00
TXN90000803,ST22,CUST104114,PRD200204,3,40250.0,momo,CASH-3750,2024-08-10 13:02:00
TXN90000804,ST20,CUST103233,PRD200884,2,"36,000",AirtelMoney,CASH-1824,2024-12-26 01:22:00
TXN90000805,ST01,CUST101540,PRD201150,2,25000.0,CASH,CASH-8462,2024-07-12 09:45:00
TXN90000806,ST10,,PRD200782,2,"52,500",MTN Mobile Money,MP747015861,2024-10-28 01:10:00
TXN90000807,ST23,CUST102594,PRD200723,4,1725.0,AirtelMoney,MP378634001,2024-08-13 16:14:00
TXN90000808,ECOM01,CUST102352,PRD200300,2,5400.0,Airtel Money,AUTH66232,2024-12-02 19:09:00
TXN90000809,ECOM01,CUST101535,PRD200941,1,36000.0,MTN Mobile Money,AUTH92379,2024-11-12 05:38:00
TXN90000810,ST16,CUST104326,PRD200677,1,12500.0,Cash,CASH-4269,02/08/2024 07:22
TXN90000811,ST10,CUST103764,PRD200805,3,8100.0,momo,AM853764127,02/07/2024 16:01
TXN90000812,ST15,,PRD200702,3,625.0,AirtelMoney,AM960733229,2024-08-11 15:13:00
TXN90000813,ST11,CUST100342,PRD200565,1,36000.0,MTN Mobile Money,,2024-10-02 00:25:00
TXN90000814,ECOM01,CUST101920,PRD200218,2,650,MTN MoMo,AM922607470,18/07/2024 20:26
TXN90000815,ST03,CUST103673,PRD200093,2,19500.0,AirtelMoney,MP172619950,2024-09-28 01:29:00
TXN90000816,ST09,CUST100393,PRD200310,3,38500.0,Cash,,24/09/2024 12:33
TXN90000817,ECOM01,CUST101865,PRD200876,3,30000.0,MTN MoMo,,2024-09-09 05:22:00
TXN90000818,ECOM01,CUST101578,PRD200126,1,750.0,MTN MoMo,AM722282190,2024-08-19 02:36:00
TXN90000819,ST19,CUST102177,PRD200593,3,550.0,Airtel Money,AUTH38202,2024-09-22 04:14:00
TXN90000820,ST06,CUST104787,PRD200299,1,13500.0,momo,MP102990230,2024-07-05 23:49:00
TXN90000821,ST19,CUST104470,PRD200493,1,825.0,Cash,MP821032220,2024-11-15 07:43:00
TXN90000822,ST04,CUST100392,PRD200287,1,4500.0,Cash,AUTH58847,2024-10-08 09:46:00
TXN90000823,ECOM01,CUST102079,PRD200209,1,5500.0,MTN MoMo,,2024-08-28 03:06:00
TXN90000824,ST17,CUST103527,PRD200744,2,975.0,CASH,AM833414364,04/11/2024 08:41
TXN90000825,ST01,CUST104822,PRD200268,1,25000.0,MTN MoMo,AM901330889,10/12/2024 08:32
TXN90000826,ST17,CUST102996,PRD200827,1,90000.0,Airtel Money,MP686586321,2024-12-21 05:13:00
TXN90000827,ECOM01,CUST101372,PRD200163,2,7500.0,Airtel Money,AUTH12307,2024-07-09 07:32:00
TXN90000828,ST09,CUST102506,PRD200502,1,2250.0,Cash,AUTH77936,2024-10-12 11:16:00
TXN90000829,ST10,CUST104196,PRD201017,2,1131.6,MTN Mobile Money,AUTH70875,2024-10-16 08:51:00
TXN90000830,ST21,CUST103908,PRD200038,1,4500.0,AirtelMoney,CASH-7189,2024-10-09 06:54:00
TXN90000831,ST05,CUST101826,PRD200982,2,1125.0,momo,AUTH95380,30/10/2024 02:34
TXN90000832,ST06,CUST103251,PRD200793,2,2200.0,MTN MoMo,MP480594955,2024-09-29 20:26:00
TXN90000833,ST07,CUST102611,PRD201118,1,8100.0,Cash,CASH-4853,2024-09-03 08:30:00
TXN90000834,ST09,CUST102949,PRD200871,2,9375.0,momo,MP437738497,2024-09-19 23:11:00
TXN90000835,ST13,CUST103204,PRD200831,4,17250.0,MTN Mobile Money,CASH-5610,2024-08-24 11:41:00
TXN90000836,ST14,CUST101443,PRD200793,3,2200.0,MTN Mobile Money,CASH-8077,2024-08-30 19:34:00
TXN90000837,ST06,CUST101945,PRD200320,2,43750.0,momo,CASH-8816,2024-10-27 10:48:00
TXN90000838,ST14,CUST100611,PRD200816,2,9000.0,CASH,MP445134563,26/08/2024 13:26
TXN90000839,ST09,CUST103373,PRD200228,2,12500.0,CASH,MP227160013,2024-12-26 18:14:00
TXN90000840,ECOM01,CUST100966,PRD200835,4,23000.0,Cash,CASH-8427,2024-10-18 02:14:00
TXN90000841,ECOM01,CUST100573,PRD200168,1,30000.0,MTN MoMo,CASH-7128,2024-11-17 21:41:00
TXN90000842,ST08,CUST100105,PRD200110,1,13000.0,Airtel Money,MP690377600,2024-09-05 10:55:00
TXN90000843,ST17,CUST104061,PRD200355,1,975.0,Cash,MP982714353,2024-11-26 11:32:00
TXN90000844,ST10,CUST100930,PRD200271,1,5625.0,Cash,MP860206289,2024-09-02 13:40:00
TXN90000845,ST21,CUST104756,PRD200873,1,1300.0,Cash,AM679921971,2024-10-08 00:45:00
TXN90000846,ST12,CUST103553,PRD200241,1,6750.0,momo,MP377259186,2024-11-27 19:21:00
TXN90000847,ECOM01,CUST103957,PRD200123,1,3750.0,Card,AUTH92744,2024-10-27 05:36:00
TXN90000848,ST14,CUST104496,PRD200787,2,3250.0,CASH,CASH-1313,2024-07-27 00:38:00
TXN90000849,ST08,CUST102803,PRD200915,1,12500.0,MTN Mobile Money,AM183051061,2024-11-08 15:04:00
TXN90000850,ST14,CUST100930,PRD200066,3,1250.0,MTN Mobile Money,AM946503066,2024-07-29 03:16:00
TXN90000851,ECOM01,CUST103136,PRD201038,4,60000.0,Cash,CASH-8146,2024-12-22 11:37:00
TXN90000852,ST05,,PRD200471,2,2500.0,MTN Mobile Money,AM262075480,2024-11-28 20:30:00
TXN90000853,ST20,CUST104947,PRD200712,2,543.51,MTN Mobile Money,CASH-5952,2024-08-23 13:31:00
TXN90000854,ST03,CUST101184,PRD200593,2,550.0,Card,AUTH71827,2024-08-09 20:56:00
TXN90000855,ST19,CUST103670,PRD201070,2,UGX1500,MTN MoMo,AM831048088,2024-11-08 02:27:00
TXN90000856,ST07,CUST102062,PRD200291,1,42000.0,Cash,AUTH68724,17/07/2024 19:38
TXN90000857,ST11,CUST102001,PRD200192,1,975.0,AirtelMoney,CASH-7059,2024-09-24 00:23:00
TXN90000858,ST11,,PRD200464,2,6000.0,AirtelMoney,,26/10/2024 16:19
TXN90000859,ST19,CUST102352,PRD200151,1,11000.0,MTN MoMo,AM641145851,2024-09-16 07:30:00
TXN90000860,ST20,CUST101767,PRD200599,3,7172.65,AirtelMoney,AM165301235,2024-09-28 12:34:00
TXN90000861,ST14,CUST104447,PRD200733,2,5500.0,AirtelMoney,AUTH39627,15/11/2024 11:07
TXN90000862,ST18,CUST104847,PRD200053,5,"9,000",MTN MoMo,CASH-7637,2024-11-08 20:16:00
TXN90000863,ST06,CUST103962,PRD200418,1,23000.0,MTN MoMo,,2024-12-06 14:56:00
TXN90000864,ST08,CUST104163,PRD200659,1,5595.96,Cash,MP480218663,2024-11-18 07:46:00
TXN90000865,ST13,CUST104708,PRD200760,1,6000.0,Cash,CASH-8404,2024-07-12 14:03:00
TXN90000866,ECOM01,CUST100716,PRD200665,1,1500.0,AirtelMoney,CASH-1439,2024-07-17 09:41:00
TXN90000867,ST21,CUST100434,PRD200635,1,6750.0,MTN MoMo,MP596275333,2024-07-17 22:49:00
TXN90000868,ST23,,PRD200340,1,"UGX 18,750",Cash,MP507702157,2024-11-25 16:21:00
TXN90000869,ECOM01,CUST100189,PRD201075,-1,7500.0,MTN MoMo,CASH-1225,2024-10-05 19:13:00
TXN90000870,ST09,CUST102574,PRD200094,3,43750.0,momo,,2024-11-08 12:42:00
TXN90000871,ECOM01,CUST101430,PRD200682,3,3300.0,MTN Mobile Money,CASH-2055,2024-10-05 14:42:00
TXN90000872,ECOM01,CUST104315,PRD200939,1,18750.0,AirtelMoney,AUTH24119,2024-12-16 21:21:00
TXN90000873,ST15,CUST103997,PRD201127,-2,1950.0,momo,AM425867459,2024-08-11 11:13:00
TXN90000874,ST02,CUST104140,PRD200510,2,"12,000",MTN Mobile Money,CASH-8107,2024-08-25 19:28:00
TXN90000875,ST16,CUST103388,PRD200111,1,63000.0,MTN MoMo,CASH-2733,2024-07-14 16:49:00
TXN90000876,ST17,CUST102049,PRD200774,3,6000.0,MTN Mobile Money,AM103779351,2024-08-26 00:05:00
TXN90000877,ST20,CUST100347,PRD200772,1,13000.0,Cash,AM319589600,2024-08-14 07:20:00
TXN90000878,ST22,CUST102880,PRD200503,2,4500.0,MTN MoMo,AM174081161,2024-11-11 10:08:00
TXN90000879,ST10,CUST102767,PRD200889,1,9000.0,Card,MP800156947,20/12/2024 07:13
TXN90000880,ST12,CUST102825,PRD200750,1,3600.0,AirtelMoney,AUTH37350,2024-10-18 22:03:00
TXN90000881,ST21,CUST103388,PRD201147,2,2300.0,momo,,2024-11-28 17:27:00
TXN90000882,ST09,CUST100675,PRD200306,-2,8250.0,Airtel Money,AM945161122,2024-08-04 15:02:00
TXN90000883,ST11,CUST101751,PRD200856,2,19500.0,MTN MoMo,CASH-1653,2024-07-16 06:18:00
TXN90000884,ST03,CUST102570,PRD200327,1,5400.0,Airtel Money,MP796560132,2024-12-18 03:42:00
TXN90000885,ECOM01,CUST100076,PRD200088,1,2500.0,Airtel Money,,2024-09-06 05:05:00
TXN90000886,ST10,CUST102304,PRD200126,1,750.0,Airtel Money,MP215703745,2024-09-03 13:53:00
TXN90000887,ST23,CUST101737,PRD200576,1,1725.0,MTN Mobile Money,AM246661398,2024-07-28 12:09:00
TXN90000888,ST13,CUST101863,PRD200700,2,8100.0,Cash,MP169299509,2024-09-22 09:59:00
TXN90000889,ST19,CUST101071,PRD200218,1,650.0,MTN MoMo,AM175033587,2024-10-07 21:21:00
TXN90000890,ECOM01,CUST101723,PRD200688,2,36000.0,CASH,MP669137278,2024-07-14 09:36:00
TXN90000891,ST10,CUST101121,PRD200553,2,900.0,Airtel Money,AUTH41580,2024-09-04 05:21:00
TXN90000892,ST16,CUST104408,PRD200899,2,900.0,MTN Mobile Money,AM869182576,2024-07-11 09:28:00
TXN90000893,ST10,CUST104315,PRD200940,2,825.0,MTN Mobile Money,,2024-09-05 16:54:00
TXN90000894,ST15,CUST102564,PRD200051,-2,42000.0,MTN MoMo,AM395341823,2024-10-07 07:05:00
TXN90000895,ST09,CUST102137,PRD200107,2,1800.0,Cash,AM312517846,2024-10-24 10:18:00
TXN90000896,ST07,,PRD200100,2,1875.0,Airtel Money,CASH-8077,12/09/2024 23:00
TXN90000897,ST21,CUST100027,PRD200508,3,4500.0,MTN MoMo,AM579540740,2024-11-30 03:48:00
TXN90000898,ST13,CUST103074,PRD200912,1,12000.0,Cash,MP902994599,2024-10-30 20:22:00
TXN90000899,ECOM01,CUST104329,PRD200480,4,13000.0,Airtel Money,AUTH92805,16/08/2024 11:23
TXN90000900,ST20,CUST103797,PRD201151,3,23000.0,MTN MoMo,AM307442842,2024-11-14 00:11:00
TXN90000901,ST01,CUST104239,PRD200607,1,920.33,AirtelMoney,AM684575529,2024-09-14 12:26:00
TXN90000902,ST11,CUST104733,PRD200169,3,"UGX 1,950",AirtelMoney,MP265991277,2024-12-06 20:30:00
TXN90000903,ST21,CUST104848,PRD200816,1,"9,000",momo,MP723132974,2024-09-04 08:13:00
TXN90000904,ST08,CUST100559,PRD200622,1,75000.0,Cash,AUTH88736,2024-11-03 22:57:00
TXN90000905,ST07,CUST102648,PRD201154,1,55000.0,MTN MoMo,CASH-4681,2024-12-21 15:21:00
TXN90000906,ST04,CUST103130,PRD200016,1,"24,000",Airtel Money,AM336785340,2024-09-30 12:59:00
TXN90000907,ECOM01,CUST101083,PRD200096,4,18000.0,MTN MoMo,CASH-8380,2024-07-05 03:59:00
TXN90000908,ST04,CUST102660,PRD200952,1,2875.0,Cash,AUTH56109,2024-11-16 01:26:00
TXN90000909,ST21,CUST100866,PRD200158,1,672.1,Cash,MP534709248,2024-10-21 21:41:00
TXN90000910,ST12,CUST100272,PRD200177,-2,63000.0,Cash,AUTH67268,2024-09-20 00:28:00
TXN90000911,ST07,CUST101310,PRD200791,1,8100.0,MTN MoMo,AUTH68439,2024-07-31 14:02:00
TXN90000912,ST15,,PRD200491,1,1650.0,MTN MoMo,AUTH39298,2024-11-13 14:19:00
TXN90000913,ST01,CUST101957,PRD200638,4,3000.0,AirtelMoney,CASH-8233,2024-10-01 11:20:00
TXN90000914,ST19,CUST104187,PRD200008,3,27000.0,CASH,CASH-9301,2024-10-02 07:27:00
TXN90000915,ECOM01,CUST104960,PRD200621,1,9000.0,Cash,CASH-6493,2024-12-22 05:40:00
TXN90000916,ST09,CUST101354,PRD200604,1,26000.0,Airtel Money,,2024-07-19 03:46:00
TXN90000917,ECOM01,CUST101598,PRD200570,1,38500.0,Airtel Money,CASH-9380,2024-09-24 18:49:00
TXN90000918,ST01,,PRD201160,1,3750.0,Cash,AUTH80132,2024-08-15 00:23:00
TXN90000919,ST20,CUST103880,PRD200132,3,6750.0,momo,AM863065045,2024-10-04 18:09:00
TXN90000920,ST18,CUST104048,PRD200704,2,5750.0,MTN Mobile Money,,2024-08-05 07:22:00
TXN90000921,ECOM01,CUST104536,PRD200795,1,862.5,MTN Mobile Money,AM882735233,2024-09-12 06:03:00
TXN90000922,ST04,CUST102693,PRD200220,-2,5400.0,Card,AUTH15453,2024-08-11 03:12:00
TXN90000923,ST05,CUST102877,PRD200444,5,2300.0,CASH,AUTH59746,2024-09-15 03:39:00
TXN90000924,ST06,CUST101940,PRD200853,1,3125.0,Card,AM891808695,2024-10-29 04:35:00
TXN90000925,ECOM01,CUST101144,PRD200464,3,6000.0,Cash,AUTH53989,2024-10-15 10:04:00
TXN90000926,ST23,CUST102449,PRD200505,1,1125.0,MTN MoMo,AUTH68458,2024-08-16 17:05:00
TXN90000927,ST04,CUST101258,PRD200823,2,2600.0,MTN MoMo,CASH-8117,2024-09-05 04:47:00
TXN90000928,ST01,CUST102929,PRD201080,1,6250.0,MTN MoMo,MP815474310,2024-11-18 07:40:00
TXN90000929,ST13,CUST101292,PRD200161,1,4500.0,AirtelMoney,AUTH12264,2024-07-05 22:18:00
TXN90000930,ST14,CUST104978,PRD200736,-1,18000.0,momo,CASH-7436,17/10/2024 01:30
TXN90000931,ST20,CUST102974,PRD200170,5,4500.0,MTN Mobile Money,AM194401898,2024-12-23 01:29:00
TXN90000932,ST12,CUST100314,PRD200917,4,3450.0,Cash,CASH-7198,2024-10-18 16:38:00
TXN90000933,ST05,CUST103257,PRD200595,3,"UGX 1,300",Cash,CASH-3587,03/12/2024 12:04
TXN90000934,ST06,CUST104271,PRD201106,2,9000.0,AirtelMoney,AUTH40657,2024-10-01 10:16:00
TXN90000935,ST05,CUST103826,PRD200245,1,4500.0,Cash,MP545944605,2024-09-14 04:41:00
TXN90000936,ECOM01,CUST103470,PRD200476,4,11500.0,Cash,MP306276917,2024-09-12 03:24:00
TXN90000937,ECOM01,CUST101969,PRD200146,1,1803.16,Cash,CASH-7842,2024-11-11 21:42:00
TXN90000938,ST14,CUST101525,PRD200251,1,3250.0,Airtel Money,,2024-10-16 03:57:00
TXN90000939,ST20,,PRD201055,2,62500.0,MTN MoMo,AM393004007,2024-08-06 15:28:00
TXN90000940,ST07,CUST103856,PRD200864,1,2875.0,MTN Mobile Money,,2024-11-23 11:36:00
TXN90000941,ST02,CUST100855,PRD200165,3,1350.0,CASH,AUTH23095,2024-12-15 10:14:00
TXN90000942,ST09,CUST103357,PRD200012,1,4500.0,MTN Mobile Money,MP983860847,2024-10-13 13:18:00
TXN90000943,ECOM01,CUST103788,PRD200425,4,43750.0,momo,CASH-5754,2024-07-04 18:03:00
TXN90000944,ST20,CUST102050,PRD201027,-2,5850.0,Cash,AUTH70581,2024-10-18 14:25:00
TXN90000945,ECOM01,CUST102001,PRD200572,1,3750.0,MTN MoMo,,10/07/2024 20:59
TXN90000946,ST18,CUST104880,PRD201106,3,9000.0,MTN MoMo,MP493196876,2024-11-19 22:54:00
TXN90000947,ECOM01,CUST103937,PRD200984,2,4950.0,MTN MoMo,MP112407751,2024-09-18 02:38:00
TXN90000948,ST13,CUST100183,PRD200889,1,9000.0,Cash,CASH-8029,2024-10-01 02:35:00
TXN90000949,ST09,CUST104038,PRD200507,-1,"UGX 2,700",AirtelMoney,CASH-4613,2024-10-12 04:39:00
TXN90000950,ST10,CUST102814,PRD201027,1,5850.0,Card,CASH-4690,2024-10-22 11:52:00
TXN90000951,ST05,CUST102059,PRD200770,1,2700.0,momo,MP702385290,2024-08-26 12:04:00
TXN90000952,ST02,CUST103847,PRD200666,4,4500.0,Airtel Money,MP182528739,2024-11-02 20:30:00
TXN90000953,ST18,CUST103198,PRD201147,1,2300.0,MTN Mobile Money,,2024-10-21 10:17:00
TXN90000954,ST03,CUST104436,PRD200105,4,25000.0,MTN Mobile Money,MP293923259,2024-07-15 00:14:00
TXN90000955,ST08,CUST103515,PRD200339,4,682.36,CASH,AUTH62909,04/12/2024 20:12
TXN90000956,ST22,CUST102351,PRD200128,1,5400.0,MTN Mobile Money,AUTH94255,2024-12-09 10:46:00
TXN90000957,ST17,CUST100865,PRD200469,1,4950.0,Cash,MP883968525,2024-12-20 16:45:00
TXN90000958,ST11,CUST102564,PRD200757,3,825.0,MTN MoMo,AM988590555,2024-10-27 18:41:00
TXN90000959,ST19,CUST103899,PRD201135,4,23000.0,Cash,AM120759628,2024-12-18 22:05:00
TXN90000960,ECOM01,CUST102084,PRD200123,3,3750.0,MTN Mobile Money,AM654282868,2024-09-01 01:33:00
TXN90000961,ST12,CUST102468,PRD200232,2,9375.0,Airtel Money,MP129288448,2024-08-25 21:10:00
TXN90000962,ST18,CUST102898,PRD200490,1,9000.0,AirtelMoney,AUTH50741,2024-09-09 16:00:00
TXN90000963,ECOM01,CUST103879,PRD200559,3,750.0,AirtelMoney,AUTH33337,2024-09-26 09:59:00
TXN90000964,ST18,CUST103073,PRD200054,3,1125.0,MTN MoMo,AUTH16319,2024-07-20 05:51:00
TXN90000965,ST08,CUST103873,PRD200341,1,40250.0,CASH,AM720182686,2024-07-15 21:51:00
TXN90000966,ST23,CUST101232,PRD200489,1,3600.0,MTN MoMo,,2024-10-14 17:41:00
TXN90000967,ECOM01,CUST100371,PRD200811,1,1350.0,Airtel Money,MP415073486,2024-10-27 20:46:00
TXN90000968,ST02,CUST101906,PRD200652,1,65000.0,MTN MoMo,AUTH72901,2024-11-14 13:31:00
TXN90000969,ST05,,PRD200370,2,38500.0,AirtelMoney,CASH-9726,2024-12-10 10:34:00
TXN90000970,ST16,CUST101055,PRD200494,1,25000.0,MTN MoMo,AUTH72540,2024-11-09 23:44:00
TXN90000971,ECOM01,CUST104887,PRD200416,-1,9375.0,MTN MoMo,,2024-10-31 18:25:00
TXN90000972,ST20,CUST103273,PRD200436,1,6750.0,MTN Mobile Money,AUTH80205,03/10/2024 23:31
TXN90000973,ST07,CUST100405,PRD200924,2,1125.0,Cash,CASH-7143,2024-11-11 22:27:00
TXN90000974,ST05,CUST102820,PRD200117,2,3600.0,Cash,MP918537299,2024-10-23 16:12:00
TXN90000975,ST11,CUST100269,PRD200368,1,8100.0,AirtelMoney,MP628211237,2024-11-20 14:13:00
TXN90000976,ST13,CUST100226,PRD200573,1,42000.0,Airtel Money,MP456984781,2024-07-29 17:47:00
TXN90000977,ECOM01,CUST100298,PRD200118,2,7500.0,AirtelMoney,,2024-07-04 22:00:00
TXN90000978,ST16,,PRD200046,1,367.06,Cash,CASH-6079,2024-10-18 00:39:00
TXN90000979,ECOM01,CUST104926,PRD200457,1,5175.0,AirtelMoney,CASH-2519,2024-09-30 10:49:00
TXN90000980,ST16,CUST101189,PRD200059,1,40250.0,AirtelMoney,AM513775782,21/11/2024 00:49
TXN90000981,ECOM01,CUST101362,PRD200129,-2,1350.0,momo,CASH-3237,2024-07-04 23:51:00
TXN90000982,ST03,CUST103495,PRD200004,5,"1,150",Airtel Money,CASH-8739,2024-07-26 03:58:00
TXN90000983,ST01,CUST104210,PRD200236,4,22500.0,MTN MoMo,CASH-3183,17/08/2024 13:10
TXN90000984,ST04,CUST100912,PRD200938,1,3900.0,MTN Mobile Money,MP599095182,2024-09-12 16:05:00
TXN90000985,ECOM01,CUST104703,PRD200001,2,60000.0,Cash,AUTH73826,20/09/2024 09:19
TXN90000986,ST16,CUST104214,PRD200978,-1,40250.0,AirtelMoney,CASH-9814,2024-10-19 01:53:00
TXN90000987,ST17,CUST104331,PRD201142,3,12500.0,MTN Mobile Money,CASH-7026,2024-08-15 09:10:00
TXN90000988,ST18,CUST101852,PRD200348,2,2400.0,AirtelMoney,AUTH57794,2024-09-06 21:28:00
TXN90000989,ECOM01,CUST104743,PRD200698,1,862.5,MTN MoMo,MP962865020,2024-08-03 06:22:00
TXN90000990,ST07,CUST101988,PRD200798,2,"2,400",Airtel Money,AUTH49713,2024-11-18 05:04:00
TXN90000991,ST18,CUST104147,PRD201126,2,2875.0,Card,AUTH48584,2024-12-15 19:34:00
TXN90000992,ST15,CUST102335,PRD200442,1,3750.0,MTN MoMo,MP672650054,2024-07-14 19:02:00
TXN90000993,ST21,CUST100593,PRD200362,3,"UGX 3,450",Airtel Money,,04/07/2024 18:14
TXN90000994,ST04,,PRD200475,1,43750.0,MTN MoMo,AM680558644,2024-10-13 06:24:00
TXN90000995,ECOM01,CUST104928,PRD200909,2,3000.0,MTN Mobile Money,MP453656922,2024-10-04 05:08:00
TXN90000996,ECOM01,CUST100510,PRD200114,2,13500.0,MTN Mobile Money,MP939026719,2024-11-07 17:54:00
TXN90000997,ECOM01,CUST100727,PRD200615,2,1875.0,Airtel Money,AM494912760,2024-11-18 06:50:00
TXN90000998,ST13,CUST100284,PRD200373,-1,18750.0,CASH,MP557303327,2024-09-20 18:54:00
TXN90000999,ST05,CUST100225,PRD200494,-2,25000.0,Cash,MP780525146,2024-10-02 13:52:00
TXN90001000,ST06,CUST102951,PRD200360,4,52500.0,Airtel Money,AUTH17336,15/08/2024 06:39
TXN90001001,ST04,CUST103746,PRD200756,1,900.0,MTN MoMo,AM282997598,2024-07-08 01:26:00
TXN90001002,ST21,CUST102314,PRD200959,2,2200.0,MTN MoMo,CASH-3744,2024-10-06 09:06:00
TXN90001003,ST02,CUST103501,PRD200821,2,"UGX 9,603",MTN MoMo,AM791270871,2024-12-24 20:57:00
TXN90001004,ST20,CUST103089,PRD200270,1,650.0,Card,,2024-08-22 11:48:00
TXN90001005,ECOM01,CUST104780,PRD200191,1,19500.0,momo,MP156182129,01/07/2024 17:46
TXN90001006,ST19,CUST100798,PRD200926,3,38500.0,momo,MP348775077,07/10/2024 19:28
TXN90001007,ECOM01,CUST100991,PRD200271,2,5625.0,Cash,MP787764467,19/07/2024 17:27
TXN90001008,ST03,,PRD200538,3,57500.0,Cash,CASH-7179,2024-09-06 17:18:00
TXN90001009,ST20,CUST103503,PRD200142,1,4197.32,MTN MoMo,MP135408858,2024-11-02 10:25:00
TXN90001010,ST01,CUST102423,PRD200766,2,36000.0,Cash,AUTH88018,21/08/2024 20:08
TXN90001011,ST14,CUST100868,PRD200300,1,5400.0,MTN MoMo,AUTH60623,20/07/2024 22:17
TXN90001012,ST23,CUST100456,PRD200227,3,550.0,MTN MoMo,,2024-11-21 03:09:00
TXN90001013,ST13,CUST103482,PRD200844,3,1300.0,CASH,AUTH87117,14/10/2024 05:11
TXN90001014,ST02,CUST100504,PRD200018,3,2200.0,momo,CASH-7726,2024-09-14 07:16:00
TXN90001015,ST22,CUST101083,PRD200746,3,1650.0,Cash,MP644817010,2024-07-01 05:12:00
TXN90001016,ECOM01,CUST104164,PRD200725,1,3750.0,MTN Mobile Money,MP880066080,2024-08-22 01:40:00
TXN90001017,ECOM01,CUST102382,PRD200219,2,4500.0,momo,AM608480190,2024-08-19 09:38:00
TXN90001018,ST14,CUST104654,PRD200922,3,55000.0,Airtel Money,AM160749937,2024-11-06 06:13:00
TXN90001019,ST18,CUST101106,PRD200041,3,11500.0,AirtelMoney,CASH-2810,2024-09-13 02:57:00
TXN90001020,ECOM01,CUST101982,PRD200277,4,22000.0,Airtel Money,,2024-11-12 05:59:00
TXN90001021,ST02,CUST100184,PRD200437,2,13000.0,MTN MoMo,CASH-4756,09/10/2024 21:38
TXN90001022,ECOM01,CUST104747,PRD200660,1,62500.0,MTN MoMo,CASH-9048,2024-10-10 01:56:00
TXN90001023,ST02,CUST100409,PRD201139,3,"UGX 23,000",momo,,2024-10-06 22:01:00
TXN90001024,ECOM01,CUST102165,PRD200752,2,825.0,CASH,MP502297809,2024-12-05 05:47:00
TXN90001025,ST01,,PRD200968,3,6250.0,MTN MoMo,,2024-12-07 07:10:00
TXN90001026,ECOM01,CUST102077,PRD200766,5,36000.0,momo,AUTH47971,26/11/2024 13:47
TXN90001027,ST02,CUST101705,PRD200978,4,40250.0,MTN Mobile Money,MP931131437,2024-12-02 14:06:00
TXN90001028,ST08,CUST100957,PRD200297,3,3750.0,MTN MoMo,AUTH62395,2024-08-15 03:55:00
TXN90001029,ST15,CUST102455,PRD200491,2,1650.0,AirtelMoney,MP448111059,2024-10-26 10:00:00
TXN90001030,ST05,CUST104433,PRD200763,3,27000.0,AirtelMoney,AM723039183,2024-08-11 02:13:00
TXN90001031,ST10,CUST100054,PRD200300,4,5400.0,Cash,MP438764060,2024-08-30 05:38:00
TXN90001032,ST20,,PRD201039,1,19500.0,MTN Mobile Money,,2024-10-30 10:23:00
TXN90001033,ECOM01,CUST101714,PRD200034,-2,12500.0,MTN Mobile Money,AUTH28028,12/08/2024 11:49
TXN90001034,ST01,CUST101725,PRD200594,-1,22000.0,Airtel Money,AUTH80480,2024-07-13 08:28:00
TXN90001035,ST14,,PRD200409,2,1950.0,AirtelMoney,CASH-4147,2024-07-16 03:02:00
TXN90001036,ST16,CUST102564,PRD200127,1,12500.0,momo,MP964068190,21/08/2024 23:23
TXN90001037,ST16,CUST102196,PRD201083,1,12000.0,momo,,2024-11-07 16:47:00
TXN90001038,ST19,CUST101480,PRD200817,4,63000.0,Card,,24/09/2024 13:29
TXN90001039,ST08,CUST104869,PRD200180,2,"5,400",MTN MoMo,AM178368971,2024-10-18 22:09:00
TXN90001040,ST18,CUST100520,PRD200932,1,12500.0,MTN Mobile Money,AM662714361,2024-10-12 15:42:00
TXN90001041,ST10,CUST101157,PRD201056,5,63000.0,Card,,28/11/2024 04:51
TXN90001042,ST12,CUST104381,PRD200901,3,18000.0,Cash,MP863848988,08/10/2024 05:27
TXN90001043,ECOM01,CUST104570,PRD200366,5,5400.0,momo,CASH-8332,2024-12-27 08:36:00
TXN90001044,ST18,CUST101434,PRD201058,-1,1150.0,MTN MoMo,MP309758085,2024-12-12 21:33:00
TXN90001045,ST06,CUST102746,PRD200902,-2,937.5,AirtelMoney,MP354368492,2024-07-10 17:39:00
TXN90001046,ST07,CUST104750,PRD200246,1,22500.0,Airtel Money,AM811638312,2024-09-06 15:27:00
TXN90001047,ST15,CUST103970,PRD200247,4,1800.0,MTN MoMo,MP148655162,2024-07-28 21:18:00
TXN90001048,ST05,CUST101323,PRD201074,3,65000.0,MTN MoMo,MP500165308,2024-11-16 19:07:00
TXN90001049,ST11,CUST102037,PRD200582,1,1250.0,AirtelMoney,AUTH25260,2024-10-29 09:05:00
TXN90001050,ST12,CUST101888,PRD200201,1,22000.0,MTN MoMo,CASH-7572,06/12/2024 20:28
TXN90001051,ST21,CUST101170,PRD200209,1,5500.0,momo,AUTH90524,09/12/2024 00:19
TXN90001052,ST22,CUST102355,PRD200088,1,2500.0,Cash,CASH-9369,28/08/2024 04:45
TXN90001053,ST02,CUST103829,PRD200713,4,1500.0,momo,,2024-08-08 18:20:00
TXN90001054,ST12,CUST104547,PRD200989,1,17250.0,MTN MoMo,MP218273517,2024-07-05 14:51:00
TXN90001055,ECOM01,CUST104543,PRD201067,1,1665.27,momo,AUTH33411,2024-07-05 08:54:00
TXN90001056,ST10,CUST101906,PRD200016,1,24000.0,AirtelMoney,AM269182894,2024-11-18 15:39:00
TXN90001057,ST21,CUST101841,PRD200899,1,900.0,MTN MoMo,CASH-9897,20/09/2024 01:19
TXN90001058,ST23,CUST104921,PRD200637,3,22000.0,MTN MoMo,AM172635017,22/12/2024 06:01
TXN90001059,ST03,CUST101419,PRD200924,1,1125.0,CASH,AUTH66849,2024-11-20 04:12:00
TXN90001060,ECOM01,,PRD200140,3,23000.0,MTN Mobile Money,CASH-9629,2024-12-24 04:48:00
TXN90001061,ST14,CUST102142,PRD200696,1,5500.0,Cash,AM890600096,22/10/2024 12:09
TXN90001062,ECOM01,CUST100990,PRD200779,3,25000.0,MTN Mobile Money,AUTH24975,2024-08-16 22:19:00
TXN90001063,ST17,CUST100544,PRD200656,4,1250.0,momo,,2024-10-09 00:21:00
TXN90001064,ST14,CUST100344,PRD200389,3,15000.0,MTN Mobile Money,MP919967800,2024-08-19 02:58:00
TXN90001065,ST23,CUST102065,PRD200276,2,575.0,CASH,,2024-07-23 20:38:00
TXN90001066,ST12,CUST102762,PRD201091,1,11500.0,Cash,CASH-4973,2024-09-13 06:01:00
TXN90001067,ST13,CUST101299,PRD200245,3,4500.0,Cash,,2024-09-05 23:21:00
TXN90001068,ST15,CUST102722,PRD200749,1,2250.0,MTN MoMo,CASH-8506,2024-12-23 08:44:00
TXN90001069,ST15,CUST103285,PRD200795,1,862.5,AirtelMoney,CASH-8621,2024-09-26 12:55:00
TXN90001070,ST01,CUST101192,PRD201083,1,12000.0,momo,MP163944955,2024-12-13 05:05:00
TXN90001071,ST16,CUST103677,PRD200330,1,63000.0,MTN MoMo,AUTH87227,2024-07-07 14:36:00
TXN90001072,ST17,CUST104228,PRD200326,3,3300.0,MTN MoMo,,2024-10-20 20:28:00
TXN90001073,ECOM01,CUST101217,PRD200751,2,"UGX 26,540",CASH,CASH-1711,2024-10-31 22:35:00
TXN90001074,ST17,CUST102951,PRD200686,1,5400.0,AirtelMoney,AM583036131,2024-08-26 17:12:00
TXN90001075,ST13,CUST104317,PRD200790,5,1800.0,Cash,CASH-4201,2024-10-11 12:44:00
TXN90001076,ECOM01,,PRD200718,2,2300.0,Cash,MP488188935,2024-10-22 03:28:00
TXN90001077,ST06,CUST104027,PRD200582,1,1250.0,Card,CASH-9253,2024-12-20 19:39:00
TXN90001078,ECOM01,CUST101100,PRD200848,1,57500.0,Cash,AM795756857,2024-11-15 15:52:00
TXN90001079,ST15,CUST102407,PRD201044,1,27000.0,Airtel Money,CASH-8924,2024-10-28 04:22:00
TXN90001080,ST19,CUST100338,PRD200402,1,6750.0,MTN MoMo,CASH-3763,2024-09-07 10:19:00
TXN90001081,ST06,CUST103175,PRD200160,2,2750.0,MTN MoMo,AUTH19656,08/07/2024 20:17
TXN90001082,ECOM01,CUST104344,PRD200597,1,5750.0,momo,MP610146453,2024-08-13 21:44:00
TXN90001083,ST21,CUST100197,PRD200356,-1,1250.0,AirtelMoney,AM107607879,2024-11-26 14:56:00
TXN90001084,ECOM01,CUST102150,PRD200846,1,8100.0,MTN MoMo,CASH-8049,2024-08-16 12:52:00
TXN90001085,ECOM01,CUST100959,PRD201087,5,2250.0,CASH,,2024-07-18 10:04:00
TXN90001086,ST20,CUST103064,PRD200025,2,1875.0,Card,MP973175660,2024-09-13 04:29:00
TXN90001087,ST14,CUST100881,PRD200835,2,23000.0,momo,MP543364695,2024-10-17 06:41:00
TXN90001088,ST21,CUST103460,PRD200200,2,62500.0,MTN MoMo,CASH-2426,2024-12-17 12:30:00
TXN90001089,ST19,CUST104828,PRD200134,1,UGX3600,momo,AUTH81456,2024-09-22 15:17:00
TXN90001090,ECOM01,CUST103549,PRD200030,1,2600.0,Airtel Money,MP194047397,2024-11-25 18:16:00
TXN90001091,ST02,CUST104741,PRD200322,1,"UGX 9,000",Cash,AUTH79262,2024-08-20 19:00:00
TXN90001092,ST05,CUST102552,PRD200756,3,900.0,Airtel Money,AUTH79241,2024-08-24 07:28:00
TXN90001093,ECOM01,CUST100666,PRD200256,4,975.0,MTN Mobile Money,AUTH30229,2024-12-15 16:21:00
TXN90001094,ECOM01,CUST104751,PRD200526,1,45500.0,AirtelMoney,AUTH65754,2024-11-24 16:16:00
TXN90001095,ST05,CUST100356,PRD200538,2,57500.0,MTN MoMo,MP645603578,2024-10-26 20:21:00
TXN90001096,ECOM01,CUST100009,PRD200841,2,575.0,Cash,AUTH57197,2024-11-25 23:05:00
TXN90001097,ST02,CUST103831,PRD200436,2,6750.0,AirtelMoney,AM416266035,05/11/2024 05:27
TXN90001098,ST14,CUST103005,PRD201069,1,8100.0,CASH,CASH-6874,2024-07-03 18:12:00
TXN90001099,ECOM01,CUST102372,PRD200511,3,1350.0,MTN MoMo,,2024-11-18 20:24:00
TXN90001100,ST11,CUST101136,PRD200625,1,9000.0,Cash,MP197791835,17/12/2024 20:06
TXN90001101,ECOM01,,PRD200035,1,11500.0,MTN MoMo,AM389351541,2024-09-15 03:49:00
TXN90001102,ST09,CUST100581,PRD200399,1,900.0,momo,CASH-2808,2024-10-24 23:36:00
TXN90001103,ST17,CUST101924,PRD200493,1,825,MTN MoMo,MP493088305,2024-09-22 15:47:00
TXN90001104,ST05,CUST104372,PRD200935,1,"UGX 42,000",CASH,CASH-5288,2024-08-24 16:14:00
TXN90001105,ST18,CUST100565,PRD200440,3,428.94,Airtel Money,AUTH37320,2024-09-27 01:27:00
TXN90001106,ST02,CUST104191,PRD200249,2,650.0,AirtelMoney,CASH-7407,2024-07-24 23:14:00
TXN90001107,ST16,,PRD200100,1,1875.0,AirtelMoney,,2024-10-03 05:30:00
TXN90001108,ST18,CUST104410,PRD200078,2,UGX894,Cash,MP806485538,2024-08-02 10:04:00
TXN90001109,ST22,CUST103244,PRD200037,1,27000.0,MTN MoMo,AM302955024,2024-07-30 23:27:00
TXN90001110,ST06,CUST102221,PRD200160,2,2750.0,AirtelMoney,AUTH78620,2024-09-14 19:07:00
TXN90001111,ST06,CUST102496,PRD200842,2,3450.0,CASH,MP520123184,2024-12-19 15:44:00
TXN90001112,ST13,CUST103456,PRD200525,2,6250.0,MTN MoMo,MP445066770,2024-12-10 05:18:00
TXN90001113,ECOM01,CUST102763,PRD200300,5,5400.0,MTN MoMo,AM207736209,2024-12-20 16:59:00
TXN90001114,ST15,CUST101300,PRD201147,4,2300.0,MTN MoMo,MP135103581,2024-11-28 00:06:00
TXN90001115,ST03,CUST102090,PRD200359,4,2200.0,Airtel Money,AUTH85804,2024-12-25 19:19:00
TXN90001116,ST15,CUST104823,PRD200910,3,3750.0,Airtel Money,CASH-3407,2024-10-25 20:27:00
TXN90001117,ST22,CUST100221,PRD200563,1,17250.0,CASH,,2024-07-11 17:43:00
TXN90001118,ST13,CUST102461,PRD200394,1,3600.0,Cash,MP761385195,2024-12-19 07:45:00
TXN90001119,ST06,CUST100579,PRD200970,2,5175.0,MTN MoMo,MP190950124,2024-09-22 07:13:00
TXN90001120,ST07,CUST102694,PRD200984,1,4950.0,Card,CASH-1564,29/09/2024 09:27
TXN90001121,ST20,CUST101491,PRD200628,2,3750.0,MTN MoMo,MP392536783,2024-08-03 03:15:00
TXN90001122,ST11,CUST100787,PRD201005,2,5400.0,Cash,AUTH59700,2024-10-25 19:20:00
TXN90001123,ST12,CUST104634,PRD200434,-2,16500.0,MTN MoMo,AUTH83403,2024-07-11 16:10:00
TXN90001124,ECOM01,CUST104376,PRD200060,1,2875.0,AirtelMoney,AUTH52492,2024-08-04 04:15:00
TXN90001125,ST05,,PRD200843,1,3450.0,MTN MoMo,MP560282238,2024-10-23 13:13:00
TXN90001126,ST20,CUST103734,PRD200050,1,900.0,momo,AM428731515,2024-09-01 16:59:00
TXN90001127,ECOM01,CUST101752,PRD200598,1,862.5,CASH,AM905591195,2024-07-15 18:16:00
TXN90001128,ECOM01,CUST104876,PRD200228,3,12500.0,Cash,CASH-9667,2024-09-03 10:15:00
TXN90001129,ST19,CUST102960,PRD201056,1,63000.0,MTN Mobile Money,AM271531427,2024-12-01 23:13:00
TXN90001130,ECOM01,CUST103528,PRD201034,1,UGX36000,MTN MoMo,CASH-6625,2024-12-05 05:01:00
TXN90001131,ST05,CUST104901,PRD200833,2,27000.0,MTN MoMo,CASH-5963,2024-07-05 03:54:00
TXN90001132,ST15,CUST102572,PRD201116,1,18000.0,AirtelMoney,CASH-2780,2024-09-22 14:08:00
TXN90001133,ST04,CUST101004,PRD200973,1,1125.0,Airtel Money,AUTH37044,2024-07-30 08:30:00
TXN90001134,ST17,CUST103249,PRD200586,-1,4950.0,MTN MoMo,CASH-9911,2024-09-11 07:23:00
TXN90001135,ST05,CUST101514,PRD200368,1,8100.0,MTN MoMo,AM270072038,2024-08-01 18:53:00
TXN90001136,ECOM01,,PRD200276,1,575.0,AirtelMoney,AUTH14442,2024-08-11 12:39:00
TXN90001137,ST17,CUST103088,PRD200926,1,38500.0,Airtel Money,AM754996731,2024-07-17 13:13:00
TXN90001138,ST06,CUST100518,PRD200530,3,5625.0,AirtelMoney,AUTH65073,2024-09-13 05:44:00
TXN90001139,ST21,CUST104350,PRD200367,1,600.0,MTN MoMo,MP973812719,2024-07-06 01:15:00
TXN90001140,ECOM01,CUST102021,PRD200523,5,825.0,Airtel Money,AM367120620,2024-09-17 15:45:00
TXN90001141,ST08,CUST102295,PRD200355,4,975.0,Cash,CASH-8990,04/09/2024 13:43
TXN90001142,ST05,CUST104895,PRD200544,4,18750.0,MTN MoMo,AM999122014,2024-10-28 02:38:00
TXN90001143,ST04,CUST102082,PRD201150,3,25000.0,MTN MoMo,MP115488028,19/10/2024 09:47
TXN90001144,ST11,CUST101531,PRD200843,1,3450.0,MTN MoMo,AUTH59363,2024-12-25 01:27:00
TXN90001145,ST10,CUST100354,PRD200577,1,2400.0,AirtelMoney,AM536435699,2024-11-03 21:55:00
TXN90001146,ST23,CUST101956,PRD201079,1,1800.0,CASH,MP669604576,2024-12-11 04:02:00
TXN90001147,ST21,CUST102097,PRD200605,-1,30000.0,Cash,CASH-1410,2024-07-19 05:11:00
TXN90001148,ST12,CUST104264,PRD201001,1,900.0,momo,MP724426100,2024-09-14 22:21:00
TXN90001149,ST20,CUST100439,PRD200846,1,8100.0,Airtel Money,CASH-5739,2024-09-12 16:09:00
TXN90001150,ST23,CUST103710,PRD200264,1,1800.0,MTN Mobile Money,CASH-8429,2024-07-16 22:25:00
TXN90001151,ST06,CUST103520,PRD200497,1,600.0,CASH,AM893115267,2024-11-01 22:23:00
TXN90001152,ECOM01,CUST101160,PRD200705,1,9000.0,Card,CASH-4032,2024-12-27 10:29:00
TXN90001153,ST03,CUST104417,PRD201094,1,13000.0,Cash,AM822655052,2024-07-01 22:25:00
TXN90001154,ST23,CUST102378,PRD200635,1,6750.0,Airtel Money,MP616807942,27/11/2024 19:42
TXN90001155,ECOM01,CUST100743,PRD201164,1,19500.0,MTN MoMo,AUTH82804,2024-09-16 18:40:00
TXN90001156,ST11,CUST102334,PRD200695,1,2875.0,Airtel Money,MP792026459,2024-12-19 20:07:00
TXN90001157,ECOM01,CUST101273,PRD200252,3,937.5,Cash,CASH-3423,07/11/2024 12:35
TXN90001158,ST13,CUST100250,PRD200923,-2,"UGX 3,750",CASH,MP681118409,2024-12-25 18:34:00
TXN90001159,ST10,CUST103132,PRD201005,1,5400.0,Airtel Money,MP580709555,2024-07-15 04:59:00
TXN90001160,ST08,CUST104885,PRD200985,4,57500.0,AirtelMoney,AM221962109,2024-09-26 04:01:00
TXN90001161,ST20,CUST100554,PRD200941,1,36000.0,AirtelMoney,AUTH38656,2024-12-05 17:52:00
TXN90001162,ECOM01,CUST103461,PRD200337,4,25000.0,Airtel Money,,2024-09-13 21:08:00
TXN90001163,ST21,CUST103214,PRD200486,1,900.0,Airtel Money,MP355947897,2024-10-21 01:07:00
TXN90001164,ST14,CUST100722,PRD200799,1,1150.0,CASH,MP296304080,2024-10-30 22:48:00
TXN90001165,ST16,CUST103465,PRD200773,4,2500.0,AirtelMoney,AUTH90278,2024-11-29 11:36:00
TXN90001166,ST19,CUST100322,PRD200597,1,5750.0,Cash,CASH-2171,08/11/2024 09:26
TXN90001167,ST11,CUST101568,PRD200976,3,8100.0,MTN MoMo,MP188490137,2024-07-18 08:49:00
TXN90001168,ST19,CUST101444,PRD200012,1,4500.0,MTN Mobile Money,AM906814168,2024-10-20 08:40:00
TXN90001169,ST07,CUST103736,PRD200196,1,5536.64,MTN MoMo,CASH-9489,2024-12-20 04:13:00
TXN90001170,ST06,CUST101505,PRD200148,2,23000.0,AirtelMoney,MP134575695,2024-10-29 16:13:00
TXN90001171,ST06,CUST101701,PRD200060,2,2875.0,Airtel Money,AUTH83677,2024-07-16 22:08:00
TXN90001172,ST07,CUST101971,PRD200836,2,7500.0,CASH,,2024-07-30 10:44:00
TXN90001173,ST09,CUST101913,PRD200411,1,1125.0,Card,AM984571865,2024-10-03 00:59:00
TXN90001174,ST06,CUST100388,PRD200278,1,1350.0,Cash,AUTH67243,2024-08-21 10:05:00
TXN90001175,ST09,,PRD200337,2,25000.0,AirtelMoney,MP106896404,2024-08-04 20:52:00
TXN90001176,ECOM01,CUST101344,PRD200584,1,5175.0,MTN Mobile Money,AM500579069,2024-09-08 03:06:00
TXN90001177,ST07,CUST101250,PRD201148,4,900.0,Airtel Money,AUTH43688,2024-07-03 14:13:00
TXN90001178,ST04,CUST102503,PRD200214,-1,65000.0,MTN MoMo,AM686559903,2024-07-15 19:21:00
TXN90001179,ST05,CUST100715,PRD200027,2,2250.0,MTN MoMo,CASH-3824,2024-10-31 04:20:00
TXN90001180,ST08,CUST104499,PRD200721,4,8625.0,Airtel Money,AM230640146,25/08/2024 13:16
TXN90001181,ST07,CUST102994,PRD201122,1,6750.0,AirtelMoney,,2024-09-19 14:00:00
TXN90001182,ST17,CUST100558,PRD200400,3,"UGX 5,625",MTN Mobile Money,AUTH33150,2024-07-22 16:53:00
TXN90001183,ST21,CUST103509,PRD200500,2,26469.75,AirtelMoney,AM359280525,2024-08-13 19:25:00
TXN90001184,ST18,CUST101042,PRD200876,1,30000.0,MTN Mobile Money,AM545866247,2024-09-09 01:26:00
TXN90001185,ST09,CUST104758,PRD201084,3,25000.0,MTN Mobile Money,MP461962881,2024-07-08 21:54:00
TXN90001186,ECOM01,CUST102552,PRD200836,1,7500.0,Airtel Money,MP681770025,10/11/2024 00:05
TXN90001187,ST22,,PRD200891,3,40250.0,MTN MoMo,AM298355750,2024-08-15 22:11:00
TXN90001188,ST17,CUST102460,PRD200419,2,1800.0,Cash,,2024-08-27 20:01:00
TXN90001189,ST19,CUST100408,PRD200576,-1,1725.0,MTN Mobile Money,MP590738631,2024-12-20 00:24:00
TXN90001190,ST11,CUST104410,PRD200999,1,5175.0,MTN MoMo,AM561263969,2024-11-01 07:16:00
TXN90001191,ST10,CUST104261,PRD200159,1,1150.0,Cash,AUTH73687,2024-08-04 07:57:00
TXN90001192,ST07,CUST100763,PRD200842,2,3450.0,Cash,CASH-5859,15/11/2024 03:09
TXN90001193,ECOM01,CUST104146,PRD200475,3,43750.0,AirtelMoney,CASH-8921,16/12/2024 07:31
TXN90001194,ECOM01,CUST103147,PRD200868,2,12500.0,Card,CASH-5998,2024-11-01 09:45:00
TXN90001195,ST18,CUST103113,PRD200833,2,27000.0,Cash,AM169299541,2024-12-18 09:32:00
TXN90001196,ST12,CUST100889,PRD200460,1,4500.0,Airtel Money,CASH-7511,2024-10-19 19:12:00
TXN90001197,ST01,CUST100504,PRD200507,3,2700.0,MTN MoMo,MP761259860,2024-10-20 20:44:00
TXN90001198,ECOM01,CUST102258,PRD200384,1,2600.0,Card,CASH-6626,2024-09-27 12:16:00
TXN90001199,ST11,CUST101091,PRD200188,1,38500.0,Cash,AM399541538,2024-09-09 10:09:00
TXN90001200,ST15,,PRD200571,1,2600.0,MTN Mobile Money,CASH-4648,2024-08-02 18:04:00
TXN90001201,ECOM01,CUST102956,PRD200726,1,1800.0,Airtel Money,MP347921141,2024-07-14 12:36:00
TXN90001202,ST02,CUST101512,PRD200016,2,24000.0,momo,AM146752503,07/11/2024 15:20
TXN90001203,ECOM01,,PRD200935,5,42000.0,Cash,CASH-2760,2024-12-04 10:12:00
TXN90001204,ST16,CUST104317,PRD200044,2,8625.0,MTN Mobile Money,CASH-5556,2024-09-19 10:07:00
TXN90001205,ST01,CUST103312,PRD200575,4,3600.0,Airtel Money,CASH-3026,08/07/2024 00:53
TXN90001206,ST07,CUST100573,PRD200014,2,3750.0,MTN MoMo,MP869017277,2024-07-21 13:22:00
TXN90001207,ECOM01,CUST103605,PRD200099,4,7500.0,AirtelMoney,MP787082554,2024-07-19 03:55:00
TXN90001208,ST11,CUST100020,PRD201143,1,23000.0,momo,,2024-08-26 12:41:00
TXN90001209,ST12,CUST100812,PRD200218,3,650.0,AirtelMoney,CASH-8554,10/08/2024 15:30
TXN90001210,ECOM01,CUST102187,PRD200624,1,23000.0,MTN Mobile Money,AM260717957,2024-12-05 02:40:00
TXN90001211,ST13,CUST104982,PRD200126,3,750.0,Airtel Money,AM735381067,05/10/2024 17:59
TXN90001212,ST06,CUST102128,PRD200567,1,75000.0,AirtelMoney,MP543520437,2024-10-20 03:04:00
TXN90001213,ST05,CUST101947,PRD200075,2,15000.0,MTN Mobile Money,AUTH59282,2024-12-18 04:17:00
TXN90001214,ECOM01,CUST102442,PRD200144,3,3900.0,Cash,MP906910325,2024-08-09 07:50:00
TXN90001215,ST18,CUST102142,PRD200763,2,27000.0,MTN Mobile Money,AUTH89415,2024-10-17 13:27:00
TXN90001216,ST07,CUST102123,PRD200438,1,1150.0,AirtelMoney,AM182811271,2024-10-07 21:59:00
TXN90001217,ST01,,PRD200900,3,750.0,Airtel Money,MP650256335,2024-12-17 22:26:00
TXN90001218,ST14,CUST100098,PRD200142,4,4197.32,AirtelMoney,MP166203956,25/12/2024 10:04
TXN90001219,ST23,CUST103687,PRD200479,5,1950.0,Airtel Money,AM519469603,2024-12-17 22:50:00
TXN90001220,ST08,CUST104139,PRD200733,2,5500.0,Cash,MP463642452,2024-07-11 20:48:00
TXN90001221,ECOM01,CUST103830,PRD200084,1,1725.0,momo,MP550228491,20/12/2024 10:10
TXN90001222,ST05,CUST102783,PRD200100,4,UGX1875,Airtel Money,CASH-4472,2024-07-14 19:21:00
TXN90001223,ECOM01,CUST104153,PRD200445,1,13000.0,Airtel Money,CASH-3041,2024-10-15 16:18:00
TXN90001224,ST22,CUST104753,PRD200732,2,2300.0,CASH,,2024-07-06 10:50:00
TXN90001225,ST12,CUST102999,PRD200787,2,3250.0,CASH,AUTH39660,2024-07-22 03:24:00
TXN90001226,ST07,CUST100603,PRD200521,4,1100.0,momo,AM866400307,2024-07-22 04:39:00
TXN90001227,ST09,CUST101624,PRD200499,2,600.0,Airtel Money,,2024-07-15 17:52:00
TXN90001228,ST10,,PRD201158,1,36000.0,MTN Mobile Money,AM769961726,2024-11-09 00:07:00
TXN90001229,ST20,CUST101816,PRD200446,1,2400.0,MTN MoMo,AUTH97484,24/12/2024 08:40
TXN90001230,ST22,CUST101875,PRD201114,1,6750.0,MTN Mobile Money,MP993521269,2024-08-31 05:49:00
TXN90001231,ST09,CUST102135,PRD200600,1,671.99,MTN MoMo,CASH-2631,2024-12-25 13:12:00
TXN90001232,ST05,,PRD200653,1,"UGX 2,700",CASH,CASH-9504,2024-10-21 22:59:00
TXN90001233,ST08,CUST102420,PRD200449,4,UGX2250,CASH,AM343516348,2024-10-29 20:14:00
TXN90001234,ST11,CUST101547,PRD200979,1,1200.0,MTN MoMo,AM825414312,22/10/2024 17:17
TXN90001235,ST20,CUST101882,PRD200301,1,1250.0,MTN MoMo,AUTH22252,2024-10-08 04:45:00
TXN90001236,ST17,CUST103883,PRD200106,1,2875.0,Airtel Money,AM413080614,2024-12-17 08:55:00
TXN90001237,ST20,CUST100072,PRD200006,2,750.0,MTN Mobile Money,CASH-7468,2024-12-14 18:53:00
TXN90001238,ECOM01,,PRD200760,4,6000.0,MTN Mobile Money,MP934124793,2024-11-20 00:34:00
TXN90001239,ST07,CUST103833,PRD200770,2,2700.0,MTN Mobile Money,CASH-7398,2024-07-06 20:09:00
TXN90001240,ECOM01,CUST102253,PRD200318,-2,UGX5175,momo,,2024-12-17 16:31:00
TXN90001241,ST13,CUST103401,PRD200499,1,600.0,Airtel Money,AM272046232,2024-07-25 06:12:00
TXN90001242,ST15,CUST104765,PRD200685,1,1150.0,Airtel Money,AM486345645,2024-11-07 08:43:00
TXN90001243,ECOM01,CUST101644,PRD201095,1,5175.0,Cash,CASH-2280,2024-09-22 00:49:00
TXN90001244,ECOM01,CUST101775,PRD200481,2,1250.0,Airtel Money,AM532696059,2024-12-21 05:16:00
TXN90001245,ST01,CUST103514,PRD200663,1,750.0,Cash,AM352030063,2024-07-09 19:11:00
TXN90001246,ST23,CUST102527,PRD201025,4,4500.0,Cash,AUTH33093,2024-09-12 02:58:00
TXN90001247,ST08,CUST104207,PRD200790,2,1800.0,Cash,AM343565586,2024-12-10 10:37:00
TXN90001248,ST16,CUST103468,PRD201130,2,8100.0,CASH,AM785612715,2024-11-03 07:19:00
TXN90001249,ST21,CUST104857,PRD200239,5,1350.0,MTN Mobile Money,AM299034818,01/07/2024 09:54
TXN90001250,ECOM01,CUST102494,PRD201089,4,"UGX 1,250",MTN Mobile Money,AM503008654,05/11/2024 00:52
TXN90001251,ST07,CUST103636,PRD200323,1,4950.0,AirtelMoney,MP565212676,2024-08-06 09:30:00
TXN90001252,ECOM01,CUST100959,PRD200665,1,1500.0,Cash,AUTH58708,2024-09-06 13:11:00
TXN90001253,ST01,CUST104085,PRD200760,-1,6000.0,MTN MoMo,AM984459540,2024-07-28 15:05:00
TXN90001254,ECOM01,CUST103552,PRD200895,-1,1250.0,AirtelMoney,CASH-9690,2024-08-17 02:19:00
TXN90001255,ST21,CUST104868,PRD200565,5,36000.0,Card,AM573163343,2024-09-04 08:39:00
TXN90001256,ST18,CUST104786,PRD200591,2,12500.0,MTN MoMo,AM151112760,2024-07-15 01:57:00
TXN90001257,ST02,CUST101773,PRD200138,3,4500.0,Cash,CASH-5482,2024-11-28 00:06:00
TXN90001258,ST11,,PRD200150,1,25000.0,MTN MoMo,,30/07/2024 21:07
TXN90001259,ECOM01,CUST102961,PRD201054,1,5175.0,Cash,CASH-8446,2024-12-13 16:15:00
TXN90001260,ECOM01,CUST100680,PRD200885,2,3600.0,CASH,AUTH83768,28/08/2024 19:21
TXN90001261,ST15,CUST101263,PRD200474,2,2200.0,Airtel Money,,2024-09-13 10:49:00
TXN90001262,ECOM01,,PRD200575,4,3600.0,MTN Mobile Money,AM394672462,2024-10-15 12:07:00
TXN90001263,ECOM01,CUST101203,PRD200297,2,3750.0,MTN MoMo,CASH-5638,2024-10-18 01:02:00
TXN90001264,ECOM01,CUST100642,PRD200138,3,4500.0,Cash,MP568974376,2024-08-26 12:04:00
TXN90001265,ECOM01,CUST104916,PRD200460,1,4500.0,momo,MP582923603,2024-09-01 02:46:00
TXN90001266,ST05,CUST100576,PRD200023,-2,3600.0,MTN Mobile Money,AUTH43443,2024-08-23 17:51:00
TXN90001267,ST03,CUST102995,PRD200964,1,9000.0,MTN MoMo,MP380025756,2024-07-29 20:17:00
TXN90001268,ECOM01,CUST100611,PRD200044,3,UGX8625,CASH,AM286837217,2024-10-20 22:34:00
TXN90001269,ST01,CUST104059,PRD200544,1,18750.0,MTN MoMo,,2024-11-25 08:52:00
TXN90001270,ST13,CUST104816,PRD200619,1,75000.0,MTN Mobile Money,MP519089822,2024-12-20 03:02:00
TXN90001271,ST03,CUST100043,PRD200785,2,862.5,MTN MoMo,MP926577956,2024-07-01 12:18:00
TXN90001272,ST03,CUST100080,PRD200734,2,3754.2,Cash,MP173212447,2024-10-10 13:55:00
TXN90001273,ECOM01,CUST102954,PRD200348,1,2400.0,Airtel Money,MP614181806,16/10/2024 08:43
TXN90001274,ECOM01,CUST102219,PRD200476,4,11500.0,Cash,CASH-4887,2024-11-18 14:13:00
TXN90001275,ST15,CUST101623,PRD200647,2,UGX13000,MTN MoMo,AUTH22735,01/11/2024 14:00
TXN90001276,ST16,CUST102149,PRD201005,1,5400.0,Cash,AUTH32559,10/07/2024 00:28
TXN90001277,ECOM01,CUST101068,PRD200708,5,2500.0,Cash,CASH-9335,2024-11-07 23:21:00
TXN90001278,ST05,CUST102501,PRD200474,1,2200.0,momo,MP293288137,17/11/2024 23:23
TXN90001279,ST13,CUST102861,PRD200761,2,1350.0,CASH,AM958482923,2024-08-21 23:10:00
TXN90001280,ST13,CUST100930,PRD200289,1,5175.0,Airtel Money,AM388147119,2024-07-23 02:58:00
TXN90001281,ECOM01,CUST101451,PRD200501,3,1125.0,MTN MoMo,MP230707919,14/11/2024 05:15
TXN90001282,ECOM01,CUST103761,PRD200242,1,52500.0,Card,AUTH55842,2024-07-23 02:11:00
TXN90001283,ECOM01,CUST104978,PRD200127,2,12500.0,MTN MoMo,,2024-10-11 10:32:00
TXN90001284,ECOM01,CUST101088,PRD200728,1,1958.36,AirtelMoney,AM321944913,23/07/2024 13:07
TXN90001285,ECOM01,CUST100681,PRD200546,1,5175.0,Airtel Money,CASH-2094,2024-11-27 12:19:00
TXN90001286,ST15,CUST102609,PRD201117,1,938,MTN MoMo,AM643934922,2024-07-10 06:46:00
TXN90001287,ST18,CUST102968,PRD201066,4,57500.0,Cash,MP595109084,2024-12-14 11:27:00
TXN90001288,ECOM01,CUST101885,PRD200616,2,3250.0,Cash,CASH-9806,2024-11-05 21:42:00
TXN90001289,ST06,,PRD200175,1,18000.0,MTN MoMo,AM960920790,2024-07-17 05:08:00
TXN90001290,ECOM01,CUST103256,PRD200619,1,75000.0,MTN MoMo,CASH-3850,2024-12-01 01:12:00
TXN90001291,ST06,CUST101318,PRD200659,1,5595.96,MTN MoMo,CASH-1387,2024-10-21 01:50:00
TXN90001292,ST22,CUST100476,PRD200406,1,2250.0,AirtelMoney,,2024-07-04 18:31:00
TXN90001293,ST02,CUST100949,PRD200403,3,"4,950",MTN MoMo,,2024-10-22 13:06:00
TXN90001294,ST10,CUST100331,PRD200714,2,7500.0,MTN MoMo,AUTH50214,2024-07-02 12:41:00
TXN90001295,ST23,CUST103375,PRD200249,1,650.0,Airtel Money,CASH-7829,09/08/2024 03:14
TXN90001296,ST02,CUST103992,PRD201099,1,2750.0,MTN Mobile Money,,2024-12-22 20:56:00
TXN90001297,ST08,CUST104403,PRD201104,1,"UGX 3,300",MTN Mobile Money,CASH-1857,2024-10-20 08:35:00
TXN90001298,ST19,CUST102032,PRD201100,1,65000.0,Airtel Money,AM705530173,2024-11-05 00:16:00
TXN90001299,ST15,CUST103406,PRD200492,1,18000.0,CASH,CASH-6647,2024-11-05 02:31:00
TXN90001300,ST09,CUST102984,PRD200818,1,3450.0,Cash,AM502226859,2024-10-22 09:33:00
TXN90001301,ST14,CUST102730,PRD201130,2,8100.0,Cash,CASH-3789,2024-09-11 13:31:00
TXN90001302,ECOM01,CUST104665,PRD200271,3,"5,625",AirtelMoney,AUTH23445,2024-12-08 00:18:00
TXN90001303,ST01,CUST101026,PRD200725,1,3750.0,MTN MoMo,AUTH51084,01/10/2024 00:49
TXN90001304,ST14,,PRD200420,1,2250.0,MTN MoMo,AUTH77278,2024-09-07 11:06:00
TXN90001305,ST17,,PRD200331,4,43750.0,Airtel Money,CASH-2161,2024-08-05 21:05:00
TXN90001306,ST11,CUST101224,PRD200268,2,25000.0,CASH,CASH-1852,2024-07-06 14:13:00
TXN90001307,ECOM01,CUST104394,PRD200133,1,13000.0,MTN Mobile Money,AM461024467,2024-09-24 14:02:00
TXN90001308,ST06,CUST101585,PRD200878,3,18000.0,CASH,MP777878220,13/11/2024 11:12
TXN90001309,ST02,CUST103569,PRD200183,1,"UGX 4,500",Cash,AUTH37371,2024-11-26 23:50:00
TXN90001310,ST20,CUST103595,PRD200622,1,75000.0,Cash,,2024-08-19 10:58:00
TXN90001311,ST16,CUST101100,PRD200860,2,9000.0,MTN Mobile Money,AM468244850,2024-12-06 22:19:00
TXN90001312,ST17,CUST102927,PRD200656,-1,1250.0,AirtelMoney,MP619729258,2024-08-13 21:42:00
TXN90001313,ST03,CUST100097,PRD200157,2,30000.0,Card,CASH-9123,2024-10-16 03:35:00
TXN90001314,ST06,CUST100740,PRD200883,5,4500.0,MTN MoMo,AUTH47178,2024-10-07 01:17:00
TXN90001315,ST22,CUST101323,PRD200234,3,63000.0,Airtel Money,AM395546229,09/12/2024 23:12
TXN90001316,ST07,CUST102429,PRD201094,1,13000.0,Airtel Money,CASH-8906,2024-09-26 07:09:00
TXN90001317,ST18,CUST104775,PRD200788,1,90000.0,Airtel Money,AUTH30537,06/09/2024 04:26
TXN90001318,ST13,CUST103468,PRD200519,2,3750.0,momo,AUTH93686,06/12/2024 20:53
TXN90001319,ST15,,PRD200585,2,12000.0,Airtel Money,AM251951739,2024-08-01 08:08:00
TXN90001320,ST17,CUST102789,PRD201106,3,9000.0,MTN MoMo,,2024-09-13 18:13:00
TXN90001321,ST19,CUST100706,PRD200749,1,"UGX 2,250",Cash,,2024-07-04 13:43:00
TXN90001322,ECOM01,CUST100452,PRD200769,1,8250.0,Cash,,2024-08-05 23:05:00
TXN90001323,ST23,CUST103508,PRD200351,-1,52500.0,Airtel Money,CASH-5978,2024-11-07 06:08:00
TXN90001324,ST07,CUST102112,PRD200702,-1,625.0,CASH,,16/12/2024 04:08
TXN90001325,ST18,CUST102285,PRD200935,2,42000.0,MTN Mobile Money,AUTH69766,2024-07-14 14:04:00
TXN90001326,ECOM01,CUST101257,PRD200331,-1,43750.0,Airtel Money,CASH-4509,2024-12-02 00:46:00
TXN90001327,ST19,CUST100608,PRD200030,2,2600.0,momo,AM184038633,21/10/2024 22:08
TXN90001328,ST06,CUST101708,PRD200405,2,45500.0,Cash,AUTH88088,2024-09-12 17:45:00
TXN90001329,ST03,,PRD200015,1,862.5,Cash,CASH-8844,2024-12-11 03:13:00
TXN90001330,ST04,CUST102972,PRD200390,2,2700.0,MTN MoMo,AUTH93402,2024-12-27 08:51:00
TXN90001331,ST14,,PRD200869,1,2700.0,Airtel Money,AUTH55508,2024-07-18 14:51:00
TXN90001332,ST16,CUST100061,PRD201032,3,5750.0,MTN MoMo,AUTH74688,17/12/2024 18:00
TXN90001333,ECOM01,CUST100990,PRD200035,1,11500.0,MTN Mobile Money,AUTH78863,2024-08-13 16:52:00
TXN90001334,ST11,CUST100331,PRD200086,4,900.0,momo,AM708352939,2024-07-28 08:47:00
TXN90001335,ST06,CUST103923,PRD200510,1,12000.0,Airtel Money,AUTH75463,2024-10-03 15:25:00
TXN90001336,ECOM01,CUST102726,PRD200051,1,42000.0,Cash,,2024-08-21 11:38:00
TXN90001337,ST21,CUST100277,PRD200489,5,3600.0,MTN MoMo,MP684508574,2024-08-27 04:11:00
TXN90001338,ST20,CUST101054,PRD200625,2,9000.0,MTN Mobile Money,CASH-6499,2024-09-19 09:18:00
TXN90001339,ST15,CUST102636,PRD201073,2,550.0,MTN MoMo,AM609957336,2024-11-10 22:08:00
TXN90001340,ST16,CUST104251,PRD200628,1,3750.0,Airtel Money,MP228872479,2024-11-08 13:25:00
TXN90001341,ST11,CUST102469,PRD200277,1,22000.0,Cash,AUTH24248,2024-12-08 19:40:00
TXN90001342,ECOM01,CUST102578,PRD200713,4,1500.0,Airtel Money,MP569384716,2024-10-08 08:05:00
TXN90001343,ECOM01,CUST103532,PRD200518,2,3900.0,Cash,MP177625372,03/11/2024 09:17
TXN90001344,ECOM01,CUST102107,PRD201024,3,6250.0,MTN Mobile Money,MP347748267,2024-08-17 09:41:00
TXN90001345,ST03,CUST104027,PRD200704,1,5750.0,Airtel Money,MP771347392,2024-11-02 01:26:00
TXN90001346,ST23,CUST101638,PRD200145,1,2250.0,AirtelMoney,,2024-10-19 09:45:00
TXN90001347,ST07,CUST103040,PRD200505,2,1125.0,AirtelMoney,AUTH54998,23/08/2024 22:03
TXN90001348,ST02,CUST104318,PRD200071,3,26000.0,MTN Mobile Money,,2024-08-24 17:02:00
TXN90001349,ECOM01,CUST104167,PRD200271,1,5625.0,Airtel Money,AUTH78413,2024-09-27 18:20:00
TXN90001350,ST09,CUST101283,PRD200112,1,3313.64,Card,,2024-07-03 06:52:00
TXN90001351,ST13,CUST100180,PRD200951,1,8625.0,AirtelMoney,CASH-9878,2024-11-04 11:15:00
TXN90001352,ST17,CUST101167,PRD200569,1,"UGX 4,950",MTN MoMo,MP841806025,03/07/2024 17:37
TXN90001353,ST17,CUST103406,PRD200296,2,3750.0,Airtel Money,,2024-11-07 00:52:00
TXN90001354,ECOM01,CUST100454,PRD200768,1,5400.0,MTN Mobile Money,,14/08/2024 08:58
TXN90001355,ST15,CUST100037,PRD200978,2,40250.0,MTN MoMo,,2024-11-14 02:20:00
TXN90001356,ST04,CUST104354,PRD200532,3,19500.0,MTN MoMo,,19/07/2024 05:54
TXN90001357,ST02,CUST100797,PRD200940,3,825.0,momo,CASH-7738,2024-11-15 14:37:00
TXN90001358,ECOM01,CUST102270,PRD200261,2,52500.0,MTN Mobile Money,AM500290251,2024-11-18 23:16:00
TXN90001359,ECOM01,CUST100777,PRD200955,2,1500.0,MTN Mobile Money,CASH-3248,2024-10-21 23:08:00
TXN90001360,ST06,CUST101805,PRD200126,3,750.0,Airtel Money,AM609774651,2024-10-27 12:07:00
TXN90001361,ST19,CUST104187,PRD200526,-2,45500.0,Cash,CASH-2823,2024-12-07 08:36:00
TXN90001362,ST01,CUST104236,PRD201160,2,3750.0,Cash,MP906846052,2024-09-15 11:31:00
TXN90001363,ST21,CUST102431,PRD200519,2,3750.0,Airtel Money,CASH-6328,2024-07-17 01:29:00
TXN90001364,ST19,CUST104600,PRD200166,1,11000.0,AirtelMoney,AUTH91153,2024-11-28 08:17:00
TXN90001365,ECOM01,CUST101497,PRD200265,1,27000.0,AirtelMoney,AM333785128,2024-10-09 20:18:00
TXN90001366,ST05,CUST103458,PRD200348,4,2400.0,AirtelMoney,AM672596657,2024-12-20 09:58:00
TXN90001367,ST14,CUST102051,PRD200382,2,2600.0,MTN MoMo,CASH-8260,09/08/2024 14:56
TXN90001368,ST01,CUST102791,PRD200780,3,52500.0,momo,MP190379395,2024-07-15 07:10:00
TXN90001369,ST03,CUST104423,PRD200280,5,3630.88,MTN MoMo,CASH-7385,2024-09-01 04:38:00
TXN90001370,ST13,CUST100297,PRD200678,1,30586.26,Airtel Money,AM455203386,2024-08-05 10:13:00
TXN90001371,ST01,CUST100283,PRD201112,4,575.0,Airtel Money,MP384555213,2024-09-12 20:52:00
TXN90001372,ST08,CUST100300,PRD200513,4,65000.0,MTN MoMo,AM929826279,2024-08-01 08:45:00
TXN90001373,ST06,CUST100373,PRD201067,1,1665.27,MTN Mobile Money,,2024-10-21 05:51:00
TXN90001374,ST14,CUST103837,PRD200622,2,75000.0,MTN MoMo,MP279026337,2024-07-16 13:51:00
TXN90001375,ECOM01,CUST101304,PRD200569,4,4950.0,MTN Mobile Money,MP491916687,2024-07-04 01:38:00
TXN90001376,ST20,,PRD200098,1,42000.0,Cash,MP952324954,2024-12-20 10:31:00
TXN90001377,ECOM01,CUST101073,PRD200253,2,9750.0,momo,AUTH22230,11/09/2024 16:35
TXN90001378,ST01,CUST100078,PRD201088,1,57500.0,MTN Mobile Money,AM874912944,2024-12-05 14:27:00
TXN90001379,ST08,CUST103765,PRD200719,1,1300.0,MTN MoMo,AUTH23823,2024-09-28 08:42:00
TXN90001380,ECOM01,CUST102328,PRD200681,1,11000.0,Cash,CASH-9338,2024-08-30 00:29:00
TXN90001381,ST06,,PRD200343,1,1500.0,MTN Mobile Money,CASH-5191,2024-10-11 07:07:00
TXN90001382,ST03,CUST102571,PRD200696,1,5500.0,MTN Mobile Money,AM366766407,2024-08-11 03:31:00
TXN90001383,ST23,CUST103952,PRD201127,1,1950.0,Card,CASH-3000,2024-12-24 09:01:00
TXN90001384,ST11,CUST103726,PRD200158,2,672.1,Airtel Money,CASH-1550,2024-07-20 10:30:00
TXN90001385,ST22,CUST100410,PRD200558,4,5500.0,Cash,,2024-10-20 20:18:00
TXN90001386,ST09,CUST104156,PRD200317,2,45500.0,momo,AUTH71413,2024-09-22 04:58:00
TXN90001387,ST17,CUST103426,PRD201015,5,62500.0,MTN MoMo,,2024-12-02 08:07:00
TXN90001388,ST15,CUST102569,PRD200741,1,32051.24,Airtel Money,AUTH62185,2024-11-08 14:35:00
TXN90001389,ST13,CUST102057,PRD200719,3,1300.0,MTN MoMo,AUTH36489,09/08/2024 06:42
TXN90001390,ECOM01,CUST104873,PRD200354,3,2700.0,momo,,2024-10-06 16:36:00
TXN90001391,ST05,CUST101888,PRD200190,1,60000.0,MTN MoMo,MP720072493,2024-08-27 00:36:00
TXN90001392,ST20,,PRD200697,1,60000.0,MTN MoMo,MP218198858,2024-10-23 08:43:00
TXN90001393,ST18,CUST102576,PRD200420,1,2250.0,Airtel Money,MP804670934,2024-10-09 13:07:00
TXN90001394,ECOM01,CUST104343,PRD200838,1,11000.0,MTN Mobile Money,CASH-3348,2024-09-15 23:54:00
TXN90001395,ST01,CUST101489,PRD200808,3,19500.0,Airtel Money,AM888898212,2024-08-24 09:00:00
TXN90001396,ST17,CUST102203,PRD200745,2,90000.0,Card,CASH-5677,2024-07-05 05:18:00
TXN90001397,ST03,CUST103439,PRD200922,1,55000.0,MTN MoMo,,11/10/2024 01:58
TXN90001398,ST11,CUST102196,PRD200732,-2,2300.0,Airtel Money,MP604344195,2024-07-03 19:21:00
TXN90001399,ST11,,PRD200469,5,4950.0,MTN MoMo,AUTH71002,2024-11-06 14:42:00
TXN90001400,ST15,CUST101777,PRD200928,1,24000.0,Cash,CASH-4685,2024-09-28 07:06:00
TXN90001401,ST10,CUST102733,PRD200138,1,4500.0,Card,AUTH38749,2024-08-08 13:33:00
TXN90001402,ECOM01,CUST100668,PRD200707,1,8100.0,Airtel Money,AUTH19485,2024-10-28 13:39:00
TXN90001403,ST03,CUST102500,PRD200465,1,975.0,MTN MoMo,AM608409879,14/07/2024 21:25
TXN90001404,ECOM01,CUST104258,PRD201125,1,1950.0,Airtel Money,CASH-6042,2024-10-09 20:44:00
TXN90001405,ST21,CUST100551,PRD201020,1,1150.0,MTN MoMo,AUTH38916,2024-09-21 00:32:00
TXN90001406,ST02,CUST101451,PRD200265,3,27000.0,MTN Mobile Money,MP107822421,2024-11-20 15:32:00
TXN90001407,ST03,CUST102272,PRD201001,1,900,Cash,AUTH57725,2024-10-18 16:29:00
TXN90001408,ST19,CUST102353,PRD200072,1,UGX5850,Cash,AUTH22850,2024-10-01 09:27:00
TXN90001409,ST13,CUST101598,PRD200306,4,8250.0,momo,AM326804705,2024-08-17 19:34:00
TXN90001410,ST08,CUST101449,PRD200038,3,4500.0,MTN MoMo,AUTH16380,2024-08-29 03:11:00
TXN90001411,ST07,CUST102753,PRD200697,1,"60,000",Cash,MP809783800,2024-10-24 18:51:00
TXN90001412,ST11,CUST103533,PRD200692,2,23000.0,Airtel Money,MP401426863,2024-09-16 03:43:00
TXN90001413,ECOM01,CUST103162,PRD201026,2,1100.0,Cash,,2024-09-15 11:18:00
TXN90001414,ECOM01,CUST100750,PRD200863,1,27000.0,Cash,MP512816729,2024-12-07 17:47:00
TXN90001415,ST16,CUST100518,PRD200008,-1,27000.0,MTN Mobile Money,MP591676865,2024-12-04 22:19:00
TXN90001416,ST02,CUST100107,PRD201142,3,12500.0,Cash,CASH-9454,2024-09-07 06:09:00
TXN90001417,ST09,CUST101171,PRD200386,3,62500.0,CASH,AUTH58760,2024-08-14 07:10:00
TXN90001418,ECOM01,CUST104605,PRD200992,2,3000.0,Cash,AUTH65791,2024-11-05 22:43:00
TXN90001419,ST22,CUST101858,PRD201159,3,550.0,MTN MoMo,MP803662954,11/09/2024 18:11
TXN90001420,ST18,CUST100501,PRD200459,1,UGX42000,Airtel Money,AM518882003,2024-08-17 05:21:00
TXN90001421,ECOM01,CUST101912,PRD200660,4,62500.0,Airtel Money,CASH-2583,30/10/2024 14:05
TXN90001422,ST09,CUST103603,PRD201137,3,12500.0,CASH,CASH-6028,2024-07-03 16:57:00
TXN90001423,ST07,CUST104319,PRD201033,2,63000.0,Card,MP417809180,2024-09-03 17:00:00
TXN90001424,ST02,CUST100760,PRD200123,3,3750.0,Cash,AUTH24516,2024-09-29 20:25:00
TXN90001425,ST21,CUST103562,PRD200511,2,1350.0,MTN Mobile Money,AUTH76985,2024-12-02 06:38:00
TXN90001426,ST03,CUST103660,PRD201095,1,5175.0,MTN MoMo,,2024-08-04 07:23:00
TXN90001427,ECOM01,,PRD200314,4,3600.0,AirtelMoney,AM680260610,2024-10-19 10:06:00
TXN90001428,ST11,CUST104821,PRD200422,2,8100.0,Card,AUTH35416,2024-12-18 03:00:00
TXN90001429,ECOM01,CUST104830,PRD200408,1,19500.0,MTN Mobile Money,AM753836063,2024-09-04 14:30:00
TXN90001430,ST14,CUST100558,PRD200250,2,8100.0,CASH,AUTH52101,2024-09-17 13:56:00
TXN90001431,ST12,CUST104939,PRD200494,-1,25000.0,MTN MoMo,MP274067834,02/11/2024 08:14
TXN90001432,ST17,,PRD200547,4,8100.0,Airtel Money,AM558618224,2024-09-08 20:54:00
TXN90001433,ST21,CUST102815,PRD200428,3,38500.0,MTN MoMo,MP342055761,05/09/2024 06:21
TXN90001434,ST20,CUST102376,PRD200720,1,UGX3125,AirtelMoney,AM514621187,2024-10-23 01:23:00
TXN90001435,ST01,CUST102043,PRD200636,1,3600.0,Airtel Money,CASH-8338,2024-08-09 22:55:00
TXN90001436,ST03,CUST101814,PRD200991,4,975.0,CASH,MP445824834,2024-11-03 00:01:00
TXN90001437,ST07,,PRD200441,1,825.0,Airtel Money,,2024-10-01 09:00:00
TXN90001438,ECOM01,,PRD200065,2,36000.0,Cash,MP990114273,07/08/2024 06:09
TXN90001439,ECOM01,CUST102879,PRD200634,1,63000.0,MTN MoMo,AUTH64749,2024-08-14 09:46:00
TXN90001440,ST06,CUST101265,PRD200007,1,63000.0,MTN MoMo,AUTH95435,2024-11-22 13:39:00
TXN90001441,ECOM01,CUST100223,PRD200547,1,8100.0,AirtelMoney,AUTH12736,13/12/2024 11:11
TXN90001442,ST04,CUST100862,PRD200840,1,1500.0,MTN Mobile Money,MP137006154,2024-12-01 01:03:00
TXN90001443,ST20,CUST103879,PRD200358,3,8100.0,Airtel Money,AM483420092,2024-10-05 03:00:00
TXN90001444,ST21,CUST103724,PRD200827,1,90000.0,MTN MoMo,CASH-2057,2024-10-24 22:14:00
TXN90001445,ST01,CUST101089,PRD200940,1,825.0,AirtelMoney,,2024-09-11 15:09:00
TXN90001446,ST21,CUST104742,PRD200095,1,5400.0,AirtelMoney,MP160207401,2024-09-27 23:08:00
TXN90001447,ST12,CUST100788,PRD200532,2,19500.0,MTN Mobile Money,CASH-8201,2024-10-09 18:50:00
TXN90001448,ST05,CUST104216,PRD200492,1,18000.0,MTN MoMo,AUTH15960,2024-10-13 15:33:00
TXN90001449,ST20,CUST102796,PRD200298,-1,40250.0,MTN MoMo,AM917890750,09/09/2024 06:22
TXN90001450,ST03,CUST102578,PRD200792,-2,1350.0,MTN MoMo,CASH-4283,2024-07-11 13:17:00
TXN90001451,ST19,CUST104437,PRD200956,1,5500.0,momo,AM797662939,2024-10-14 03:36:00
TXN90001452,ST16,CUST101064,PRD200962,2,6250.0,MTN MoMo,AM372681378,2024-08-06 21:04:00
TXN90001453,ST11,CUST104528,PRD200075,1,15000.0,momo,MP412618005,2024-07-23 00:41:00
TXN90001454,ST22,CUST102658,PRD200401,3,5625.0,MTN Mobile Money,MP435702939,24/07/2024 15:30
TXN90001455,ST23,CUST103497,PRD200961,2,4500.0,MTN MoMo,MP371240862,2024-08-02 11:37:00
TXN90001456,ST19,CUST102922,PRD200068,1,1200.0,MTN MoMo,AUTH99505,2024-12-21 17:04:00
TXN90001457,ST05,CUST101600,PRD200783,2,57500.0,MTN Mobile Money,CASH-9900,2024-09-21 15:44:00
TXN90001458,ST08,CUST100640,PRD200108,3,UGX1200,MTN Mobile Money,CASH-3859,2024-10-17 02:09:00
TXN90001459,ST18,,PRD201114,1,6750.0,Airtel Money,AUTH29741,22/09/2024 02:59
TXN90001460,ST06,CUST103007,PRD200531,-2,5625.0,Airtel Money,,2024-09-07 04:38:00
TXN90001461,ST23,,PRD201046,2,2700.0,AirtelMoney,AM835539323,2024-10-15 13:49:00
TXN90001462,ST14,CUST104789,PRD200211,1,1875.0,Airtel Money,CASH-3040,2024-08-03 04:17:00
TXN90001463,ECOM01,CUST104089,PRD200898,2,11500.0,MTN MoMo,AM329381867,2024-07-30 23:38:00
TXN90001464,ST12,CUST101777,PRD200342,2,6750.0,AirtelMoney,AUTH39778,2024-08-03 16:07:00
TXN90001465,ST06,CUST104927,PRD200582,2,1250.0,Card,MP886223493,2024-08-28 19:43:00
TXN90001466,ST20,CUST104241,PRD200220,3,5400.0,MTN Mobile Money,,2024-11-14 00:57:00
TXN90001467,ST07,,PRD200624,2,23000.0,CASH,AM933650565,2024-09-16 04:57:00
TXN90001468,ST07,CUST104255,PRD201124,1,43750.0,MTN MoMo,CASH-8786,2024-11-23 08:54:00
TXN90001469,ST23,CUST101798,PRD200117,3,3600.0,MTN MoMo,CASH-2182,06/08/2024 13:40
TXN90001470,ECOM01,CUST100693,PRD201156,1,90000.0,MTN Mobile Money,CASH-8768,2024-11-20 23:45:00
TXN90001471,ST15,CUST100280,PRD200980,-1,625.0,Airtel Money,AM136537811,2024-11-27 23:20:00
TXN90001472,ST04,CUST100237,PRD200351,1,52500.0,Cash,AM750210510,2024-08-24 23:53:00
TXN90001473,ST03,,PRD200016,1,24000.0,MTN MoMo,AM173574996,2024-10-27 09:17:00
TXN90001474,ECOM01,CUST102556,PRD200408,1,19500.0,MTN Mobile Money,,2024-12-11 01:24:00
TXN90001475,ST22,CUST104658,PRD200305,2,3750.0,Cash,AM917581165,06/12/2024 18:28
TXN90001476,ECOM01,CUST104784,PRD200929,-1,1650.0,MTN Mobile Money,CASH-7687,2024-09-10 09:51:00
TXN90001477,ST11,CUST103526,PRD200983,2,1725.0,momo,MP801884339,2024-10-24 03:58:00
TXN90001478,ST18,CUST103093,PRD200211,-1,1875.0,MTN Mobile Money,AM826349911,26/12/2024 07:57
TXN90001479,ST18,CUST104625,PRD200701,1,26000.0,MTN MoMo,MP323641983,2024-11-04 09:23:00
TXN90001480,ST08,CUST103891,PRD200497,1,600.0,MTN MoMo,MP925332572,2024-10-02 05:44:00
TXN90001481,ST11,CUST102264,PRD201094,2,13000.0,Airtel Money,MP557728120,2024-11-20 18:54:00
TXN90001482,ST07,CUST100402,PRD200238,1,43750.0,MTN MoMo,MP573354918,18/09/2024 23:45
TXN90001483,ST18,CUST101753,PRD200281,3,25000.0,AirtelMoney,AUTH90368,2024-08-24 02:51:00
TXN90001484,ST08,CUST102011,PRD200100,5,1875.0,MTN MoMo,AM364553173,2024-08-18 14:44:00
TXN90001485,ST10,CUST104727,PRD201047,2,5400.0,MTN MoMo,AM615523868,2024-07-23 23:26:00
TXN90001486,ST02,CUST101384,PRD200986,2,5175.0,Airtel Money,CASH-7867,01/12/2024 03:25
TXN90001487,ECOM01,CUST100029,PRD200238,4,43750.0,Cash,,2024-11-27 19:09:00
TXN90001488,ECOM01,CUST103634,PRD200564,5,15000.0,Cash,AUTH57780,2024-11-06 23:35:00
TXN90001489,ST02,CUST101272,PRD200429,-2,UGX24000,Card,,2024-12-26 12:43:00
TXN90001490,ST05,CUST101089,PRD200575,1,3600.0,Airtel Money,CASH-1502,2024-07-06 07:47:00
TXN90001491,ST10,CUST103105,PRD200446,3,2400.0,Airtel Money,AM227787833,2024-08-07 09:11:00
TXN90001492,ST16,CUST104777,PRD201099,2,2750.0,momo,AUTH18745,2024-11-05 09:46:00
TXN90001493,ST10,CUST104581,PRD200628,1,3750.0,Airtel Money,CASH-9705,2024-10-13 05:13:00
TXN90001494,ST13,,PRD200023,1,3600.0,Cash,MP213993032,2024-12-12 18:59:00
TXN90001495,ECOM01,CUST101738,PRD201083,3,12000.0,MTN MoMo,AM482530995,2024-08-23 15:42:00
TXN90001496,ST22,,PRD200425,1,43750.0,MTN Mobile Money,MP738938917,31/10/2024 20:42
TXN90001497,ST23,CUST101724,PRD200648,2,23000.0,Airtel Money,AUTH82477,2024-11-15 00:44:00
TXN90001498,ST07,CUST104822,PRD200845,2,1800.0,momo,,2024-11-20 00:45:00
TXN90001499,ST02,CUST101471,PRD201129,3,18000.0,Airtel Money,AUTH56084,2024-10-27 05:48:00
TXN90001500,ST05,CUST101471,PRD200254,1,2837.78,Airtel Money,MP266771851,2024-09-11 01:33:00
TXN90001501,ECOM01,CUST102865,PRD201098,1,75000.0,MTN Mobile Money,CASH-6192,2024-10-09 19:17:00
TXN90001502,ECOM01,CUST100309,PRD200240,1,8100.0,AirtelMoney,AUTH19881,2024-07-24 19:01:00
TXN90001503,ST08,CUST100759,PRD201054,3,5175.0,MTN Mobile Money,,2024-12-14 09:06:00
TXN90001504,ST21,CUST100470,PRD201114,4,6750.0,Cash,AUTH46227,2024-07-26 18:03:00
TXN90001505,ST04,,PRD200643,1,21927.6,Airtel Money,MP116516798,2024-12-04 13:31:00
TXN90001506,ST21,CUST101207,PRD200090,1,1897.03,MTN MoMo,MP539357058,2024-11-10 19:37:00
TXN90001507,ST12,CUST103264,PRD200069,4,9000.0,MTN Mobile Money,AUTH86810,2024-11-07 07:32:00
TXN90001508,ST11,CUST102049,PRD201126,2,2875.0,Airtel Money,AM789162247,2024-07-17 18:38:00
TXN90001509,ST08,CUST103639,PRD200814,2,2490.01,Airtel Money,MP304782852,2024-07-30 06:10:00
TXN90001510,ST03,CUST102148,PRD200812,3,1800.0,MTN MoMo,CASH-6445,2024-12-05 23:52:00
TXN90001511,ST20,CUST102956,PRD200656,2,1250.0,MTN MoMo,AUTH39974,2024-12-04 01:15:00
TXN90001512,ST11,CUST103670,PRD200121,2,3600.0,Airtel Money,AUTH76446,2024-10-24 01:10:00
TXN90001513,ST22,CUST103974,PRD200981,3,6500.0,momo,CASH-7730,2024-10-28 10:42:00
TXN90001514,ST06,CUST102436,PRD200452,2,6812.54,momo,CASH-2863,2024-12-27 21:47:00
TXN90001515,ST03,CUST102659,PRD201074,4,65000.0,MTN Mobile Money,MP977634002,2024-11-25 14:14:00
TXN90001516,ECOM01,CUST102443,PRD200997,1,17250.0,Airtel Money,CASH-1377,2024-08-10 03:38:00
TXN90001517,ST09,CUST100221,PRD200815,2,45500.0,Airtel Money,AM557223975,24/08/2024 22:34
TXN90001518,ST05,CUST104862,PRD201104,1,3300.0,momo,AUTH34236,20/10/2024 19:15
TXN90001519,ST19,CUST103535,PRD201117,1,937.5,MTN MoMo,CASH-8190,2024-07-17 12:43:00
TXN90001520,ST08,CUST104810,PRD200920,1,"11,250",MTN MoMo,,01/10/2024 18:20
TXN90001521,ECOM01,CUST104643,PRD200016,1,24000.0,Cash,AUTH20044,2024-10-24 14:26:00
TXN90001522,ST17,CUST104320,PRD200441,3,825.0,MTN Mobile Money,CASH-9496,2024-12-23 18:06:00
TXN90001523,ST14,CUST100894,PRD200855,1,2750.0,MTN MoMo,MP204266882,2024-12-13 20:12:00
TXN90001524,ST20,CUST100676,PRD200558,1,5500.0,Cash,,2024-11-16 11:55:00
TXN90001525,ST14,CUST102794,PRD200650,1,"90,000",MTN MoMo,,2024-11-24 00:00:00
TXN90001526,ECOM01,,PRD200026,-2,"UGX 12,500",MTN MoMo,AM528257607,2024-12-12 06:49:00
TXN90001527,ST19,CUST102479,PRD200642,-1,5500.0,Airtel Money,CASH-8382,2024-07-18 13:02:00
TXN90001528,ECOM01,,PRD200587,4,15000.0,MTN MoMo,AM158906210,2024-09-04 00:07:00
TXN90001529,ST17,,PRD200148,4,23000.0,Airtel Money,AM967144835,2024-12-06 04:23:00
TXN90001530,ECOM01,CUST104550,PRD200546,1,5175.0,MTN MoMo,CASH-5956,2024-07-07 18:45:00
TXN90001531,ST01,CUST103245,PRD200546,-1,5175.0,MTN Mobile Money,AM609960610,2024-11-24 08:55:00
TXN90001532,ST07,,PRD200478,2,3750.0,MTN Mobile Money,AUTH77821,2024-09-29 23:13:00
TXN90001533,ST06,CUST103516,PRD200153,3,900,MTN MoMo,CASH-3753,2024-11-03 20:45:00
TXN90001534,ST04,CUST103866,PRD200367,5,600.0,Cash,AUTH76992,2024-09-20 06:02:00
TXN90001535,ST07,CUST102059,PRD200613,3,36000.0,MTN MoMo,MP471897181,2024-07-14 04:32:00
TXN90001536,ST04,CUST103360,PRD200461,1,UGX9000,MTN Mobile Money,AM482001128,2024-07-06 06:10:00
TXN90001537,ST11,CUST103081,PRD201000,1,2200.0,momo,AM135319368,2024-11-25 16:57:00
TXN90001538,ST13,CUST104243,PRD200350,2,11500.0,MTN MoMo,CASH-5301,17/11/2024 22:42
TXN90001539,ECOM01,CUST104217,PRD201045,4,1800.0,MTN MoMo,,2024-12-12 16:43:00
TXN90001540,ECOM01,CUST103983,PRD200581,1,3750.0,momo,MP286777273,2024-12-02 06:12:00
TXN90001541,ST02,CUST100391,PRD201159,2,550.0,Airtel Money,AUTH75887,2024-07-25 00:57:00
TXN90001542,ST06,CUST102396,PRD200131,3,3000.0,MTN MoMo,AUTH80403,2024-11-29 12:36:00
TXN90001543,ST17,CUST104317,PRD201072,1,27000.0,MTN MoMo,AUTH16395,2024-10-15 12:53:00
TXN90001544,ST17,CUST103736,PRD200168,1,30000.0,MTN Mobile Money,AUTH21342,19/10/2024 19:54
TXN90001545,ST01,CUST102635,PRD200022,2,3900.0,momo,MP225092303,2024-12-18 02:54:00
TXN90001546,ST08,CUST104269,PRD201101,1,8625.0,momo,AM187832262,2024-08-29 03:45:00
TXN90001547,ST14,CUST103383,PRD201092,1,11250.0,MTN MoMo,MP926515437,2024-12-14 02:08:00
TXN90001548,ECOM01,CUST104838,PRD200836,2,7500.0,CASH,CASH-6454,2024-12-20 19:33:00
TXN90001549,ECOM01,CUST101343,PRD200502,1,2250.0,Cash,MP583673967,2024-07-02 19:36:00
TXN90001550,ST15,CUST102040,PRD200626,1,18000.0,Airtel Money,CASH-1041,23/08/2024 16:44
TXN90001551,ST11,CUST103903,PRD200945,1,3557.96,AirtelMoney,MP917048689,2024-11-06 01:04:00
TXN90001552,ECOM01,CUST102113,PRD200095,1,5400.0,MTN MoMo,,2024-07-24 22:23:00
TXN90001553,ST03,CUST103712,PRD200486,3,900.0,AirtelMoney,MP377646122,2024-08-06 23:07:00
TXN90001554,ST04,CUST101445,PRD200371,1,2750.0,Cash,AUTH86111,2024-09-28 23:55:00
TXN90001555,ST13,CUST104587,PRD200469,3,4950.0,Airtel Money,,08/11/2024 05:45
TXN90001556,ST05,CUST100130,PRD200029,3,3300.0,Cash,CASH-9852,2024-12-04 00:32:00
TXN90001557,ECOM01,CUST101773,PRD200999,2,5175.0,momo,MP935186739,2024-11-20 07:12:00
TXN90001558,ST13,CUST101823,PRD200728,1,1958.36,Card,MP373807866,04/09/2024 15:34
TXN90001559,ST07,CUST102605,PRD200951,1,8625.0,CASH,AM794676909,2024-08-11 23:47:00
TXN90001560,ECOM01,CUST102347,PRD200251,1,3250.0,MTN MoMo,AM385322977,2024-09-02 00:14:00
TXN90001561,ECOM01,CUST102970,PRD200686,1,5400.0,Card,CASH-3228,2024-11-04 23:04:00
TXN90001562,ST14,CUST102205,PRD200979,1,1200.0,Airtel Money,AUTH62119,2024-07-26 06:18:00
TXN90001563,ECOM01,CUST104297,PRD200501,4,1125.0,Cash,CASH-4320,07/10/2024 20:10
TXN90001564,ST14,CUST100257,PRD200590,2,30000.0,MTN MoMo,CASH-1545,2024-12-26 15:37:00
TXN90001565,ST19,CUST103034,PRD200525,2,6250.0,MTN Mobile Money,AUTH69118,2024-08-04 17:29:00
TXN90001566,ST20,CUST103681,PRD200531,2,5625.0,MTN MoMo,CASH-8183,2024-11-03 07:52:00
TXN90001567,ST14,CUST104545,PRD201006,4,5750.0,Airtel Money,CASH-3550,2024-11-24 19:41:00
TXN90001568,ECOM01,CUST100192,PRD201155,2,2750.0,MTN Mobile Money,MP594250450,03/09/2024 17:45
TXN90001569,ST15,CUST102695,PRD200920,1,11250.0,Airtel Money,CASH-2783,2024-08-09 21:39:00
TXN90001570,ST08,CUST101000,PRD200135,1,6500.0,MTN MoMo,,2024-08-27 12:44:00
TXN90001571,ST16,CUST101867,PRD201077,1,900.0,AirtelMoney,,2024-09-23 04:24:00
TXN90001572,ST06,CUST102926,PRD200513,1,65000.0,MTN MoMo,AM335315498,2024-07-16 16:04:00
TXN90001573,ST10,CUST104721,PRD200575,3,3600.0,momo,AUTH12565,2024-08-07 14:54:00
TXN90001574,ST07,CUST104734,PRD200602,1,6000.0,Cash,AM459832842,2024-10-25 00:29:00
TXN90001575,ST06,CUST103039,PRD200147,4,"52,500",Cash,,18/12/2024 16:48
TXN90001576,ST11,CUST101031,PRD201048,1,90000.0,MTN Mobile Money,MP694032323,2024-09-24 00:36:00
TXN90001577,ST13,CUST102379,PRD200600,5,671.99,Cash,CASH-8831,2024-10-20 19:12:00
TXN90001578,ST05,CUST103213,PRD201144,1,2700.0,AirtelMoney,MP257814304,2024-11-09 22:10:00
TXN90001579,ST11,CUST101285,PRD200506,1,600.0,momo,,2024-11-10 01:00:00
TXN90001580,ST23,CUST101952,PRD200261,1,52500.0,MTN MoMo,MP785470252,21/12/2024 05:42
TXN90001581,ECOM01,CUST102131,PRD200078,3,893.67,AirtelMoney,AUTH76623,10/12/2024 14:10
TXN90001582,ST18,CUST101518,PRD200505,3,1125.0,Cash,CASH-8090,2024-07-17 00:41:00
TXN90001583,ECOM01,CUST102716,PRD201116,3,18000.0,Card,MP185688804,2024-11-22 02:58:00
TXN90001584,ST08,CUST100621,PRD200539,-2,5625.0,momo,AUTH19452,2024-08-29 13:04:00
TXN90001585,ST03,CUST103932,PRD200734,1,3754.2,Airtel Money,AUTH93416,2024-07-18 20:03:00
TXN90001586,ST05,CUST102835,PRD201162,2,18000.0,MTN MoMo,AM765190820,2024-08-25 18:29:00
TXN90001587,ECOM01,CUST100604,PRD200541,4,3900.0,Card,CASH-9351,2024-08-26 05:57:00
TXN90001588,ECOM01,CUST104956,PRD200022,1,3900.0,MTN MoMo,,2024-09-16 11:53:00
TXN90001589,ST16,CUST101268,PRD201155,2,2750.0,AirtelMoney,CASH-1948,2024-07-15 16:45:00
TXN90001590,ST06,CUST102643,PRD200936,2,"UGX 63,000",CASH,MP479532973,19/10/2024 05:12
TXN90001591,ECOM01,CUST101529,PRD201099,2,2750.0,momo,CASH-4517,2024-09-29 18:05:00
TXN90001592,ST20,CUST104863,PRD200334,1,600.0,Airtel Money,,2024-11-01 10:17:00
TXN90001593,ST13,CUST103125,PRD200327,1,5400.0,Airtel Money,AM666713881,2024-08-28 21:40:00
TXN90001594,ST04,CUST101443,PRD200133,1,13000.0,MTN MoMo,MP856475132,2024-10-16 17:17:00
TXN90001595,ST15,CUST104777,PRD201128,-2,1950.0,MTN MoMo,MP289816341,2024-10-08 08:00:00
TXN90001596,ECOM01,CUST101994,PRD200239,1,1350.0,momo,MP729614823,2024-10-07 00:49:00
TXN90001597,ST03,CUST101660,PRD200292,1,14504.57,Airtel Money,AM733206150,2024-08-16 17:58:00
TXN90001598,ST06,CUST104824,PRD200531,2,5625.0,CASH,CASH-6153,2024-11-20 08:50:00
TXN90001599,ECOM01,CUST103082,PRD201091,2,11500.0,MTN Mobile Money,AM648830317,2024-07-25 08:10:00
TXN90001600,ST22,CUST102731,PRD200326,1,3300.0,MTN MoMo,MP393080786,2024-07-21 13:31:00
TXN90001601,ST16,CUST104199,PRD200617,4,38500.0,CASH,AUTH44729,19/09/2024 01:34
TXN90001602,ECOM01,CUST100057,PRD200498,-1,625.0,MTN Mobile Money,,2024-09-07 03:33:00
TXN90001603,ST15,CUST100365,PRD200502,5,2250.0,Airtel Money,AM741078009,2024-09-28 18:50:00
TXN90001604,ST10,CUST104155,PRD200720,1,3125.0,MTN MoMo,MP899925262,2024-08-19 02:35:00
TXN90001605,ST21,CUST102399,PRD200389,1,15000.0,AirtelMoney,MP715269880,2024-07-31 01:14:00
TXN90001606,ST12,CUST102187,PRD200678,4,30586.26,MTN MoMo,CASH-7435,2024-11-01 12:36:00
TXN90001607,ST19,,PRD200944,1,975.0,MTN Mobile Money,,2024-08-18 09:30:00
TXN90001608,ST18,CUST100274,PRD200236,2,22500.0,Cash,MP972759104,2024-07-08 21:47:00
TXN90001609,ECOM01,CUST100122,PRD201094,2,13000.0,Card,CASH-8947,2024-08-19 09:15:00
TXN90001610,ST14,CUST104089,PRD200248,-1,8100.0,MTN Mobile Money,AM259714712,01/07/2024 17:17
TXN90001611,ST15,,PRD200574,1,550.0,MTN Mobile Money,CASH-8293,2024-09-07 22:01:00
TXN90001612,ST07,CUST100371,PRD200117,-2,3600.0,Cash,,2024-07-05 21:23:00
TXN90001613,ECOM01,CUST101243,PRD200294,3,24000.0,Airtel Money,AUTH42078,23/07/2024 07:23
TXN90001614,ECOM01,CUST100321,PRD200297,3,3750.0,Cash,CASH-4822,18/11/2024 01:14
TXN90001615,ST01,CUST103521,PRD200512,1,4500.0,MTN MoMo,,2024-07-07 03:19:00
TXN90001616,ST17,CUST101368,PRD201074,3,65000.0,MTN MoMo,MP879024279,2024-09-23 00:44:00
TXN90001617,ECOM01,,PRD201160,2,3750.0,Airtel Money,MP803141711,2024-09-06 19:53:00
TXN90001618,ST23,CUST104291,PRD200610,1,5850.0,MTN MoMo,MP805270721,2024-07-28 06:11:00
TXN90001619,ECOM01,CUST103542,PRD200506,1,600.0,MTN MoMo,,2024-12-15 16:43:00
TXN90001620,ST10,CUST101846,PRD200465,2,975.0,Card,AM276115395,2024-10-08 16:08:00
TXN90001621,ST17,CUST103857,PRD200665,3,1500.0,Airtel Money,AUTH60839,2024-08-03 18:59:00
TXN90001622,ST15,CUST104664,PRD200284,1,16500.0,Cash,CASH-9012,2024-08-09 09:16:00
TXN90001623,ST14,CUST102501,PRD200475,2,43750.0,AirtelMoney,MP838678143,2024-08-06 17:59:00
TXN90001624,ECOM01,CUST104554,PRD200637,2,UGX22000,AirtelMoney,AUTH99497,2024-08-17 22:38:00
TXN90001625,ST16,,PRD200867,2,UGX4500,momo,MP653634375,2024-12-22 17:08:00
TXN90001626,ST06,CUST103216,PRD200264,1,1800.0,MTN MoMo,MP944154326,2024-08-26 06:18:00
TXN90001627,ECOM01,CUST102281,PRD200922,1,UGX55000,Cash,AM961375154,2024-08-12 20:30:00
TXN90001628,ST01,CUST103674,PRD200509,1,9375.0,Cash,CASH-8698,10/07/2024 14:04
TXN90001629,ST02,CUST100665,PRD201009,3,UGX25000,CASH,MP615979436,2024-07-03 05:12:00
TXN90001630,ECOM01,CUST101083,PRD201066,1,57500.0,momo,MP970361361,2024-07-19 11:56:00
TXN90001631,ECOM01,CUST101139,PRD200630,1,575.0,MTN Mobile Money,AM598647975,2024-08-30 17:46:00
TXN90001632,ST03,CUST101121,PRD200513,1,65000.0,MTN Mobile Money,,08/07/2024 21:53
TXN90001633,ECOM01,CUST104383,PRD200649,3,36000.0,AirtelMoney,MP695225105,2024-10-02 08:15:00
TXN90001634,ST18,CUST101910,PRD200220,3,5400.0,MTN Mobile Money,MP602252901,01/07/2024 02:46
TXN90001635,ST02,CUST102439,PRD200703,1,4500.0,MTN Mobile Money,AM941483690,2024-09-16 11:38:00
TXN90001636,ST19,CUST104516,PRD200682,1,3300.0,Cash,MP502879563,2024-08-08 18:13:00
TXN90001637,ST13,CUST104315,PRD200607,4,920.33,AirtelMoney,CASH-6149,2024-11-06 19:12:00
TXN90001638,ST03,CUST101213,PRD200237,1,52500.0,MTN MoMo,CASH-2384,2024-08-06 09:17:00
TXN90001639,ST10,CUST102320,PRD200268,2,25000.0,MTN Mobile Money,AUTH31375,2024-11-14 06:34:00
TXN90001640,ST06,CUST100849,PRD200571,1,2600.0,MTN MoMo,AM169021463,2024-11-09 16:25:00
TXN90001641,ST04,CUST100160,PRD200250,1,8100.0,momo,CASH-2106,2024-08-08 15:42:00
TXN90001642,ST07,CUST103547,PRD200273,2,2700.0,MTN Mobile Money,MP796382175,2024-07-21 11:16:00
TXN90001643,ST07,CUST100094,PRD200748,3,2600.0,Cash,CASH-5268,2024-08-08 16:15:00
TXN90001644,ECOM01,CUST100576,PRD200323,4,4950.0,Cash,AM243777664,2024-09-22 21:03:00
TXN90001645,ST13,CUST103912,PRD200926,2,38500.0,Airtel Money,MP640960916,2024-11-15 01:12:00
TXN90001646,ST05,CUST104388,PRD200941,3,36000.0,MTN MoMo,CASH-5322,10/07/2024 21:34
TXN90001647,ST17,CUST101477,PRD200207,1,25000.0,MTN MoMo,AM334613881,16/12/2024 14:47
TXN90001648,ST13,CUST103793,PRD200266,1,2500.0,MTN MoMo,CASH-5700,2024-11-06 15:43:00
TXN90001649,ST03,,PRD200295,1,2875.0,Cash,AM785497113,2024-07-19 14:15:00
TXN90001650,ST11,CUST101299,PRD200246,1,22500.0,Airtel Money,AM414304170,2024-11-03 13:44:00
TXN90001651,ST02,CUST100793,PRD200475,3,43750.0,MTN MoMo,CASH-7141,2024-08-11 06:31:00
TXN90001652,ST03,,PRD200246,2,22500.0,Cash,CASH-2015,2024-08-19 05:07:00
TXN90001653,ST07,CUST104166,PRD200423,3,3900.0,Airtel Money,AM953645377,2024-11-28 18:04:00
TXN90001654,ST02,CUST100665,PRD200046,1,UGX367,MTN Mobile Money,CASH-9622,2024-08-25 13:31:00
TXN90001655,ST11,CUST102942,PRD200463,1,36000.0,Airtel Money,MP894660804,13/12/2024 15:23
TXN90001656,ST17,CUST100859,PRD200833,1,"27,000",Airtel Money,AM809996906,2024-09-14 17:38:00
TXN90001657,ST08,CUST101115,PRD200336,3,43750.0,MTN MoMo,CASH-1433,04/09/2024 20:52
TXN90001658,ECOM01,CUST101463,PRD200698,1,862.5,momo,AM361657616,2024-11-03 09:27:00
TXN90001659,ECOM01,CUST100197,PRD200989,1,17250.0,MTN Mobile Money,AUTH58054,2024-12-19 06:27:00
TXN90001660,ST05,CUST101955,PRD200676,1,16500.0,Airtel Money,AM718007545,2024-10-22 00:52:00
TXN90001661,ST03,CUST104328,PRD200478,2,3750.0,MTN MoMo,AUTH11433,2024-08-20 08:51:00
TXN90001662,ST23,CUST102330,PRD200080,1,7500.0,momo,AUTH96778,24/11/2024 21:56
TXN90001663,ST16,CUST104732,PRD200960,4,15000.0,Cash,CASH-8314,2024-08-16 07:13:00
TXN90001664,ST23,,PRD201026,1,1100.0,CASH,AUTH76619,2024-07-12 01:10:00
TXN90001665,ST01,CUST101796,PRD200916,1,550.0,Airtel Money,MP105265466,2024-10-11 15:05:00
TXN90001666,ST18,CUST102267,PRD200754,1,5400.0,CASH,AM281368953,2024-12-10 21:18:00
TXN90001667,ST23,CUST104006,PRD200695,1,2875.0,Airtel Money,,2024-07-07 12:58:00
TXN90001668,ST18,CUST104699,PRD200448,1,2750.0,Cash,AUTH27529,2024-07-07 05:57:00
TXN90001669,ECOM01,CUST101079,PRD200187,1,937.5,Cash,CASH-1704,2024-12-08 20:05:00
TXN90001670,ST08,CUST103144,PRD200853,1,3125.0,Cash,MP295663591,2024-12-06 06:55:00
TXN90001671,ECOM01,,PRD200396,1,3000.0,Airtel Money,AM803845287,2024-08-29 23:53:00
TXN90001672,ST13,CUST103969,PRD200221,1,7500.0,MTN Mobile Money,AUTH18842,10/12/2024 15:22
TXN90001673,ST09,CUST102678,PRD200845,3,1800.0,MTN Mobile Money,AUTH62421,2024-08-23 10:44:00
TXN90001674,ECOM01,CUST101205,PRD200135,2,6500.0,Airtel Money,CASH-8891,2024-07-19 08:16:00
TXN90001675,ST16,CUST104777,PRD200853,1,3125.0,momo,CASH-7455,2024-09-06 23:51:00
TXN90001676,ECOM01,CUST104729,PRD201147,5,2300.0,MTN MoMo,CASH-4098,2024-09-19 02:22:00
TXN90001677,ST12,CUST102641,PRD200349,1,63000.0,CASH,AM453641116,29/08/2024 02:34
TXN90001678,ST15,CUST104166,PRD201100,-2,65000.0,AirtelMoney,MP561126921,2024-11-02 13:38:00
TXN90001679,ECOM01,CUST101594,PRD200466,-2,8625.0,Airtel Money,AM868694796,2024-12-12 12:05:00
TXN90001680,ST08,CUST101224,PRD201032,1,5750.0,Cash,AUTH58624,07/09/2024 21:42
TXN90001681,ST15,CUST101383,PRD200944,-1,975.0,MTN MoMo,AM383813303,2024-08-12 03:40:00
TXN90001682,ST22,CUST101105,PRD200375,4,3051.54,Cash,AM933461981,2024-09-17 00:37:00
TXN90001683,ECOM01,,PRD201077,1,900.0,momo,MP454776761,2024-09-12 13:21:00
TXN90001684,ST02,CUST101807,PRD200112,-2,3313.64,MTN MoMo,CASH-8440,2024-12-06 07:22:00
TXN90001685,ST06,CUST101024,PRD201146,2,23000.0,MTN MoMo,AM896016442,2024-12-18 05:00:00
TXN90001686,ST05,CUST104799,PRD200869,4,2700.0,momo,CASH-2306,27/11/2024 10:29
TXN90001687,ECOM01,,PRD200076,2,1300.0,Cash,AM886220510,2024-10-22 13:09:00
TXN90001688,ST06,CUST103944,PRD200375,2,3051.54,MTN MoMo,CASH-1495,2024-12-03 13:35:00
TXN90001689,ECOM01,CUST102559,PRD200063,1,708.61,Airtel Money,AUTH10662,2024-10-14 21:02:00
TXN90001690,ST15,CUST101850,PRD200178,1,9375.0,Airtel Money,MP730974012,2024-07-30 21:05:00
TXN90001691,ST10,CUST102545,PRD200451,3,975.0,Cash,CASH-9887,21/10/2024 08:43
TXN90001692,ST09,CUST102855,PRD200650,5,90000.0,CASH,AUTH68869,2024-09-08 01:45:00
TXN90001693,ST14,CUST100106,PRD200184,1,3600.0,MTN Mobile Money,,08/08/2024 00:29
TXN90001694,ST23,CUST101975,PRD200440,3,UGX 429,MTN MoMo,AM954334921,2024-09-09 06:09:00
TXN90001695,ST18,,PRD200996,1,26000.0,MTN MoMo,CASH-6171,2024-10-24 15:33:00
TXN90001696,ST05,CUST100895,PRD200284,1,16500.0,Cash,CASH-6789,2024-08-21 06:17:00
TXN90001697,ST14,CUST104888,PRD200362,2,3450.0,Airtel Money,CASH-5376,2024-10-26 11:05:00
TXN90001698,ST19,CUST100345,PRD200687,4,"60,000",Cash,MP210081208,26/10/2024 16:58
TXN90001699,ST03,CUST101945,PRD200573,3,UGX42000,Airtel Money,CASH-6640,2024-11-15 21:07:00
TXN90001700,ST11,CUST100420,PRD200131,1,3000.0,MTN MoMo,MP983841993,28/07/2024 22:02
TXN90001701,ST03,CUST103826,PRD200198,2,3000.0,MTN MoMo,AM387059263,2024-12-10 05:23:00
TXN90001702,ST20,,PRD200583,1,23000.0,Airtel Money,MP441572619,2024-11-10 17:42:00
TXN90001703,ST04,CUST104012,PRD200634,4,63000.0,AirtelMoney,AUTH10083,2024-07-13 19:45:00
TXN90001704,ST19,CUST100073,PRD200650,-2,90000.0,MTN MoMo,MP680549685,2024-10-08 03:54:00
TXN90001705,ECOM01,CUST102104,PRD201000,2,2200.0,MTN Mobile Money,CASH-3883,2024-08-21 16:59:00
TXN90001706,ST13,,PRD200070,4,1100.0,Airtel Money,AUTH13830,2024-07-27 01:01:00
TXN90001707,ST10,CUST101218,PRD200874,3,6000.0,Airtel Money,CASH-4780,2024-08-10 17:05:00
TXN90001708,ST09,CUST103584,PRD200090,2,1897.03,MTN MoMo,CASH-1892,2024-07-08 17:37:00
TXN90001709,ST05,CUST103484,PRD200418,3,23000.0,AirtelMoney,AM185506856,06/11/2024 11:03
TXN90001710,ST04,CUST101969,PRD200529,2,18000.0,Airtel Money,MP467987334,2024-10-30 11:37:00
TXN90001711,ST15,CUST103398,PRD200245,-1,4500.0,MTN Mobile Money,CASH-8175,23/09/2024 16:53
TXN90001712,ST01,CUST103355,PRD200251,4,3250.0,MTN Mobile Money,AUTH45205,2024-12-17 22:53:00
TXN90001713,ECOM01,CUST102942,PRD200633,2,2700.0,momo,MP420632280,2024-10-07 10:53:00
TXN90001714,ST10,CUST103276,PRD200108,2,1200.0,momo,,2024-10-04 02:35:00
TXN90001715,ST06,CUST103469,PRD200998,1,937.5,MTN MoMo,CASH-3194,2024-09-09 13:31:00
TXN90001716,ST21,CUST104454,PRD200552,4,11000.0,momo,MP402163291,31/08/2024 03:18
TXN90001717,ST11,CUST101463,PRD200180,1,5400.0,Cash,AM887895694,2024-08-03 20:24:00
TXN90001718,ST19,CUST104478,PRD200569,3,"4,950",CASH,CASH-7349,07/09/2024 13:31
TXN90001719,ST15,CUST100730,PRD200639,5,19500.0,MTN Mobile Money,AM175977902,2024-12-16 15:23:00
TXN90001720,ST09,CUST102017,PRD200057,1,3125.0,MTN Mobile Money,AUTH90117,2024-09-09 20:37:00
TXN90001721,ST05,,PRD200176,2,5750.0,AirtelMoney,AUTH82439,24/07/2024 07:57
TXN90001722,ST02,CUST102220,PRD200425,1,"UGX 43,750",MTN MoMo,CASH-8121,2024-08-04 16:17:00
TXN90001723,ECOM01,CUST104819,PRD200386,1,62500.0,Airtel Money,AM362524395,2024-12-05 08:22:00
TXN90001724,ST08,CUST100935,PRD200680,2,7500.0,CASH,MP687655690,2024-09-14 08:07:00
TXN90001725,ST06,CUST101701,PRD200449,1,2250.0,MTN MoMo,CASH-3516,2024-08-03 12:14:00
TXN90001726,ST11,CUST101505,PRD200224,1,5850.0,Airtel Money,AM995269381,2024-07-12 00:10:00
TXN90001727,ECOM01,CUST102898,PRD200450,2,2700.0,MTN MoMo,MP789735328,2024-08-15 07:55:00
TXN90001728,ST15,CUST102408,PRD201129,4,18000.0,CASH,MP725228454,2024-08-24 21:16:00
TXN90001729,ST01,CUST100839,PRD200019,2,6500.0,momo,MP696442284,09/07/2024 03:02
TXN90001730,ECOM01,CUST101045,PRD200477,-1,3000.0,MTN MoMo,CASH-9899,2024-10-19 23:27:00
TXN90001731,ST04,CUST102336,PRD200421,-1,6000.0,momo,CASH-2934,07/08/2024 16:15
TXN90001732,ST08,CUST104711,PRD200335,-1,52500.0,MTN MoMo,AUTH90260,2024-07-12 22:07:00
TXN90001733,ST01,,PRD200430,1,8250.0,Cash,MP359647424,2024-11-20 18:40:00
TXN90001734,ST01,CUST103972,PRD200442,1,3750.0,Cash,AUTH25699,2024-07-09 00:42:00
TXN90001735,ST02,CUST103711,PRD200361,1,1200.0,MTN MoMo,CASH-1009,2024-07-31 01:09:00
TXN90001736,ST11,,PRD200818,4,3450.0,MTN MoMo,MP718617303,2024-09-08 01:47:00
TXN90001737,ST11,CUST100854,PRD200323,2,4950.0,Card,,03/07/2024 03:54
TXN90001738,ST15,,PRD200448,2,2750.0,MTN Mobile Money,MP596459542,2024-12-26 10:29:00
TXN90001739,ST23,CUST100718,PRD200384,1,2600.0,MTN MoMo,AM635622406,2024-08-01 20:19:00
TXN90001740,ECOM01,CUST101814,PRD200265,5,27000.0,MTN Mobile Money,CASH-5845,2024-07-11 11:01:00
TXN90001741,ST11,CUST104713,PRD200501,2,1125.0,Airtel Money,,2024-10-10 07:27:00
TXN90001742,ECOM01,CUST103091,PRD200572,4,3750.0,CASH,,13/12/2024 07:15
TXN90001743,ST04,CUST103705,PRD200195,2,9000.0,momo,AM458681243,2024-11-16 05:23:00
TXN90001744,ST13,CUST101519,PRD200387,1,6750.0,MTN MoMo,MP595426669,2024-07-23 19:48:00
TXN90001745,ST20,CUST104375,PRD200317,1,45500.0,Cash,AUTH93693,2024-08-07 22:09:00
TXN90001746,ST04,CUST101368,PRD200293,1,3450.0,momo,MP588591951,2024-09-30 06:30:00
TXN90001747,ST22,CUST101130,PRD200126,3,750.0,MTN Mobile Money,,2024-09-05 03:24:00
TXN90001748,ST23,CUST100658,PRD200144,1,3900.0,Cash,AUTH35747,2024-10-10 08:41:00
TXN90001749,ST04,CUST102486,PRD200987,1,30000.0,Cash,CASH-6544,2024-12-18 09:19:00
TXN90001750,ECOM01,CUST103108,PRD200393,2,5750.0,AirtelMoney,CASH-6287,2024-11-25 00:24:00
TXN90001751,ECOM01,CUST102489,PRD200238,1,43750.0,MTN MoMo,AUTH43080,2024-11-09 04:53:00
TXN90001752,ST22,CUST102397,PRD200724,1,27000.0,MTN Mobile Money,MP841767651,2024-07-12 20:15:00
TXN90001753,ST11,CUST103811,PRD200606,3,43750.0,momo,CASH-6402,2024-11-14 05:31:00
TXN90001754,ST19,CUST101427,PRD200243,1,600.0,AirtelMoney,AUTH23577,2024-08-01 07:37:00
TXN90001755,ST17,CUST103856,PRD200027,2,2250.0,MTN MoMo,MP723979908,27/11/2024 17:27
TXN90001756,ST22,CUST104165,PRD200020,-2,UGX40250,Airtel Money,CASH-9309,18/07/2024 06:11
TXN90001757,ECOM01,CUST102422,PRD200308,2,3000.0,Cash,,2024-10-06 05:27:00
TXN90001758,ST01,CUST100567,PRD200967,3,4500.0,Airtel Money,CASH-6601,2024-09-14 04:33:00
TXN90001759,ST18,CUST104116,PRD200604,2,26000.0,Airtel Money,MP879297232,2024-07-01 10:26:00
TXN90001760,ECOM01,CUST100509,PRD200914,1,16500.0,Airtel Money,CASH-2650,2024-09-29 20:58:00
TXN90001761,ECOM01,CUST101692,PRD200385,1,8625.0,MTN MoMo,CASH-9545,2024-10-24 09:35:00
TXN90001762,ST23,CUST104728,PRD200668,1,2069.59,MTN Mobile Money,MP502037518,2024-08-31 19:49:00
TXN90001763,ST12,CUST102196,PRD200443,3,27000.0,MTN MoMo,AUTH94462,2024-09-22 20:52:00
TXN90001764,ST06,CUST103794,PRD200392,3,7500.0,Airtel Money,MP312064510,07/08/2024 22:19
TXN90001765,ST20,CUST103048,PRD200442,1,3750.0,MTN Mobile Money,MP471538727,2024-12-17 23:05:00
TXN90001766,ECOM01,CUST103102,PRD200261,1,52500.0,Airtel Money,AM740500358,2024-09-03 02:08:00
TXN90001767,ST04,CUST101999,PRD200059,1,40250.0,MTN Mobile Money,AM132520118,2024-11-27 01:43:00
TXN90001768,ST01,CUST104396,PRD200740,2,65000.0,MTN MoMo,AUTH56771,2024-07-13 02:38:00
TXN90001769,ST17,CUST104833,PRD201058,2,1150.0,Cash,AUTH80210,16/07/2024 06:52
TXN90001770,ST05,,PRD200144,-1,UGX3900,Airtel Money,AM762420429,2024-09-07 10:22:00
TXN90001771,ST01,CUST103190,PRD200049,4,2875.0,AirtelMoney,,2024-07-19 17:50:00
TXN90001772,ST16,,PRD200687,1,60000.0,MTN Mobile Money,CASH-9299,2024-09-22 15:43:00
TXN90001773,ECOM01,CUST101515,PRD200440,1,429,momo,MP790547389,2024-09-09 10:23:00
TXN90001774,ST13,CUST103723,PRD200996,1,26000.0,momo,CASH-8845,2024-08-11 22:47:00
TXN90001775,ST02,CUST100753,PRD201006,2,5750.0,AirtelMoney,AUTH40899,2024-12-04 00:42:00
TXN90001776,ST14,CUST102694,PRD200993,2,1500.0,Airtel Money,AUTH84922,2024-11-21 14:24:00
TXN90001777,ST01,CUST102140,PRD200078,4,893.67,MTN MoMo,AM156122982,2024-10-19 13:12:00
TXN90001778,ECOM01,CUST101197,PRD200649,1,36000.0,Cash,CASH-7029,2024-08-19 20:10:00
TXN90001779,ECOM01,CUST103229,PRD200051,3,42000.0,MTN Mobile Money,,21/08/2024 04:47
TXN90001780,ST20,CUST104447,PRD200608,1,8250.0,Card,AM204663817,2024-08-16 02:18:00
TXN90001781,ST14,CUST102951,PRD200784,2,4950.0,Airtel Money,AM708834087,2024-09-29 17:58:00
TXN90001782,ST09,CUST100058,PRD200065,1,36000.0,momo,AUTH19866,2024-09-28 16:50:00
TXN90001783,ST16,CUST100482,PRD200921,4,3750.0,Airtel Money,AUTH91794,2024-08-19 22:00:00
TXN90001784,ST17,CUST102484,PRD200685,3,1150.0,Cash,,2024-12-05 01:46:00
TXN90001785,ST03,CUST102361,PRD201125,2,1950.0,MTN Mobile Money,AM608294683,18/07/2024 16:01
TXN90001786,ST14,CUST104900,PRD201054,1,5175.0,Cash,CASH-8714,2024-09-21 21:33:00
TXN90001787,ECOM01,,PRD201105,1,15000.0,AirtelMoney,AM788668099,2024-12-24 05:55:00
TXN90001788,ST18,CUST100950,PRD201030,3,17250.0,Cash,CASH-5636,2024-09-08 17:23:00
TXN90001789,ST19,CUST100315,PRD200276,4,575.0,Cash,CASH-8406,2024-08-31 10:54:00
TXN90001790,ST19,CUST100730,PRD200960,3,15000.0,Cash,MP488248060,20/07/2024 05:19
TXN90001791,ST11,CUST104245,PRD200290,4,12000.0,MTN MoMo,AM989616347,2024-09-08 08:30:00
TXN90001792,ST07,CUST102691,PRD201051,2,2700.0,MTN MoMo,AUTH41797,2024-07-08 04:16:00
TXN90001793,ST09,CUST102368,PRD200137,3,900.0,momo,MP350206685,2024-11-01 04:41:00
TXN90001794,ECOM01,CUST103120,PRD200366,2,5400.0,MTN MoMo,,2024-09-02 05:12:00
TXN90001795,ST22,CUST104782,PRD200686,3,5400.0,MTN MoMo,AUTH76542,31/08/2024 16:52
TXN90001796,ST23,CUST102982,PRD200580,1,3300.0,AirtelMoney,MP706598333,2024-08-16 20:07:00
TXN90001797,ECOM01,CUST102485,PRD200839,3,65000.0,MTN Mobile Money,MP381257449,2024-11-19 17:28:00
TXN90001798,ST13,CUST104754,PRD200290,1,12000.0,MTN Mobile Money,AUTH41037,2024-10-23 13:44:00
TXN90001799,ST21,CUST102832,PRD200557,1,19500.0,Airtel Money,AUTH55296,2024-07-13 23:44:00
TXN90001800,ST18,CUST103740,PRD200264,1,1800.0,Airtel Money,MP711638655,2024-09-03 20:57:00
TXN90001801,ST05,CUST104660,PRD201041,2,3600.0,CASH,AUTH85351,2024-12-11 08:55:00
TXN90001802,ST12,CUST101185,PRD201106,-2,9000.0,AirtelMoney,MP686062034,2024-11-28 09:19:00
TXN90001803,ST05,CUST102446,PRD200500,1,26469.75,Cash,AM901886447,2024-09-07 02:10:00
TXN90001804,ST08,CUST104929,PRD200551,1,6750.0,MTN MoMo,CASH-8878,2024-10-02 14:51:00
TXN90001805,ST16,CUST104260,PRD200072,2,5850.0,momo,AM575325916,2024-09-14 12:36:00
TXN90001806,ST17,CUST101873,PRD200190,1,60000.0,AirtelMoney,AM728116180,2024-08-17 16:12:00
TXN90001807,ST09,CUST100658,PRD201072,1,27000.0,Card,AUTH52290,2024-11-23 17:40:00
TXN90001808,ST10,CUST104395,PRD200392,4,7500.0,CASH,MP124344131,2024-12-22 13:08:00
TXN90001809,ECOM01,CUST101905,PRD200146,1,1803.16,Airtel Money,AUTH70907,2024-07-09 15:23:00
TXN90001810,ST07,CUST104432,PRD200634,1,63000.0,Cash,AUTH21190,2024-07-31 18:19:00
TXN90001811,ECOM01,CUST103864,PRD200444,1,2300.0,MTN MoMo,MP677131504,2024-08-21 16:23:00
TXN90001812,ST07,CUST101702,PRD200934,1,38500.0,MTN Mobile Money,MP789170393,2024-11-22 21:27:00
TXN90001813,ECOM01,CUST101519,PRD200177,5,63000.0,Cash,AM959368452,2024-11-24 07:56:00
TXN90001814,ST04,CUST100507,PRD200403,3,4950.0,MTN Mobile Money,CASH-2920,2024-08-21 13:26:00
TXN90001815,ST20,CUST101085,PRD200099,1,7500.0,Airtel Money,AM538398081,2024-09-02 16:03:00
TXN90001816,ST07,CUST101856,PRD201045,1,1800.0,Airtel Money,,2024-11-04 21:50:00
TXN90001817,ST18,CUST104051,PRD200647,1,13000.0,CASH,MP214204583,2024-07-11 20:51:00
TXN90001818,ST01,CUST104919,PRD201107,2,18750.0,AirtelMoney,AUTH46607,2024-08-04 18:10:00
TXN90001819,ST13,CUST102031,PRD200624,1,23000.0,Airtel Money,AUTH95653,2024-09-26 05:28:00
TXN90001820,ST18,CUST100724,PRD200187,2,937.5,AirtelMoney,,2024-07-08 16:28:00
TXN90001821,ST08,CUST103495,PRD200724,2,27000.0,AirtelMoney,AUTH79400,2024-12-26 08:59:00
TXN90001822,ECOM01,CUST104058,PRD200769,1,8250.0,AirtelMoney,AUTH99431,2024-11-12 04:20:00
TXN90001823,ST18,CUST100581,PRD200305,1,3750.0,Cash,CASH-5090,2024-11-04 03:12:00
TXN90001824,ST10,CUST103689,PRD200230,1,2200.0,MTN Mobile Money,CASH-8781,2024-08-02 10:16:00
TXN90001825,ST03,CUST101017,PRD200373,1,18750.0,Airtel Money,AUTH81358,23/10/2024 06:54
TXN90001826,ST17,CUST104784,PRD201142,1,12500.0,momo,AM912389123,2024-11-12 01:55:00
TXN90001827,ST15,CUST100593,PRD200738,1,63000.0,MTN MoMo,CASH-6997,23/09/2024 05:39
TXN90001828,ECOM01,CUST104520,PRD200871,2,9375.0,MTN Mobile Money,CASH-9983,2024-11-16 16:30:00
TXN90001829,ST18,CUST101605,PRD200131,4,3000.0,Cash,AM669741675,23/09/2024 09:42
TXN90001830,ECOM01,CUST102450,PRD200381,1,22000.0,Cash,AUTH78342,31/07/2024 07:20
TXN90001831,ST15,CUST100066,PRD200845,2,1800.0,Cash,AUTH45520,2024-10-28 00:08:00
TXN90001832,ST04,CUST101620,PRD200410,5,55000.0,Airtel Money,AM416368601,2024-11-18 11:16:00
TXN90001833,ECOM01,CUST102176,PRD200588,-1,5500.0,Airtel Money,MP588858453,2024-09-13 18:04:00
TXN90001834,ST13,CUST100569,PRD200016,1,24000.0,Card,AM171040009,2024-12-10 19:30:00
TXN90001835,ST01,CUST102003,PRD200088,3,2500.0,MTN MoMo,AM538294442,2024-11-24 07:13:00
TXN90001836,ST15,CUST103443,PRD200841,5,575.0,MTN Mobile Money,CASH-8585,2024-10-28 06:39:00
TXN90001837,ST21,CUST102254,PRD200636,1,3600.0,Airtel Money,AM257594516,10/11/2024 22:34
TXN90001838,ST15,CUST102485,PRD200173,1,62500.0,MTN MoMo,MP205178214,2024-10-16 11:57:00
TXN90001839,ST21,CUST100950,PRD200662,2,60000.0,MTN MoMo,MP224977956,2024-12-26 05:10:00
TXN90001840,ECOM01,CUST100063,PRD200219,-2,4500.0,MTN MoMo,CASH-7250,2024-07-13 18:24:00
TXN90001841,ECOM01,CUST102124,PRD200740,1,65000.0,MTN MoMo,MP950218051,2024-10-29 10:27:00
TXN90001842,ECOM01,CUST101916,PRD200629,4,575.0,MTN MoMo,AM648849223,2024-07-14 19:16:00
TXN90001843,ST03,CUST104908,PRD201098,1,75000.0,MTN MoMo,CASH-9116,2024-11-19 09:01:00
TXN90001844,ECOM01,CUST103765,PRD201030,4,17250.0,Cash,AM945574469,2024-09-11 02:31:00
TXN90001845,ST14,CUST103889,PRD200940,2,825.0,AirtelMoney,AM662568885,2024-11-25 12:26:00
TXN90001846,ST19,CUST100082,PRD200833,1,27000.0,MTN Mobile Money,MP519715442,2024-11-16 13:37:00
TXN90001847,ST01,CUST104237,PRD200522,2,38500.0,MTN MoMo,CASH-8256,2024-12-25 17:21:00
TXN90001848,ST15,CUST100082,PRD200068,1,1200.0,MTN Mobile Money,AM127734215,2024-11-10 00:36:00
TXN90001849,ECOM01,CUST103515,PRD200485,1,60000.0,Airtel Money,CASH-5661,2024-11-17 10:27:00
TXN90001850,ST17,CUST102740,PRD200364,5,9375.0,Airtel Money,AUTH35648,2024-07-25 13:09:00
TXN90001851,ECOM01,CUST103191,PRD201079,3,1800.0,MTN MoMo,CASH-5635,15/09/2024 17:49
TXN90001852,ST08,CUST104055,PRD200361,1,1200.0,AirtelMoney,MP236840089,2024-08-22 14:44:00
TXN90001853,ECOM01,CUST101141,PRD200281,1,25000.0,MTN MoMo,AUTH45273,12/11/2024 09:07
TXN90001854,ST10,CUST102959,PRD200982,1,1125.0,MTN MoMo,MP294519586,2024-07-14 08:44:00
TXN90001855,ST09,CUST101562,PRD200303,1,43750.0,MTN Mobile Money,CASH-9331,2024-07-18 13:21:00
TXN90001856,ST15,CUST103920,PRD200923,1,3750.0,Airtel Money,CASH-5784,2024-08-19 09:56:00
TXN90001857,ST14,CUST100817,PRD200901,1,18000.0,MTN MoMo,AM914565049,2024-12-24 22:51:00
TXN90001858,ECOM01,CUST102820,PRD200461,2,9000.0,MTN Mobile Money,AM397979545,2024-08-31 03:55:00
TXN90001859,ST04,,PRD200161,4,4500.0,MTN Mobile Money,AUTH18781,2024-08-20 06:26:00
TXN90001860,ST20,CUST102649,PRD200054,1,1125.0,MTN Mobile Money,AUTH71851,2024-10-17 12:04:00
TXN90001861,ECOM01,,PRD200780,3,52500.0,momo,AM226259835,2024-11-07 18:42:00
TXN90001862,ST19,CUST104086,PRD200809,1,5850.0,Airtel Money,MP363174941,2024-09-30 15:09:00
TXN90001863,ECOM01,CUST104592,PRD200469,4,4950.0,MTN MoMo,MP393380995,2024-12-20 13:13:00
TXN90001864,ST23,CUST102196,PRD200975,2,"UGX 36,000",momo,MP379297017,2024-12-25 16:33:00
TXN90001865,ST08,CUST100025,PRD200616,4,3250.0,MTN MoMo,CASH-2156,2024-09-29 16:03:00
TXN90001866,ST21,CUST100244,PRD201035,1,2250.0,MTN Mobile Money,AUTH23278,2024-07-28 20:23:00
TXN90001867,ST03,CUST104241,PRD200401,4,5625.0,MTN Mobile Money,AUTH52186,2024-07-26 13:55:00
TXN90001868,ST05,CUST101768,PRD201161,1,21927.6,Cash,CASH-7645,2024-07-01 20:12:00
TXN90001869,ST09,CUST104853,PRD200930,3,8625.0,MTN MoMo,CASH-5458,2024-09-16 15:01:00
TXN90001870,ST07,CUST103623,PRD200275,2,8625.0,Cash,,2024-10-26 20:33:00
TXN90001871,ST01,CUST103105,PRD200229,2,16500.0,momo,AUTH96837,29/08/2024 04:02
TXN90001872,ST10,,PRD200117,1,3600.0,Airtel Money,AUTH90004,2024-11-08 03:20:00
TXN90001873,ST02,,PRD200207,2,"UGX 25,000",MTN Mobile Money,AUTH80739,08/09/2024 02:22
TXN90001874,ST23,CUST103744,PRD200031,2,1300.0,Cash,AM654645782,2024-12-27 12:58:00
TXN90001875,ST10,CUST100493,PRD200249,1,650.0,AirtelMoney,,2024-12-27 10:28:00
TXN90001876,ST03,CUST102564,PRD200841,1,575.0,CASH,AUTH40817,27/10/2024 19:36
TXN90001877,ST09,CUST104065,PRD200928,1,24000.0,AirtelMoney,AUTH95788,2024-12-25 02:15:00
TXN90001878,ST20,CUST101916,PRD200047,2,750.0,MTN MoMo,CASH-4269,2024-07-29 23:31:00
TXN90001879,ST23,CUST100836,PRD201129,1,18000.0,MTN Mobile Money,AUTH96509,2024-10-31 11:43:00
TXN90001880,ST04,CUST101642,PRD201029,1,862.5,MTN Mobile Money,MP216503678,2024-09-24 00:47:00
TXN90001881,ST21,CUST100259,PRD200711,1,3300.0,Airtel Money,AUTH45421,2024-08-13 15:04:00
TXN90001882,ST08,CUST101626,PRD200203,2,2300.0,MTN Mobile Money,MP259396002,2024-12-17 02:22:00
TXN90001883,ST23,CUST104718,PRD200101,4,3750.0,Card,AM484470887,2024-12-22 23:31:00
TXN90001884,ECOM01,CUST104190,PRD200177,3,63000.0,Airtel Money,,2024-09-30 17:35:00
TXN90001885,ST14,CUST103686,PRD200140,3,23000.0,MTN Mobile Money,AUTH77534,2024-08-12 17:40:00
TXN90001886,ST15,CUST103587,PRD200243,1,600.0,MTN MoMo,AUTH15245,2024-11-12 00:40:00
TXN90001887,ST06,,PRD200331,2,43750.0,Airtel Money,AM141564389,2024-08-04 01:14:00
TXN90001888,ST13,,PRD201136,3,2250.0,Cash,CASH-5464,2024-08-12 10:48:00
TXN90001889,ST21,,PRD200176,2,5750.0,MTN Mobile Money,MP898913223,22/07/2024 04:11
TXN90001890,ST05,,PRD200561,1,5750.0,AirtelMoney,,2024-09-08 23:10:00
TXN90001891,ST05,CUST100063,PRD200438,2,1150.0,MTN MoMo,AM569337767,17/11/2024 02:40
TXN90001892,ECOM01,,PRD200087,2,7500.0,MTN MoMo,AUTH48094,2024-09-08 10:53:00
TXN90001893,ST04,CUST101999,PRD200679,3,937.5,MTN MoMo,AUTH14281,2024-08-29 19:03:00
TXN90001894,ST05,CUST100540,PRD200772,1,13000.0,Cash,,2024-08-19 07:53:00
TXN90001895,ECOM01,CUST103697,PRD201036,1,1500.0,MTN Mobile Money,CASH-6678,2024-08-17 08:09:00
TXN90001896,ST19,CUST100364,PRD200623,1,12500.0,MTN MoMo,CASH-7276,2024-10-05 02:21:00
TXN90001897,ECOM01,CUST101546,PRD201110,3,5175.0,MTN MoMo,AM640753610,2024-07-15 02:41:00
TXN90001898,ECOM01,CUST101829,PRD200412,2,15000.0,Airtel Money,AUTH29466,2024-10-16 04:14:00
TXN90001899,ST04,CUST101324,PRD200822,3,"UGX 1,125",MTN Mobile Money,CASH-5567,2024-08-11 13:55:00
TXN90001900,ECOM01,CUST100642,PRD201029,1,862.5,Airtel Money,AUTH77817,2024-07-26 19:05:00
TXN90001901,ST19,CUST105000,PRD200435,1,2300.0,Airtel Money,AUTH32783,2024-07-15 13:38:00
TXN90001902,ECOM01,CUST104595,PRD200434,5,16500.0,Airtel Money,,2024-09-03 20:28:00
TXN90001903,ST02,CUST102799,PRD200135,2,6500.0,AirtelMoney,AUTH48573,02/11/2024 09:41
TXN90001904,ST08,,PRD200908,2,3600.0,Cash,MP458698920,2024-08-06 03:57:00
TXN90001905,ST23,CUST103138,PRD200600,1,671.99,MTN MoMo,,2024-12-03 20:12:00
TXN90001906,ST15,CUST103130,PRD200321,1,975.0,Cash,CASH-8743,2024-11-21 15:35:00
TXN90001907,ECOM01,CUST102818,PRD200185,1,600.0,MTN Mobile Money,AM363602646,14/12/2024 15:30
TXN90001908,ST06,CUST102881,PRD200592,-1,3750.0,Cash,MP729556645,2024-08-30 08:39:00
TXN90001909,ST22,CUST104761,PRD200989,1,17250.0,MTN MoMo,AM665367219,2024-08-21 13:34:00
TXN90001910,ST10,CUST103298,PRD200748,1,2600.0,MTN MoMo,MP149253125,2024-07-07 00:27:00
TXN90001911,ST03,CUST101965,PRD201069,1,8100.0,momo,AM857647682,18/07/2024 22:17
TXN90001912,ECOM01,CUST104362,PRD200802,1,5400.0,CASH,AM300859814,2024-11-01 15:18:00
TXN90001913,ST03,CUST103689,PRD201114,1,6750.0,MTN MoMo,AM543335810,2024-12-23 20:43:00
TXN90001914,ST12,CUST100795,PRD200812,4,1800.0,AirtelMoney,MP848386692,2024-11-20 01:29:00
TXN90001915,ST11,CUST104451,PRD200650,1,90000.0,MTN MoMo,CASH-7493,2024-10-21 10:01:00
TXN90001916,ECOM01,CUST104173,PRD200167,1,24000.0,MTN MoMo,,04/09/2024 18:12
TXN90001917,ST23,CUST103491,PRD200039,1,4500.0,MTN MoMo,CASH-5974,2024-10-12 08:28:00
TXN90001918,ST09,CUST100552,PRD200151,1,11000.0,MTN MoMo,,19/07/2024 01:28
TXN90001919,ST23,CUST102716,PRD200187,1,937.5,CASH,AUTH76886,2024-12-27 04:07:00
TXN90001920,ST20,CUST101907,PRD200210,2,5500.0,MTN MoMo,MP143903031,2024-12-09 15:04:00
TXN90001921,ECOM01,CUST104043,PRD200020,2,40250.0,CASH,AUTH80315,18/08/2024 21:44
TXN90001922,ST01,CUST101276,PRD200149,4,900.0,Cash,,2024-10-12 18:36:00
TXN90001923,ECOM01,CUST103233,PRD200282,2,5175.0,MTN Mobile Money,,2024-08-30 04:31:00
TXN90001924,ECOM01,CUST104009,PRD200789,1,625.0,AirtelMoney,,2024-11-20 18:50:00
TXN90001925,ECOM01,CUST102581,PRD200324,1,27000.0,Card,MP720581615,2024-09-29 18:41:00
TXN90001926,ST15,CUST103882,PRD200741,3,32051.24,Cash,AM656891502,2024-09-05 17:13:00
TXN90001927,ST22,CUST100854,PRD200229,1,16500.0,Card,CASH-6097,2024-07-14 06:25:00
TXN90001928,ST06,CUST101942,PRD200901,4,18000.0,Airtel Money,MP835263810,02/10/2024 17:27
TXN90001929,ST22,CUST102709,PRD200276,1,575.0,Card,AUTH28896,2024-07-26 00:11:00
TXN90001930,ECOM01,CUST101181,PRD200989,1,17250.0,Card,CASH-2020,02/08/2024 13:02
TXN90001931,ST02,CUST101029,PRD201089,1,1250.0,Airtel Money,AUTH16026,2024-12-14 15:53:00
TXN90001932,ST21,CUST101655,PRD200017,2,UGX 327,Airtel Money,AM901544345,2024-12-01 01:39:00
TXN90001933,ST12,CUST102965,PRD200291,3,42000.0,MTN MoMo,AUTH61310,2024-08-30 09:46:00
TXN90001934,ST09,CUST102243,PRD200020,2,40250.0,Airtel Money,AUTH34413,2024-11-21 07:57:00
TXN90001935,ECOM01,CUST102663,PRD200811,1,1350.0,CASH,AUTH64193,2024-11-28 00:16:00
TXN90001936,ST07,CUST100396,PRD200306,1,"8,250",AirtelMoney,AM950229413,26/08/2024 09:33
TXN90001937,ST14,CUST101655,PRD200857,1,625.0,CASH,AM586145282,2024-12-06 21:45:00
TXN90001938,ECOM01,CUST104511,PRD200053,1,9000.0,AirtelMoney,CASH-4221,2024-12-23 21:17:00
TXN90001939,ST18,CUST101880,PRD200796,1,2750.0,Airtel Money,CASH-3702,2024-10-29 13:24:00
TXN90001940,ECOM01,CUST103803,PRD200926,2,38500.0,MTN MoMo,AUTH94593,19/10/2024 16:35
TXN90001941,ST17,CUST103364,PRD200075,1,15000.0,MTN Mobile Money,CASH-6316,2024-11-23 05:19:00
TXN90001942,ST22,CUST101881,PRD200331,2,43750.0,MTN Mobile Money,CASH-7285,2024-12-05 21:15:00
TXN90001943,ECOM01,CUST102500,PRD200384,2,2600.0,Cash,AM140397769,2024-11-23 20:16:00
TXN90001944,ECOM01,CUST100058,PRD200656,1,1250.0,MTN Mobile Money,AM949332493,18/08/2024 12:35
TXN90001945,ECOM01,CUST102402,PRD200455,2,575.0,Cash,MP467699167,2024-09-15 20:08:00
TXN90001946,ST08,CUST102172,PRD200874,1,UGX6000,MTN MoMo,AUTH44876,2024-10-18 06:10:00
TXN90001947,ST03,CUST104635,PRD201097,1,1650.0,Cash,AM361758556,2024-07-03 22:35:00
TXN90001948,ST20,CUST102102,PRD200047,-1,750,Cash,AUTH16559,04/10/2024 12:39
TXN90001949,ECOM01,CUST100256,PRD200329,3,23000.0,MTN MoMo,AM514074329,2024-09-24 18:15:00
TXN90001950,ST16,CUST102906,PRD200161,5,4500.0,Cash,MP294854597,2024-12-24 05:49:00
TXN90001951,ST03,,PRD200998,3,937.5,Airtel Money,CASH-5495,2024-10-30 06:08:00
TXN90001952,ST22,CUST102791,PRD200060,2,2875.0,momo,CASH-2379,2024-10-16 13:59:00
TXN90001953,ST18,CUST103700,PRD200537,1,1001.0,Airtel Money,CASH-8059,2024-10-12 05:37:00
TXN90001954,ST23,CUST103298,PRD200974,-1,1800.0,momo,AM489964785,2024-08-14 04:34:00
TXN90001955,ST04,CUST103727,PRD200063,1,708.61,MTN Mobile Money,CASH-2116,2024-09-21 17:10:00
TXN90001956,ST14,CUST103701,PRD200158,1,672.1,MTN MoMo,MP812767154,2024-10-17 04:26:00
TXN90001957,ST06,CUST102476,PRD200248,5,8100.0,Cash,CASH-4898,2024-08-18 20:27:00
TXN90001958,ST14,CUST100258,PRD201084,4,25000.0,momo,CASH-6576,2024-08-15 03:52:00
TXN90001959,ECOM01,CUST100396,PRD200736,4,18000.0,Airtel Money,AUTH94455,2024-09-16 11:09:00
TXN90001960,ST13,CUST104445,PRD200651,3,"12,000",Cash,AM153228333,2024-10-31 11:18:00
TXN90001961,ST18,CUST100275,PRD200088,1,2500.0,MTN Mobile Money,MP590786216,16/09/2024 01:42
TXN90001962,ECOM01,CUST101526,PRD200028,1,27000.0,momo,CASH-8051,2024-09-03 15:58:00
TXN90001963,ST18,CUST101403,PRD200071,1,26000.0,Cash,MP833434084,2024-07-26 12:02:00
TXN90001964,ST18,,PRD201028,2,3900.0,MTN Mobile Money,AM148397604,2024-09-26 02:34:00
TXN90001965,ST06,,PRD200623,1,12500.0,MTN MoMo,MP640250632,2024-08-09 10:43:00
TXN90001966,ECOM01,CUST104256,PRD200975,2,36000.0,MTN MoMo,MP347430429,2024-12-15 09:35:00
TXN90001967,ST16,CUST100089,PRD200632,1,1125.0,MTN Mobile Money,AUTH45219,2024-10-10 22:14:00
TXN90001968,ECOM01,CUST102989,PRD201152,1,2250.0,Cash,CASH-9895,2024-11-22 05:04:00
TXN90001969,ST23,CUST101479,PRD200595,1,1300.0,momo,AM598790462,2024-07-25 19:44:00
TXN90001970,ST18,CUST103625,PRD201137,1,12500.0,MTN MoMo,MP848062953,2024-12-16 13:50:00
TXN90001971,ST02,CUST104593,PRD200789,1,625.0,MTN MoMo,AUTH47641,2024-12-01 11:57:00
TXN90001972,ST09,CUST101378,PRD200050,3,900.0,MTN Mobile Money,AUTH61977,2024-10-30 23:59:00
TXN90001973,ST01,CUST104033,PRD200434,1,16500.0,Airtel Money,AM424508188,2024-09-21 09:24:00
TXN90001974,ECOM01,CUST102375,PRD200643,-1,21927.6,Cash,CASH-7069,2024-09-03 09:27:00
TXN90001975,ST08,CUST100632,PRD200917,1,3450.0,MTN MoMo,AUTH64618,20/07/2024 01:28
TXN90001976,ST05,CUST104083,PRD200636,2,3600.0,Airtel Money,AUTH31397,2024-11-22 21:47:00
TXN90001977,ST12,CUST103586,PRD200637,5,22000.0,Airtel Money,AUTH69919,31/10/2024 21:25
TXN90001978,ST18,,PRD200791,4,8100.0,MTN Mobile Money,AUTH20018,2024-10-27 01:19:00
TXN90001979,ST11,CUST102340,PRD200210,1,5500.0,AirtelMoney,AM202816330,18/12/2024 14:02
TXN90001980,ST10,CUST101983,PRD200308,4,3000.0,MTN Mobile Money,CASH-2924,2024-11-15 05:13:00
TXN90001981,ST22,CUST102904,PRD200032,5,4060.52,AirtelMoney,CASH-5150,2024-09-28 03:28:00
TXN90001982,ST07,CUST104122,PRD200280,3,"UGX 3,631",MTN MoMo,CASH-6491,2024-12-13 00:31:00
TXN90001983,ST16,CUST100374,PRD200957,3,4950.0,Airtel Money,AM178236195,2024-11-24 10:39:00
TXN90001984,ST04,CUST104081,PRD200781,1,UGX25000,MTN MoMo,AUTH67131,2024-07-08 18:44:00
TXN90001985,ECOM01,CUST102466,PRD200548,1,5400.0,MTN MoMo,AM601834611,2024-09-29 19:43:00
TXN90001986,ST03,,PRD200933,2,3450.0,Cash,MP916330342,2024-10-15 07:13:00
TXN90001987,ST01,CUST103610,PRD200539,2,"UGX 5,625",MTN Mobile Money,AM122537655,2024-12-02 06:58:00
TXN90001988,ST16,CUST104828,PRD201068,2,2500.0,MTN Mobile Money,CASH-1536,18/10/2024 02:49
TXN90001989,ST21,CUST100966,PRD200397,1,1650.0,CASH,AM755682754,2024-09-20 17:33:00
TXN90001990,ST23,CUST104828,PRD200597,1,5750.0,Cash,AUTH25361,2024-08-22 07:23:00
TXN90001991,ST03,CUST102113,PRD200158,3,672.1,MTN Mobile Money,CASH-9346,2024-11-27 14:14:00
TXN90001992,ECOM01,,PRD200045,5,15000.0,AirtelMoney,CASH-2406,2024-07-26 04:48:00
TXN90001993,ST16,CUST100253,PRD200856,2,"19,500",Airtel Money,AM763370497,2024-07-02 05:05:00
TXN90001994,ECOM01,CUST100376,PRD200672,1,23000.0,Airtel Money,AM262354461,25/09/2024 22:44
TXN90001995,ECOM01,CUST104056,PRD200823,1,2600.0,Airtel Money,CASH-6175,2024-08-14 03:35:00
TXN90001996,ECOM01,CUST104366,PRD201087,2,2250.0,MTN MoMo,AM301298157,25/07/2024 02:30
TXN90001997,ST20,CUST101512,PRD200372,1,900.0,Cash,MP668533896,2024-07-20 09:16:00
TXN90001998,ST18,CUST103815,PRD200611,1,2600.0,Airtel Money,AM683588997,2024-12-12 15:20:00
TXN90001999,ECOM01,CUST100715,PRD200577,4,2400.0,Cash,AM512999677,2024-10-08 19:32:00
TXN90002000,ST16,CUST104917,PRD200618,1,90000.0,MTN MoMo,MP644124244,29/11/2024 13:03
TXN90002001,ST01,CUST104584,PRD200001,2,60000.0,Airtel Money,AM170476663,2024-12-04 12:19:00
TXN90002002,ST11,CUST102473,PRD200017,-1,326.93,Airtel Money,AM665199569,2024-09-25 04:48:00
TXN90002003,ST01,CUST104190,PRD200001,1,60000.0,Card,AUTH25338,09/12/2024 10:47
TXN90002004,ST21,CUST103634,PRD200661,-1,18750.0,Airtel Money,AM840663992,2024-07-27 07:59:00
TXN90002005,ECOM01,CUST100468,PRD200642,1,5500.0,Airtel Money,AM379434326,2024-08-05 23:50:00
TXN90002006,ST15,CUST100079,PRD200872,2,1950.0,MTN Mobile Money,CASH-5457,2024-08-04 13:21:00
TXN90002007,ECOM01,CUST100020,PRD201135,2,"23,000",Airtel Money,MP773205678,2024-08-14 09:05:00
TXN90002008,ECOM01,CUST101219,PRD200651,3,12000.0,Airtel Money,MP730053556,2024-11-15 05:54:00
TXN90002009,ST14,CUST104034,PRD201142,1,12500.0,MTN MoMo,AUTH91453,05/12/2024 22:22
TXN90002010,ST21,CUST103505,PRD200685,2,1150.0,MTN MoMo,MP306327786,2024-07-04 03:28:00
TXN90002011,ST15,CUST104530,PRD200450,-2,2700.0,AirtelMoney,AM393986858,09/12/2024 04:11
TXN90002012,ST16,CUST101596,PRD200648,1,23000.0,Airtel Money,AM600665852,2024-07-16 23:40:00
TXN90002013,ECOM01,,PRD201062,1,3750.0,MTN MoMo,CASH-7745,2024-07-23 21:49:00
TXN90002014,ST21,CUST100207,PRD200594,2,22000.0,Airtel Money,MP802674612,14/11/2024 14:30
TXN90002015,ST05,CUST101082,PRD201018,2,9750.0,Airtel Money,CASH-7265,01/11/2024 09:06
TXN90002016,ST12,CUST100151,PRD200290,1,12000.0,momo,AM110502549,2024-10-30 02:14:00
TXN90002017,ECOM01,CUST104514,PRD200003,2,9375.0,Cash,MP319565438,2024-11-08 06:41:00
TXN90002018,ST13,CUST102747,PRD200997,-1,17250.0,CASH,MP931984877,2024-11-28 01:04:00
TXN90002019,ST13,CUST100765,PRD200119,4,18000.0,Airtel Money,MP107755616,2024-10-05 14:35:00
TXN90002020,ST05,CUST104073,PRD200643,2,21927.6,MTN MoMo,AM592232719,14/08/2024 23:51
TXN90002021,ST17,CUST101793,PRD200602,1,6000.0,Airtel Money,AUTH90105,2024-07-25 00:03:00
TXN90002022,ST18,CUST103134,PRD200899,2,900.0,MTN MoMo,AM814961807,2024-12-09 20:27:00
TXN90002023,ST21,,PRD201150,5,25000.0,Cash,CASH-6226,2024-07-27 11:56:00
TXN90002024,ST16,CUST101852,PRD200070,1,1100.0,MTN Mobile Money,MP688015679,2024-08-19 00:26:00
TXN90002025,ST03,CUST101559,PRD200406,3,2250.0,MTN MoMo,AUTH94170,2024-09-12 18:45:00
TXN90002026,ST15,CUST102089,PRD201105,2,15000.0,MTN MoMo,MP395217831,2024-11-30 01:31:00
TXN90002027,ST07,CUST102763,PRD201120,2,90000.0,MTN Mobile Money,CASH-3779,2024-12-15 05:04:00
TXN90002028,ST21,CUST102447,PRD200761,5,1350.0,MTN MoMo,AUTH58322,2024-11-26 08:05:00
TXN90002029,ST07,CUST101653,PRD200327,1,5400.0,CASH,AM241771036,2024-11-24 08:56:00
TXN90002030,ST20,CUST101798,PRD200870,3,1800.0,momo,AUTH69439,2024-12-20 20:11:00
TXN90002031,ECOM01,CUST100485,PRD200746,1,1650.0,momo,MP410268468,2024-09-23 12:27:00
TXN90002032,ECOM01,CUST101296,PRD200621,3,9000.0,MTN MoMo,CASH-6386,2024-11-25 07:39:00
TXN90002033,ST22,CUST101751,PRD200349,1,"UGX 63,000",MTN Mobile Money,AM780946586,2024-08-15 18:11:00
TXN90002034,ST14,CUST101814,PRD200656,1,1250.0,momo,AUTH76754,2024-09-21 11:57:00
TXN90002035,ST05,CUST103061,PRD201090,-2,13000.0,MTN Mobile Money,CASH-1577,2024-12-14 05:19:00
TXN90002036,ECOM01,CUST100176,PRD200962,1,6250.0,CASH,AM584276912,16/08/2024 12:13
TXN90002037,ST15,CUST101357,PRD201076,1,9375.0,momo,CASH-8600,2024-11-27 02:52:00
TXN90002038,ST21,CUST103235,PRD201056,1,63000.0,Cash,CASH-5299,03/10/2024 03:45
TXN90002039,ST15,CUST102448,PRD200007,1,63000.0,Cash,MP789617769,2024-12-18 04:02:00
TXN90002040,ST17,CUST104754,PRD200701,-1,"26,000",Airtel Money,MP822672984,2024-10-02 09:44:00
TXN90002041,ST13,CUST104283,PRD200548,5,5400.0,MTN Mobile Money,,2024-08-31 09:29:00
TXN90002042,ECOM01,CUST102630,PRD200478,1,3750.0,momo,AUTH84926,2024-11-23 12:48:00
TXN90002043,ST04,CUST104281,PRD200463,1,36000.0,Airtel Money,CASH-6650,2024-12-25 14:38:00
TXN90002044,ST05,CUST102728,PRD201128,1,1950.0,Cash,MP430820892,2024-07-27 17:06:00
TXN90002045,ST08,CUST100883,PRD200987,1,30000.0,MTN Mobile Money,AM589377973,08/09/2024 14:02
TXN90002046,ST09,CUST102639,PRD201023,-1,57500.0,AirtelMoney,MP945345120,2024-11-24 15:07:00
TXN90002047,ECOM01,CUST103708,PRD200701,1,26000.0,MTN Mobile Money,CASH-7990,2024-11-24 01:05:00
TXN90002048,ST08,CUST102523,PRD201103,1,1150.0,MTN MoMo,,2024-10-29 22:17:00
TXN90002049,ST23,CUST100515,PRD200682,5,3300.0,Cash,,27/11/2024 17:21
TXN90002050,ECOM01,CUST103118,PRD200856,2,19500.0,momo,AUTH86820,2024-11-19 14:28:00
TXN90002051,ST07,,PRD200538,1,57500.0,Card,MP540711534,2024-07-23 20:37:00
TXN90002052,ST09,CUST104557,PRD201074,1,65000.0,momo,CASH-2707,2024-11-13 14:28:00
TXN90002053,ST03,CUST101488,PRD200136,1,90000.0,Card,CASH-1788,2024-07-17 10:49:00
TXN90002054,ST16,CUST102025,PRD200881,3,63000.0,Cash,AM500578920,2024-08-29 12:41:00
TXN90002055,ST08,CUST102126,PRD201096,1,2700.0,momo,AUTH79679,2024-07-02 20:55:00
TXN90002056,ST07,CUST102909,PRD200269,2,60000.0,Cash,CASH-8162,2024-10-15 18:03:00
TXN90002057,ST19,CUST100698,PRD200959,1,2200.0,MTN MoMo,AM461295103,2024-12-21 03:32:00
TXN90002058,ST16,CUST100822,PRD200565,1,36000.0,AirtelMoney,CASH-5503,2024-11-06 14:03:00
TXN90002059,ST21,CUST101552,PRD200232,3,9375.0,CASH,AM452683637,2024-08-13 12:45:00
TXN90002060,ST17,CUST101816,PRD200268,1,25000.0,AirtelMoney,MP706406853,2024-11-25 02:35:00
TXN90002061,ST14,CUST101239,PRD200375,4,3051.54,MTN Mobile Money,AUTH49408,2024-09-13 09:19:00
TXN90002062,ST06,CUST100609,PRD200739,1,8250.0,Airtel Money,MP760021349,2024-08-11 01:49:00
TXN90002063,ST12,CUST103576,PRD200184,5,3600.0,Cash,CASH-7143,2024-08-06 08:00:00
TXN90002064,ST20,CUST104318,PRD200384,5,2600.0,CASH,AUTH34160,2024-10-03 16:43:00
TXN90002065,ST22,,PRD200691,2,1500.0,MTN MoMo,AM401446021,2024-12-04 01:45:00
TXN90002066,ST13,CUST102934,PRD200722,3,65000.0,MTN MoMo,MP965139293,2024-08-24 12:42:00
TXN90002067,ST10,CUST103001,PRD200689,1,900.0,momo,AUTH12941,20/09/2024 20:32
TXN90002068,ST20,,PRD200635,2,6750.0,momo,MP654390107,2024-10-18 18:53:00
TXN90002069,ST14,CUST101802,PRD200492,1,18000.0,Cash,CASH-3467,2024-10-16 18:20:00
TXN90002070,ST17,CUST101899,PRD201092,1,11250.0,AirtelMoney,MP533201684,2024-12-02 11:10:00
TXN90002071,ST19,CUST100057,PRD200186,2,15000.0,Airtel Money,AUTH63714,2024-11-01 06:54:00
TXN90002072,ST18,CUST104505,PRD201076,1,9375.0,Card,CASH-5393,2024-07-23 02:08:00
TXN90002073,ST12,CUST102970,PRD201152,3,2250.0,Cash,AUTH29704,2024-12-26 16:27:00
TXN90002074,ST06,CUST103319,PRD200264,1,1800.0,AirtelMoney,,2024-07-27 13:54:00
TXN90002075,ECOM01,CUST102729,PRD200510,2,12000.0,CASH,CASH-1576,2024-12-12 08:19:00
TXN90002076,ST12,CUST100051,PRD200881,4,63000.0,MTN Mobile Money,AM228893014,2024-12-19 09:28:00
TXN90002077,ST18,CUST103874,PRD200611,1,2600.0,CASH,AM213576410,2024-10-05 06:49:00
TXN90002078,ECOM01,CUST102396,PRD200832,2,3900.0,Cash,AM281863629,2024-09-18 17:07:00
TXN90002079,ST08,CUST101417,PRD200580,1,"3,300",MTN Mobile Money,MP686529995,2024-09-14 15:37:00
TXN90002080,ECOM01,CUST103831,PRD200442,1,3750.0,Cash,CASH-5623,2024-09-06 21:56:00
TXN90002081,ST06,CUST104445,PRD201127,1,1950.0,Airtel Money,AM584923343,2024-12-11 14:02:00
TXN90002082,ST14,CUST104889,PRD200809,5,5850.0,Cash,CASH-1432,2024-12-21 16:04:00
TXN90002083,ECOM01,CUST100511,PRD201031,2,6500.0,AirtelMoney,CASH-4914,2024-12-06 16:48:00
TXN90002084,ECOM01,CUST101548,PRD200938,1,3900.0,Cash,AUTH19356,17/09/2024 07:01
TXN90002085,ST06,CUST104618,PRD200469,3,4950.0,Cash,AUTH30690,2024-10-10 15:11:00
TXN90002086,ST12,,PRD200483,3,4500.0,MTN MoMo,AUTH35406,2024-12-25 02:19:00
TXN90002087,ST19,CUST102805,PRD201114,1,6750.0,MTN MoMo,AM574770465,2024-08-28 07:11:00
TXN90002088,ECOM01,CUST102487,PRD200299,2,13500.0,CASH,AUTH47613,29/08/2024 19:53
TXN90002089,ST08,CUST100472,PRD200873,1,1300.0,MTN Mobile Money,AUTH64473,06/09/2024 07:49
TXN90002090,ST05,CUST102867,PRD200135,3,6500.0,momo,,08/12/2024 19:06
TXN90002091,ECOM01,CUST104864,PRD200332,1,6250.0,AirtelMoney,AUTH33105,2024-09-07 21:43:00
TXN90002092,ST07,,PRD200142,2,4197.32,MTN Mobile Money,CASH-1717,02/07/2024 16:37
TXN90002093,ST11,CUST103457,PRD200419,4,1800.0,MTN MoMo,MP356573570,2024-12-26 12:45:00
TXN90002094,ECOM01,CUST102403,PRD200886,2,1300.0,Airtel Money,MP581207560,2024-08-03 05:47:00
TXN90002095,ST17,CUST104303,PRD200539,1,5625.0,Cash,CASH-2985,2024-08-18 07:08:00
TXN90002096,ST20,CUST101401,PRD200419,4,1800.0,MTN MoMo,AUTH39117,2024-09-03 02:27:00
TXN90002097,ST09,CUST102580,PRD200347,1,11250.0,AirtelMoney,AM189794832,2024-10-01 10:11:00
TXN90002098,ST16,CUST103381,PRD200503,2,4500.0,Airtel Money,MP630289430,2024-11-10 02:42:00
TXN90002099,ST03,CUST103145,PRD200680,1,7500.0,Airtel Money,,2024-11-19 04:02:00
TXN90002100,ST20,CUST104616,PRD200768,1,5400.0,Cash,MP697579864,30/08/2024 12:06
TXN90002101,ST06,CUST100480,PRD200926,1,38500.0,CASH,,15/10/2024 21:38
TXN90002102,ECOM01,CUST104880,PRD200418,2,23000.0,MTN MoMo,AM990328517,2024-08-24 22:48:00
TXN90002103,ST07,CUST104938,PRD201161,4,21927.6,MTN MoMo,CASH-4189,2024-07-23 23:51:00
TXN90002104,ECOM01,CUST100770,PRD200255,1,24000.0,MTN Mobile Money,CASH-6029,2024-07-28 23:57:00
TXN90002105,ST16,CUST103611,PRD200571,2,2600.0,AirtelMoney,CASH-6928,2024-07-03 20:16:00
TXN90002106,ST05,CUST101306,PRD200242,3,52500.0,MTN Mobile Money,CASH-7322,2024-07-12 11:36:00
TXN90002107,ST02,CUST104784,PRD200856,1,19500.0,Cash,CASH-2935,16/07/2024 08:23
TXN90002108,ST18,CUST104118,PRD200447,4,90000.0,MTN MoMo,CASH-2576,2024-08-09 00:38:00
TXN90002109,ST08,CUST100936,PRD200386,3,"62,500",MTN MoMo,CASH-9223,2024-08-20 14:35:00
TXN90002110,ST15,CUST104412,PRD200340,5,18750.0,MTN MoMo,MP986796107,2024-09-21 23:33:00
TXN90002111,ST11,CUST101763,PRD200246,-2,22500.0,momo,AM961809746,2024-09-23 03:26:00
TXN90002112,ECOM01,CUST101667,PRD200760,2,6000.0,CASH,CASH-8683,24/09/2024 02:40
TXN90002113,ECOM01,CUST103383,PRD200838,2,11000.0,MTN Mobile Money,AM187165579,2024-09-30 17:29:00
TXN90002114,ST10,CUST104099,PRD200159,2,1150.0,MTN MoMo,MP284773953,2024-12-17 23:00:00
TXN90002115,ST10,CUST102377,PRD200949,1,"2,500",AirtelMoney,CASH-1346,2024-09-30 15:15:00
TXN90002116,ST05,CUST104275,PRD201022,3,19500.0,momo,MP146287343,2024-09-28 15:03:00
TXN90002117,ST01,CUST102739,PRD200468,2,15000.0,MTN Mobile Money,AUTH47225,2024-12-27 09:22:00
TXN90002118,ECOM01,CUST102771,PRD200772,2,13000.0,MTN Mobile Money,MP239484899,01/09/2024 01:11
TXN90002119,ST22,CUST103505,PRD200358,1,8100.0,MTN MoMo,AM490856344,2024-08-30 03:27:00
TXN90002120,ST22,CUST102209,PRD200258,1,18000.0,MTN MoMo,AM779689722,2024-07-27 19:29:00
TXN90002121,ECOM01,CUST102128,PRD200486,-2,900.0,Cash,AUTH91568,2024-11-25 04:48:00
TXN90002122,ST03,,PRD200841,1,575.0,Cash,CASH-8848,18/10/2024 05:26
TXN90002123,ST03,CUST104149,PRD200222,2,"43,750",Cash,CASH-4158,2024-10-10 16:53:00
TXN90002124,ECOM01,CUST104750,PRD200833,1,27000.0,Airtel Money,AM111463950,2024-11-22 07:04:00
TXN90002125,ST17,CUST104020,PRD200712,1,543.51,Cash,AUTH73235,2024-10-18 23:23:00
TXN90002126,ST18,CUST101932,PRD200883,2,4500.0,MTN MoMo,,2024-11-27 14:34:00
TXN90002127,ST12,CUST101902,PRD200162,1,40250.0,MTN MoMo,MP472850181,2024-10-26 09:27:00
TXN90002128,ST18,CUST104255,PRD200793,2,2200.0,AirtelMoney,CASH-6285,2024-07-10 01:58:00
TXN90002129,ST03,CUST102091,PRD201109,3,8100.0,Cash,AM566870210,2024-08-25 04:55:00
TXN90002130,ECOM01,CUST104908,PRD200525,1,6250.0,Airtel Money,AM809752901,2024-10-14 02:13:00
TXN90002131,ST12,CUST103842,PRD200588,1,5500.0,AirtelMoney,AM582552470,2024-10-14 22:58:00
TXN90002132,ST09,CUST101801,PRD200577,3,2400.0,MTN MoMo,CASH-9307,2024-09-27 05:55:00
TXN90002133,ST15,CUST104322,PRD200373,-2,18750.0,AirtelMoney,CASH-9851,2024-10-25 06:17:00
TXN90002134,ST09,CUST103181,PRD200753,1,5625.0,MTN MoMo,AM264170759,2024-07-10 14:55:00
TXN90002135,ST16,CUST104259,PRD200326,3,3300.0,Card,AM218742765,2024-11-20 11:42:00
TXN90002136,ST18,CUST103577,PRD200978,2,40250.0,Cash,AM360950171,2024-10-23 04:51:00
TXN90002137,ST22,CUST100940,PRD201118,1,8100.0,CASH,AM645660139,2024-12-13 04:21:00
TXN90002138,ST02,CUST103060,PRD200108,1,1200.0,Cash,AUTH56954,2024-10-18 07:03:00
TXN90002139,ST10,CUST102754,PRD200316,4,1800.0,Airtel Money,AM393113108,2024-09-19 04:43:00
TXN90002140,ST18,CUST103873,PRD200759,1,8625.0,MTN Mobile Money,,2024-07-30 00:01:00
TXN90002141,ST03,CUST100999,PRD200784,4,4950.0,Cash,AUTH77997,26/11/2024 12:34
TXN90002142,ST18,CUST103753,PRD200906,2,8250.0,MTN Mobile Money,MP275761723,2024-12-07 23:58:00
TXN90002143,ECOM01,CUST100445,PRD201112,1,575.0,momo,AM103988481,2024-10-03 15:16:00
TXN90002144,ST10,CUST103979,PRD200613,2,36000.0,Cash,,2024-09-23 17:54:00
TXN90002145,ST09,CUST100010,PRD200966,1,1200.0,MTN MoMo,MP508051872,2024-08-18 15:43:00
TXN90002146,ST06,CUST102095,PRD201157,4,600.0,Cash,AM406653664,2024-09-17 05:54:00
TXN90002147,ECOM01,CUST102550,PRD200159,1,1150.0,Cash,AM134760969,13/11/2024 01:30
TXN90002148,ECOM01,CUST104485,PRD200224,1,5850.0,MTN MoMo,MP784241500,2024-08-08 01:40:00
TXN90002149,ST22,CUST101797,PRD200721,4,8625.0,Card,CASH-1913,2024-12-03 21:31:00
TXN90002150,ST10,CUST101703,PRD200180,4,5400.0,Airtel Money,MP865173636,2024-09-25 16:49:00
TXN90002151,ST16,CUST103071,PRD200669,1,40250.0,AirtelMoney,MP924380477,2024-09-11 01:26:00
TXN90002152,ST13,CUST100357,PRD200610,2,5850.0,Airtel Money,AUTH54145,2024-07-25 06:22:00
TXN90002153,ST04,CUST103241,PRD200002,2,63000.0,MTN Mobile Money,MP165573358,2024-09-03 22:59:00
TXN90002154,ST09,CUST102571,PRD200072,1,5850.0,Airtel Money,CASH-2538,30/10/2024 15:09
TXN90002155,ST18,CUST102797,PRD200607,1,920.33,MTN MoMo,MP491829259,2024-12-24 10:14:00
TXN90002156,ST04,,PRD200561,1,5750.0,Airtel Money,AM767005835,2024-09-23 09:08:00
TXN90002157,ST06,CUST100044,PRD200835,2,23000.0,MTN MoMo,AM333424505,2024-09-21 03:32:00
TXN90002158,ST04,CUST102572,PRD200126,3,750.0,Airtel Money,MP686835662,2024-08-26 05:25:00
TXN90002159,ST01,CUST100793,PRD200652,2,65000.0,MTN MoMo,MP210941764,2024-11-28 07:40:00
TXN90002160,ST19,CUST100600,PRD200581,1,3750.0,MTN MoMo,CASH-8522,2024-07-10 08:14:00
TXN90002161,ST18,CUST100276,PRD200606,1,43750.0,MTN MoMo,AM326991030,2024-12-06 23:26:00
TXN90002162,ST11,CUST101713,PRD200740,1,65000.0,MTN MoMo,AM176103486,2024-07-28 09:55:00
TXN90002163,ST04,CUST102055,PRD201071,2,3300.0,Cash,AUTH74812,03/07/2024 01:22
TXN90002164,ST06,CUST103299,PRD200719,3,1300.0,Airtel Money,MP112013272,2024-11-19 13:21:00
TXN90002165,ECOM01,CUST100151,PRD200554,3,8625.0,Airtel Money,AM395131853,2024-10-27 01:47:00
TXN90002166,ST21,CUST100774,PRD200080,1,7500.0,momo,AUTH62422,2024-10-18 08:40:00
TXN90002167,ST21,CUST103349,PRD200356,1,1250.0,MTN MoMo,AM503136944,2024-10-26 08:30:00
TXN90002168,ECOM01,CUST101320,PRD200240,2,8100.0,MTN Mobile Money,MP657567422,2024-10-06 23:29:00
TXN90002169,ST14,CUST103829,PRD200424,1,9375.0,Airtel Money,CASH-6178,2024-08-23 02:59:00
TXN90002170,ECOM01,,PRD201047,-2,5400.0,MTN MoMo,MP213406566,2024-11-03 16:23:00
TXN90002171,ST02,CUST103460,PRD200231,1,22500.0,MTN MoMo,AM288327233,2024-09-30 11:08:00
TXN90002172,ST01,CUST103493,PRD200070,3,1100.0,MTN Mobile Money,MP870976285,2024-07-25 03:13:00
TXN90002173,ST10,CUST102634,PRD200206,1,18000.0,MTN Mobile Money,,2024-10-18 03:07:00
TXN90002174,ST20,CUST104614,PRD200127,1,12500.0,Airtel Money,AM223827232,2024-07-09 20:01:00
TXN90002175,ST15,CUST103326,PRD200501,1,1125.0,MTN Mobile Money,MP686997991,2024-10-03 04:09:00
TXN90002176,ST11,CUST100409,PRD200648,2,23000.0,MTN Mobile Money,MP103152813,2024-10-13 02:50:00
TXN90002177,ECOM01,CUST101354,PRD200665,2,1500.0,Cash,AUTH16676,06/11/2024 10:06
TXN90002178,ECOM01,CUST102145,PRD200022,1,3900.0,momo,MP888120878,2024-07-09 16:38:00
TXN90002179,ECOM01,CUST102845,PRD200009,1,5500.0,MTN MoMo,MP994339276,2024-11-28 02:48:00
TXN90002180,ST14,CUST104076,PRD200245,1,4500.0,CASH,AM981868356,2024-08-10 04:03:00
TXN90002181,ST16,CUST102940,PRD200310,1,38500.0,MTN MoMo,CASH-8850,2024-10-17 14:38:00
TXN90002182,ST13,CUST101808,PRD200731,1,3125.0,Airtel Money,MP744620173,2024-10-19 18:47:00
TXN90002183,ST22,CUST102354,PRD200249,1,650.0,Airtel Money,,2024-07-09 08:46:00
TXN90002184,ECOM01,CUST102988,PRD200030,1,2600.0,AirtelMoney,AUTH45624,2024-08-05 20:34:00
TXN90002185,ECOM01,CUST103117,PRD200931,1,9750.0,Card,MP234817205,2024-11-16 17:32:00
TXN90002186,ST09,CUST104102,PRD200128,2,5400.0,CASH,AM164748081,2024-09-26 00:13:00
TXN90002187,ST14,CUST101808,PRD200123,1,3750.0,Cash,,19/12/2024 03:40
TXN90002188,ST17,CUST101203,PRD200463,1,36000.0,MTN MoMo,MP877790116,2024-09-21 18:20:00
TXN90002189,ST22,CUST100984,PRD200088,3,2500.0,MTN Mobile Money,,2024-11-09 19:53:00
TXN90002190,ST09,CUST103394,PRD200541,1,3900.0,MTN MoMo,AUTH34633,2024-11-29 18:27:00
TXN90002191,ST10,CUST104284,PRD200233,3,937.5,MTN Mobile Money,MP709359061,2024-08-09 21:41:00
TXN90002192,ST14,CUST102833,PRD200108,1,1200.0,Airtel Money,MP734053446,2024-08-02 12:01:00
TXN90002193,ECOM01,CUST102015,PRD200292,2,14504.57,momo,MP560143198,2024-10-06 22:33:00
TXN90002194,ST08,CUST100629,PRD200689,4,900.0,MTN Mobile Money,AM847446281,2024-07-23 12:24:00
TXN90002195,ST21,CUST104946,PRD200802,3,5400.0,MTN MoMo,CASH-1049,2024-07-08 14:07:00
TXN90002196,ST12,CUST100332,PRD201147,1,2300.0,CASH,MP718647409,2024-12-24 03:44:00
TXN90002197,ECOM01,CUST102122,PRD200698,1,862.5,AirtelMoney,AUTH76530,2024-11-13 01:44:00
TXN90002198,ST20,CUST102259,PRD200635,1,6750.0,Airtel Money,AUTH86744,2024-10-29 02:46:00
TXN90002199,ECOM01,CUST103149,PRD200059,2,40250.0,MTN MoMo,AM870212958,2024-11-26 23:39:00
TXN90002200,ST20,CUST104995,PRD200395,1,36000.0,MTN Mobile Money,AUTH46331,31/07/2024 16:02
TXN90002201,ST15,CUST104588,PRD200694,1,11000.0,Cash,CASH-1187,2024-08-27 11:32:00
TXN90002202,ST08,CUST100767,PRD200112,1,3313.64,momo,AM509460927,2024-10-24 05:23:00
TXN90002203,ST08,CUST101379,PRD200154,1,900.0,MTN Mobile Money,,2024-09-12 05:05:00
TXN90002204,ST03,CUST103856,PRD200178,1,9375.0,MTN MoMo,AM825607550,10/07/2024 16:40
TXN90002205,ST21,CUST103556,PRD200293,4,3450.0,Cash,CASH-2478,2024-07-26 02:44:00
TXN90002206,ST12,CUST103657,PRD200433,1,11000.0,Card,AUTH11953,2024-12-04 14:00:00
TXN90002207,ST23,,PRD200893,3,3250.0,Airtel Money,CASH-5482,2024-12-25 18:57:00
TXN90002208,ST03,CUST101549,PRD200644,2,3000.0,AirtelMoney,AM308901908,2024-08-03 07:54:00
TXN90002209,ST11,CUST102576,PRD200664,1,1725.0,Cash,,2024-07-28 00:19:00
TXN90002210,ST17,CUST102198,PRD200146,4,1803.16,MTN MoMo,CASH-1144,2024-09-25 13:37:00
TXN90002211,ST01,CUST101157,PRD201132,1,2400.0,AirtelMoney,MP958786751,2024-09-05 05:20:00
TXN90002212,ST01,CUST100945,PRD200896,2,UGX30000,Airtel Money,MP408561164,2024-10-01 19:41:00
TXN90002213,ST05,CUST103711,PRD200385,3,8625.0,Cash,AM222838362,2024-09-29 01:56:00
TXN90002214,ST14,CUST102168,PRD200014,2,3750.0,MTN Mobile Money,AUTH48630,2024-09-30 02:05:00
TXN90002215,ECOM01,CUST102755,PRD200645,2,"8,389",AirtelMoney,MP626465570,22/07/2024 09:15
TXN90002216,ST06,CUST104626,PRD200952,1,2875.0,MTN MoMo,CASH-1175,2024-08-07 10:00:00
TXN90002217,ECOM01,CUST102910,PRD200717,-1,62500.0,Cash,AUTH91052,2024-10-29 05:27:00
TXN90002218,ST01,CUST101287,PRD200064,1,23000.0,MTN MoMo,MP826050028,2024-12-09 06:41:00
TXN90002219,ST03,CUST103533,PRD200165,2,1350.0,Airtel Money,CASH-3526,2024-10-20 21:04:00
TXN90002220,ST19,CUST104890,PRD200784,2,4950.0,AirtelMoney,MP262284697,2024-11-02 21:07:00
TXN90002221,ST01,CUST102275,PRD200531,3,5625.0,momo,CASH-8947,2024-08-25 07:30:00
TXN90002222,ST12,CUST101353,PRD200996,4,26000.0,MTN Mobile Money,AM397824343,2024-09-29 19:22:00
TXN90002223,ST03,CUST102303,PRD200627,2,55000.0,Cash,MP656904339,2024-12-05 04:49:00
TXN90002224,ST14,CUST102702,PRD200666,1,4500.0,MTN MoMo,AM849914054,2024-09-19 00:03:00
TXN90002225,ST17,CUST104125,PRD201068,-1,2500.0,Cash,AM310928071,2024-10-25 03:48:00
TXN90002226,ST20,CUST104597,PRD200233,3,937.5,MTN Mobile Money,,2024-12-11 06:53:00
TXN90002227,ST09,CUST102918,PRD200925,1,62500.0,CASH,MP753556348,2024-10-16 14:24:00
TXN90002228,ST20,CUST102996,PRD200213,1,11000.0,Airtel Money,,2024-11-21 05:53:00
TXN90002229,ECOM01,CUST101538,PRD200095,2,5400.0,Airtel Money,CASH-5884,2024-07-14 03:47:00
TXN90002230,ST15,CUST100123,PRD200900,-2,750.0,MTN Mobile Money,MP671559460,2024-12-26 01:20:00
TXN90002231,ECOM01,CUST102317,PRD200464,4,6000.0,momo,CASH-6126,2024-10-18 03:09:00
TXN90002232,ST05,CUST101503,PRD200334,2,UGX 600,momo,CASH-3771,2024-07-02 02:50:00
TXN90002233,ST06,CUST101016,PRD200042,2,75000.0,MTN MoMo,MP400483885,2024-07-23 02:35:00
TXN90002234,ST02,CUST103291,PRD200097,1,19500.0,MTN MoMo,,2024-08-19 07:30:00
TXN90002235,ECOM01,CUST102801,PRD200095,1,5400.0,Airtel Money,AM682927299,2024-11-07 06:50:00
TXN90002236,ST04,CUST103666,PRD201088,3,57500.0,Card,AUTH10433,2024-11-28 00:43:00
TXN90002237,ST15,CUST100274,PRD200742,1,3000.0,momo,CASH-9174,2024-09-20 17:32:00
TXN90002238,ST22,CUST103818,PRD200805,2,8100.0,Cash,CASH-2649,2024-09-03 11:47:00
TXN90002239,ST09,,PRD200472,1,24000.0,MTN Mobile Money,AM680937765,2024-11-03 13:48:00
TXN90002240,ST19,CUST103174,PRD201027,4,5850.0,MTN MoMo,MP621311551,2024-09-12 15:01:00
TXN90002241,ECOM01,CUST103158,PRD201127,2,1950.0,Airtel Money,MP979694921,09/10/2024 00:45
TXN90002242,ECOM01,CUST101575,PRD200725,1,3750.0,AirtelMoney,CASH-6769,2024-07-01 16:57:00
TXN90002243,ST16,,PRD200893,4,3250.0,AirtelMoney,MP951278824,02/07/2024 04:40
TXN90002244,ST04,CUST100493,PRD201023,4,57500.0,MTN Mobile Money,AUTH95034,13/11/2024 16:17
TXN90002245,ST19,CUST103326,PRD200374,2,19500.0,AirtelMoney,MP262879579,2024-07-23 12:45:00
TXN90002246,ST03,CUST100364,PRD200817,1,63000.0,AirtelMoney,CASH-9979,2024-07-09 22:31:00
TXN90002247,ST02,CUST102297,PRD200405,1,UGX45500,Airtel Money,AUTH73026,2024-10-24 12:04:00
TXN90002248,ST23,,PRD200310,3,38500.0,Cash,AUTH68715,2024-09-11 01:20:00
TXN90002249,ST06,CUST104935,PRD200630,4,UGX 575,MTN MoMo,AUTH47787,2024-11-29 14:55:00
TXN90002250,ECOM01,CUST104952,PRD200890,4,2600.0,Cash,AM337537959,2024-10-20 03:26:00
TXN90002251,ECOM01,,PRD200669,3,40250.0,Airtel Money,CASH-2891,2024-07-31 10:58:00
TXN90002252,ST20,CUST103926,PRD200122,3,18000.0,Cash,AM235784070,31/07/2024 07:26
TXN90002253,ST02,CUST103958,PRD200824,2,3250.0,MTN MoMo,CASH-9514,2024-10-24 07:28:00
TXN90002254,ST11,CUST104485,PRD200101,3,3750.0,Card,,2024-12-07 15:16:00
TXN90002255,ST12,CUST104386,PRD200369,3,5400.0,Card,AM479044258,2024-10-15 11:01:00
TXN90002256,ST01,CUST102100,PRD200185,-1,600.0,Cash,AM962053059,2024-07-27 11:58:00
TXN90002257,ST09,CUST101778,PRD200382,1,2600.0,Cash,,03/10/2024 16:47
TXN90002258,ECOM01,CUST100641,PRD200392,4,7500.0,CASH,MP843012264,2024-08-23 09:34:00
TXN90002259,ECOM01,CUST104023,PRD200514,1,825.0,Cash,MP603556268,2024-07-21 12:11:00
TXN90002260,ST04,CUST100944,PRD200254,1,2837.78,Cash,,2024-08-02 23:27:00
TXN90002261,ST12,CUST103390,PRD200942,4,18000.0,Cash,MP889745255,2024-07-18 01:26:00
TXN90002262,ST17,CUST104763,PRD200770,3,2700.0,Cash,CASH-8798,2024-12-14 02:09:00
TXN90002263,ST10,CUST101678,PRD201028,1,3900.0,momo,CASH-2008,2024-12-25 19:28:00
TXN90002264,ST07,CUST101898,PRD200731,1,3125.0,MTN Mobile Money,AUTH60278,2024-12-06 17:49:00
TXN90002265,ST21,,PRD200058,1,9375.0,Airtel Money,,2024-11-12 17:17:00
TXN90002266,ST21,CUST104776,PRD200110,3,13000.0,Cash,CASH-8745,2024-07-16 17:44:00
TXN90002267,ST07,CUST103333,PRD200288,1,5750.0,MTN MoMo,CASH-9636,2024-10-08 02:19:00
TXN90002268,ST02,CUST103316,PRD200693,3,3900.0,MTN Mobile Money,AUTH63765,23/07/2024 15:53
TXN90002269,ST11,CUST104865,PRD201091,2,"11,500",Airtel Money,AM425590670,2024-08-22 08:39:00
TXN90002270,ECOM01,CUST101367,PRD201068,1,2500.0,Cash,MP291399716,2024-12-17 11:07:00
TXN90002271,ST13,CUST103939,PRD201045,1,1800.0,Cash,AUTH81081,21/09/2024 21:36
TXN90002272,ST13,CUST102109,PRD200211,3,1875.0,Airtel Money,MP529648388,2024-10-27 23:23:00
TXN90002273,ECOM01,CUST100281,PRD200972,2,12000.0,Airtel Money,MP813831508,2024-10-23 02:44:00
TXN90002274,ST16,CUST101889,PRD201115,3,UGX3000,Cash,,2024-11-29 09:27:00
TXN90002275,ST01,CUST103300,PRD200701,1,26000.0,MTN MoMo,,07/10/2024 02:09
TXN90002276,ST22,CUST101411,PRD200155,1,625.0,Airtel Money,CASH-5260,2024-09-03 05:54:00
TXN90002277,ST03,,PRD200966,2,1200.0,AirtelMoney,AM661955291,2024-07-13 04:02:00
TXN90002278,ST13,CUST103261,PRD200553,-1,900.0,Airtel Money,AM125161311,2024-09-16 10:38:00
TXN90002279,ECOM01,CUST100666,PRD200646,1,18000.0,Cash,MP674361210,2024-10-12 14:57:00
TXN90002280,ECOM01,,PRD200817,2,63000.0,MTN MoMo,CASH-8135,2024-09-01 18:08:00
TXN90002281,ST19,CUST103686,PRD200336,1,UGX43750,MTN MoMo,AM835321919,2024-09-02 01:10:00
TXN90002282,ST08,CUST101161,PRD200909,1,UGX3000,MTN Mobile Money,AM225656168,2024-11-11 17:51:00
TXN90002283,ST12,CUST103990,PRD200985,4,57500.0,Airtel Money,AUTH79111,2024-12-01 15:25:00
TXN90002284,ST23,CUST100749,PRD200437,1,13000.0,CASH,MP830606529,2024-08-16 08:35:00
TXN90002285,ST03,CUST101003,PRD200523,2,825.0,MTN Mobile Money,AUTH51522,2024-10-02 02:16:00
TXN90002286,ST19,CUST103172,PRD200059,1,40250.0,Airtel Money,,2024-08-22 03:36:00
TXN90002287,ST16,CUST104636,PRD200531,2,5625.0,momo,AM203953578,05/07/2024 08:43
TXN90002288,ECOM01,CUST104723,PRD200171,2,24000.0,Airtel Money,CASH-3217,2024-09-22 15:57:00
TXN90002289,ST14,CUST103876,PRD200972,1,12000.0,Cash,AM324014576,24/07/2024 22:44
TXN90002290,ST09,CUST104397,PRD201112,1,575.0,MTN MoMo,CASH-9555,2024-10-01 19:14:00
TXN90002291,ST11,CUST102781,PRD200730,1,6750.0,Cash,CASH-5484,2024-07-10 23:34:00
TXN90002292,ST10,CUST100581,PRD200259,3,3300.0,CASH,CASH-4780,2024-10-04 04:02:00
TXN90002293,ST11,CUST101808,PRD201085,2,22000.0,Cash,AM961548409,2024-10-23 07:44:00
TXN90002294,ECOM01,CUST102625,PRD200015,1,862.5,MTN MoMo,,2024-07-04 13:02:00
TXN90002295,ST19,CUST103452,PRD201132,4,2400.0,momo,MP799180073,29/07/2024 03:15
TXN90002296,ST10,CUST104140,PRD200032,2,4060.52,MTN MoMo,AM948085543,2024-07-23 03:55:00
TXN90002297,ST14,,PRD200828,1,13000.0,Cash,AUTH21439,2024-11-23 03:32:00
TXN90002298,ST14,CUST104039,PRD200293,1,3450.0,CASH,AM885563838,2024-11-07 01:55:00
TXN90002299,ECOM01,,PRD200380,2,"UGX 4,500",Airtel Money,AM448507549,2024-12-08 18:55:00
TXN90002300,ST22,CUST103793,PRD200527,1,575.0,Cash,CASH-5560,2024-10-31 06:02:00
TXN90002301,ECOM01,,PRD200883,3,4500.0,MTN MoMo,CASH-6789,2024-10-22 06:39:00
TXN90002302,ECOM01,CUST103770,PRD200359,3,2200.0,Cash,,2024-12-09 03:56:00
TXN90002303,ST12,CUST100108,PRD200559,1,UGX750,MTN MoMo,AUTH41425,2024-11-04 05:00:00
TXN90002304,ECOM01,CUST103757,PRD201092,1,11250.0,CASH,AM792602911,2024-09-29 08:26:00
TXN90002305,ST05,CUST100502,PRD200842,1,3450.0,MTN Mobile Money,MP330707399,25/09/2024 01:58
TXN90002306,ST15,CUST100696,PRD201144,3,2700.0,MTN MoMo,AUTH57886,2024-12-13 20:15:00
TXN90002307,ST22,CUST103128,PRD200313,1,900.0,CASH,CASH-3845,2024-11-01 11:45:00
TXN90002308,ST09,CUST102428,PRD200262,4,UGX 600,MTN MoMo,CASH-8974,2024-08-19 15:14:00
TXN90002309,ST02,,PRD200396,1,"UGX 3,000",AirtelMoney,AM480104964,01/07/2024 19:46
TXN90002310,ST20,CUST104077,PRD200220,3,5400.0,MTN MoMo,AUTH46132,2024-10-03 23:26:00
TXN90002311,ST18,CUST101013,PRD200369,1,5400.0,MTN Mobile Money,AM237102399,2024-07-13 03:16:00
TXN90002312,ST15,CUST104958,PRD200144,2,3900.0,Cash,AM764741795,2024-07-30 00:33:00
TXN90002313,ST11,CUST102991,PRD200133,1,13000.0,Cash,CASH-7159,2024-07-11 09:35:00
TXN90002314,ST12,CUST104602,PRD200116,1,1201.24,AirtelMoney,CASH-1009,23/11/2024 01:32
TXN90002315,ST07,CUST103108,PRD201097,1,1650.0,MTN MoMo,,2024-08-17 02:49:00
TXN90002316,ECOM01,CUST100349,PRD200039,5,4500.0,CASH,AM942968205,2024-07-28 00:09:00
TXN90002317,ECOM01,CUST100912,PRD200520,2,4500.0,MTN MoMo,AM922229651,2024-09-15 19:50:00
TXN90002318,ST03,CUST102385,PRD200141,1,5175.0,Cash,CASH-3877,2024-11-30 17:36:00
TXN90002319,ECOM01,CUST100456,PRD200304,2,1950.0,momo,,2024-10-28 03:56:00
TXN90002320,ST07,CUST103927,PRD200242,1,52500.0,AirtelMoney,,2024-08-16 09:41:00
TXN90002321,ST11,CUST103951,PRD200067,3,8100.0,MTN MoMo,MP808337886,2024-11-04 04:25:00
TXN90002322,ST03,CUST103182,PRD200028,3,27000.0,MTN MoMo,MP341145823,2024-07-04 21:51:00
TXN90002323,ST13,CUST102551,PRD200561,3,5750.0,Airtel Money,MP762624954,2024-08-22 15:53:00
TXN90002324,ST19,,PRD200699,1,15000.0,Cash,MP342965208,2024-10-24 03:14:00
TXN90002325,ST16,,PRD200395,1,36000.0,Cash,MP599816608,2024-08-08 12:33:00
TXN90002326,ST06,CUST101715,PRD200218,1,650.0,Cash,MP249264575,2024-07-19 19:23:00
TXN90002327,ST10,CUST101386,PRD200374,1,19500.0,Card,CASH-8336,2024-12-05 21:58:00
TXN90002328,ST09,CUST104867,PRD200489,3,3600.0,Cash,,2024-08-28 20:48:00
TXN90002329,ST05,CUST100968,PRD200687,1,60000.0,AirtelMoney,AM169262705,2024-08-05 04:18:00
TXN90002330,ECOM01,,PRD200486,2,900.0,MTN MoMo,AUTH71378,2024-12-26 14:40:00
TXN90002331,ST22,CUST102753,PRD200316,1,1800.0,MTN MoMo,AM656426179,2024-08-31 14:00:00
TXN90002332,ST13,CUST104889,PRD200404,2,2250.0,MTN MoMo,AM860120462,2024-11-08 13:34:00
TXN90002333,ST12,CUST101467,PRD200703,2,4500.0,MTN MoMo,AM795160048,2024-12-26 19:31:00
TXN90002334,ST02,CUST104473,PRD200413,3,25000.0,Card,AUTH68315,2024-08-23 14:04:00
TXN90002335,ST22,CUST101554,PRD200116,1,1201.24,Cash,AM529630191,2024-09-08 00:32:00
TXN90002336,ST03,,PRD200517,4,2400.0,MTN MoMo,CASH-4337,2024-11-15 19:42:00
TXN90002337,ST17,CUST104077,PRD200669,1,40250.0,Airtel Money,MP760987368,2024-11-30 13:45:00
TXN90002338,ST17,CUST102957,PRD200240,1,8100.0,CASH,CASH-8300,2024-12-09 16:22:00
TXN90002339,ST11,CUST101502,PRD201072,1,27000.0,momo,MP553311447,2024-07-07 11:06:00
TXN90002340,ECOM01,CUST100480,PRD200059,-2,"40,250",Airtel Money,AM853625217,04/09/2024 01:54
TXN90002341,ECOM01,CUST104681,PRD201021,2,UGX18000,AirtelMoney,MP806322292,2024-09-14 19:43:00
TXN90002342,ECOM01,CUST103612,PRD200785,2,862.5,momo,MP415806313,2024-09-10 17:28:00
TXN90002343,ECOM01,CUST104154,PRD200041,1,11500.0,MTN Mobile Money,AM742426132,2024-10-15 10:21:00
TXN90002344,ST22,CUST100345,PRD200635,1,6750.0,MTN MoMo,CASH-9412,2024-11-26 12:41:00
TXN90002345,ECOM01,CUST101541,PRD201150,3,25000.0,MTN MoMo,,2024-07-30 20:20:00
TXN90002346,ST12,CUST104980,PRD200653,1,2700.0,momo,,15/09/2024 12:37
TXN90002347,ST22,CUST102725,PRD200628,1,3750.0,MTN MoMo,MP373758203,2024-08-19 12:43:00
TXN90002348,ST12,CUST100827,PRD200902,4,937.5,MTN MoMo,AM800182194,2024-08-27 20:05:00
TXN90002349,ST10,,PRD200679,4,937.5,Cash,,2024-07-10 07:13:00
TXN90002350,ST01,CUST103239,PRD201127,1,1950.0,MTN MoMo,AM182795210,2024-12-12 16:04:00
TXN90002351,ST07,CUST104192,PRD200664,2,"1,725",momo,MP417255407,2024-09-02 14:31:00
TXN90002352,ST07,CUST102966,PRD200370,2,38500.0,Airtel Money,CASH-6703,2024-09-27 22:01:00
TXN90002353,ST17,CUST104907,PRD200287,1,"4,500",MTN MoMo,,07/09/2024 03:50
TXN90002354,ST18,CUST104391,PRD200497,2,600.0,MTN Mobile Money,MP588026589,2024-08-14 09:41:00
TXN90002355,ST23,,PRD200428,1,"38,500",Card,AM626848233,2024-08-22 05:42:00
TXN90002356,ST21,CUST102301,PRD201075,1,7500.0,MTN MoMo,CASH-3403,11/11/2024 03:51
TXN90002357,ST14,CUST104546,PRD200750,1,3600.0,Cash,CASH-7129,2024-12-19 07:07:00
TXN90002358,ST20,CUST103213,PRD200072,4,5850.0,MTN MoMo,AM752838727,01/08/2024 13:30
TXN90002359,ST06,CUST104081,PRD200237,1,52500.0,Cash,MP552678367,2024-10-03 17:10:00
TXN90002360,ST12,CUST102684,PRD200590,1,30000.0,MTN Mobile Money,AM836305156,2024-07-07 19:30:00
TXN90002361,ST06,CUST100279,PRD200400,2,5625.0,MTN MoMo,AM112732372,2024-09-12 16:47:00
TXN90002362,ST08,CUST102933,PRD200836,2,7500.0,Cash,AM109236595,2024-08-03 11:05:00
TXN90002363,ST14,CUST104637,PRD200012,2,4500.0,MTN MoMo,CASH-9964,2024-08-04 08:12:00
TXN90002364,ST16,CUST103207,PRD200443,-2,27000.0,AirtelMoney,CASH-2327,2024-08-23 02:30:00
TXN90002365,ST10,,PRD201087,2,2250.0,MTN MoMo,AM224200246,2024-07-27 12:58:00
TXN90002366,ST09,CUST102657,PRD200158,3,672.1,MTN MoMo,MP360773425,08/08/2024 08:03
TXN90002367,ST18,CUST103627,PRD200461,1,9000.0,AirtelMoney,MP394729300,22/12/2024 09:01
TXN90002368,ST10,CUST104320,PRD200754,4,5400.0,Cash,AUTH13548,2024-07-11 02:52:00
TXN90002369,ST19,CUST104442,PRD200225,-2,"3,600",MTN Mobile Money,CASH-2993,2024-10-26 11:08:00
TXN90002370,ST15,CUST103252,PRD200681,1,11000.0,MTN Mobile Money,AM948955074,2024-08-08 06:09:00
TXN90002371,ST13,CUST102665,PRD201094,4,13000.0,Cash,MP574526025,2024-07-09 11:36:00
TXN90002372,ST05,CUST100042,PRD200231,1,22500.0,Cash,AM929236853,2024-12-26 08:29:00
TXN90002373,ST04,CUST100824,PRD200342,4,6750.0,AirtelMoney,AM464783233,11/12/2024 16:30
TXN90002374,ECOM01,CUST100771,PRD200277,2,22000.0,MTN MoMo,CASH-8360,2024-09-13 10:31:00
TXN90002375,ST16,CUST102644,PRD200922,1,55000.0,MTN Mobile Money,AM171916968,19/08/2024 12:04
TXN90002376,ST08,CUST103306,PRD200587,1,"UGX 15,000",MTN Mobile Money,MP939944557,2024-11-07 22:59:00
TXN90002377,ST20,CUST100938,PRD200936,2,63000.0,momo,AUTH82396,2024-08-04 00:34:00
TXN90002378,ST12,CUST103675,PRD200565,1,36000.0,Airtel Money,AM575743955,2024-10-22 05:07:00
TXN90002379,ECOM01,CUST101937,PRD200883,1,4500.0,momo,AM198107395,2024-07-20 12:56:00
TXN90002380,ST09,CUST104607,PRD200103,1,"UGX 12,474",Airtel Money,MP576550823,2024-10-07 21:43:00
TXN90002381,ST07,CUST101046,PRD200107,1,1800.0,MTN MoMo,AM875594397,04/12/2024 00:45
TXN90002382,ST02,CUST103600,PRD200502,1,2250.0,MTN MoMo,MP742838298,2024-09-19 14:11:00
TXN90002383,ST01,CUST104053,PRD200060,2,2875.0,MTN MoMo,MP746479616,2024-11-08 17:24:00
TXN90002384,ST23,CUST102335,PRD200300,2,5400.0,MTN MoMo,AUTH51601,2024-12-23 19:25:00
TXN90002385,ST04,CUST104987,PRD200440,5,428.94,momo,CASH-2832,2024-07-31 03:06:00
TXN90002386,ST15,CUST104254,PRD200331,1,43750.0,Airtel Money,AM892567681,2024-07-09 19:51:00
TXN90002387,ST03,CUST103375,PRD200963,4,1200.0,momo,AUTH85276,2024-07-18 05:22:00
TXN90002388,ST10,CUST102541,PRD200503,3,4500.0,Cash,,2024-08-21 08:02:00
TXN90002389,ST17,CUST100874,PRD200091,4,62500.0,momo,AUTH33558,2024-07-27 20:54:00
TXN90002390,ST06,CUST101134,PRD200080,1,7500.0,MTN Mobile Money,AUTH85423,2024-11-06 05:46:00
TXN90002391,ST22,CUST102602,PRD200746,1,1650.0,MTN MoMo,CASH-8120,2024-11-04 15:03:00
TXN90002392,ST18,CUST103320,PRD200534,1,8250.0,momo,,2024-10-31 00:23:00
TXN90002393,ST22,CUST104275,PRD200213,1,11000.0,CASH,CASH-9256,2024-08-19 16:25:00
TXN90002394,ST07,CUST100239,PRD200542,-1,1100.0,MTN MoMo,CASH-3221,27/09/2024 11:29
TXN90002395,ST15,CUST101712,PRD200342,2,6750.0,MTN MoMo,AM833246830,2024-09-12 23:54:00
TXN90002396,ST14,,PRD200666,1,4500.0,MTN Mobile Money,AUTH22577,16/09/2024 00:32
TXN90002397,ST21,CUST104689,PRD200268,3,25000.0,Airtel Money,AM617655499,2024-07-01 02:06:00
TXN90002398,ST20,CUST101010,PRD200380,1,4500.0,MTN MoMo,AUTH86596,22/12/2024 23:38
TXN90002399,ST05,CUST101129,PRD201073,1,550.0,momo,AUTH85394,2024-10-22 10:44:00
TXN90002400,ECOM01,CUST104561,PRD200081,2,4500.0,Airtel Money,CASH-4240,2024-09-08 04:29:00
TXN90002401,ST06,CUST102898,PRD200888,4,3750.0,Airtel Money,CASH-8145,2024-11-29 05:27:00
TXN90002402,ECOM01,CUST100159,PRD200004,2,1150.0,Cash,AM963584461,2024-07-24 08:33:00
TXN90002403,ST21,CUST101390,PRD201060,2,"UGX 9,750",MTN Mobile Money,AM170180395,2024-11-21 21:45:00
TXN90002404,ST15,CUST102216,PRD200327,1,5400.0,Airtel Money,CASH-5043,2024-09-08 04:05:00
TXN90002405,ECOM01,CUST102301,PRD200855,1,2750.0,Airtel Money,CASH-4080,2024-11-23 02:28:00
TXN90002406,ST06,CUST100551,PRD201040,3,19500.0,Airtel Money,CASH-3957,2024-12-09 06:43:00
TXN90002407,ST20,CUST101748,PRD201068,2,2500.0,MTN MoMo,CASH-6175,26/07/2024 13:54
TXN90002408,ST02,CUST102548,PRD200528,3,625.0,Airtel Money,CASH-1417,2024-09-28 19:48:00
TXN90002409,ST21,CUST103918,PRD200282,1,UGX5175,CASH,MP568446010,2024-11-17 14:44:00
TXN90002410,ST21,CUST100484,PRD200728,2,1958.36,MTN MoMo,AUTH48103,16/09/2024 00:37
TXN90002411,ECOM01,CUST100464,PRD200267,2,900.0,AirtelMoney,,2024-10-25 17:06:00
TXN90002412,ST08,,PRD200446,4,2400.0,Airtel Money,AUTH65147,2024-10-09 14:09:00
TXN90002413,ST11,CUST104609,PRD200408,3,19500.0,Airtel Money,CASH-6308,2024-11-06 05:35:00
TXN90002414,ST02,CUST100867,PRD200018,2,2200.0,Airtel Money,MP283341276,2024-09-30 21:08:00
TXN90002415,ECOM01,CUST101061,PRD200540,1,11000.0,Airtel Money,AM233927362,16/12/2024 17:03
TXN90002416,ST22,CUST102659,PRD200977,2,8250.0,Airtel Money,MP719074245,01/07/2024 04:35
TXN90002417,ST10,CUST103883,PRD200069,1,"UGX 9,000",Cash,AUTH87509,2024-07-03 11:22:00
TXN90002418,ECOM01,CUST102366,PRD200906,1,8250.0,Airtel Money,CASH-9239,22/11/2024 02:07
TXN90002419,ST15,CUST100564,PRD200197,1,13500.0,MTN MoMo,,2024-12-16 18:51:00
TXN90002420,ECOM01,CUST104116,PRD200035,2,11500.0,MTN Mobile Money,,2024-09-18 17:57:00
TXN90002421,ST19,,PRD200443,1,"UGX 27,000",momo,CASH-6695,2024-11-13 17:01:00
TXN90002422,ST17,CUST102919,PRD200460,1,4500.0,momo,MP503277714,2024-11-06 04:18:00
TXN90002423,ST07,CUST100915,PRD200086,1,900.0,AirtelMoney,AUTH70727,2024-10-12 04:33:00
TXN90002424,ECOM01,CUST101102,PRD200657,2,1500.0,Airtel Money,AUTH91166,15/11/2024 20:19
TXN90002425,ECOM01,CUST102476,PRD200239,2,1350.0,AirtelMoney,AUTH68597,02/12/2024 15:46
TXN90002426,ST06,CUST100470,PRD200275,1,8625.0,MTN MoMo,CASH-6211,23/07/2024 18:36
TXN90002427,ST01,CUST100129,PRD200375,2,3051.54,momo,CASH-7599,2024-09-07 16:42:00
TXN90002428,ST11,CUST100024,PRD200187,1,937.5,Airtel Money,CASH-8798,2024-10-14 23:40:00
TXN90002429,ECOM01,CUST101294,PRD200661,2,18750.0,MTN MoMo,AUTH23523,2024-10-25 16:08:00
TXN90002430,ST19,CUST100753,PRD200478,3,3750.0,MTN MoMo,AUTH99605,2024-10-06 15:56:00
TXN90002431,ST06,CUST101891,PRD200150,3,25000.0,MTN MoMo,AUTH48748,2024-11-18 03:51:00
TXN90002432,ST01,CUST103068,PRD200277,5,22000.0,MTN MoMo,AUTH42204,2024-08-09 21:03:00
TXN90002433,ST13,CUST101143,PRD200538,1,57500.0,Airtel Money,AUTH31857,2024-08-27 00:21:00
TXN90002434,ST02,CUST102443,PRD200504,1,5400.0,MTN MoMo,AM820305349,2024-07-15 23:37:00
TXN90002435,ECOM01,CUST103641,PRD201052,-1,16500.0,MTN Mobile Money,AUTH56770,2024-08-10 22:01:00
TXN90002436,ST17,CUST103560,PRD200780,1,52500.0,CASH,,2024-09-01 19:25:00
TXN90002437,ST09,CUST100372,PRD200948,4,825.0,Airtel Money,CASH-4096,2024-10-11 08:17:00
TXN90002438,ECOM01,CUST102873,PRD200934,3,38500.0,MTN MoMo,AUTH80739,2024-09-21 02:59:00
TXN90002439,ST15,CUST100174,PRD200997,1,17250.0,Airtel Money,CASH-3196,2024-12-15 16:50:00
TXN90002440,ST19,CUST100370,PRD201047,1,5400.0,MTN MoMo,MP709129259,11/10/2024 00:32
TXN90002441,ST22,CUST104080,PRD200688,5,"36,000",momo,AM915840811,2024-11-06 08:39:00
TXN90002442,ECOM01,CUST102313,PRD200994,2,17250.0,CASH,CASH-6795,2024-07-19 07:49:00
TXN90002443,ST01,CUST101682,PRD200346,5,45500.0,MTN Mobile Money,,2024-09-06 03:51:00
TXN90002444,ST09,CUST103997,PRD200175,-2,18000.0,MTN MoMo,AUTH21687,22/10/2024 06:52
TXN90002445,ST18,CUST104318,PRD200940,2,825.0,MTN MoMo,MP420373953,2024-07-11 12:26:00
TXN90002446,ST18,CUST103491,PRD200595,2,1300.0,MTN MoMo,AUTH13173,07/10/2024 14:11
TXN90002447,ECOM01,CUST102426,PRD200080,1,7500.0,MTN MoMo,CASH-6791,2024-07-27 08:02:00
TXN90002448,ST16,CUST101982,PRD200524,3,4027.09,momo,AUTH51545,2024-07-20 13:37:00
TXN90002449,ST07,CUST101694,PRD200777,2,42000.0,Airtel Money,AUTH70223,2024-09-18 07:03:00
TXN90002450,ST11,,PRD200950,3,63000.0,CASH,MP726547815,2024-11-10 01:46:00
TXN90002451,ST02,CUST101186,PRD200524,1,4027.09,momo,,2024-08-01 20:35:00
TXN90002452,ST19,CUST103747,PRD200222,1,43750.0,momo,MP121342145,2024-08-18 12:54:00
TXN90002453,ECOM01,CUST102182,PRD200251,2,3250.0,momo,AUTH51047,2024-10-24 12:09:00
TXN90002454,ECOM01,CUST104972,PRD200412,1,15000.0,Airtel Money,AUTH38151,2024-09-08 08:16:00
TXN90002455,ST01,CUST104548,PRD201132,1,2400.0,Airtel Money,MP800847576,2024-12-21 20:33:00
TXN90002456,ECOM01,CUST103546,PRD200295,1,2875.0,MTN MoMo,CASH-3668,2024-09-22 20:24:00
TXN90002457,ST05,CUST101990,PRD200101,3,3750.0,Airtel Money,AUTH60204,15/07/2024 13:30
TXN90002458,ST03,CUST104355,PRD201079,3,1800.0,MTN MoMo,MP157326892,2024-10-31 23:25:00
TXN90002459,ST04,CUST104161,PRD200334,1,600.0,MTN Mobile Money,CASH-2627,2024-10-31 01:45:00
TXN90002460,ST09,,PRD200451,3,975.0,MTN MoMo,,2024-11-16 03:12:00
TXN90002461,ST20,CUST100521,PRD200450,-1,2700.0,MTN MoMo,AUTH57668,2024-08-14 16:03:00
TXN90002462,ST12,CUST103810,PRD200699,3,15000.0,Cash,MP989455149,2024-09-16 12:08:00
TXN90002463,ST08,CUST100516,PRD201163,1,3900.0,MTN Mobile Money,MP160463391,2024-10-27 11:50:00
TXN90002464,ST06,CUST101918,PRD200265,4,27000.0,AirtelMoney,CASH-4431,2024-08-23 05:03:00
TXN90002465,ST04,CUST101066,PRD200412,1,15000.0,Airtel Money,MP997790767,2024-10-24 19:30:00
TXN90002466,ST23,CUST104412,PRD201138,1,5595.96,MTN Mobile Money,,2024-09-09 06:33:00
TXN90002467,ST19,,PRD201143,1,23000.0,MTN Mobile Money,CASH-2976,2024-09-11 17:57:00
TXN90002468,ST02,CUST100437,PRD200007,2,63000.0,MTN MoMo,AUTH15221,05/09/2024 16:04
TXN90002469,ECOM01,CUST100114,PRD200336,1,43750.0,Airtel Money,AUTH70878,2024-08-21 01:23:00
TXN90002470,ST06,CUST101588,PRD200066,1,1250.0,MTN MoMo,CASH-1060,06/08/2024 09:29
TXN90002471,ST20,CUST104918,PRD200908,2,3600.0,MTN MoMo,AUTH88176,18/10/2024 22:48
TXN90002472,ST08,,PRD200719,1,1300.0,Airtel Money,AM642961660,05/09/2024 10:28
TXN90002473,ST14,CUST102330,PRD200226,2,32225.43,Cash,MP338769880,2024-12-17 19:55:00
TXN90002474,ECOM01,CUST104989,PRD200668,1,2069.59,MTN MoMo,MP634141873,2024-08-03 01:41:00
TXN90002475,ST09,CUST104642,PRD200407,1,13000.0,AirtelMoney,MP647899858,2024-11-22 16:40:00
TXN90002476,ST12,CUST105000,PRD200344,1,2300.0,MTN MoMo,MP550078577,2024-12-11 18:26:00
TXN90002477,ST02,CUST102315,PRD200519,3,3750.0,AirtelMoney,MP506439921,2024-09-24 17:19:00
TXN90002478,ST16,,PRD200383,3,5500.0,AirtelMoney,CASH-8594,2024-07-31 02:20:00
TXN90002479,ST04,CUST100331,PRD201035,4,2250.0,MTN Mobile Money,MP229265789,2024-11-22 18:16:00
TXN90002480,ECOM01,CUST102289,PRD200231,4,22500.0,CASH,MP624015839,2024-07-17 06:55:00
TXN90002481,ST05,CUST101015,PRD200591,5,12500.0,CASH,MP691501388,2024-12-20 18:23:00
TXN90002482,ST20,CUST100586,PRD200057,1,3125.0,MTN MoMo,CASH-4958,2024-11-04 22:54:00
TXN90002483,ST03,CUST101568,PRD200988,1,"UGX 1,800",momo,AUTH66909,20/09/2024 05:37
TXN90002484,ST06,CUST104829,PRD200560,3,"18,000",Cash,AM835389413,2024-07-14 17:12:00
TXN90002485,ST22,CUST104469,PRD200816,2,9000.0,MTN MoMo,AUTH85628,2024-08-29 18:33:00
TXN90002486,ST13,CUST101317,PRD200554,2,8625.0,momo,AUTH59122,2024-09-10 00:16:00
TXN90002487,ECOM01,CUST103361,PRD201136,1,2250.0,MTN Mobile Money,CASH-6517,08/08/2024 05:47
TXN90002488,ST13,CUST103989,PRD201047,4,5400.0,Airtel Money,AM999755128,2024-11-03 06:30:00
TXN90002489,ECOM01,CUST100213,PRD200983,1,UGX1725,Airtel Money,CASH-7571,2024-12-14 03:45:00
TXN90002490,ST06,CUST102183,PRD200689,1,900.0,MTN MoMo,CASH-2049,2024-10-22 10:04:00
TXN90002491,ST07,CUST102881,PRD201096,1,2700.0,Airtel Money,CASH-4875,2024-07-09 06:21:00
TXN90002492,ST09,CUST102589,PRD201117,3,937.5,MTN Mobile Money,AM262986494,2024-10-07 01:17:00
TXN90002493,ECOM01,CUST100262,PRD200154,4,900.0,AirtelMoney,AUTH31107,2024-07-16 13:29:00
TXN90002494,ST20,CUST102711,PRD200036,2,22000.0,CASH,AUTH40537,2024-10-19 11:55:00
TXN90002495,ST19,CUST101373,PRD200675,2,57500.0,MTN Mobile Money,CASH-4268,2024-11-19 04:01:00
TXN90002496,ST12,CUST103460,PRD200905,3,2200.0,momo,AM263450481,2024-07-25 11:19:00
TXN90002497,ST15,CUST101796,PRD200442,1,3750.0,MTN Mobile Money,AUTH90148,2024-07-18 18:56:00
TXN90002498,ECOM01,CUST101688,PRD200286,1,"UGX 19,500",MTN Mobile Money,,2024-07-25 18:25:00
TXN90002499,ST22,CUST100564,PRD200847,1,"11,000",AirtelMoney,MP650553525,2024-09-27 10:17:00
TXN90002500,ST03,CUST100917,PRD200548,2,5400.0,MTN Mobile Money,MP918517131,21/08/2024 16:12
TXN90002501,ST13,CUST101117,PRD200612,2,12000.0,AirtelMoney,MP516544817,2024-09-30 03:27:00
TXN90002502,ST09,,PRD200172,3,25000.0,AirtelMoney,AM123660370,2024-11-23 00:31:00
TXN90002503,ECOM01,CUST104964,PRD200276,2,575.0,MTN MoMo,MP890255641,2024-11-20 03:28:00
TXN90002504,ST14,,PRD200745,1,90000.0,MTN Mobile Money,MP816529419,2024-07-16 20:22:00
TXN90002505,ST16,CUST102431,PRD200538,2,57500.0,MTN MoMo,AUTH36291,2024-09-24 12:04:00
TXN90002506,ST04,CUST104867,PRD200365,2,23000.0,momo,AUTH38790,2024-10-01 04:16:00
TXN90002507,ST19,CUST101545,PRD200141,3,5175.0,MTN MoMo,MP290930518,2024-11-10 12:05:00
TXN90002508,ST16,CUST102538,PRD200101,1,UGX3750,MTN MoMo,CASH-3060,27/07/2024 00:38
TXN90002509,ST12,CUST101845,PRD200390,1,2700.0,MTN MoMo,AUTH92244,2024-10-06 15:32:00
TXN90002510,ST06,CUST103164,PRD200146,1,1803.16,Cash,AM904808720,2024-08-24 03:09:00
TXN90002511,ST05,CUST103972,PRD200791,3,"UGX 8,100",CASH,AUTH73659,2024-11-05 17:05:00
TXN90002512,ST08,CUST102415,PRD200996,1,26000.0,MTN Mobile Money,AM776887644,14/07/2024 11:05
TXN90002513,ST16,CUST104167,PRD200172,1,25000.0,CASH,CASH-5235,2024-07-17 20:41:00
TXN90002514,ST15,CUST102406,PRD201031,2,6500.0,MTN MoMo,AUTH70599,2024-08-19 19:40:00
TXN90002515,ST22,,PRD200798,2,2400.0,Airtel Money,MP204358008,2024-12-17 15:51:00
TXN90002516,ST19,CUST100989,PRD201155,2,2750.0,Cash,AM336293827,2024-10-26 21:18:00
TXN90002517,ST10,CUST102867,PRD200749,5,2250.0,AirtelMoney,CASH-1328,2024-12-15 12:42:00
TXN90002518,ST15,CUST100445,PRD201106,1,9000.0,Cash,AM692612817,16/08/2024 13:27
TXN90002519,ST13,CUST101806,PRD200601,4,18750.0,MTN Mobile Money,AM112480648,2024-11-15 10:51:00
TXN90002520,ST04,CUST101573,PRD200563,2,17250.0,Airtel Money,AUTH12987,2024-11-29 00:13:00
TXN90002521,ST10,CUST102721,PRD200123,1,3750.0,MTN MoMo,AM227016034,2024-11-26 22:00:00
TXN90002522,ST15,CUST104854,PRD200650,4,90000.0,CASH,AUTH94682,2024-08-10 21:42:00
TXN90002523,ST15,CUST103309,PRD200502,2,2250.0,MTN MoMo,MP902134908,2024-09-07 17:09:00
TXN90002524,ST12,CUST101856,PRD200905,3,2200.0,MTN Mobile Money,MP634022954,2024-08-19 08:45:00
TXN90002525,ST10,CUST103300,PRD201144,1,2700.0,MTN Mobile Money,CASH-5715,2024-12-10 16:35:00
TXN90002526,ECOM01,CUST101309,PRD200624,3,23000.0,Cash,MP844291265,04/11/2024 02:12
TXN90002527,ECOM01,CUST104588,PRD200819,1,90000.0,Cash,MP684670261,05/08/2024 06:17
TXN90002528,ST01,CUST104410,PRD200060,3,2875.0,Cash,AM230313678,2024-07-14 14:28:00
TXN90002529,ST22,CUST102402,PRD200310,5,38500.0,CASH,CASH-9506,2024-10-07 04:14:00
TXN90002530,ST20,CUST102677,PRD200132,1,6750.0,momo,MP399080253,2024-12-04 23:21:00
TXN90002531,ST12,CUST103375,PRD200250,1,8100.0,MTN MoMo,CASH-2303,2024-07-07 16:33:00
TXN90002532,ECOM01,CUST103465,PRD200352,3,"3,600",Cash,CASH-8044,12/08/2024 02:39
TXN90002533,ST11,CUST104524,PRD201030,1,17250.0,Airtel Money,AM836356877,22/07/2024 17:32
TXN90002534,ST19,CUST104441,PRD200083,2,40250.0,AirtelMoney,MP323125889,2024-10-21 17:59:00
TXN90002535,ST18,CUST104479,PRD200334,3,600.0,momo,CASH-1413,2024-07-01 00:45:00
TXN90002536,ST02,,PRD200696,1,5500.0,MTN MoMo,AUTH59305,2024-12-23 04:51:00
TXN90002537,ECOM01,CUST101441,PRD200509,3,9375.0,MTN Mobile Money,,2024-11-13 16:37:00
TXN90002538,ST13,CUST101735,PRD200879,3,2500.0,MTN MoMo,CASH-7414,2024-08-02 02:19:00
TXN90002539,ST19,CUST102035,PRD200435,1,2300.0,momo,CASH-9965,2024-11-11 22:34:00
TXN90002540,ST22,CUST103066,PRD200435,1,2300.0,Card,AM106453131,2024-09-07 19:31:00
TXN90002541,ECOM01,CUST104273,PRD200143,1,47254.46,Airtel Money,MP144581521,2024-09-26 04:53:00
TXN90002542,ECOM01,CUST101523,PRD200596,1,1974.41,momo,CASH-2682,2024-09-28 02:50:00
TXN90002543,ST09,CUST104922,PRD200109,-1,975,MTN MoMo,AUTH85386,2024-07-07 13:59:00
TXN90002544,ST02,CUST104249,PRD200936,3,63000.0,MTN Mobile Money,AUTH98058,2024-12-03 03:55:00
TXN90002545,ST18,CUST101724,PRD201005,1,5400.0,Cash,MP227727336,2024-12-26 12:55:00
TXN90002546,ST08,CUST102723,PRD201152,4,2250.0,MTN Mobile Money,CASH-4695,2024-09-22 08:34:00
TXN90002547,ST18,CUST100978,PRD200869,1,2700.0,AirtelMoney,AUTH95095,2024-09-05 05:13:00
TXN90002548,ST18,,PRD200060,1,2875.0,momo,,2024-11-29 03:27:00
TXN90002549,ST14,CUST103151,PRD200936,1,63000.0,CASH,MP736280407,2024-11-20 19:57:00
TXN90002550,ST12,CUST100308,PRD200833,2,27000.0,MTN MoMo,MP543985771,2024-08-29 02:26:00
TXN90002551,ST01,CUST100811,PRD200159,5,1150.0,Airtel Money,CASH-2978,2024-11-29 19:02:00
TXN90002552,ECOM01,CUST102031,PRD201012,2,2400.0,momo,AUTH10275,2024-09-21 00:31:00
TXN90002553,ST06,CUST104271,PRD200397,1,1650.0,MTN Mobile Money,AM749252546,2024-08-05 18:33:00
TXN90002554,ST05,CUST101170,PRD200738,1,63000.0,MTN MoMo,,2024-08-30 13:41:00
TXN90002555,ST07,CUST102951,PRD200200,1,62500.0,MTN MoMo,CASH-9763,2024-09-25 00:39:00
TXN90002556,ST07,CUST104581,PRD200894,2,3125.0,Cash,AUTH27778,21/10/2024 11:19
TXN90002557,ST08,CUST104858,PRD200115,4,60000.0,MTN Mobile Money,CASH-8938,2024-12-10 02:35:00
TXN90002558,ST02,CUST103134,PRD200021,1,5400.0,MTN MoMo,,2024-11-30 13:38:00
TXN90002559,ST18,CUST100720,PRD200321,1,975.0,MTN MoMo,AUTH74266,2024-08-11 20:39:00
TXN90002560,ST08,CUST104467,PRD200575,5,3600.0,Cash,AM135672717,2024-10-04 02:15:00
TXN90002561,ST07,CUST104703,PRD200527,1,575.0,MTN MoMo,MP540660845,2024-11-21 10:48:00
TXN90002562,ST14,CUST101709,PRD200132,5,6750.0,MTN MoMo,CASH-3145,2024-12-10 00:16:00
TXN90002563,ST01,CUST103698,PRD200763,1,27000.0,MTN MoMo,CASH-1371,2024-07-20 16:55:00
TXN90002564,ST16,CUST103574,PRD200778,5,937.5,MTN Mobile Money,AM714186677,2024-08-09 03:49:00
TXN90002565,ST05,CUST104498,PRD200236,3,22500.0,MTN MoMo,AUTH81258,2024-07-22 05:24:00
TXN90002566,ECOM01,CUST100729,PRD200013,1,8250.0,momo,CASH-2380,2024-07-16 03:06:00
TXN90002567,ST16,CUST104291,PRD200333,2,55000.0,MTN Mobile Money,,2024-09-04 21:17:00
TXN90002568,ST08,CUST101564,PRD200610,3,5850.0,MTN Mobile Money,AUTH96364,25/08/2024 10:21
TXN90002569,ST09,CUST101363,PRD200247,3,1800.0,Cash,AM314120027,2024-12-22 01:21:00
TXN90002570,ST07,CUST102858,PRD200856,1,19500.0,MTN MoMo,CASH-2717,2024-09-01 10:14:00
TXN90002571,ST21,,PRD200334,3,600.0,MTN MoMo,,2024-11-12 12:20:00
TXN90002572,ECOM01,CUST103491,PRD200302,2,8625.0,MTN MoMo,CASH-4164,2024-08-11 18:46:00
TXN90002573,ECOM01,CUST104883,PRD200136,2,90000.0,MTN Mobile Money,AUTH22763,2024-11-03 13:13:00
TXN90002574,ST16,CUST104988,PRD200298,2,40250.0,Airtel Money,CASH-8236,2024-12-01 23:54:00
TXN90002575,ST13,CUST100619,PRD200247,5,1800.0,CASH,MP880220342,2024-10-02 08:52:00
TXN90002576,ST02,,PRD201062,3,3750.0,MTN MoMo,MP764133105,2024-10-19 12:36:00
TXN90002577,ST12,CUST102188,PRD200092,-1,1500.0,Card,AM606784303,02/11/2024 00:47
TXN90002578,ST01,CUST102615,PRD200920,4,11250.0,MTN Mobile Money,MP133277980,2024-10-04 12:38:00
TXN90002579,ST11,CUST103793,PRD201128,1,1950.0,momo,MP890625958,2024-08-27 04:54:00
TXN90002580,ST01,CUST104205,PRD200074,1,6000.0,MTN MoMo,CASH-4885,09/12/2024 16:55
TXN90002581,ST21,CUST104312,PRD200905,2,2200.0,MTN Mobile Money,CASH-3953,2024-10-22 01:36:00
TXN90002582,ST18,CUST104007,PRD200822,1,1125.0,AirtelMoney,AUTH53017,2024-11-30 19:55:00
TXN90002583,ECOM01,CUST102778,PRD200560,3,18000.0,CASH,MP946095834,2024-09-04 14:25:00
TXN90002584,ECOM01,CUST102803,PRD200418,1,UGX23000,Cash,AM270920167,2024-11-04 15:44:00
TXN90002585,ST15,CUST101375,PRD201023,1,57500.0,MTN Mobile Money,AM925810854,2024-11-25 09:52:00
TXN90002586,ECOM01,CUST103539,PRD200719,2,1300.0,MTN MoMo,AUTH11101,2024-07-01 15:41:00
TXN90002587,ST14,CUST104555,PRD200144,2,3900.0,Airtel Money,AUTH22864,2024-11-08 00:20:00
TXN90002588,ST22,CUST100190,PRD200424,1,9375.0,MTN MoMo,AUTH95138,2024-11-06 16:09:00
TXN90002589,ECOM01,CUST103379,PRD200199,3,4163.37,MTN MoMo,AUTH83988,2024-08-11 12:55:00
TXN90002590,ST18,,PRD200433,2,11000.0,AirtelMoney,MP700674677,2024-12-03 00:51:00
TXN90002591,ST21,CUST104434,PRD200733,4,5500.0,momo,MP737616649,2024-08-26 03:15:00
TXN90002592,ST12,CUST103727,PRD200680,2,7500.0,Cash,AUTH95032,2024-10-10 06:30:00
TXN90002593,ECOM01,CUST103611,PRD200381,1,22000.0,MTN MoMo,AM279507122,2024-08-20 13:13:00
TXN90002594,ST20,CUST104039,PRD200294,1,24000.0,momo,,2024-09-23 23:45:00
TXN90002595,ST08,CUST100027,PRD200882,3,550.0,Cash,AM244284317,09/11/2024 10:40
TXN90002596,ST23,,PRD200805,5,8100.0,MTN MoMo,CASH-8179,2024-09-19 21:31:00
TXN90002597,ST14,CUST101479,PRD201030,2,17250.0,Cash,MP360495551,2024-11-05 05:25:00
TXN90002598,ST14,CUST101485,PRD200960,2,15000.0,MTN Mobile Money,MP164445074,2024-10-28 17:23:00
TXN90002599,ECOM01,CUST101547,PRD200305,1,3750.0,momo,,2024-08-26 03:55:00
TXN90002600,ST17,CUST104376,PRD200269,1,60000.0,Airtel Money,MP926701454,2024-10-14 22:28:00
TXN90002601,ST21,CUST100513,PRD201142,1,12500.0,MTN Mobile Money,CASH-8724,2024-09-20 00:02:00
TXN90002602,ST16,CUST101261,PRD200096,1,18000.0,AirtelMoney,MP620578537,26/10/2024 20:24
TXN90002603,ECOM01,CUST101113,PRD201027,1,5850.0,MTN MoMo,MP543164115,2024-07-18 15:36:00
TXN90002604,ST23,CUST101347,PRD200753,2,5625.0,Airtel Money,CASH-3879,2024-11-06 05:12:00
TXN90002605,ST16,,PRD200380,1,"4,500",Airtel Money,MP811935518,2024-08-07 20:36:00
TXN90002606,ST21,CUST104185,PRD200828,1,13000.0,Card,AUTH80227,2024-11-11 05:06:00
TXN90002607,ECOM01,,PRD200179,3,6750.0,MTN MoMo,MP939206613,2024-11-30 08:05:00
TXN90002608,ST04,CUST102867,PRD200169,-2,1950.0,Cash,CASH-8123,2024-11-29 23:39:00
TXN90002609,ST06,,PRD200538,1,UGX57500,CASH,CASH-7575,2024-10-03 05:36:00
TXN90002610,ST14,CUST101153,PRD200742,1,3000.0,AirtelMoney,MP359624043,2024-11-24 08:43:00
TXN90002611,ECOM01,CUST103242,PRD200623,-1,12500.0,momo,MP469737757,2024-12-06 19:56:00
TXN90002612,ST23,CUST100101,PRD200038,1,4500.0,Airtel Money,AUTH23902,2024-12-25 06:49:00
TXN90002613,ST18,,PRD201105,1,15000.0,Card,AM645317795,2024-11-04 22:43:00
TXN90002614,ST12,CUST101173,PRD200886,4,1300.0,MTN MoMo,,2024-07-04 20:48:00
TXN90002615,ECOM01,CUST102992,PRD200648,2,23000.0,Airtel Money,AUTH50852,2024-07-13 07:28:00
TXN90002616,ST17,CUST104289,PRD200624,2,23000.0,CASH,MP937449302,2024-10-08 17:00:00
TXN90002617,ST16,CUST100641,PRD200027,1,2250.0,Cash,MP614738811,2024-07-21 00:41:00
TXN90002618,ST11,CUST102471,PRD200477,1,"UGX 3,000",MTN Mobile Money,MP769517304,2024-12-23 00:36:00
TXN90002619,ST16,CUST104718,PRD200836,2,7500.0,MTN Mobile Money,CASH-6427,2024-09-24 14:47:00
TXN90002620,ST18,CUST101352,PRD201116,1,"18,000",MTN Mobile Money,AUTH56102,2024-10-30 13:31:00
TXN90002621,ST17,CUST103761,PRD200831,2,17250.0,Airtel Money,AM231323401,2024-09-25 19:16:00
TXN90002622,ST18,,PRD200372,4,900.0,MTN MoMo,MP347382894,2024-12-27 07:37:00
TXN90002623,ST22,CUST101844,PRD200767,1,937.5,MTN Mobile Money,AM131893479,2024-10-31 17:16:00
TXN90002624,ST16,CUST104667,PRD200421,4,6000.0,Card,AUTH14145,2024-07-14 06:13:00
TXN90002625,ST12,CUST101685,PRD200680,1,7500.0,Airtel Money,MP648604007,2024-08-01 13:34:00
TXN90002626,ST07,CUST100640,PRD200975,2,36000.0,Airtel Money,,2024-10-21 20:32:00
TXN90002627,ST03,CUST102860,PRD200130,1,14276.88,AirtelMoney,MP500306963,2024-10-09 13:09:00
TXN90002628,ST12,CUST104667,PRD201105,3,15000.0,AirtelMoney,MP826709011,2024-08-29 21:57:00
TXN90002629,ST09,CUST103831,PRD200696,3,5500.0,Airtel Money,AUTH27512,2024-08-12 12:28:00
TXN90002630,ST06,,PRD200479,1,1950.0,Cash,AUTH85215,2024-08-25 13:55:00
TXN90002631,ECOM01,CUST104216,PRD200476,4,"11,500",Cash,CASH-5943,2024-07-07 23:37:00
TXN90002632,ST02,CUST101856,PRD200696,3,5500.0,Card,,2024-07-25 19:05:00
TXN90002633,ST18,CUST101055,PRD200532,1,19500.0,MTN MoMo,AM772240658,2024-09-14 02:56:00
TXN90002634,ST16,CUST103641,PRD200677,2,12500.0,Cash,AUTH38405,17/12/2024 20:08
TXN90002635,ECOM01,CUST101154,PRD200598,1,862.5,Cash,AUTH17215,2024-11-16 01:58:00
TXN90002636,ECOM01,CUST102284,PRD200393,-1,"UGX 5,750",Airtel Money,MP665446874,2024-12-17 15:11:00
TXN90002637,ECOM01,,PRD200740,1,65000.0,Airtel Money,AM334626195,2024-08-23 01:15:00
TXN90002638,ECOM01,CUST104538,PRD200645,1,8388.73,momo,AUTH41673,09/08/2024 08:38
TXN90002639,ST13,CUST102340,PRD200977,1,8250.0,Cash,AUTH86977,2024-11-02 04:02:00
TXN90002640,ECOM01,CUST103167,PRD200147,3,52500.0,MTN MoMo,CASH-3755,2024-12-26 00:00:00
TXN90002641,ST18,CUST103784,PRD200735,2,15000.0,MTN Mobile Money,,2024-11-24 14:41:00
TXN90002642,ST03,CUST102382,PRD201068,1,2500.0,MTN Mobile Money,MP651245206,2024-09-05 16:33:00
TXN90002643,ST06,CUST102443,PRD200358,1,"8,100",Airtel Money,AM463553708,2024-10-19 15:47:00
TXN90002644,ST14,CUST101799,PRD200294,2,24000.0,Cash,CASH-5405,2024-07-01 07:35:00
TXN90002645,ST11,CUST102833,PRD200176,1,5750.0,Cash,AUTH87459,05/08/2024 18:57
TXN90002646,ECOM01,CUST101315,PRD200289,1,5175.0,momo,MP160250100,2024-08-16 10:41:00
TXN90002647,ST14,CUST102680,PRD200676,1,16500.0,MTN MoMo,,2024-07-11 17:03:00
TXN90002648,ST17,CUST100939,PRD201091,1,11500.0,Airtel Money,MP877491483,2024-10-09 21:50:00
TXN90002649,ECOM01,CUST104467,PRD200047,2,750.0,momo,AM575695774,2024-11-12 13:35:00
TXN90002650,ST15,CUST103188,PRD200693,1,3900.0,CASH,AM998834437,11/12/2024 02:17
TXN90002651,ST06,CUST103539,PRD200464,1,6000.0,Cash,AUTH21138,2024-11-21 20:14:00
TXN90002652,ST10,CUST103472,PRD200708,-2,"2,500",MTN MoMo,CASH-4206,17/11/2024 05:24
TXN90002653,ECOM01,CUST104270,PRD200361,3,1200.0,momo,MP611872687,2024-07-03 11:37:00
TXN90002654,ST20,CUST101424,PRD200111,1,63000.0,MTN MoMo,AM234972960,2024-07-11 07:11:00
TXN90002655,ST14,CUST100767,PRD200077,1,2250.0,Cash,CASH-5934,2024-07-11 08:10:00
TXN90002656,ECOM01,CUST102604,PRD200196,2,5536.64,AirtelMoney,AUTH19762,2024-07-08 07:15:00
TXN90002657,ECOM01,CUST102158,PRD200663,1,750.0,Cash,AUTH68928,2024-08-21 16:42:00
TXN90002658,ST06,CUST103362,PRD200564,3,15000.0,Cash,AM400135071,2024-12-19 17:14:00
TXN90002659,ECOM01,CUST103739,PRD200638,1,3000.0,AirtelMoney,,2024-09-03 14:44:00
TXN90002660,ST05,CUST100667,PRD200307,1,65000.0,MTN Mobile Money,,2024-08-15 23:07:00
TXN90002661,ST09,CUST100382,PRD200992,2,3000.0,Card,AM322156136,2024-08-02 05:37:00
TXN90002662,ECOM01,CUST101495,PRD200936,3,63000.0,momo,MP711404301,2024-10-21 12:23:00
TXN90002663,ST21,CUST102866,PRD200160,2,2750.0,Airtel Money,AUTH54965,2024-10-04 23:58:00
TXN90002664,ECOM01,CUST103564,PRD200942,1,18000.0,Airtel Money,MP895569446,2024-12-11 19:04:00
TXN90002665,ST07,CUST103497,PRD200694,2,11000.0,Airtel Money,,2024-12-04 02:59:00
TXN90002666,ECOM01,CUST100739,PRD200073,3,38500.0,MTN Mobile Money,MP433999991,2024-07-16 23:46:00
TXN90002667,ST07,CUST103966,PRD200432,1,57500.0,MTN MoMo,MP136368446,2024-07-11 00:16:00
TXN90002668,ECOM01,CUST104683,PRD201132,2,2400.0,Airtel Money,,2024-08-05 13:24:00
TXN90002669,ST10,CUST101958,PRD200434,1,16500.0,Cash,CASH-5848,2024-12-04 13:37:00
TXN90002670,ST02,CUST100249,PRD200099,3,7500.0,AirtelMoney,MP672413164,2024-10-23 21:14:00
TXN90002671,ST12,CUST104354,PRD200288,2,5750.0,MTN Mobile Money,AM885630699,2024-11-03 02:19:00
TXN90002672,ST08,CUST104210,PRD200214,1,UGX65000,Airtel Money,AM252011630,2024-10-26 02:54:00
TXN90002673,ST04,CUST100720,PRD200050,3,900.0,MTN MoMo,CASH-2500,31/07/2024 19:38
TXN90002674,ECOM01,CUST104583,PRD200425,1,43750.0,AirtelMoney,CASH-4091,2024-08-04 01:20:00
TXN90002675,ST07,CUST104214,PRD200202,1,42000.0,AirtelMoney,AM779447120,2024-12-09 20:30:00
TXN90002676,ST07,CUST101957,PRD200852,2,4500.0,CASH,AM178605761,2024-12-13 22:20:00
TXN90002677,ST19,CUST102816,PRD200239,3,1350.0,MTN Mobile Money,MP229185313,2024-10-01 06:40:00
TXN90002678,ST02,CUST103843,PRD200656,3,1250.0,Cash,AM196347044,2024-11-22 06:16:00
TXN90002679,ECOM01,CUST100536,PRD200021,1,5400.0,Airtel Money,,2024-08-26 07:57:00
TXN90002680,ST11,CUST104231,PRD200243,2,600.0,MTN MoMo,CASH-7782,2024-08-27 23:18:00
TXN90002681,ST05,CUST100100,PRD200828,2,13000.0,MTN Mobile Money,AM545626350,2024-11-24 18:20:00
TXN90002682,ST23,CUST100152,PRD200918,3,1800.0,MTN Mobile Money,AUTH89276,2024-07-25 00:24:00
TXN90002683,ST05,CUST103850,PRD200127,1,"12,500",momo,CASH-2784,2024-11-29 01:24:00
TXN90002684,ST09,CUST100773,PRD200203,2,2300.0,CASH,AUTH36188,2024-08-07 16:48:00
TXN90002685,ST08,CUST100682,PRD200022,1,3900.0,CASH,AM138459732,2024-12-27 09:11:00
TXN90002686,ST16,,PRD201086,1,5625.0,MTN Mobile Money,CASH-4094,2024-12-05 14:32:00
TXN90002687,ECOM01,CUST104786,PRD200544,4,18750.0,Airtel Money,MP337353419,2024-08-28 21:05:00
TXN90002688,ST21,CUST103743,PRD200716,4,1725.0,Airtel Money,,2024-09-22 12:45:00
TXN90002689,ST01,CUST103418,PRD201107,2,18750.0,MTN Mobile Money,MP501222534,2024-11-25 01:57:00
TXN90002690,ST17,CUST100971,PRD200360,1,52500.0,MTN MoMo,AM378010163,2024-09-26 00:57:00
TXN90002691,ST20,CUST102885,PRD200609,3,900.0,MTN MoMo,,2024-07-16 19:30:00
TXN90002692,ST10,CUST100093,PRD200442,1,3750.0,MTN MoMo,AM599647826,03/12/2024 18:11
TXN90002693,ST21,CUST102096,PRD200132,3,6750.0,Airtel Money,MP939314321,2024-09-17 14:14:00
TXN90002694,ST15,CUST102198,PRD200702,3,625.0,Airtel Money,MP592561816,2024-12-13 14:11:00
TXN90002695,ST20,CUST103089,PRD200363,3,4500.0,momo,CASH-9412,2024-12-20 14:18:00
TXN90002696,ST02,CUST100162,PRD200530,1,5625.0,momo,AUTH78087,2024-12-26 06:33:00
TXN90002697,ST21,CUST100176,PRD200559,1,750,Airtel Money,MP503169451,21/11/2024 01:31
TXN90002698,ST05,,PRD200688,1,36000.0,momo,CASH-5035,2024-11-21 07:08:00
TXN90002699,ST16,CUST103121,PRD200782,2,52500.0,momo,AUTH27407,2024-08-13 16:56:00
TXN90002700,ST23,CUST101457,PRD200367,1,600.0,Cash,AUTH85273,2024-08-31 02:56:00
TXN90002701,ST11,,PRD200350,1,11500.0,MTN MoMo,CASH-4685,2024-08-17 13:17:00
TXN90002702,ST10,CUST104937,PRD200783,4,57500.0,MTN Mobile Money,CASH-1148,2024-07-05 08:45:00
TXN90002703,ST17,CUST100436,PRD200242,2,52500.0,MTN Mobile Money,AM356538232,2024-12-14 14:43:00
TXN90002704,ST22,CUST102677,PRD200030,2,2600.0,MTN Mobile Money,CASH-8543,18/07/2024 09:40
TXN90002705,ST09,CUST102411,PRD200027,1,2250.0,Airtel Money,AUTH29767,2024-08-29 22:52:00
TXN90002706,ST23,CUST104403,PRD200601,5,18750.0,Cash,CASH-5007,2024-09-21 19:17:00
TXN90002707,ST08,CUST101596,PRD200927,1,600.0,Card,,2024-10-03 21:31:00
TXN90002708,ECOM01,CUST104835,PRD200249,1,650.0,MTN Mobile Money,AUTH39797,2024-11-17 10:49:00
TXN90002709,ECOM01,CUST103315,PRD200297,4,3750.0,MTN Mobile Money,CASH-4666,2024-12-08 01:01:00
TXN90002710,ST21,CUST103709,PRD200605,3,30000.0,Cash,AUTH95626,2024-07-12 05:03:00
TXN90002711,ST02,CUST100473,PRD200116,3,1201.24,AirtelMoney,CASH-8271,2024-07-31 10:22:00
TXN90002712,ST02,,PRD200112,1,3313.64,Airtel Money,CASH-3417,2024-09-30 05:34:00
TXN90002713,ST03,,PRD200284,1,16500.0,MTN Mobile Money,AM155402926,2024-07-11 00:14:00
TXN90002714,ST16,CUST103573,PRD200711,1,3300.0,Airtel Money,AUTH23140,2024-10-08 21:51:00
TXN90002715,ST16,CUST103002,PRD200439,1,17250.0,CASH,CASH-8411,2024-08-01 21:30:00
TXN90002716,ST18,CUST103316,PRD200078,2,UGX894,MTN MoMo,AUTH84955,2024-07-17 11:39:00
TXN90002717,ST10,CUST102654,PRD200288,2,5750.0,MTN Mobile Money,CASH-8377,2024-09-10 22:51:00
TXN90002718,ST09,CUST101236,PRD200861,2,1500.0,MTN MoMo,MP142814122,2024-08-17 00:03:00
TXN90002719,ECOM01,CUST101345,PRD200025,1,1875.0,MTN Mobile Money,AUTH21282,2024-09-27 19:01:00
TXN90002720,ST21,CUST104302,PRD200163,2,7500.0,MTN Mobile Money,AM793939476,2024-11-16 10:00:00
TXN90002721,ST09,CUST103204,PRD200706,1,5500.0,AirtelMoney,AM328916520,22/12/2024 16:41
TXN90002722,ECOM01,CUST103095,PRD201071,2,3300.0,MTN MoMo,AUTH78790,2024-09-15 22:00:00
TXN90002723,ST08,CUST104451,PRD200175,1,18000.0,momo,,12/07/2024 05:55
TXN90002724,ST13,CUST103824,PRD200122,3,18000.0,MTN MoMo,MP537934689,2024-07-09 00:03:00
TXN90002725,ST08,CUST102354,PRD200894,4,3125.0,Cash,CASH-4791,2024-10-10 16:44:00
TXN90002726,ST14,CUST104362,PRD200632,1,1125.0,MTN MoMo,AUTH49427,2024-12-19 12:36:00
TXN90002727,ST06,CUST104708,PRD201159,1,550.0,Airtel Money,MP989149133,2024-07-11 03:23:00
TXN90002728,ST04,CUST101730,PRD200936,2,63000.0,Cash,MP621889900,2024-08-27 20:59:00
TXN90002729,ST02,CUST104997,PRD200333,2,55000.0,MTN Mobile Money,MP290893065,2024-12-20 16:26:00
TXN90002730,ST16,CUST104514,PRD200902,3,937.5,Cash,MP796843250,2024-07-12 07:31:00
TXN90002731,ST12,CUST102771,PRD200595,3,1300.0,CASH,MP902512761,2024-12-04 17:45:00
TXN90002732,ECOM01,CUST103503,PRD200853,3,3125.0,CASH,,2024-11-03 14:23:00
TXN90002733,ST18,,PRD200424,4,9375.0,MTN MoMo,AUTH31058,2024-11-22 01:27:00
TXN90002734,ST11,CUST103528,PRD200742,1,3000.0,MTN Mobile Money,MP663934011,2024-11-19 19:02:00
TXN90002735,ST13,CUST100138,PRD200092,2,1500.0,MTN MoMo,AM260763399,2024-09-25 20:37:00
TXN90002736,ECOM01,CUST102065,PRD200302,2,8625.0,Cash,AM281859682,28/07/2024 02:20
TXN90002737,ST08,CUST100417,PRD201010,1,18750.0,MTN MoMo,AUTH52923,2024-10-15 08:24:00
TXN90002738,ECOM01,CUST100420,PRD200320,2,43750.0,MTN MoMo,AUTH91675,14/12/2024 06:23
TXN90002739,ST04,CUST100444,PRD200011,3,5175.0,Airtel Money,CASH-3737,27/12/2024 22:26
TXN90002740,ST03,CUST100526,PRD201045,3,1800.0,Airtel Money,AM812123968,2024-09-20 21:33:00
TXN90002741,ST11,CUST102712,PRD200745,1,90000.0,AirtelMoney,AUTH69134,29/09/2024 20:11
TXN90002742,ST23,CUST100873,PRD200137,3,900.0,Airtel Money,MP286694016,2024-10-09 11:43:00
TXN90002743,ST19,CUST104075,PRD200423,-1,3900.0,Card,CASH-5053,2024-07-08 00:04:00
TXN90002744,ST09,,PRD201033,3,63000.0,Cash,AUTH14231,08/07/2024 10:08
TXN90002745,ST09,CUST103745,PRD200562,1,2250.0,MTN Mobile Money,AUTH18116,2024-10-02 14:12:00
TXN90002746,ST19,CUST103873,PRD201033,3,63000.0,Airtel Money,CASH-6826,2024-07-25 02:59:00
TXN90002747,ST15,CUST104770,PRD200636,2,3600.0,AirtelMoney,MP653482816,2024-10-29 18:17:00
TXN90002748,ECOM01,CUST102618,PRD200225,2,3600.0,AirtelMoney,MP588351437,2024-08-04 16:24:00
TXN90002749,ST19,CUST102391,PRD200484,2,4500.0,CASH,AUTH25293,2024-12-03 17:26:00
TXN90002750,ST10,,PRD200606,1,43750.0,MTN Mobile Money,MP648280980,2024-10-07 16:17:00
TXN90002751,ECOM01,CUST101412,PRD200874,3,6000.0,Airtel Money,AUTH49243,14/12/2024 15:09
TXN90002752,ST19,CUST102291,PRD200467,1,10690.04,Airtel Money,AM848923926,2024-07-29 00:42:00
TXN90002753,ST11,CUST100028,PRD200315,2,6250.0,MTN MoMo,AM438009233,2024-08-08 20:00:00
TXN90002754,ST03,CUST100665,PRD200679,4,937.5,Card,,2024-12-06 10:52:00
TXN90002755,ST03,,PRD200332,5,6250.0,AirtelMoney,,2024-10-22 18:07:00
TXN90002756,ECOM01,CUST100069,PRD200254,2,2837.78,momo,,04/08/2024 09:37
TXN90002757,ST12,CUST100314,PRD200459,2,42000.0,Cash,AM174382078,2024-12-16 05:35:00
TXN90002758,ECOM01,CUST101473,PRD201123,2,4950.0,momo,AM591399520,2024-07-30 15:02:00
TXN90002759,ST13,CUST101155,PRD200136,2,90000.0,MTN MoMo,MP157630183,2024-09-10 07:22:00
TXN90002760,ST07,CUST102645,PRD200545,-1,5400.0,Cash,CASH-5520,2024-07-14 14:59:00
TXN90002761,ST16,CUST104207,PRD200645,4,8388.73,Airtel Money,CASH-7042,2024-08-02 19:41:00
TXN90002762,ST21,CUST102276,PRD200771,1,1950.0,Airtel Money,AUTH34695,2024-12-04 12:24:00
TXN90002763,ST15,CUST101258,PRD201137,2,12500.0,AirtelMoney,CASH-7874,2024-07-20 08:33:00
TXN90002764,ST07,CUST100902,PRD201007,4,4500.0,AirtelMoney,CASH-1406,2024-09-02 12:14:00
TXN90002765,ECOM01,CUST104251,PRD200840,1,1500.0,momo,CASH-6701,2024-09-23 02:28:00
TXN90002766,ST09,CUST104684,PRD200342,1,6750.0,MTN Mobile Money,AM917867613,2024-10-16 09:58:00
TXN90002767,ST17,CUST104375,PRD200742,3,3000.0,MTN MoMo,MP276743423,31/07/2024 08:57
TXN90002768,ST12,CUST103288,PRD200360,1,52500.0,Airtel Money,AUTH27119,2024-11-06 07:32:00
TXN90002769,ST10,CUST101587,PRD200659,4,5595.96,MTN Mobile Money,CASH-2709,2024-10-08 03:34:00
TXN90002770,ST12,CUST104252,PRD200510,2,12000.0,MTN MoMo,AM131129783,11/11/2024 17:24
TXN90002771,ST21,CUST101672,PRD201144,2,2700.0,MTN Mobile Money,,10/11/2024 08:24
TXN90002772,ST04,CUST104144,PRD200559,1,750.0,MTN MoMo,CASH-5962,2024-09-03 05:38:00
TXN90002773,ST11,CUST100369,PRD201093,1,11250.0,Airtel Money,AUTH96856,2024-09-30 08:02:00
TXN90002774,ST15,CUST104902,PRD200796,4,2750.0,CASH,MP613414078,2024-10-30 00:33:00
TXN90002775,ST04,CUST101200,PRD200069,1,9000.0,Cash,MP153934258,2024-10-27 21:04:00
TXN90002776,ST10,CUST104246,PRD200761,3,1350.0,Airtel Money,MP905313891,2024-10-08 17:37:00
TXN90002777,ECOM01,CUST104150,PRD201095,2,5175.0,MTN Mobile Money,MP117807349,2024-11-13 23:42:00
TXN90002778,ST21,CUST100832,PRD200442,1,3750.0,MTN MoMo,MP783585953,2024-10-16 23:35:00
TXN90002779,ST09,CUST104065,PRD200858,1,2300.0,momo,AUTH86278,2024-10-22 07:27:00
TXN90002780,ECOM01,CUST103737,PRD200182,1,1883.72,Card,MP166430217,2024-08-16 18:06:00
TXN90002781,ST15,CUST103281,PRD200713,3,1500.0,Card,AM568451846,2024-11-05 16:48:00
TXN90002782,ST13,CUST103833,PRD200797,2,39122.92,Cash,MP956596180,2024-11-30 22:03:00
TXN90002783,ST11,CUST102971,PRD201146,1,23000.0,Airtel Money,AUTH54654,2024-07-04 06:21:00
TXN90002784,ST17,CUST100442,PRD200772,2,13000.0,AirtelMoney,CASH-1588,2024-12-21 12:20:00
TXN90002785,ECOM01,CUST100548,PRD200670,3,8250.0,MTN Mobile Money,AUTH64182,06/11/2024 23:53
TXN90002786,ST17,CUST104333,PRD200608,2,8250.0,MTN MoMo,AUTH50283,2024-08-28 18:14:00
TXN90002787,ECOM01,CUST100378,PRD200820,3,8100.0,Cash,,2024-12-16 15:55:00
TXN90002788,ST12,CUST101537,PRD200825,2,550.0,momo,CASH-5390,2024-07-13 20:03:00
TXN90002789,ST17,,PRD200802,4,5400.0,Airtel Money,AUTH78007,2024-10-09 00:28:00
TXN90002790,ST18,CUST103440,PRD200531,1,5625.0,AirtelMoney,CASH-7165,2024-08-23 18:57:00
TXN90002791,ST20,CUST103345,PRD200124,1,2875.0,AirtelMoney,,2024-10-31 19:35:00
TXN90002792,ST12,CUST104144,PRD200437,1,13000.0,Cash,AUTH17479,2024-11-18 18:11:00
TXN90002793,ST21,CUST101200,PRD200634,1,63000.0,Airtel Money,AM862319690,2024-10-25 07:43:00
TXN90002794,ST21,CUST104537,PRD200856,2,19500.0,Airtel Money,,2024-09-09 14:52:00
TXN90002795,ST23,CUST104664,PRD200891,1,40250.0,MTN Mobile Money,AM639423621,2024-12-25 12:54:00
TXN90002796,ECOM01,CUST100485,PRD200155,4,625.0,Cash,AUTH16400,24/11/2024 19:08
TXN90002797,ECOM01,CUST102451,PRD201146,3,23000.0,AirtelMoney,MP116600112,2024-11-08 10:31:00
TXN90002798,ST23,CUST101011,PRD201123,3,4950.0,MTN MoMo,CASH-7262,2024-11-24 14:20:00
TXN90002799,ST15,CUST103879,PRD200285,3,625.0,Cash,CASH-3898,2024-10-20 13:33:00
TXN90002800,ST09,CUST101361,PRD201015,2,62500.0,Card,AUTH48956,2024-11-29 14:50:00
TXN90002801,ST20,CUST100014,PRD200807,1,5175.0,Card,,2024-07-27 12:35:00
TXN90002802,ECOM01,CUST100814,PRD200762,4,"18,750",MTN MoMo,AUTH83287,2024-10-09 03:33:00
TXN90002803,ST11,CUST102939,PRD200367,3,600.0,Cash,CASH-9923,2024-10-19 07:25:00
TXN90002804,ST15,CUST101271,PRD200824,1,3250.0,Airtel Money,CASH-6892,2024-07-09 04:03:00
TXN90002805,ST23,CUST102809,PRD200242,1,52500.0,MTN MoMo,CASH-8985,2024-10-11 11:18:00
TXN90002806,ST20,CUST100526,PRD200367,2,UGX 600,Airtel Money,MP561546153,2024-09-24 06:45:00
TXN90002807,ST12,CUST103659,PRD201144,1,2700.0,MTN MoMo,AM535106254,17/11/2024 09:07
TXN90002808,ST09,CUST101318,PRD200676,5,16500.0,Cash,AM179253809,2024-12-25 07:47:00
TXN90002809,ST23,CUST100448,PRD200626,1,18000.0,AirtelMoney,AUTH64841,2024-09-10 07:52:00
TXN90002810,ST19,CUST101328,PRD200282,2,5175.0,Airtel Money,MP786880929,2024-12-20 00:56:00
TXN90002811,ST23,CUST101441,PRD200864,1,2875.0,Cash,,07/08/2024 11:15
TXN90002812,ST02,CUST103710,PRD200519,3,3750.0,CASH,MP278030978,2024-09-21 21:01:00
TXN90002813,ECOM01,CUST103974,PRD200621,1,9000.0,momo,AUTH72839,2024-11-20 07:29:00
TXN90002814,ST22,CUST100296,PRD200003,1,9375.0,CASH,CASH-3958,15/11/2024 15:52
TXN90002815,ST04,CUST104686,PRD200325,2,UGX 825,Cash,CASH-7382,17/08/2024 13:15
TXN90002816,ST21,CUST104406,PRD200960,1,15000.0,Airtel Money,AM189941302,2024-12-07 17:32:00
TXN90002817,ST23,CUST100361,PRD200234,1,63000.0,MTN Mobile Money,CASH-2248,2024-12-08 07:03:00
TXN90002818,ST11,CUST102782,PRD200859,1,6000.0,CASH,AUTH66613,2024-12-02 08:51:00
TXN90002819,ST18,CUST104112,PRD200871,1,9375.0,momo,MP497814211,2024-08-11 15:43:00
TXN90002820,ST04,CUST102070,PRD200970,3,5175.0,Card,AUTH16088,2024-07-01 03:41:00
TXN90002821,ST16,CUST103680,PRD200975,1,36000.0,MTN MoMo,MP787005213,2024-08-31 21:25:00
TXN90002822,ST08,CUST100880,PRD200377,1,1950.0,Airtel Money,MP670613076,2024-08-11 17:36:00
TXN90002823,ECOM01,,PRD200513,1,65000.0,Card,CASH-8312,2024-12-18 06:11:00
TXN90002824,ST12,CUST104582,PRD200313,1,900.0,CASH,AM469113745,2024-09-14 12:12:00
TXN90002825,ST07,CUST102632,PRD200309,5,"UGX 7,638",Cash,AUTH80254,2024-12-01 06:24:00
TXN90002826,ST11,CUST100789,PRD201156,2,"UGX 90,000",AirtelMoney,AM106050743,2024-07-19 12:55:00
TXN90002827,ST05,CUST101587,PRD200282,3,5175.0,MTN Mobile Money,MP470106776,2024-07-26 02:26:00
TXN90002828,ST06,,PRD200347,3,11250.0,Cash,,2024-12-03 08:14:00
TXN90002829,ST05,,PRD200968,1,6250.0,CASH,AM872801430,2024-08-05 07:42:00
TXN90002830,ST06,CUST101774,PRD200577,2,2400.0,MTN MoMo,MP661843010,2024-12-01 16:38:00
TXN90002831,ST06,CUST101616,PRD200224,2,5850.0,Cash,AM850718311,13/07/2024 15:23
TXN90002832,ST03,,PRD200132,1,6750.0,MTN MoMo,AUTH95941,2024-09-21 18:30:00
TXN90002833,ST09,CUST103946,PRD200770,1,2700.0,momo,MP291636839,14/07/2024 10:10
TXN90002834,ST03,CUST103851,PRD200015,2,862.5,MTN MoMo,MP949652764,2024-08-20 00:08:00
TXN90002835,ECOM01,CUST101220,PRD200815,1,"UGX 45,500",MTN MoMo,,24/10/2024 05:08
TXN90002836,ST18,CUST104133,PRD200126,2,750.0,MTN MoMo,AUTH81571,2024-11-05 01:27:00
TXN90002837,ST08,CUST104901,PRD200461,1,9000.0,MTN MoMo,AUTH86224,05/08/2024 14:22
TXN90002838,ECOM01,CUST104721,PRD200725,1,3750.0,MTN MoMo,CASH-5346,2024-12-24 12:51:00
TXN90002839,ST12,CUST103129,PRD200696,-1,5500.0,MTN Mobile Money,MP449987067,2024-10-25 09:17:00
TXN90002840,ST02,CUST102897,PRD200130,-2,14276.88,MTN Mobile Money,MP627525866,2024-07-17 02:19:00
TXN90002841,ST05,CUST104120,PRD201148,1,900.0,AirtelMoney,AM657238030,2024-09-02 09:18:00
TXN90002842,ST15,CUST101599,PRD200048,1,650.0,MTN MoMo,AUTH78557,2024-08-17 04:43:00
TXN90002843,ST15,CUST104597,PRD200243,3,600.0,momo,AUTH74784,13/10/2024 00:40
TXN90002844,ECOM01,CUST104319,PRD200725,1,3750.0,Cash,AM134389427,31/07/2024 03:38
TXN90002845,ST19,CUST101674,PRD200875,3,4036.94,Cash,MP264194295,2024-07-23 02:14:00
TXN90002846,ST23,CUST101397,PRD201005,3,5400.0,MTN MoMo,AM440017458,2024-10-27 03:32:00
TXN90002847,ST07,CUST102357,PRD200381,-2,22000.0,AirtelMoney,MP467942479,2024-07-09 02:49:00
TXN90002848,ST08,CUST104384,PRD200426,4,550.0,Card,AUTH46250,2024-10-03 19:06:00
TXN90002849,ST05,CUST101903,PRD200097,2,19500.0,momo,AM820984027,2024-10-29 12:09:00
TXN90002850,ST18,CUST102380,PRD200758,1,9000.0,MTN Mobile Money,MP522985012,2024-07-09 23:16:00
TXN90002851,ST18,CUST103994,PRD200105,4,25000.0,momo,,2024-12-16 10:42:00
TXN90002852,ECOM01,CUST104150,PRD200007,1,63000.0,MTN Mobile Money,AUTH34654,2024-09-15 10:27:00
TXN90002853,ST04,CUST103221,PRD200480,4,"13,000",Cash,AUTH72338,2024-12-21 07:14:00
TXN90002854,ST01,CUST104871,PRD200022,2,3900.0,Cash,AUTH39429,2024-10-28 20:47:00
TXN90002855,ECOM01,CUST102260,PRD200609,3,900.0,momo,AUTH92493,27/09/2024 10:16
TXN90002856,ST13,CUST102066,PRD200091,2,62500.0,MTN MoMo,AM708387303,2024-07-03 21:33:00
TXN90002857,ST05,CUST100113,PRD200225,3,3600.0,Airtel Money,MP736182256,2024-09-05 08:56:00
TXN90002858,ST18,CUST102786,PRD200424,1,9375.0,MTN MoMo,,04/10/2024 02:13
TXN90002859,ST01,CUST103665,PRD200854,4,4950.0,MTN MoMo,AM959398097,2024-11-11 01:51:00
TXN90002860,ST15,CUST102882,PRD200249,2,650.0,Cash,MP512245016,2024-07-29 13:02:00
TXN90002861,ST20,CUST104095,PRD200481,2,1250.0,MTN Mobile Money,AUTH70165,2024-12-13 18:37:00
TXN90002862,ST01,,PRD200781,2,25000.0,MTN MoMo,AM207804263,2024-07-10 02:12:00
TXN90002863,ST14,CUST100116,PRD200048,1,650.0,MTN MoMo,AM961229669,2024-12-16 23:54:00
TXN90002864,ECOM01,CUST102385,PRD200872,3,1950.0,Airtel Money,CASH-4107,2024-10-17 02:30:00
TXN90002865,ST09,CUST104921,PRD200290,3,12000.0,MTN MoMo,MP285755764,2024-07-09 02:24:00
TXN90002866,ST20,CUST104924,PRD201074,1,65000.0,MTN Mobile Money,CASH-9967,17/11/2024 22:56
TXN90002867,ST17,CUST104460,PRD200950,1,63000.0,MTN MoMo,CASH-4371,2024-10-03 07:53:00
TXN90002868,ST15,,PRD200576,1,1725.0,Airtel Money,CASH-1997,2024-10-26 22:53:00
TXN90002869,ST22,CUST100211,PRD200505,3,1125.0,CASH,,2024-09-26 00:03:00
TXN90002870,ST06,CUST101297,PRD200820,2,8100.0,MTN Mobile Money,AM289485568,2024-07-29 06:26:00
TXN90002871,ST13,CUST101933,PRD200055,2,6500.0,MTN Mobile Money,,2024-08-14 12:39:00
TXN90002872,ST22,CUST101402,PRD200743,1,575.0,MTN MoMo,AUTH22691,2024-12-25 11:52:00
TXN90002873,ST14,CUST101831,PRD200479,4,1950.0,MTN MoMo,CASH-7856,2024-10-18 01:09:00
TXN90002874,ST08,CUST102251,PRD200241,3,6750.0,MTN MoMo,MP391300474,02/07/2024 02:27
TXN90002875,ST22,CUST102358,PRD200228,2,12500.0,momo,MP512510938,08/08/2024 14:16
TXN90002876,ST05,CUST101822,PRD200563,2,17250.0,Cash,,2024-10-14 20:22:00
TXN90002877,ECOM01,CUST100473,PRD200111,1,63000.0,MTN Mobile Money,AM197061844,2024-08-09 22:37:00
TXN90002878,ECOM01,CUST104290,PRD200757,2,825.0,MTN MoMo,,2024-08-07 21:36:00
TXN90002879,ST19,CUST102654,PRD200676,2,16500.0,AirtelMoney,CASH-3027,2024-07-30 13:40:00
TXN90002880,ST13,CUST104687,PRD200765,1,"6,367",AirtelMoney,MP151667681,2024-07-30 17:07:00
TXN90002881,ST04,CUST101494,PRD201071,1,3300.0,MTN Mobile Money,AUTH31944,17/11/2024 12:16
TXN90002882,ST09,CUST103873,PRD200652,-1,65000.0,Cash,CASH-6338,2024-11-23 10:32:00
TXN90002883,ST20,CUST102827,PRD200823,3,2600.0,MTN Mobile Money,CASH-8700,2024-08-21 19:02:00
TXN90002884,ST22,CUST103394,PRD200247,2,1800.0,MTN MoMo,AUTH26349,22/07/2024 22:11
TXN90002885,ST11,CUST102734,PRD200685,2,1150.0,MTN Mobile Money,CASH-4540,22/08/2024 15:27
TXN90002886,ST23,CUST101552,PRD200661,4,18750.0,Cash,MP484506665,2024-11-15 07:02:00
TXN90002887,ST09,CUST102892,PRD201145,3,16500.0,Airtel Money,AUTH38205,24/07/2024 04:08
TXN90002888,ST10,,PRD200581,2,3750.0,AirtelMoney,AM418459280,07/11/2024 12:46
TXN90002889,ST18,CUST103120,PRD200861,1,1500.0,momo,MP125342811,2024-10-20 07:54:00
TXN90002890,ST08,CUST102540,PRD200975,2,UGX36000,momo,MP458969336,2024-11-05 13:58:00
TXN90002891,ST21,CUST104801,PRD200421,2,6000.0,Airtel Money,AUTH57722,2024-08-04 16:56:00
TXN90002892,ST08,CUST100671,PRD200029,3,3300.0,MTN MoMo,AM323502156,2024-09-14 00:45:00
TXN90002893,ST21,CUST100619,PRD200115,1,"UGX 60,000",Airtel Money,AUTH16949,2024-12-27 01:26:00
TXN90002894,ST11,CUST104278,PRD200143,2,47254.46,MTN MoMo,AM771936818,2024-07-14 10:39:00
TXN90002895,ST11,CUST104179,PRD200400,1,5625.0,Cash,CASH-5841,2024-11-06 09:33:00
TXN90002896,ST02,CUST103386,PRD200852,1,4500.0,MTN Mobile Money,CASH-9369,2024-12-25 12:40:00
TXN90002897,ECOM01,CUST100584,PRD200498,1,625.0,AirtelMoney,MP445002424,05/07/2024 22:23
TXN90002898,ECOM01,CUST104967,PRD200421,1,6000.0,MTN MoMo,CASH-2654,2024-11-27 16:39:00
TXN90002899,ST01,CUST100046,PRD200997,5,17250.0,AirtelMoney,MP119263377,23/09/2024 00:47
TXN90002900,ST10,CUST103140,PRD200836,2,7500.0,MTN MoMo,AUTH47359,24/10/2024 09:50
TXN90002901,ST12,,PRD200843,4,3450.0,MTN MoMo,AUTH59244,30/08/2024 02:00
TXN90002902,ST18,,PRD200836,2,7500.0,Cash,AM705950330,2024-07-22 17:49:00
TXN90002903,ECOM01,CUST101288,PRD200230,4,2200.0,Card,CASH-4908,2024-11-28 09:44:00
TXN90002904,ST08,CUST103727,PRD200874,-1,6000.0,Cash,AM962225562,2024-09-17 18:58:00
TXN90002905,ST21,CUST101354,PRD200086,-1,UGX900,MTN MoMo,,2024-09-12 05:23:00
TXN90002906,ST10,CUST104300,PRD200366,2,5400.0,Airtel Money,AM225960933,2024-12-23 08:18:00
TXN90002907,ST07,CUST101350,PRD201031,5,6500.0,MTN MoMo,AM372353801,2024-08-30 08:56:00
TXN90002908,ST15,CUST103707,PRD200038,1,4500.0,MTN Mobile Money,AM248307374,2024-10-31 12:22:00
TXN90002909,ST03,CUST104690,PRD200453,1,9750.0,Cash,MP132656659,2024-10-03 13:49:00
TXN90002910,ECOM01,CUST100099,PRD201130,4,8100.0,MTN MoMo,CASH-1748,2024-08-10 16:08:00
TXN90002911,ST22,CUST102105,PRD200047,1,750.0,Airtel Money,CASH-5576,2024-12-16 08:30:00
TXN90002912,ST05,CUST102010,PRD200410,1,55000.0,AirtelMoney,AUTH52728,2024-11-26 03:44:00
TXN90002913,ST03,CUST102453,PRD200544,5,18750.0,Cash,MP316366952,2024-08-17 17:28:00
TXN90002914,ST22,CUST103085,PRD200725,1,3750.0,MTN Mobile Money,MP259221213,2024-09-26 15:32:00
TXN90002915,ST03,CUST102146,PRD200030,1,"UGX 2,600",Airtel Money,MP485339566,2024-09-09 09:14:00
TXN90002916,ST17,,PRD200604,1,26000.0,Airtel Money,CASH-4189,2024-08-25 12:48:00
TXN90002917,ECOM01,CUST102254,PRD200168,2,30000.0,AirtelMoney,MP526730100,2024-10-09 00:11:00
TXN90002918,ST18,CUST104847,PRD201035,1,2250.0,CASH,CASH-4352,2024-09-27 07:40:00
TXN90002919,ECOM01,CUST103592,PRD201124,4,43750.0,MTN MoMo,MP454126385,2024-11-11 13:03:00
TXN90002920,ST21,CUST104359,PRD200371,4,2750.0,MTN Mobile Money,AM859254516,05/09/2024 02:30
TXN90002921,ST21,CUST103053,PRD200476,2,11500.0,AirtelMoney,AM388525454,03/07/2024 20:46
TXN90002922,ST05,,PRD200676,-1,16500.0,AirtelMoney,,30/11/2024 17:08
TXN90002923,ST08,CUST102329,PRD200933,1,3450.0,CASH,AUTH71821,2024-10-29 23:27:00
TXN90002924,ST01,CUST101908,PRD200158,4,672.1,MTN MoMo,,2024-10-09 09:20:00
TXN90002925,ST14,CUST100032,PRD200910,3,3750.0,Cash,AM916763637,2024-08-27 09:22:00
TXN90002926,ST16,CUST100353,PRD200410,1,55000.0,Cash,,12/10/2024 00:01
TXN90002927,ST06,CUST103611,PRD200030,-1,2600.0,MTN MoMo,AUTH72031,2024-10-05 19:28:00
TXN90002928,ECOM01,CUST102543,PRD200313,2,900.0,MTN MoMo,CASH-9862,2024-12-16 03:07:00
TXN90002929,ST07,CUST101859,PRD201015,2,62500.0,MTN Mobile Money,AM625416747,2024-09-10 06:58:00
TXN90002930,ST01,CUST102457,PRD200756,1,900.0,AirtelMoney,AM317635197,2024-08-01 19:53:00
TXN90002931,ST19,CUST100019,PRD200706,2,5500.0,Cash,AM524103469,05/12/2024 07:18
TXN90002932,ST02,CUST101118,PRD200004,1,1150.0,AirtelMoney,MP725373042,2024-09-01 21:46:00
TXN90002933,ST15,CUST100352,PRD200024,1,2600.0,MTN MoMo,AM233012102,2024-08-13 02:05:00
TXN90002934,ECOM01,CUST101710,PRD200715,3,6000.0,Airtel Money,CASH-4893,2024-07-17 22:08:00
TXN90002935,ST07,CUST102318,PRD200948,-1,825.0,AirtelMoney,AUTH24110,2024-07-20 04:01:00
TXN90002936,ST09,CUST102079,PRD200571,2,2600.0,MTN MoMo,MP995753799,2024-11-16 08:23:00
TXN90002937,ST04,CUST103910,PRD200950,2,63000.0,Airtel Money,CASH-4420,2024-08-23 21:37:00
TXN90002938,ST01,,PRD200102,1,1200.0,Airtel Money,AM234175650,11/12/2024 00:53
TXN90002939,ST05,CUST101198,PRD201000,-1,2200.0,MTN Mobile Money,AUTH28533,2024-11-11 02:53:00
TXN90002940,ST01,CUST104283,PRD200490,1,UGX9000,CASH,MP488860292,2024-09-30 06:57:00
TXN90002941,ECOM01,CUST103578,PRD200004,2,1150.0,MTN Mobile Money,MP356053873,2024-07-15 05:58:00
TXN90002942,ST10,CUST103270,PRD200582,-1,"1,250",AirtelMoney,CASH-8792,2024-07-03 19:27:00
TXN90002943,ST05,CUST103679,PRD201085,1,22000.0,momo,AUTH19535,2024-08-25 10:20:00
TXN90002944,ST13,CUST102077,PRD200952,1,2875.0,Airtel Money,,25/07/2024 04:17
TXN90002945,ST08,CUST104853,PRD200322,1,9000.0,MTN MoMo,AM885889207,2024-07-09 10:56:00
TXN90002946,ST03,CUST101530,PRD201092,1,11250.0,AirtelMoney,AM253691645,2024-07-22 03:19:00
TXN90002947,ST06,CUST102641,PRD200090,1,1897.03,MTN MoMo,MP267799995,2024-07-03 14:36:00
TXN90002948,ST07,CUST102981,PRD200627,1,55000.0,Cash,CASH-9105,2024-10-31 18:56:00
TXN90002949,ST20,CUST104554,PRD201019,2,1875.0,Cash,MP596561022,2024-08-12 20:04:00
TXN90002950,ECOM01,CUST103588,PRD200474,1,2200.0,Airtel Money,MP351721714,2024-08-25 14:47:00
TXN90002951,ST18,,PRD200808,3,19500.0,AirtelMoney,AUTH99361,2024-12-21 16:13:00
TXN90002952,ST08,CUST102850,PRD200311,1,930.53,Cash,AUTH36400,2024-10-27 16:21:00
TXN90002953,ST08,CUST103830,PRD200833,1,27000.0,Cash,AUTH63475,2024-11-30 14:36:00
TXN90002954,ST12,CUST100437,PRD200247,1,UGX1800,CASH,AUTH91663,2024-12-03 09:27:00
TXN90002955,ECOM01,CUST104395,PRD200589,2,"3,250",Cash,AM576081841,2024-10-06 03:22:00
TXN90002956,ST05,CUST103108,PRD200329,1,"23,000",MTN Mobile Money,AUTH41516,2024-08-17 12:37:00
TXN90002957,ST10,CUST101649,PRD200196,5,5536.64,Airtel Money,AM733509080,2024-10-15 03:44:00
TXN90002958,ST04,CUST100024,PRD201055,-2,62500.0,AirtelMoney,CASH-7930,2024-10-09 22:35:00
TXN90002959,ST21,CUST101281,PRD200651,1,12000.0,MTN Mobile Money,CASH-5853,2024-09-04 06:12:00
TXN90002960,ST06,CUST101560,PRD200289,4,5175.0,AirtelMoney,AM570567335,2024-11-06 19:20:00
TXN90002961,ST02,CUST104314,PRD200074,3,6000.0,Cash,CASH-6022,2024-12-22 01:16:00
TXN90002962,ST12,CUST102337,PRD200656,2,1250.0,MTN Mobile Money,AM386032124,2024-11-20 00:03:00
TXN90002963,ST07,CUST101575,PRD200896,1,30000.0,MTN MoMo,,2024-10-14 22:38:00
TXN90002964,ST06,CUST100330,PRD200157,2,30000.0,MTN Mobile Money,AUTH83927,2024-09-05 21:01:00
TXN90002965,ST20,CUST102757,PRD200301,1,1250.0,momo,AM901133065,2024-12-08 22:45:00
TXN90002966,ST19,CUST102898,PRD201029,2,862.5,Airtel Money,MP256306008,2024-07-14 22:54:00
TXN90002967,ST14,CUST101263,PRD200016,5,24000.0,momo,CASH-6197,2024-08-18 15:20:00
TXN90002968,ECOM01,CUST102048,PRD200337,3,25000.0,Cash,MP858313600,2024-09-17 10:52:00
TXN90002969,ST01,CUST103135,PRD200818,1,"3,450",AirtelMoney,MP420704116,2024-11-21 22:07:00
TXN90002970,ST07,CUST102445,PRD200333,1,55000.0,Cash,AUTH17499,2024-09-26 07:42:00
TXN90002971,ST13,CUST100882,PRD200187,4,937.5,AirtelMoney,AM112249753,2024-11-24 12:27:00
TXN90002972,ST19,CUST102392,PRD201095,1,5175.0,momo,AUTH86944,2024-07-04 17:18:00
TXN90002973,ECOM01,CUST103722,PRD200962,-1,6250.0,Card,CASH-2904,2024-10-24 20:50:00
TXN90002974,ST07,CUST100584,PRD201084,2,UGX25000,MTN Mobile Money,MP311207459,2024-07-25 19:08:00
TXN90002975,ST13,CUST104272,PRD200173,2,62500.0,AirtelMoney,CASH-9969,27/12/2024 10:15
TXN90002976,ST14,CUST100512,PRD201033,4,63000.0,AirtelMoney,AM460619626,2024-09-08 22:26:00
TXN90002977,ST20,CUST103135,PRD200826,1,"18,000",MTN MoMo,CASH-2978,2024-12-25 13:10:00
TXN90002978,ST10,CUST103375,PRD200586,3,4950.0,MTN MoMo,MP236620718,2024-07-31 15:41:00
TXN90002979,ST21,CUST103269,PRD201141,1,36000.0,CASH,CASH-5337,2024-10-25 21:08:00
TXN90002980,ST20,CUST102491,PRD200617,1,UGX38500,Airtel Money,AUTH86884,06/10/2024 20:28
TXN90002981,ST07,CUST100797,PRD200900,2,750.0,CASH,AUTH96712,2024-10-28 23:32:00
TXN90002982,ST13,CUST101917,PRD200230,1,2200.0,MTN Mobile Money,AUTH12761,25/12/2024 11:26
TXN90002983,ST20,CUST101182,PRD200016,2,24000.0,Airtel Money,CASH-9961,2024-10-06 14:18:00
TXN90002984,ST19,CUST100152,PRD200893,-1,3250.0,MTN MoMo,AM367612103,2024-07-28 03:38:00
TXN90002985,ECOM01,CUST103566,PRD200398,2,40250.0,momo,AUTH81394,2024-10-31 23:05:00
TXN90002986,ST16,CUST102532,PRD200534,4,8250.0,AirtelMoney,MP754262362,2024-09-13 09:18:00
TXN90002987,ST01,,PRD201150,3,25000.0,AirtelMoney,AUTH22261,2024-12-12 05:05:00
TXN90002988,ST21,CUST102819,PRD200505,2,1125.0,MTN MoMo,AUTH67728,2024-09-16 22:51:00
TXN90002989,ST19,CUST102486,PRD200102,3,1200.0,Cash,AUTH20224,2024-11-07 14:17:00
TXN90002990,ST23,CUST100666,PRD200461,4,UGX9000,AirtelMoney,,2024-07-15 13:49:00
TXN90002991,ST05,CUST102127,PRD200888,1,3750.0,MTN MoMo,,2024-10-24 17:29:00
TXN90002992,ST01,CUST101180,PRD201033,1,63000.0,MTN MoMo,MP983054577,2024-12-01 23:44:00
TXN90002993,ST02,CUST100684,PRD200509,3,9375.0,CASH,MP777183102,2024-08-09 10:04:00
TXN90002994,ST02,CUST103570,PRD201079,4,1800.0,MTN MoMo,,2024-11-13 03:45:00
TXN90002995,ST17,CUST103369,PRD200474,1,2200.0,MTN MoMo,MP871814456,2024-12-24 11:26:00
TXN90002996,ST01,CUST101106,PRD200641,2,52500.0,momo,CASH-9842,2024-10-24 16:12:00
TXN90002997,ST09,CUST100385,PRD200920,1,11250.0,momo,,2024-08-01 08:06:00
TXN90002998,ECOM01,CUST100439,PRD200266,3,2500.0,Airtel Money,CASH-5575,2024-07-09 00:19:00
TXN90002999,ST19,CUST104370,PRD200253,1,9750.0,Cash,AUTH44262,2024-07-02 20:34:00
TXN90003000,ST22,CUST104380,PRD200849,1,1500.0,AirtelMoney,AUTH58691,2024-08-09 18:05:00
TXN90003001,ECOM01,CUST102008,PRD200545,1,5400.0,MTN Mobile Money,MP164060687,2024-11-22 19:16:00
TXN90003002,ST13,CUST104686,PRD200301,4,1250.0,Airtel Money,AUTH39987,2024-10-30 01:41:00
TXN90003003,ST23,CUST101678,PRD201142,1,12500.0,MTN MoMo,CASH-2446,2024-10-09 02:59:00
TXN90003004,ECOM01,CUST102574,PRD200593,2,550.0,MTN MoMo,AUTH58434,2024-12-02 17:30:00
TXN90003005,ST04,CUST102570,PRD201109,1,8100.0,MTN MoMo,MP680032357,2024-10-06 16:01:00
TXN90003006,ECOM01,CUST101000,PRD200825,1,550.0,momo,CASH-3621,2024-08-23 12:53:00
TXN90003007,ST05,CUST102050,PRD200896,1,30000.0,MTN Mobile Money,AM382028274,2024-09-19 16:17:00
TXN90003008,ST19,CUST104067,PRD200518,1,3900.0,Card,AUTH33486,2024-10-10 18:00:00
TXN90003009,ST12,CUST104419,PRD200783,1,57500.0,Cash,AM795278205,2024-10-20 13:14:00
TXN90003010,ST09,CUST101348,PRD201018,1,9750.0,momo,AUTH15747,2024-11-24 17:26:00
TXN90003011,ST16,CUST100988,PRD200745,1,UGX90000,MTN MoMo,AM251493474,2024-07-27 18:06:00
TXN90003012,ST15,CUST101390,PRD201095,2,5175.0,MTN MoMo,CASH-5368,2024-12-05 10:15:00
TXN90003013,ST02,CUST100949,PRD200938,1,3900.0,MTN Mobile Money,AUTH94947,2024-12-13 01:42:00
TXN90003014,ST02,CUST103817,PRD200837,1,90000.0,Cash,AM388265796,2024-10-25 02:02:00
TXN90003015,ST16,CUST100114,PRD200637,1,22000.0,MTN Mobile Money,,2024-11-17 14:49:00
TXN90003016,ST12,CUST100411,PRD200519,1,3750.0,CASH,MP240418522,2024-12-04 23:06:00
TXN90003017,ST01,CUST102165,PRD200689,1,900.0,MTN Mobile Money,AM310137610,2024-12-26 03:35:00
TXN90003018,ECOM01,CUST102071,PRD200225,3,"UGX 3,600",Cash,AM460281586,2024-09-20 20:19:00
TXN90003019,ST14,CUST103391,PRD200184,2,3600.0,MTN MoMo,CASH-2323,2024-11-27 18:14:00
TXN90003020,ST19,CUST102808,PRD200230,1,2200.0,momo,CASH-8817,2024-07-01 11:23:00
TXN90003021,ST07,CUST104559,PRD200719,1,1300.0,CASH,MP431685882,2024-08-04 03:13:00
TXN90003022,ST10,CUST100818,PRD200718,2,2300.0,AirtelMoney,,2024-12-11 04:57:00
TXN90003023,ST13,CUST100987,PRD201119,3,18000.0,MTN MoMo,MP800576111,2024-07-24 15:28:00
TXN90003024,ECOM01,CUST104310,PRD200901,1,18000.0,MTN Mobile Money,MP235847506,2024-08-02 19:59:00
TXN90003025,ST04,CUST102843,PRD200262,2,600.0,MTN MoMo,CASH-1870,2024-10-26 22:41:00
TXN90003026,ST17,CUST101146,PRD200633,1,2700.0,MTN MoMo,AM693255487,2024-11-03 12:00:00
TXN90003027,ST03,CUST102176,PRD200466,2,8625.0,Cash,AM762621600,2024-09-28 21:05:00
TXN90003028,ECOM01,CUST102325,PRD200002,1,63000.0,Cash,MP585429495,2024-12-02 20:27:00
TXN90003029,ST15,CUST100852,PRD200439,1,17250.0,Card,MP290909698,2024-09-22 13:02:00
TXN90003030,ST08,CUST100880,PRD201088,1,57500.0,Cash,CASH-5149,2024-12-21 22:08:00
TXN90003031,ST02,CUST103742,PRD200770,-1,2700.0,MTN MoMo,AUTH25784,04/09/2024 07:55
TXN90003032,ST16,CUST102007,PRD200684,2,6750.0,AirtelMoney,CASH-1866,2024-08-31 11:22:00
TXN90003033,ST11,CUST100393,PRD200220,-1,5400.0,MTN Mobile Money,MP502911067,2024-08-29 10:22:00
TXN90003034,ST13,CUST104824,PRD200663,3,750.0,Airtel Money,AUTH99655,2024-11-08 09:55:00
TXN90003035,ST07,CUST101812,PRD200453,2,9750.0,momo,MP790051175,2024-08-25 04:31:00
TXN90003036,ST05,,PRD200263,2,4950.0,momo,MP825454833,22/09/2024 07:19
TXN90003037,ST12,CUST103499,PRD200282,3,5175.0,Airtel Money,AUTH28363,2024-07-17 01:46:00
TXN90003038,ECOM01,CUST100453,PRD200849,1,1500.0,MTN Mobile Money,CASH-3992,2024-08-06 17:10:00
TXN90003039,ST08,CUST100674,PRD201064,1,19500.0,MTN Mobile Money,AM469788548,2024-11-19 04:11:00
TXN90003040,ST14,CUST102944,PRD200399,3,900.0,Cash,AUTH18115,2024-08-18 07:11:00
TXN90003041,ST08,CUST102254,PRD201054,2,5175.0,Airtel Money,AUTH72910,2024-12-20 21:25:00
TXN90003042,ST23,CUST102415,PRD200178,2,9375.0,Cash,AM348279984,2024-10-30 03:08:00
TXN90003043,ST06,CUST104798,PRD200054,2,1125.0,Airtel Money,AUTH20460,2024-12-16 11:40:00
TXN90003044,ECOM01,CUST100699,PRD200831,1,17250.0,Cash,CASH-9176,2024-10-24 10:53:00
TXN90003045,ST13,CUST102959,PRD200520,1,4500.0,Cash,MP296740433,2024-07-27 12:45:00
TXN90003046,ECOM01,CUST100498,PRD200840,3,1500.0,Card,CASH-1778,2024-08-18 22:52:00
TXN90003047,ECOM01,CUST104624,PRD201086,1,5625.0,MTN MoMo,AUTH80255,2024-07-06 04:19:00
TXN90003048,ST03,CUST104351,PRD200038,2,4500.0,AirtelMoney,CASH-6583,2024-08-22 10:26:00
TXN90003049,ECOM01,CUST103464,PRD200767,1,937.5,Cash,AUTH49159,2024-12-07 00:50:00
TXN90003050,ST03,CUST100826,PRD200820,2,8100.0,Card,MP821161257,2024-07-14 14:12:00
TXN90003051,ST22,,PRD200086,2,900.0,momo,MP554876059,2024-11-24 19:06:00
TXN90003052,ST04,CUST100503,PRD200032,1,4060.52,MTN MoMo,MP509363832,2024-10-15 16:36:00
TXN90003053,ST05,CUST104305,PRD200584,3,5175.0,CASH,AUTH96767,2024-12-05 03:22:00
TXN90003054,ST10,CUST102263,PRD200793,5,2200.0,MTN MoMo,AM662517297,2024-11-07 17:27:00
TXN90003055,ECOM01,CUST102282,PRD200144,1,3900.0,MTN MoMo,AUTH11128,2024-09-08 04:52:00
TXN90003056,ST06,CUST100233,PRD200305,2,3750.0,AirtelMoney,AUTH68076,2024-09-09 00:46:00
TXN90003057,ECOM01,CUST100717,PRD200259,1,"UGX 3,300",Cash,AUTH66032,2024-11-27 05:59:00
TXN90003058,ST23,CUST102460,PRD200593,1,UGX 550,MTN MoMo,AUTH55330,2024-09-20 00:20:00
TXN90003059,ST04,CUST101955,PRD200576,1,1725.0,Cash,CASH-1309,2024-11-25 10:33:00
TXN90003060,ST17,CUST102259,PRD200612,3,12000.0,CASH,AM414126616,2024-08-08 19:26:00
TXN90003061,ST07,CUST102278,PRD200988,2,1800.0,MTN Mobile Money,AUTH21423,2024-09-20 16:28:00
TXN90003062,ST08,CUST101884,PRD201134,4,1200.0,momo,AM934890327,2024-12-07 04:22:00
TXN90003063,ST05,CUST102061,PRD201118,2,8100.0,MTN MoMo,AM325497173,2024-08-13 06:30:00
TXN90003064,ST10,CUST101898,PRD200866,1,2700.0,MTN MoMo,AM390376937,23/10/2024 09:19
TXN90003065,ST15,CUST101919,PRD200802,1,5400.0,AirtelMoney,CASH-9679,2024-10-19 08:09:00
TXN90003066,ST03,CUST100138,PRD200856,1,19500.0,MTN MoMo,AUTH23788,2024-09-27 04:05:00
TXN90003067,ST18,CUST100605,PRD200615,1,1875.0,MTN MoMo,,2024-09-04 22:32:00
TXN90003068,ST04,CUST103542,PRD200176,1,5750.0,momo,,24/10/2024 06:06
TXN90003069,ST09,CUST102643,PRD200415,2,11000.0,Airtel Money,AUTH70876,2024-08-12 02:55:00
TXN90003070,ST15,,PRD200148,1,23000.0,Airtel Money,AM155074549,2024-12-13 22:39:00
TXN90003071,ECOM01,CUST100580,PRD200179,4,6750.0,MTN MoMo,CASH-7555,2024-09-03 09:24:00
TXN90003072,ECOM01,CUST100244,PRD200645,1,8388.73,MTN Mobile Money,AM521207272,2024-12-19 04:04:00
TXN90003073,ECOM01,CUST104472,PRD200851,2,1300.0,MTN Mobile Money,AM300721874,2024-09-27 00:31:00
TXN90003074,ECOM01,CUST104850,PRD200800,1,3600.0,momo,AM298985499,2024-09-18 23:15:00
TXN90003075,ST13,CUST102487,PRD201029,1,862.5,AirtelMoney,MP213417008,18/07/2024 23:22
TXN90003076,ST05,CUST102997,PRD200361,1,1200.0,MTN MoMo,MP414946830,2024-08-17 23:14:00
TXN90003077,ST08,CUST100148,PRD200020,2,UGX40250,Cash,MP918439018,20/08/2024 08:49
TXN90003078,ST03,CUST104770,PRD200773,3,2500.0,AirtelMoney,AUTH54362,07/08/2024 01:30
TXN90003079,ST09,CUST103998,PRD200398,1,40250.0,AirtelMoney,AM175930301,2024-09-29 21:36:00
TXN90003080,ST22,CUST101070,PRD200833,5,27000.0,momo,AUTH53222,23/10/2024 17:12
TXN90003081,ST15,CUST104261,PRD200701,1,26000.0,Cash,,18/10/2024 23:12
TXN90003082,ST23,CUST102454,PRD200499,1,600.0,MTN MoMo,AUTH44466,2024-10-21 17:34:00
TXN90003083,ST09,CUST103339,PRD200870,2,1800.0,Cash,MP792276343,24/09/2024 13:42
TXN90003084,ECOM01,CUST100152,PRD200756,1,900.0,MTN Mobile Money,AUTH61923,31/10/2024 18:34
TXN90003085,ST12,CUST101474,PRD200198,1,3000.0,Cash,CASH-4257,13/07/2024 06:11
TXN90003086,ST15,CUST102885,PRD200827,4,90000.0,Cash,AUTH51374,2024-07-31 07:27:00
TXN90003087,ST13,CUST104086,PRD200812,1,1800.0,Cash,CASH-4810,2024-12-22 17:38:00
TXN90003088,ST07,CUST104967,PRD200387,1,6750.0,Cash,MP759501590,2024-08-25 15:18:00
TXN90003089,ST05,CUST100268,PRD200117,1,3600.0,MTN MoMo,CASH-2800,2024-12-26 17:21:00
TXN90003090,ST10,CUST104294,PRD200443,1,27000.0,MTN MoMo,MP796238974,2024-08-11 12:12:00
TXN90003091,ST03,CUST104491,PRD200121,2,3600.0,AirtelMoney,AUTH43035,11/12/2024 09:31
TXN90003092,ECOM01,CUST101627,PRD200628,3,3750.0,Airtel Money,AUTH93290,13/08/2024 05:18
TXN90003093,ST23,,PRD200450,1,2700.0,MTN MoMo,AUTH69595,2024-12-25 05:16:00
TXN90003094,ECOM01,,PRD200102,1,1200.0,Airtel Money,MP745961801,2024-08-09 21:11:00
TXN90003095,ST02,CUST102421,PRD200418,1,23000.0,MTN MoMo,,2024-12-15 19:26:00
TXN90003096,ST01,CUST101149,PRD200476,1,11500.0,MTN MoMo,AM236354723,2024-08-30 02:41:00
TXN90003097,ST05,CUST101160,PRD201036,1,1500.0,MTN Mobile Money,,2024-11-22 05:43:00
TXN90003098,ST03,CUST104445,PRD200043,3,12500.0,AirtelMoney,CASH-9078,2024-09-28 11:27:00
TXN90003099,ST19,,PRD200788,3,90000.0,Cash,AUTH31458,2024-07-03 19:05:00
TXN90003100,ST09,,PRD200026,1,12500.0,MTN MoMo,MP865836863,2024-12-07 06:52:00
TXN90003101,ST16,CUST104637,PRD200810,1,13500.0,MTN MoMo,CASH-4944,02/10/2024 23:44
TXN90003102,ST11,CUST104602,PRD200256,2,UGX 975,momo,AUTH61239,2024-10-25 04:18:00
TXN90003103,ST16,CUST103313,PRD200995,4,550.0,MTN MoMo,AM212084492,2024-08-08 14:55:00
TXN90003104,ST11,CUST103503,PRD200432,1,57500.0,Airtel Money,,10/11/2024 05:34
TXN90003105,ST19,,PRD200082,1,9000.0,momo,AUTH43298,2024-09-12 01:22:00
TXN90003106,ECOM01,CUST102856,PRD201024,1,6250.0,MTN Mobile Money,AUTH86754,2024-10-19 09:50:00
TXN90003107,ECOM01,CUST104603,PRD201004,2,3250.0,MTN MoMo,AM637933599,2024-10-16 19:45:00
TXN90003108,ST19,CUST104890,PRD200471,1,2500.0,Card,AM913929759,2024-12-16 13:34:00
TXN90003109,ST12,,PRD200949,2,2500.0,Cash,MP195278497,07/08/2024 17:54
TXN90003110,ST07,CUST100467,PRD201106,1,9000.0,momo,AM754313167,2024-10-03 16:35:00
TXN90003111,ST10,CUST100145,PRD200088,1,2500.0,MTN MoMo,,2024-07-06 05:38:00
TXN90003112,ST02,CUST104272,PRD200057,1,3125.0,momo,AUTH22451,2024-09-30 23:33:00
TXN90003113,ST05,CUST102312,PRD200244,1,17250.0,momo,AM989831421,2024-11-17 04:23:00
TXN90003114,ST23,CUST100774,PRD200822,1,1125.0,MTN MoMo,MP125632828,2024-08-07 04:54:00
TXN90003115,ST03,CUST101737,PRD200302,4,8625.0,Airtel Money,MP107200169,2024-10-27 21:54:00
TXN90003116,ST02,CUST103497,PRD201007,2,4500.0,MTN Mobile Money,AM189707284,20/10/2024 00:11
TXN90003117,ST02,CUST101550,PRD201138,2,5595.96,MTN Mobile Money,CASH-4075,2024-09-19 06:12:00
TXN90003118,ST22,CUST103718,PRD200567,2,75000.0,MTN Mobile Money,AM411712737,2024-10-22 11:22:00
TXN90003119,ST13,,PRD200338,1,5400.0,MTN MoMo,CASH-8736,2024-11-25 01:12:00
TXN90003120,ST14,CUST102090,PRD200170,2,4500.0,Cash,,2024-12-07 04:21:00
TXN90003121,ECOM01,CUST100249,PRD200609,1,900.0,Cash,AUTH43385,2024-11-09 18:19:00
TXN90003122,ST13,CUST101025,PRD200532,2,19500.0,MTN MoMo,AUTH77862,2024-10-25 12:15:00
TXN90003123,ST01,CUST100691,PRD201079,1,1800.0,Airtel Money,AM152833115,2024-12-26 17:17:00
TXN90003124,ST03,CUST101983,PRD200846,2,8100.0,MTN MoMo,AM182485488,07/12/2024 16:05
TXN90003125,ST02,CUST102020,PRD200032,4,"UGX 4,061",Cash,,2024-08-16 01:55:00
TXN90003126,ECOM01,CUST103440,PRD200627,2,55000.0,MTN MoMo,AUTH15011,2024-08-09 11:47:00
TXN90003127,ST15,CUST104787,PRD200953,1,11250.0,AirtelMoney,AM463535674,2024-10-01 10:18:00
TXN90003128,ST14,CUST100299,PRD201160,-1,3750.0,AirtelMoney,AUTH10208,2024-07-24 07:38:00
TXN90003129,ST09,CUST104573,PRD200037,2,27000.0,Airtel Money,CASH-2368,2024-12-19 03:21:00
TXN90003130,ST04,CUST103376,PRD200914,3,16500.0,MTN MoMo,AM778860378,2024-12-08 09:06:00
TXN90003131,ECOM01,CUST101908,PRD200349,1,63000.0,momo,CASH-4408,2024-11-17 21:52:00
TXN90003132,ST16,CUST100469,PRD200430,1,8250.0,MTN Mobile Money,MP460703135,2024-08-05 02:30:00
TXN90003133,ST02,CUST104518,PRD200050,2,900.0,momo,,2024-10-25 07:05:00
TXN90003134,ST15,CUST100458,PRD200828,2,13000.0,MTN Mobile Money,CASH-2545,2024-11-28 06:44:00
TXN90003135,ST16,CUST101790,PRD201023,2,57500.0,momo,MP223165282,2024-07-17 23:47:00
TXN90003136,ST11,CUST103651,PRD201115,3,3000.0,MTN MoMo,MP238635622,2024-09-01 17:25:00
TXN90003137,ECOM01,CUST104352,PRD200421,1,6000.0,Airtel Money,CASH-3682,2024-09-05 18:48:00
TXN90003138,ST21,CUST104343,PRD200501,1,1125.0,MTN Mobile Money,CASH-3284,2024-08-31 15:00:00
TXN90003139,ECOM01,CUST102100,PRD200764,2,1725.0,Card,AM682214595,2024-12-24 09:12:00
TXN90003140,ST04,CUST103728,PRD200463,1,36000.0,MTN Mobile Money,MP888935546,2024-09-25 08:31:00
TXN90003141,ECOM01,CUST101576,PRD200984,1,4950.0,AirtelMoney,AM215807257,2024-09-13 01:21:00
TXN90003142,ST13,CUST102422,PRD200927,1,600.0,AirtelMoney,CASH-3650,2024-07-13 03:39:00
TXN90003143,ECOM01,CUST101075,PRD200580,1,3300.0,Airtel Money,CASH-1145,2024-09-06 21:53:00
TXN90003144,ECOM01,CUST104041,PRD200870,4,1800.0,Card,AUTH75182,2024-10-17 14:58:00
TXN90003145,ECOM01,,PRD200485,2,UGX60000,Cash,MP807704679,2024-10-15 01:20:00
TXN90003146,ECOM01,CUST104051,PRD200665,4,1500.0,Airtel Money,,2024-11-28 22:55:00
TXN90003147,ST12,CUST100998,PRD200866,1,2700.0,Cash,AUTH66210,2024-12-25 17:48:00
TXN90003148,ST02,CUST102907,PRD200562,2,2250.0,Airtel Money,AM324662105,2024-12-23 05:56:00
TXN90003149,ST17,CUST100011,PRD201116,3,"18,000",MTN MoMo,MP460964626,2024-11-05 14:39:00
TXN90003150,ECOM01,CUST103233,PRD201091,1,11500.0,AirtelMoney,AM247524519,2024-11-04 12:37:00
TXN90003151,ST22,CUST100892,PRD201120,1,90000.0,Cash,AUTH63925,2024-09-16 13:54:00
TXN90003152,ST03,CUST103879,PRD200292,1,14504.57,Card,MP272358672,2024-12-20 16:05:00
TXN90003153,ST12,CUST104653,PRD200820,1,"8,100",MTN MoMo,MP209307762,2024-08-10 22:17:00
TXN90003154,ST05,CUST103235,PRD200432,1,57500.0,momo,,2024-12-14 07:12:00
TXN90003155,ST15,CUST101672,PRD200519,3,3750.0,MTN MoMo,AM967265558,2024-10-24 05:22:00
TXN90003156,ST11,CUST102194,PRD200004,4,1150.0,Airtel Money,AM898647319,2024-08-25 19:31:00
TXN90003157,ECOM01,,PRD201069,1,8100.0,MTN Mobile Money,,2024-11-18 09:09:00
TXN90003158,ECOM01,CUST100913,PRD200288,5,5750.0,Cash,AUTH67303,2024-12-16 15:12:00
TXN90003159,ST08,CUST104969,PRD200384,1,2600.0,MTN MoMo,CASH-4092,2024-11-08 10:22:00
TXN90003160,ST02,CUST102080,PRD200368,2,8100.0,MTN Mobile Money,AUTH20303,2024-07-06 23:44:00
TXN90003161,ST20,CUST103057,PRD200452,3,6812.54,MTN Mobile Money,,01/07/2024 20:43
TXN90003162,ST18,CUST103821,PRD201039,5,19500.0,Cash,MP745960166,2024-09-19 21:35:00
TXN90003163,ECOM01,CUST100332,PRD200437,2,13000.0,momo,CASH-6974,01/11/2024 22:13
TXN90003164,ST16,CUST104747,PRD200687,-1,60000.0,AirtelMoney,AUTH82688,2024-07-22 05:03:00
TXN90003165,ST20,,PRD200133,3,"UGX 13,000",Cash,CASH-6175,2024-12-17 23:39:00
TXN90003166,ST06,CUST103261,PRD201015,1,62500.0,Cash,AM231179684,2024-11-29 11:29:00
TXN90003167,ST13,CUST103019,PRD200469,4,4950.0,MTN Mobile Money,AUTH46875,2024-10-20 07:25:00
TXN90003168,ECOM01,CUST104234,PRD201036,4,1500.0,Cash,AUTH55093,2024-08-01 11:11:00
TXN90003169,ST08,CUST101344,PRD200916,1,550.0,Cash,AUTH68842,2024-08-16 00:41:00
TXN90003170,ST07,CUST100181,PRD200099,2,7500.0,MTN MoMo,,20/12/2024 10:14
TXN90003171,ST16,CUST103686,PRD200236,5,22500.0,MTN MoMo,CASH-7071,2024-10-05 21:31:00
TXN90003172,ST02,CUST102468,PRD200470,1,42000.0,MTN MoMo,CASH-5980,01/07/2024 12:35
TXN90003173,ST13,CUST100615,PRD200673,1,6000.0,MTN MoMo,CASH-6826,2024-07-28 12:22:00
TXN90003174,ST18,CUST101406,PRD201001,2,900.0,Cash,AM140945931,2024-07-13 05:20:00
TXN90003175,ST13,CUST104777,PRD200189,4,3000.0,MTN MoMo,,2024-07-25 05:43:00
TXN90003176,ST01,CUST103255,PRD201138,-1,5595.96,Cash,AM327762566,2024-09-08 16:27:00
TXN90003177,ECOM01,CUST103802,PRD201013,2,5750.0,Cash,AUTH89593,2024-11-26 06:40:00
TXN90003178,ST23,CUST101615,PRD200946,2,1800.0,MTN Mobile Money,AUTH50075,27/08/2024 10:59
TXN90003179,ECOM01,CUST104414,PRD200239,4,1350.0,Airtel Money,AM506595079,2024-08-26 05:16:00
TXN90003180,ST23,CUST101330,PRD200157,2,30000.0,Cash,MP334399326,2024-10-19 06:58:00
TXN90003181,ST03,CUST101002,PRD200769,1,8250.0,Cash,AM964464189,2024-11-18 05:51:00
TXN90003182,ST02,CUST100954,PRD200639,3,19500.0,MTN MoMo,AUTH60079,2024-10-04 21:50:00
TXN90003183,ST14,CUST102637,PRD200959,2,2200.0,MTN MoMo,AUTH77395,14/09/2024 05:29
TXN90003184,ST08,CUST104571,PRD200983,3,1725.0,momo,MP836049755,2024-09-10 14:45:00
TXN90003185,ECOM01,CUST100212,PRD200118,1,7500.0,MTN MoMo,AUTH91090,2024-12-05 11:09:00
TXN90003186,ST16,CUST102999,PRD200272,2,42000.0,MTN Mobile Money,AUTH70078,2024-11-30 16:55:00
TXN90003187,ST09,CUST102850,PRD200164,2,5400.0,MTN Mobile Money,,2024-12-10 21:20:00
TXN90003188,ST18,CUST104344,PRD200016,3,24000.0,AirtelMoney,MP138613330,2024-08-05 15:30:00
TXN90003189,ST16,CUST101362,PRD201093,1,11250.0,AirtelMoney,MP910469476,08/07/2024 12:43
TXN90003190,ST06,,PRD200744,2,975.0,MTN Mobile Money,AM734659880,2024-12-13 11:56:00
TXN90003191,ST14,CUST101919,PRD200627,2,55000.0,Card,AM706879932,30/11/2024 13:03
TXN90003192,ST08,CUST101897,PRD200618,-1,90000.0,Cash,AUTH88973,2024-11-01 03:01:00
TXN90003193,ST07,CUST103974,PRD200371,1,2750.0,Airtel Money,AM671831122,2024-08-12 05:06:00
TXN90003194,ST20,CUST100304,PRD200865,2,650.0,Airtel Money,,2024-12-15 06:18:00
TXN90003195,ST15,CUST104087,PRD200562,1,2250.0,Cash,MP370236652,2024-10-02 15:57:00
TXN90003196,ST14,CUST100614,PRD200722,1,65000.0,Airtel Money,CASH-7977,2024-12-26 22:14:00
TXN90003197,ST16,CUST101527,PRD200140,1,23000.0,MTN MoMo,AM628292117,2024-12-18 15:49:00
TXN90003198,ST21,CUST102774,PRD200401,1,5625.0,Airtel Money,,2024-11-11 09:31:00
TXN90003199,ST07,CUST103388,PRD200025,1,1875.0,MTN MoMo,MP760705052,2024-08-28 07:01:00
TXN90003200,ST02,CUST101638,PRD200180,4,5400.0,Card,,2024-11-06 17:34:00
TXN90003201,ST14,CUST101895,PRD201152,2,2250.0,CASH,AM750368334,2024-12-10 13:33:00
TXN90003202,ST23,CUST103989,PRD201065,2,13500.0,Card,AM587968595,2024-07-11 18:44:00
TXN90003203,ECOM01,,PRD201057,2,UGX 825,AirtelMoney,AUTH55784,2024-09-13 19:23:00
TXN90003204,ECOM01,,PRD201122,2,6750.0,momo,CASH-3387,2024-11-19 09:47:00
TXN90003205,ST01,CUST102137,PRD200994,1,17250.0,momo,CASH-3845,2024-08-30 19:33:00
TXN90003206,ST19,CUST101071,PRD200086,2,900.0,Airtel Money,MP977107103,2024-07-31 03:56:00
TXN90003207,ST02,CUST104910,PRD200437,1,13000.0,MTN MoMo,AUTH86873,26/10/2024 23:36
TXN90003208,ST23,CUST103658,PRD200721,3,8625.0,Card,AM703395979,2024-09-07 15:43:00
TXN90003209,ST03,CUST102399,PRD200003,1,9375.0,Cash,AM318811262,2024-11-14 16:37:00
TXN90003210,ST18,CUST101907,PRD200606,-1,43750.0,MTN MoMo,CASH-1838,2024-11-06 11:58:00
TXN90003211,ST08,CUST100537,PRD200587,1,15000.0,Cash,AUTH14742,2024-10-07 04:56:00
TXN90003212,ST04,CUST102576,PRD200294,1,24000.0,Cash,AM622556052,04/12/2024 16:43
TXN90003213,ST07,CUST102127,PRD201015,2,62500.0,momo,AUTH33947,2024-08-01 02:39:00
TXN90003214,ECOM01,CUST101977,PRD200371,1,2750.0,MTN Mobile Money,AM266952814,2024-08-07 04:49:00
TXN90003215,ST03,CUST104374,PRD200088,1,2500.0,Airtel Money,MP697121261,21/07/2024 22:02
TXN90003216,ST16,CUST101037,PRD200688,1,36000.0,AirtelMoney,AUTH38015,19/12/2024 00:12
TXN90003217,ECOM01,CUST104147,PRD200766,1,36000.0,Airtel Money,,2024-09-10 18:25:00
TXN90003218,ECOM01,CUST100904,PRD200841,2,575.0,MTN MoMo,AM836957737,2024-07-07 00:49:00
TXN90003219,ST23,CUST100069,PRD200989,-1,17250.0,MTN MoMo,AM334596234,2024-09-23 21:33:00
TXN90003220,ECOM01,CUST100787,PRD200701,1,26000.0,Cash,AUTH69253,2024-12-22 05:35:00
TXN90003221,ST02,CUST101873,PRD200254,1,2837.78,Airtel Money,CASH-9707,2024-09-29 21:40:00
TXN90003222,ST11,CUST102976,PRD200604,1,26000.0,MTN MoMo,AUTH44457,2024-09-11 06:05:00
TXN90003223,ST17,CUST104818,PRD200194,2,25000.0,Cash,AUTH82817,2024-07-09 20:13:00
TXN90003224,ECOM01,CUST103687,PRD201150,2,25000.0,AirtelMoney,AUTH16790,2024-12-16 01:24:00
TXN90003225,ST21,CUST100251,PRD200987,1,30000.0,CASH,MP136270787,13/10/2024 07:18
TXN90003226,ST10,CUST104857,PRD200987,1,"UGX 30,000",momo,AM807338370,2024-11-19 23:10:00
TXN90003227,ST22,,PRD200783,3,57500.0,CASH,AM176319310,13/09/2024 08:01
TXN90003228,ST08,CUST103984,PRD201015,1,62500.0,Airtel Money,CASH-8970,2024-10-14 04:15:00
TXN90003229,ST02,CUST104775,PRD201027,2,5850.0,Card,MP360891412,2024-07-20 21:26:00
TXN90003230,ECOM01,CUST100831,PRD200803,1,862,MTN MoMo,AM708239339,27/09/2024 19:10
TXN90003231,ST22,CUST102301,PRD200929,4,1650.0,MTN Mobile Money,AM699720222,2024-11-12 19:21:00
TXN90003232,ST14,CUST103475,PRD201089,3,1250.0,Cash,MP473508466,2024-10-05 16:49:00
TXN90003233,ST20,,PRD200824,1,3250.0,MTN MoMo,AM489329564,22/07/2024 10:31
TXN90003234,ST04,CUST104776,PRD200486,1,900.0,MTN MoMo,AM241254032,2024-11-24 19:58:00
TXN90003235,ST11,CUST101918,PRD201036,1,1500.0,MTN MoMo,AM514426116,20/08/2024 01:55
TXN90003236,ST05,CUST102527,PRD200885,1,3600.0,MTN MoMo,MP165341748,26/08/2024 12:22
TXN90003237,ECOM01,CUST100540,PRD200888,1,3750.0,Cash,AM847676613,2024-09-21 10:29:00
TXN90003238,ST03,CUST100922,PRD200728,3,1958.36,Cash,MP324365421,2024-12-11 14:33:00
TXN90003239,ST07,CUST100172,PRD200763,2,27000.0,MTN Mobile Money,AUTH45524,2024-12-01 14:39:00
TXN90003240,ST11,CUST100386,PRD200395,1,36000.0,MTN MoMo,AM903833731,2024-08-26 09:31:00
TXN90003241,ST02,CUST100449,PRD200312,-2,1350.0,Cash,MP296611581,21/10/2024 22:26
TXN90003242,ST18,CUST103646,PRD201088,-1,57500.0,MTN MoMo,MP377476370,2024-11-02 09:59:00
TXN90003243,ST15,CUST100511,PRD200383,2,5500.0,MTN Mobile Money,AM120560634,2024-11-16 18:28:00
TXN90003244,ST01,CUST103612,PRD200158,4,672.1,MTN MoMo,CASH-9323,2024-07-17 04:51:00
TXN90003245,ST04,CUST101156,PRD200876,5,30000.0,Airtel Money,CASH-6156,2024-11-07 19:25:00
TXN90003246,ST16,CUST101534,PRD200551,2,6750.0,MTN MoMo,AUTH19775,2024-07-15 04:28:00
TXN90003247,ST08,CUST104191,PRD200350,4,11500.0,MTN MoMo,MP293641685,2024-12-21 02:38:00
TXN90003248,ECOM01,CUST104672,PRD200673,1,6000.0,AirtelMoney,AUTH44673,2024-12-25 17:57:00
TXN90003249,ECOM01,CUST101728,PRD201019,-2,1875.0,Cash,AM775306614,30/07/2024 05:35
TXN90003250,ST03,,PRD200624,1,23000.0,MTN Mobile Money,AM780551090,2024-08-31 03:37:00
TXN90003251,ECOM01,,PRD200589,1,3250.0,MTN Mobile Money,CASH-6817,2024-11-14 02:30:00
TXN90003252,ST13,CUST102668,PRD200996,2,26000.0,momo,AUTH83192,2024-07-18 03:14:00
TXN90003253,ECOM01,CUST101412,PRD200928,2,24000.0,MTN MoMo,AUTH96352,2024-08-27 13:21:00
TXN90003254,ST19,CUST101140,PRD200252,4,937.5,MTN MoMo,AM307527616,04/07/2024 01:51
TXN90003255,ECOM01,CUST101907,PRD200234,1,63000.0,Airtel Money,CASH-4776,2024-10-19 18:07:00
TXN90003256,ST13,CUST103359,PRD201043,1,900.0,AirtelMoney,AM597536403,2024-12-02 08:42:00
TXN90003257,ST04,CUST100272,PRD200588,1,5500.0,AirtelMoney,AM849228578,2024-10-12 08:20:00
TXN90003258,ST10,CUST104213,PRD200202,4,42000.0,MTN MoMo,CASH-4606,2024-12-23 22:44:00
TXN90003259,ECOM01,CUST101717,PRD200869,4,2700.0,AirtelMoney,AM793310518,2024-10-11 06:47:00
TXN90003260,ST05,CUST101898,PRD200799,1,1150.0,Cash,AM997409672,2024-07-22 23:56:00
TXN90003261,ST16,CUST104412,PRD200497,2,600.0,MTN Mobile Money,,2024-10-28 10:12:00
TXN90003262,ECOM01,CUST100934,PRD201037,-2,36000.0,MTN Mobile Money,AM500692675,2024-11-18 14:54:00
TXN90003263,ST01,,PRD200466,3,8625.0,MTN Mobile Money,,2024-09-02 05:48:00
TXN90003264,ECOM01,CUST100217,PRD201000,-1,2200.0,Airtel Money,CASH-5843,2024-07-17 05:40:00
TXN90003265,ST02,CUST102631,PRD200424,5,9375.0,Cash,CASH-2668,2024-08-22 00:46:00
TXN90003266,ST08,CUST100836,PRD201026,4,1100.0,MTN Mobile Money,MP647770657,2024-08-02 22:01:00
TXN90003267,ECOM01,CUST101315,PRD201141,5,36000.0,MTN MoMo,CASH-2089,2024-12-24 22:10:00
TXN90003268,ST15,CUST100429,PRD200475,3,43750.0,Cash,MP305192559,15/09/2024 10:56
TXN90003269,ST20,CUST100990,PRD200901,4,18000.0,MTN MoMo,MP105357588,2024-09-23 06:24:00
TXN90003270,ST07,CUST100399,PRD200337,3,25000.0,momo,,07/12/2024 12:20
TXN90003271,ECOM01,CUST103374,PRD200073,2,38500.0,Airtel Money,AM485742162,2024-08-10 00:12:00
TXN90003272,ST13,CUST104533,PRD200488,1,5750.0,AirtelMoney,AM470971313,2024-10-14 14:36:00
TXN90003273,ST11,CUST103808,PRD200848,3,"57,500",AirtelMoney,CASH-2789,15/08/2024 23:58
TXN90003274,ECOM01,CUST103995,PRD201097,1,1650.0,Cash,AM178725318,2024-10-18 03:04:00
TXN90003275,ST01,CUST103491,PRD200371,1,2750.0,CASH,AUTH50187,2024-09-29 13:42:00
TXN90003276,ST06,CUST100925,PRD200779,1,25000.0,MTN MoMo,AM751781704,2024-08-23 23:46:00
TXN90003277,ECOM01,CUST102230,PRD200108,1,1200.0,momo,,2024-07-12 08:20:00
TXN90003278,ST13,CUST103461,PRD201007,2,4500.0,MTN MoMo,AUTH99967,2024-11-06 15:10:00
TXN90003279,ST16,CUST103649,PRD200866,3,2700.0,Cash,AM243096821,2024-11-24 02:03:00
TXN90003280,ST19,,PRD200436,1,6750.0,MTN Mobile Money,CASH-5623,2024-11-01 08:12:00
TXN90003281,ST21,CUST102119,PRD200166,1,11000.0,Airtel Money,,2024-12-12 12:42:00
TXN90003282,ST01,CUST103041,PRD200396,5,3000.0,MTN MoMo,MP924550647,2024-09-02 14:04:00
TXN90003283,ST22,CUST104637,PRD200964,1,9000.0,MTN MoMo,AUTH11346,2024-12-05 08:55:00
TXN90003284,ST21,,PRD200180,1,5400.0,MTN Mobile Money,,2024-11-17 19:12:00
TXN90003285,ST10,CUST100481,PRD200154,2,900.0,Card,CASH-1223,2024-12-10 07:12:00
TXN90003286,ECOM01,CUST104103,PRD200153,1,900.0,momo,CASH-8326,2024-09-30 04:27:00
TXN90003287,ECOM01,CUST104603,PRD201108,1,"36,000",MTN Mobile Money,MP233231341,2024-07-03 18:54:00
TXN90003288,ST21,CUST102264,PRD200427,1,24113.01,MTN MoMo,AUTH44857,2024-11-29 12:10:00
TXN90003289,ECOM01,CUST103581,PRD200798,1,2400.0,MTN Mobile Money,CASH-7645,2024-07-06 09:17:00
TXN90003290,ECOM01,CUST100433,PRD201034,4,36000.0,MTN MoMo,AM378340731,2024-07-22 00:06:00
TXN90003291,ST18,CUST103291,PRD200282,1,5175.0,Airtel Money,MP687931899,2024-11-25 02:53:00
TXN90003292,ECOM01,CUST101723,PRD200678,2,30586.26,MTN MoMo,MP304791794,2024-08-04 16:11:00
TXN90003293,ECOM01,CUST101286,PRD201053,3,4427.05,Cash,AM526260298,04/10/2024 01:43
TXN90003294,ECOM01,CUST100171,PRD201140,1,5850.0,Airtel Money,CASH-6377,2024-09-10 19:37:00
TXN90003295,ST10,CUST101943,PRD200859,2,6000.0,momo,AM196155500,2024-07-18 22:24:00
TXN90003296,ECOM01,CUST102039,PRD201036,1,1500.0,MTN MoMo,,12/12/2024 22:47
TXN90003297,ST23,CUST101692,PRD200526,1,"45,500",AirtelMoney,CASH-6053,2024-08-31 07:36:00
TXN90003298,ST05,CUST102542,PRD200624,1,23000.0,AirtelMoney,,27/09/2024 13:12
TXN90003299,ST17,CUST102953,PRD201084,2,25000.0,Airtel Money,MP858708312,2024-09-19 00:27:00
TXN90003300,ST04,CUST100369,PRD200891,2,40250.0,MTN MoMo,,2024-07-01 16:11:00
TXN90003301,ST02,CUST104915,PRD200265,2,27000.0,AirtelMoney,MP253097630,2024-07-21 11:29:00
TXN90003302,ST23,CUST101220,PRD200754,2,5400.0,Airtel Money,MP903675650,2024-11-15 07:30:00
TXN90003303,ST17,CUST100133,PRD200503,1,4500.0,Card,MP210725150,2024-09-13 08:58:00
TXN90003304,ECOM01,CUST103607,PRD200910,1,3750.0,AirtelMoney,AUTH42252,2024-10-12 16:03:00
TXN90003305,ST08,CUST101943,PRD200227,1,550.0,MTN Mobile Money,MP366584847,2024-07-09 14:20:00
TXN90003306,ST15,CUST103769,PRD201085,3,22000.0,MTN Mobile Money,AUTH28603,2024-07-17 18:48:00
TXN90003307,ST02,CUST102025,PRD200505,1,"UGX 1,125",Airtel Money,MP388610862,2024-09-20 00:32:00
TXN90003308,ST11,CUST102992,PRD200966,1,1200.0,Cash,MP373705750,2024-10-31 07:20:00
TXN90003309,ECOM01,CUST104003,PRD200578,5,938,Airtel Money,,27/09/2024 03:50
TXN90003310,ST23,CUST101057,PRD200985,1,57500.0,MTN Mobile Money,CASH-2375,03/07/2024 17:28
TXN90003311,ST22,CUST102252,PRD200755,2,8100.0,Cash,AUTH64964,2024-11-16 14:58:00
TXN90003312,ST11,CUST101367,PRD200178,1,9375.0,Airtel Money,AUTH50706,2024-07-18 23:29:00
TXN90003313,ST17,CUST101057,PRD200477,1,3000.0,momo,CASH-7516,2024-10-01 15:21:00
TXN90003314,ST02,CUST100578,PRD200412,3,15000.0,Airtel Money,AUTH58076,2024-12-19 18:03:00
TXN90003315,ST18,CUST101991,PRD200522,1,"UGX 38,500",AirtelMoney,AM149477714,2024-11-20 20:40:00
TXN90003316,ST23,CUST100816,PRD200564,2,15000.0,Card,CASH-9957,2024-11-16 01:52:00
TXN90003317,ST01,CUST100696,PRD200854,3,"UGX 4,950",Airtel Money,AM364873493,2024-11-05 04:21:00
TXN90003318,ECOM01,CUST102836,PRD201128,4,1950.0,AirtelMoney,CASH-6044,2024-10-29 23:31:00
TXN90003319,ST03,CUST101394,PRD200735,1,15000.0,Cash,,2024-09-12 04:01:00
TXN90003320,ST05,CUST104217,PRD200612,-2,12000.0,MTN MoMo,CASH-1809,2024-10-04 16:58:00
TXN90003321,ECOM01,CUST100580,PRD200812,4,1800.0,Cash,AM803206418,2024-08-06 07:27:00
TXN90003322,ST04,CUST100616,PRD200497,2,600.0,Cash,MP231895681,2024-10-10 00:28:00
TXN90003323,ECOM01,CUST100857,PRD200409,1,1950.0,momo,AUTH44251,2024-12-23 06:46:00
TXN90003324,ECOM01,CUST101951,PRD201004,4,3250.0,MTN MoMo,MP235306485,2024-09-10 16:30:00
TXN90003325,ST18,CUST101902,PRD200913,1,43750.0,Cash,AM980505924,2024-10-25 05:14:00
TXN90003326,ST15,CUST102945,PRD201110,2,5175.0,MTN Mobile Money,,2024-11-12 11:07:00
TXN90003327,ST04,,PRD200762,2,18750.0,AirtelMoney,MP226402936,2024-07-08 10:10:00
TXN90003328,ST13,CUST100129,PRD201074,4,UGX65000,MTN MoMo,,2024-10-30 07:59:00
TXN90003329,ECOM01,CUST102883,PRD200252,4,937.5,CASH,MP810255088,2024-09-10 02:57:00
TXN90003330,ST13,CUST104498,PRD200444,4,2300.0,MTN MoMo,CASH-9354,2024-09-06 22:04:00
TXN90003331,ST08,CUST102056,PRD200040,1,52500.0,Cash,AUTH84015,19/08/2024 21:26
TXN90003332,ST04,CUST103223,PRD200548,1,5400.0,AirtelMoney,CASH-8171,2024-07-31 05:34:00
TXN90003333,ECOM01,CUST103087,PRD200136,3,UGX90000,Airtel Money,MP444195605,2024-12-22 02:05:00
TXN90003334,ST21,CUST102355,PRD200661,1,18750.0,MTN MoMo,,2024-09-19 14:31:00
TXN90003335,ST21,CUST102573,PRD200150,2,25000.0,Cash,,2024-08-11 16:50:00
TXN90003336,ECOM01,CUST100086,PRD200897,1,11250.0,Cash,CASH-8320,2024-11-05 23:46:00
TXN90003337,ST03,CUST103888,PRD201103,1,1150.0,MTN MoMo,CASH-3627,24/10/2024 10:55
TXN90003338,ST19,CUST101924,PRD200498,1,625.0,Cash,CASH-5638,2024-07-09 00:04:00
TXN90003339,ECOM01,CUST104862,PRD200429,1,24000.0,MTN MoMo,,2024-10-19 18:09:00
TXN90003340,ST18,CUST101399,PRD200614,2,22500.0,MTN MoMo,CASH-7308,2024-10-17 02:38:00
TXN90003341,ST07,CUST103572,PRD200275,4,8625.0,AirtelMoney,CASH-6319,21/12/2024 07:47
TXN90003342,ST02,CUST100787,PRD200247,2,1800.0,MTN MoMo,AUTH60835,2024-10-15 16:26:00
TXN90003343,ST06,CUST104591,PRD200724,3,27000.0,momo,,2024-09-04 04:12:00
TXN90003344,ST14,CUST103530,PRD200375,2,UGX3052,momo,AUTH76636,29/11/2024 09:35
TXN90003345,ST22,,PRD200684,1,6750.0,Cash,AUTH92653,22/07/2024 18:17
TXN90003346,ST20,,PRD200114,2,13500.0,MTN Mobile Money,AM444208196,26/10/2024 00:17
TXN90003347,ST02,CUST100511,PRD200962,1,6250.0,momo,CASH-3364,2024-07-01 23:20:00
TXN90003348,ST15,CUST102909,PRD200444,2,2300.0,MTN Mobile Money,MP498245162,2024-07-15 04:59:00
TXN90003349,ST22,CUST102485,PRD200552,2,11000.0,AirtelMoney,MP398637531,2024-12-19 12:04:00
TXN90003350,ECOM01,CUST104264,PRD201068,1,2500.0,Cash,AUTH45323,2024-07-24 20:31:00
TXN90003351,ECOM01,CUST102792,PRD200853,3,3125.0,Airtel Money,AM650947052,2024-08-07 18:53:00
TXN90003352,ST23,,PRD200811,1,1350.0,Cash,CASH-7451,2024-07-13 02:42:00
TXN90003353,ST13,CUST102694,PRD200493,1,825.0,momo,MP509678798,2024-11-11 17:12:00
TXN90003354,ST18,CUST100500,PRD200824,2,3250.0,AirtelMoney,AM836247646,2024-10-16 04:26:00
TXN90003355,ECOM01,CUST100325,PRD200685,1,1150.0,Cash,,2024-11-14 03:50:00
TXN90003356,ST09,CUST100415,PRD201113,2,63000.0,MTN MoMo,AUTH88493,2024-07-28 06:55:00
TXN90003357,ECOM01,CUST104137,PRD201119,-1,18000.0,MTN MoMo,AM905021166,2024-11-02 08:08:00
TXN90003358,ECOM01,CUST103934,PRD200985,1,57500.0,AirtelMoney,AM690957821,2024-09-16 14:46:00
TXN90003359,ST10,CUST100277,PRD200251,4,3250.0,Airtel Money,CASH-1655,27/10/2024 20:49
TXN90003360,ST08,CUST100754,PRD200669,1,40250.0,AirtelMoney,AUTH47561,2024-12-06 19:29:00
TXN90003361,ST10,CUST100923,PRD201023,1,57500.0,MTN MoMo,,27/09/2024 10:27
TXN90003362,ST02,CUST100626,PRD200992,5,3000.0,CASH,MP734664005,01/08/2024 21:43
TXN90003363,ST16,CUST104607,PRD200364,3,9375.0,Airtel Money,CASH-2206,26/07/2024 09:32
TXN90003364,ST04,CUST100611,PRD200133,-2,13000.0,AirtelMoney,,2024-09-05 00:19:00
TXN90003365,ST22,CUST103430,PRD200130,4,14276.88,AirtelMoney,CASH-6242,2024-08-10 07:41:00
TXN90003366,ST05,CUST104561,PRD200029,4,3300.0,Airtel Money,AUTH88419,2024-10-21 09:36:00
TXN90003367,ECOM01,CUST103100,PRD200430,3,8250.0,CASH,AUTH24215,2024-10-20 15:07:00
TXN90003368,ST04,CUST101723,PRD200112,1,3313.64,Airtel Money,AUTH63067,13/09/2024 06:03
TXN90003369,ST22,CUST100503,PRD200146,2,1803.16,MTN Mobile Money,AM243670139,2024-12-27 07:42:00
TXN90003370,ECOM01,CUST101197,PRD200588,1,5500.0,Cash,AM251094259,2024-08-20 23:30:00
TXN90003371,ECOM01,CUST100525,PRD200171,4,24000.0,MTN MoMo,,12/12/2024 23:28
TXN90003372,ECOM01,CUST101579,PRD200305,1,3750.0,momo,MP290813276,2024-08-12 16:25:00
TXN90003373,ST07,CUST100932,PRD201013,1,5750.0,momo,CASH-1948,2024-08-12 17:55:00
TXN90003374,ST07,CUST101816,PRD200181,3,9750.0,momo,AM790127751,2024-10-13 12:22:00
TXN90003375,ST02,CUST104112,PRD200876,3,30000.0,MTN Mobile Money,MP718512177,2024-12-23 00:26:00
TXN90003376,ST15,CUST103831,PRD200410,3,55000.0,MTN MoMo,AUTH46282,2024-10-21 04:30:00
TXN90003377,ST02,CUST103079,PRD200967,2,4500.0,Cash,CASH-7783,28/08/2024 12:53
TXN90003378,ECOM01,CUST103187,PRD200735,4,15000.0,Airtel Money,MP192507447,2024-10-11 10:43:00
TXN90003379,ST01,CUST104620,PRD200656,1,1250.0,Cash,MP595067148,08/08/2024 14:26
TXN90003380,ST23,CUST104739,PRD200434,2,16500.0,Airtel Money,AM894677391,2024-08-23 03:44:00
TXN90003381,ECOM01,CUST103444,PRD200944,2,975.0,AirtelMoney,CASH-3121,2024-10-19 07:47:00
TXN90003382,ECOM01,CUST103165,PRD200451,3,975.0,Airtel Money,MP586437905,2024-11-15 15:08:00
TXN90003383,ST09,CUST104045,PRD200538,2,57500.0,Cash,MP237105481,2024-12-08 12:10:00
TXN90003384,ST12,,PRD200634,2,63000.0,MTN MoMo,CASH-1828,2024-09-30 02:36:00
TXN90003385,ECOM01,CUST103478,PRD200584,1,5175.0,MTN Mobile Money,MP210409377,2024-08-08 05:28:00
TXN90003386,ST01,CUST102191,PRD200282,-1,5175.0,MTN MoMo,CASH-8997,2024-09-10 00:27:00
TXN90003387,ST10,,PRD200029,2,3300.0,Airtel Money,AM378553727,2024-10-30 21:06:00
TXN90003388,ECOM01,CUST100310,PRD200394,3,3600.0,MTN MoMo,MP467914743,2024-09-17 03:00:00
TXN90003389,ST20,CUST104743,PRD200965,2,8100.0,MTN Mobile Money,AUTH26235,27/12/2024 19:58
TXN90003390,ST05,,PRD201150,5,25000.0,Cash,AUTH74457,20/11/2024 09:12
TXN90003391,ECOM01,CUST100408,PRD200701,1,26000.0,momo,AUTH57086,19/08/2024 11:20
TXN90003392,ST16,CUST103469,PRD200119,2,18000.0,Cash,MP864244863,09/09/2024 11:55
TXN90003393,ST01,CUST102979,PRD200679,2,937.5,AirtelMoney,AM400193456,2024-10-21 02:52:00
TXN90003394,ST04,CUST101924,PRD200793,-2,2200.0,MTN MoMo,CASH-4216,2024-08-18 08:35:00
TXN90003395,ST17,CUST102244,PRD200069,1,9000.0,Cash,,2024-10-01 23:01:00
TXN90003396,ST06,CUST100989,PRD200839,1,65000.0,MTN Mobile Money,MP423973816,2024-07-15 20:30:00
TXN90003397,ST08,CUST102975,PRD200649,3,36000.0,momo,,2024-07-14 01:28:00
TXN90003398,ST22,CUST103944,PRD200106,1,2875.0,MTN Mobile Money,AUTH18327,2024-11-26 22:28:00
TXN90003399,ST14,CUST101420,PRD200657,2,1500.0,CASH,MP323183800,2024-10-27 08:04:00
TXN90003400,ST17,CUST101734,PRD201023,1,57500.0,AirtelMoney,MP384479506,2024-12-17 19:32:00
TXN90003401,ST21,CUST104693,PRD200796,4,2750.0,Airtel Money,MP938858270,2024-11-07 00:51:00
TXN90003402,ST08,CUST104118,PRD200773,1,2500.0,MTN MoMo,,2024-10-31 16:50:00
TXN90003403,ECOM01,CUST101836,PRD200664,3,1725.0,AirtelMoney,AUTH37356,2024-12-11 17:26:00
TXN90003404,ECOM01,CUST101973,PRD201065,3,13500.0,MTN Mobile Money,AUTH83071,2024-08-08 01:28:00
TXN90003405,ST01,CUST104970,PRD200399,1,900.0,MTN MoMo,CASH-2196,2024-07-26 07:30:00
TXN90003406,ST19,CUST101565,PRD201064,1,19500.0,CASH,MP460163369,2024-08-15 13:13:00
TXN90003407,ST22,CUST102847,PRD200931,1,9750.0,Cash,CASH-8562,2024-12-08 03:28:00
TXN90003408,ST20,CUST104947,PRD200671,1,550.0,MTN MoMo,CASH-4734,2024-07-04 17:33:00
TXN90003409,ECOM01,CUST101344,PRD200483,1,"4,500",Cash,AM909483135,2024-09-28 15:34:00
TXN90003410,ST02,CUST104739,PRD200639,2,19500.0,Airtel Money,AUTH76880,2024-10-15 16:26:00
TXN90003411,ST12,CUST101038,PRD200853,1,3125.0,AirtelMoney,CASH-2238,2024-09-29 14:13:00
TXN90003412,ECOM01,CUST101192,PRD200152,1,30000.0,CASH,AM352154153,2024-10-18 18:44:00
TXN90003413,ST06,CUST104856,PRD201157,-1,600.0,MTN MoMo,AUTH16332,2024-12-18 14:37:00
TXN90003414,ST11,CUST102647,PRD200129,1,1350.0,AirtelMoney,MP530223355,2024-08-05 09:05:00
TXN90003415,ST21,CUST101191,PRD200381,1,22000.0,MTN MoMo,CASH-6007,13/10/2024 17:53
TXN90003416,ST03,CUST103659,PRD200230,5,2200.0,MTN MoMo,MP979994700,2024-07-02 03:30:00
TXN90003417,ST14,CUST102337,PRD200732,1,2300.0,MTN MoMo,MP323646863,2024-08-16 05:17:00
TXN90003418,ST20,CUST103481,PRD201013,1,5750.0,MTN MoMo,AM615257303,2024-08-23 16:38:00
TXN90003419,ST06,CUST102707,PRD200064,1,"UGX 23,000",Airtel Money,MP552800812,2024-12-23 03:20:00
TXN90003420,ST16,CUST104522,PRD200775,1,1950.0,MTN MoMo,AM895355941,2024-07-03 21:37:00
TXN90003421,ST22,CUST103750,PRD200287,1,4500.0,MTN Mobile Money,MP797239296,2024-09-21 08:46:00
TXN90003422,ST13,CUST101436,PRD200507,1,2700.0,AirtelMoney,,2024-10-17 12:25:00
TXN90003423,ST09,CUST104280,PRD200103,1,12474.0,MTN MoMo,AM982507644,2024-09-20 20:07:00
TXN90003424,ECOM01,CUST100741,PRD200173,2,"UGX 62,500",AirtelMoney,AUTH46541,06/07/2024 14:36
TXN90003425,ECOM01,CUST101472,PRD200490,4,9000.0,momo,MP626823527,2024-08-08 15:50:00
TXN90003426,ST21,CUST100806,PRD200291,4,42000.0,MTN Mobile Money,CASH-2751,03/09/2024 11:39
TXN90003427,ST11,CUST100816,PRD200472,1,24000.0,MTN Mobile Money,MP311656867,2024-10-05 03:24:00
TXN90003428,ST22,CUST102290,PRD201130,1,8100.0,MTN MoMo,CASH-2546,2024-08-31 13:33:00
TXN90003429,ECOM01,,PRD200637,4,22000.0,Cash,CASH-6363,2024-09-29 20:20:00
TXN90003430,ST13,CUST100636,PRD201053,1,4427.05,momo,AUTH30952,09/11/2024 21:16
TXN90003431,ST05,CUST102669,PRD200071,1,"UGX 26,000",Cash,MP223137040,2024-07-07 00:54:00
TXN90003432,ST10,CUST102843,PRD200452,2,6812.54,MTN Mobile Money,AM694504215,01/12/2024 08:40
TXN90003433,ST21,CUST104981,PRD200297,2,3750.0,AirtelMoney,CASH-4634,2024-10-03 05:00:00
TXN90003434,ECOM01,,PRD200861,1,1500.0,momo,MP219900767,2024-11-07 06:17:00
TXN90003435,ST16,,PRD200173,1,62500.0,Airtel Money,AM222432575,2024-09-16 07:43:00
TXN90003436,ST05,CUST101977,PRD200820,5,8100.0,MTN Mobile Money,,2024-11-24 13:53:00
TXN90003437,ST06,CUST101946,PRD200779,1,25000.0,MTN MoMo,MP108880451,2024-09-24 15:10:00
TXN90003438,ST21,CUST104483,PRD200749,1,2250.0,Airtel Money,AM428842801,15/07/2024 16:51
TXN90003439,ST23,CUST104204,PRD200887,1,18000.0,AirtelMoney,AUTH18449,2024-11-29 19:07:00
TXN90003440,ST16,CUST101454,PRD200145,1,"UGX 2,250",momo,AUTH96056,2024-10-01 06:55:00
TXN90003441,ECOM01,CUST104732,PRD200134,-1,3600.0,MTN Mobile Money,MP331338483,2024-09-03 03:28:00
TXN90003442,ST04,CUST101018,PRD200343,3,1500.0,Cash,AM723728575,2024-11-23 04:33:00
TXN90003443,ST05,CUST102107,PRD200236,2,22500.0,CASH,AM359910323,2024-10-15 21:34:00
TXN90003444,ST21,CUST100344,PRD201108,1,36000.0,Cash,AUTH14753,2024-08-13 20:58:00
TXN90003445,ST17,CUST103382,PRD201037,3,36000.0,AirtelMoney,AM115261810,2024-11-24 15:40:00
TXN90003446,ST22,CUST104128,PRD200867,1,4500.0,Cash,CASH-9478,2024-10-02 20:00:00
TXN90003447,ST20,CUST104155,PRD201128,4,UGX1950,Card,MP132542600,2024-12-13 07:22:00
TXN90003448,ST09,,PRD200959,2,2200.0,AirtelMoney,MP486308304,02/08/2024 06:16
TXN90003449,ECOM01,CUST102670,PRD200726,2,"1,800",AirtelMoney,AUTH55123,2024-09-13 04:12:00
TXN90003450,ST10,CUST100077,PRD200526,2,45500.0,MTN Mobile Money,CASH-2310,2024-07-06 06:19:00
TXN90003451,ST11,CUST101669,PRD200083,2,40250.0,Airtel Money,AM369820211,2024-09-14 01:09:00
TXN90003452,ST10,CUST102251,PRD200493,2,825.0,AirtelMoney,CASH-5104,2024-12-06 20:23:00
TXN90003453,ECOM01,CUST103876,PRD200029,1,3300.0,CASH,CASH-5414,2024-12-09 03:38:00
TXN90003454,ST17,CUST103923,PRD200836,3,7500.0,Airtel Money,AUTH16063,2024-10-19 13:16:00
TXN90003455,ST05,CUST102947,PRD200769,2,"8,250",Cash,,2024-11-15 12:11:00
TXN90003456,ST13,CUST104886,PRD200401,1,5625.0,Card,,2024-12-06 19:41:00
TXN90003457,ST15,CUST104503,PRD200518,1,3900.0,AirtelMoney,MP687161684,2024-11-18 21:26:00
TXN90003458,ST09,CUST104682,PRD200159,1,1150.0,AirtelMoney,AM669273996,2024-12-07 23:25:00
TXN90003459,ST02,CUST104281,PRD201063,4,600.0,MTN MoMo,CASH-4190,2024-10-28 12:05:00
TXN90003460,ST23,CUST102199,PRD201063,1,600.0,MTN Mobile Money,MP618192848,2024-08-30 11:24:00
TXN90003461,ST13,,PRD200543,2,2750.0,AirtelMoney,CASH-8563,05/07/2024 19:49
TXN90003462,ST17,CUST102619,PRD200169,3,1950.0,MTN MoMo,AUTH11789,10/08/2024 08:56
TXN90003463,ST17,CUST102393,PRD200582,4,1250.0,Cash,AUTH52524,2024-09-23 04:44:00
TXN90003464,ST21,CUST104477,PRD200698,1,862.5,MTN Mobile Money,AUTH62300,10/12/2024 12:10
TXN90003465,ST11,,PRD200731,1,3125.0,MTN MoMo,MP973179260,2024-07-07 12:35:00
TXN90003466,ST20,CUST100494,PRD200429,3,24000.0,MTN MoMo,AM460131347,2024-07-10 02:15:00
TXN90003467,ST15,CUST102240,PRD200582,2,1250.0,momo,MP891203746,2024-08-23 21:52:00
TXN90003468,ST21,CUST103999,PRD200648,-2,23000.0,MTN Mobile Money,AUTH91196,2024-07-01 15:20:00
TXN90003469,ST10,CUST101716,PRD200578,2,937.5,MTN Mobile Money,CASH-5927,2024-09-11 00:39:00
TXN90003470,ECOM01,CUST104459,PRD201096,4,2700.0,MTN MoMo,AUTH44302,2024-09-25 06:02:00
TXN90003471,ECOM01,CUST101173,PRD200076,2,1300.0,momo,AM603892134,2024-09-02 18:43:00
TXN90003472,ECOM01,CUST101190,PRD201015,1,62500.0,Cash,AUTH33550,2024-07-19 21:58:00
TXN90003473,ST03,CUST100874,PRD201076,2,9375.0,MTN MoMo,AUTH91005,2024-09-09 12:20:00
TXN90003474,ST07,CUST104500,PRD201004,1,3250.0,MTN Mobile Money,CASH-4282,2024-08-29 08:31:00
TXN90003475,ST20,CUST101767,PRD201056,3,63000.0,CASH,CASH-2929,2024-08-27 12:25:00
TXN90003476,ST11,CUST104797,PRD200165,2,1350.0,momo,CASH-2409,22/08/2024 19:44
TXN90003477,ST08,CUST104329,PRD200147,1,52500.0,MTN MoMo,,2024-09-11 15:53:00
TXN90003478,ST16,CUST103067,PRD200650,1,90000.0,momo,MP916171868,2024-08-19 00:46:00
TXN90003479,ST03,CUST101047,PRD200088,2,2500.0,Cash,CASH-9164,2024-10-17 13:53:00
TXN90003480,ST03,CUST101954,PRD200735,2,15000.0,MTN Mobile Money,AM402264694,2024-10-15 22:29:00
TXN90003481,ECOM01,CUST103468,PRD201020,2,1150.0,momo,CASH-9375,2024-11-16 04:40:00
TXN90003482,ST03,CUST101280,PRD200363,1,4500.0,Card,CASH-9357,26/10/2024 07:15
TXN90003483,ST12,CUST103929,PRD201160,1,"UGX 3,750",Airtel Money,MP821924182,2024-12-22 17:14:00
TXN90003484,ST23,CUST102922,PRD200339,3,UGX 682,Cash,MP846769062,2024-09-19 21:06:00
TXN90003485,ST19,CUST100935,PRD200490,3,9000.0,Airtel Money,AM529669487,2024-12-17 10:40:00
TXN90003486,ST18,CUST104249,PRD200632,4,1125.0,AirtelMoney,AM345343457,2024-09-26 08:45:00
TXN90003487,ST15,CUST104273,PRD200241,2,UGX6750,MTN MoMo,AUTH98818,2024-10-18 09:24:00
TXN90003488,ST02,CUST101223,PRD200029,1,3300.0,AirtelMoney,CASH-9991,2024-10-06 07:20:00
TXN90003489,ST02,,PRD200024,3,2600.0,Cash,CASH-9825,2024-11-04 07:11:00
TXN90003490,ST18,CUST102729,PRD201079,1,1800.0,AirtelMoney,AUTH25046,2024-12-14 13:32:00
TXN90003491,ST13,CUST101908,PRD200608,1,UGX8250,MTN MoMo,MP298781481,26/08/2024 00:51
TXN90003492,ST18,CUST100042,PRD200154,1,900.0,momo,CASH-8931,01/12/2024 09:05
TXN90003493,ST20,CUST104399,PRD201138,3,5595.96,momo,,2024-12-08 10:36:00
TXN90003494,ST23,CUST101961,PRD200431,1,2200.0,MTN MoMo,AM291179872,2024-12-23 08:32:00
TXN90003495,ST01,CUST102491,PRD200949,5,2500.0,Cash,AUTH91989,2024-12-07 07:53:00
TXN90003496,ST11,CUST103999,PRD200632,2,1125.0,MTN Mobile Money,AUTH95472,2024-09-15 09:51:00
TXN90003497,ECOM01,CUST100845,PRD200079,3,5850.0,MTN Mobile Money,AUTH13351,27/10/2024 08:24
TXN90003498,ST01,,PRD200454,-2,22500.0,MTN Mobile Money,MP820083014,2024-07-15 09:00:00
TXN90003499,ST20,CUST101122,PRD200153,2,900.0,MTN MoMo,AUTH25457,2024-09-29 04:17:00
TXN90003500,ST12,CUST101574,PRD200339,-2,682.36,AirtelMoney,CASH-7941,2024-10-14 11:23:00
TXN90003501,ST20,CUST100280,PRD200225,2,3600.0,AirtelMoney,AUTH41021,2024-11-29 11:02:00
TXN90003502,ST04,,PRD200777,2,42000.0,AirtelMoney,MP676104841,2024-10-31 13:35:00
TXN90003503,ECOM01,CUST101077,PRD200436,1,6750.0,Airtel Money,AM375766851,14/11/2024 01:53
TXN90003504,ST07,CUST102025,PRD200579,1,600.0,MTN Mobile Money,CASH-1485,2024-10-24 06:49:00
TXN90003505,ST02,CUST102946,PRD200860,1,9000.0,Cash,CASH-7906,06/12/2024 03:23
TXN90003506,ECOM01,CUST103160,PRD200263,2,4950.0,Cash,MP235423616,2024-10-16 20:01:00
TXN90003507,ST11,CUST100766,PRD200259,1,3300.0,Airtel Money,CASH-4628,2024-11-08 08:44:00
TXN90003508,ST19,CUST100149,PRD200052,1,2400.0,MTN Mobile Money,CASH-7291,2024-08-28 06:00:00
TXN90003509,ST14,CUST102660,PRD200495,2,2500.0,AirtelMoney,MP730238774,2024-07-01 13:32:00
TXN90003510,ECOM01,CUST102641,PRD200849,2,1500.0,MTN MoMo,CASH-6165,2024-08-08 01:25:00
TXN90003511,ST01,CUST100602,PRD200483,5,4500.0,MTN MoMo,AUTH28202,2024-08-20 00:56:00
TXN90003512,ST09,CUST101678,PRD200624,1,23000.0,Cash,MP172888865,2024-09-26 09:27:00
TXN90003513,ST18,CUST102124,PRD200817,1,63000.0,MTN Mobile Money,MP615220575,2024-11-26 03:03:00
TXN90003514,ST13,CUST103945,PRD200456,2,11500.0,Cash,CASH-4756,2024-12-13 21:07:00
TXN90003515,ST03,CUST101397,PRD200181,2,9750.0,momo,AM548244385,2024-11-04 03:30:00
TXN90003516,ST11,CUST103962,PRD200670,1,8250.0,MTN MoMo,,2024-11-22 19:59:00
TXN90003517,ST04,CUST102237,PRD200104,1,36000.0,MTN MoMo,CASH-2245,2024-08-18 00:28:00
TXN90003518,ST01,CUST101810,PRD200081,1,4500.0,Airtel Money,MP851864089,2024-07-16 23:41:00
TXN90003519,ST11,CUST102509,PRD200939,1,18750.0,MTN Mobile Money,AUTH24386,2024-10-28 12:09:00
TXN90003520,ST04,CUST101573,PRD200578,2,937.5,MTN Mobile Money,CASH-9334,2024-08-13 08:25:00
TXN90003521,ST23,CUST101887,PRD200033,2,2300.0,CASH,CASH-4547,2024-10-03 11:16:00
TXN90003522,ST08,CUST103800,PRD201147,1,"2,300",MTN Mobile Money,CASH-6692,2024-08-23 10:30:00
TXN90003523,ST02,CUST103938,PRD200315,3,6250.0,Airtel Money,AUTH10682,14/10/2024 22:12
TXN90003524,ST18,CUST100960,PRD200485,2,60000.0,momo,CASH-5319,24/09/2024 09:34
TXN90003525,ST12,CUST104010,PRD201142,1,12500.0,MTN MoMo,AM676558279,2024-10-07 04:48:00
TXN90003526,ECOM01,CUST100100,PRD200059,2,40250.0,Cash,,2024-10-18 01:38:00
TXN90003527,ECOM01,CUST104362,PRD201043,2,900.0,MTN MoMo,MP494520434,2024-08-06 12:59:00
TXN90003528,ST20,CUST102542,PRD200832,1,"3,900",Cash,AUTH32939,2024-09-17 14:39:00
TXN90003529,ST02,CUST104172,PRD200268,1,25000.0,MTN Mobile Money,AM276985169,2024-11-22 21:56:00
TXN90003530,ECOM01,CUST103628,PRD201097,1,1650.0,AirtelMoney,CASH-2362,2024-11-16 15:02:00
TXN90003531,ECOM01,CUST102838,PRD200406,1,2250.0,Card,AUTH55480,2024-11-04 18:30:00
TXN90003532,ECOM01,CUST101037,PRD200822,1,1125.0,MTN MoMo,,2024-11-26 14:21:00
TXN90003533,ST22,CUST101932,PRD200439,1,17250.0,Card,CASH-5206,2024-08-15 12:07:00
TXN90003534,ST17,CUST100523,PRD200004,3,"1,150",AirtelMoney,,2024-07-04 09:46:00
TXN90003535,ST23,CUST101357,PRD200017,1,326.93,Airtel Money,AUTH77853,2024-11-01 06:01:00
TXN90003536,ST19,CUST103677,PRD200475,1,43750.0,MTN MoMo,MP786904080,08/08/2024 07:51
TXN90003537,ECOM01,CUST104888,PRD200676,4,16500.0,MTN MoMo,CASH-2165,2024-07-27 01:35:00
TXN90003538,ECOM01,CUST104072,PRD200175,1,18000.0,momo,,2024-10-18 16:50:00
TXN90003539,ST22,CUST101047,PRD200096,1,18000.0,momo,AM778240087,2024-10-13 16:05:00
TXN90003540,ST14,CUST101340,PRD200094,1,43750.0,AirtelMoney,CASH-4362,2024-10-03 22:16:00
TXN90003541,ST02,CUST100296,PRD200596,-2,1974.41,Airtel Money,AUTH21114,2024-10-03 18:35:00
TXN90003542,ECOM01,CUST100126,PRD200895,2,1250.0,Airtel Money,,2024-08-06 23:08:00
TXN90003543,ST02,CUST104670,PRD201107,3,18750.0,MTN Mobile Money,AM138896476,2024-10-20 22:03:00
TXN90003544,ST06,CUST100939,PRD200077,1,2250.0,MTN Mobile Money,MP449852141,2024-09-03 15:16:00
TXN90003545,ST17,CUST102112,PRD200604,1,26000.0,MTN MoMo,CASH-5243,2024-09-09 19:12:00
TXN90003546,ST13,CUST104451,PRD200495,2,2500.0,MTN MoMo,MP156263616,2024-12-03 01:01:00
TXN90003547,ST12,CUST100869,PRD200663,1,750.0,MTN MoMo,AM809751819,2024-09-09 10:44:00
TXN90003548,ST07,CUST104615,PRD200468,1,15000.0,Card,AM601633178,2024-12-23 10:45:00
TXN90003549,ST22,CUST104905,PRD200922,1,55000.0,momo,,2024-12-17 16:43:00
TXN90003550,ECOM01,CUST100583,PRD201117,2,937.5,Airtel Money,,2024-07-04 21:44:00
TXN90003551,ST01,CUST102723,PRD200344,2,2300.0,Airtel Money,AM495291743,2024-12-04 21:37:00
TXN90003552,ST04,CUST102291,PRD200353,1,1875.0,MTN MoMo,AUTH22658,2024-09-09 21:43:00
TXN90003553,ST02,CUST100304,PRD200909,1,3000.0,AirtelMoney,MP907646764,2024-12-20 03:11:00
TXN90003554,ST07,CUST101254,PRD200679,2,937.5,Cash,MP144127488,2024-07-16 06:26:00
TXN90003555,ST23,CUST104856,PRD200660,1,62500.0,Cash,MP686545379,2024-10-13 05:17:00
TXN90003556,ST22,CUST101696,PRD200123,2,3750.0,Card,AUTH67869,2024-12-15 10:04:00
TXN90003557,ECOM01,CUST100334,PRD200583,1,23000.0,MTN MoMo,AUTH77467,2024-08-08 10:37:00
TXN90003558,ST10,CUST100347,PRD200169,1,1950.0,MTN Mobile Money,MP780687591,2024-11-12 12:32:00
TXN90003559,ECOM01,CUST104984,PRD200750,1,3600.0,momo,AUTH31111,2024-12-09 23:57:00
TXN90003560,ST05,CUST104223,PRD200797,1,39122.92,Cash,MP617746582,2024-07-28 16:36:00
TXN90003561,ST12,CUST101426,PRD200873,1,1300.0,MTN Mobile Money,AUTH48353,2024-10-28 03:22:00
TXN90003562,ST19,CUST104861,PRD200087,2,7500.0,Airtel Money,AM110609226,2024-08-05 08:30:00
TXN90003563,ECOM01,CUST100611,PRD200354,2,2700.0,Card,AM304954383,2024-10-28 03:16:00
TXN90003564,ST15,CUST102587,PRD201045,1,1800.0,CASH,AM420715877,13/09/2024 19:36
TXN90003565,ECOM01,CUST103610,PRD200128,1,5400.0,MTN MoMo,AUTH71752,2024-07-07 14:10:00
TXN90003566,ST09,CUST102633,PRD200136,4,90000.0,MTN MoMo,CASH-4959,2024-07-17 17:00:00
TXN90003567,ST15,CUST103744,PRD200797,2,39122.92,CASH,AUTH88259,2024-08-11 21:55:00
TXN90003568,ECOM01,CUST100166,PRD200216,2,16500.0,Cash,AUTH22743,2024-11-17 05:03:00
TXN90003569,ST09,CUST100683,PRD200761,4,1350.0,Cash,CASH-6998,2024-08-06 03:35:00
TXN90003570,ECOM01,CUST104136,PRD200580,1,3300.0,MTN MoMo,AM300362049,22/09/2024 02:12
TXN90003571,ST17,CUST104374,PRD200970,1,5175.0,MTN MoMo,CASH-1067,21/09/2024 21:40
TXN90003572,ST01,CUST102731,PRD200917,2,3450.0,AirtelMoney,CASH-5610,2024-07-25 07:31:00
TXN90003573,ST23,,PRD200115,3,60000.0,MTN MoMo,MP945151602,07/09/2024 21:23
TXN90003574,ST16,CUST104885,PRD200684,2,6750.0,Cash,MP595495043,25/12/2024 23:03
TXN90003575,ST10,CUST102593,PRD200513,1,65000.0,Cash,MP349187042,2024-09-29 11:21:00
TXN90003576,ST21,CUST102502,PRD200258,1,18000.0,Card,CASH-2036,2024-10-22 17:21:00
TXN90003577,ECOM01,CUST100461,PRD200958,5,2600.0,Airtel Money,MP578316116,2024-09-21 08:55:00
TXN90003578,ST19,CUST101569,PRD200051,2,42000.0,AirtelMoney,MP682049810,2024-07-24 00:47:00
TXN90003579,ST03,CUST104837,PRD201115,1,3000.0,MTN Mobile Money,CASH-9487,04/10/2024 09:04
TXN90003580,ECOM01,CUST103896,PRD200998,1,937.5,MTN MoMo,,2024-10-01 20:21:00
TXN90003581,ST16,CUST104904,PRD200774,2,6000.0,Airtel Money,CASH-7653,2024-07-08 06:38:00
TXN90003582,ST19,CUST104098,PRD200799,1,1150.0,momo,,2024-08-07 11:08:00
TXN90003583,ECOM01,CUST104104,PRD200273,1,2700.0,AirtelMoney,AM230055634,10/09/2024 04:00
TXN90003584,ST10,,PRD200779,1,25000.0,MTN MoMo,AUTH45117,2024-08-21 08:17:00
TXN90003585,ST17,CUST103958,PRD200368,2,8100.0,MTN MoMo,AUTH43887,2024-12-12 23:24:00
TXN90003586,ECOM01,CUST100044,PRD200699,1,15000.0,MTN MoMo,CASH-7344,2024-08-17 18:58:00
TXN90003587,ECOM01,CUST102596,PRD200003,1,9375.0,Cash,AM640369736,2024-09-21 10:22:00
TXN90003588,ST16,CUST101562,PRD200748,1,2600.0,Cash,AUTH60968,2024-12-02 03:05:00
TXN90003589,ST23,CUST100462,PRD200401,1,5625.0,Cash,AUTH24624,2024-12-03 11:25:00
TXN90003590,ECOM01,,PRD200878,2,18000.0,MTN MoMo,MP643018185,2024-07-03 09:29:00
TXN90003591,ST21,CUST104333,PRD200036,1,22000.0,Cash,AM102525922,2024-10-01 17:58:00
TXN90003592,ST16,CUST101672,PRD200265,2,27000.0,Card,,2024-11-04 06:05:00
TXN90003593,ST22,CUST104379,PRD200174,1,1500.0,AirtelMoney,,2024-07-03 11:29:00
TXN90003594,ECOM01,CUST100409,PRD200198,1,3000.0,MTN Mobile Money,,2024-07-10 23:46:00
TXN90003595,ST09,,PRD201039,1,19500.0,Airtel Money,AM538599941,2024-07-07 21:36:00
TXN90003596,ST10,CUST102279,PRD200073,3,38500.0,momo,AM544133497,2024-08-09 14:59:00
TXN90003597,ST19,CUST103174,PRD200611,2,2600.0,MTN MoMo,CASH-1547,2024-07-16 22:03:00
TXN90003598,ECOM01,CUST100010,PRD200399,2,900.0,AirtelMoney,AUTH27562,2024-08-15 18:04:00
TXN90003599,ST04,,PRD200047,4,750.0,Airtel Money,AUTH57914,2024-12-18 03:34:00
TXN90003600,ST21,CUST103164,PRD200304,1,1950.0,MTN MoMo,MP904168243,2024-07-17 20:40:00
TXN90003601,ST13,CUST104574,PRD200903,1,90000.0,Airtel Money,AUTH17074,16/07/2024 16:05
TXN90003602,ST18,,PRD200120,2,625.0,MTN Mobile Money,MP242544252,2024-11-30 04:46:00
TXN90003603,ST15,CUST103175,PRD200589,2,3250.0,MTN MoMo,AM570629658,2024-08-28 22:50:00
TXN90003604,ST10,CUST104963,PRD200451,3,975.0,Airtel Money,MP124219567,26/09/2024 00:51
TXN90003605,ST07,CUST101924,PRD201049,1,600.0,MTN MoMo,AM897918126,2024-12-11 06:55:00
TXN90003606,ECOM01,CUST104639,PRD200117,3,3600.0,MTN MoMo,AM712835864,2024-09-16 23:27:00
TXN90003607,ST13,CUST104742,PRD200133,4,13000.0,AirtelMoney,CASH-9531,2024-11-13 09:33:00
TXN90003608,ST17,,PRD200034,2,UGX12500,MTN MoMo,MP143586313,2024-11-17 08:14:00
TXN90003609,ST07,CUST100139,PRD200173,1,62500.0,MTN MoMo,,2024-12-01 15:02:00
TXN90003610,ST18,,PRD200390,2,2700.0,MTN MoMo,AM497951457,2024-12-18 15:16:00
TXN90003611,ST23,CUST103955,PRD200647,2,13000.0,MTN Mobile Money,AUTH46898,06/08/2024 14:30
TXN90003612,ECOM01,CUST102016,PRD200261,2,52500.0,CASH,MP706983203,2024-12-06 14:32:00
TXN90003613,ECOM01,CUST102162,PRD201034,-1,36000.0,MTN Mobile Money,,2024-11-14 04:07:00
TXN90003614,ST22,CUST100451,PRD200875,1,4036.94,MTN MoMo,AM212508498,2024-10-05 04:02:00
TXN90003615,ST09,CUST103226,PRD200179,1,6750.0,Airtel Money,MP995555605,2024-08-24 10:20:00
TXN90003616,ST03,CUST100450,PRD201022,2,19500.0,Airtel Money,AM756493253,2024-08-31 01:35:00
TXN90003617,ECOM01,CUST103462,PRD200635,2,6750.0,MTN MoMo,,2024-10-25 11:10:00
TXN90003618,ST01,CUST103894,PRD200473,1,15000.0,MTN MoMo,AUTH86791,2024-09-30 19:48:00
TXN90003619,ST06,CUST100752,PRD200107,2,1800.0,Cash,AUTH59469,2024-07-09 13:25:00
TXN90003620,ST11,,PRD200512,3,4500.0,CASH,MP537370164,2024-07-13 20:11:00
TXN90003621,ST23,CUST101443,PRD201158,2,36000.0,MTN Mobile Money,CASH-4893,2024-11-08 05:09:00
TXN90003622,ST21,CUST104893,PRD200573,2,42000.0,MTN MoMo,,2024-12-24 10:51:00
TXN90003623,ST09,CUST103456,PRD200166,1,UGX11000,momo,AM252136751,05/09/2024 22:41
TXN90003624,ST15,CUST101450,PRD200232,1,9375.0,MTN MoMo,AM330343659,2024-09-20 01:19:00
TXN90003625,ECOM01,CUST102462,PRD200044,1,8625.0,MTN MoMo,AUTH24408,2024-10-01 04:58:00
TXN90003626,ST18,CUST104737,PRD200528,3,UGX625,Cash,MP580507274,2024-09-06 01:10:00
TXN90003627,ST19,CUST100171,PRD200457,-2,5175.0,AirtelMoney,CASH-4093,2024-11-07 00:59:00
TXN90003628,ECOM01,CUST100376,PRD201031,1,UGX6500,Card,AM768898611,2024-10-22 14:30:00
TXN90003629,ST19,CUST100808,PRD200925,3,62500.0,MTN MoMo,AM572722064,2024-09-04 09:31:00
TXN90003630,ST19,CUST104288,PRD201010,2,18750.0,momo,,2024-07-16 13:31:00
TXN90003631,ECOM01,CUST103284,PRD201138,1,5595.96,AirtelMoney,AUTH69606,18/12/2024 08:36
TXN90003632,ST17,CUST102710,PRD200017,2,326.93,MTN Mobile Money,AUTH29721,2024-10-18 19:53:00
TXN90003633,ECOM01,CUST104078,PRD200931,4,9750.0,AirtelMoney,AUTH96408,2024-07-16 15:43:00
TXN90003634,ECOM01,CUST100019,PRD200659,1,5595.96,MTN MoMo,CASH-2294,2024-11-02 12:36:00
TXN90003635,ST21,CUST101245,PRD200176,2,5750.0,MTN Mobile Money,MP162898618,2024-10-03 09:55:00
TXN90003636,ST17,CUST101049,PRD200879,3,2500.0,Airtel Money,,22/11/2024 11:55
TXN90003637,ST22,CUST102810,PRD200875,1,4036.94,Card,MP921470735,2024-09-28 23:46:00
TXN90003638,ST08,CUST103923,PRD200888,3,3750.0,MTN Mobile Money,AM116328779,2024-07-19 01:39:00
TXN90003639,ST10,CUST104640,PRD200487,1,3600.0,MTN Mobile Money,AUTH22188,2024-08-08 13:24:00
TXN90003640,ST02,CUST104729,PRD200121,1,3600.0,AirtelMoney,AM361890202,2024-11-06 02:04:00
TXN90003641,ST17,CUST102247,PRD200663,1,750.0,MTN Mobile Money,AUTH85470,2024-07-22 01:49:00
TXN90003642,ST12,CUST102442,PRD200945,2,3557.96,MTN MoMo,AUTH69532,2024-07-16 10:52:00
TXN90003643,ST15,CUST102876,PRD200357,2,19500.0,momo,AM167443429,10/12/2024 11:05
TXN90003644,ST20,CUST100289,PRD200674,3,22000.0,momo,AUTH56076,2024-10-07 00:55:00
TXN90003645,ST02,CUST102714,PRD200569,1,4950.0,MTN MoMo,,2024-11-17 21:04:00
TXN90003646,ST04,CUST104828,PRD200067,2,8100.0,momo,MP504642705,2024-10-08 02:01:00
TXN90003647,ST04,CUST100818,PRD200082,-1,9000.0,Cash,AUTH34893,2024-08-13 17:50:00
TXN90003648,ST05,CUST101926,PRD200141,1,UGX5175,MTN Mobile Money,AUTH48656,18/12/2024 10:15
TXN90003649,ST04,CUST101416,PRD200499,2,600.0,MTN Mobile Money,AM642216103,14/09/2024 22:32
TXN90003650,ST15,CUST101889,PRD200294,2,24000.0,Airtel Money,CASH-3408,12/07/2024 05:49
TXN90003651,ST21,CUST101451,PRD200852,1,4500.0,AirtelMoney,MP909616932,2024-08-02 12:33:00
TXN90003652,ECOM01,CUST104071,PRD201042,2,2750.0,Airtel Money,AUTH37379,2024-08-16 16:36:00
TXN90003653,ST19,CUST103096,PRD200338,3,5400.0,Airtel Money,AM159648797,2024-12-01 11:35:00
TXN90003654,ST05,CUST103104,PRD200056,1,40250.0,CASH,CASH-3384,2024-11-23 23:54:00
TXN90003655,ECOM01,CUST102477,PRD200484,1,4500.0,MTN MoMo,MP305853844,14/08/2024 19:20
TXN90003656,ST19,CUST101470,PRD200490,2,9000.0,Cash,AUTH25905,2024-07-16 05:28:00
TXN90003657,ECOM01,CUST100422,PRD201065,4,13500.0,Airtel Money,AUTH72601,2024-10-09 15:03:00
TXN90003658,ST12,CUST102824,PRD201006,1,5750.0,MTN MoMo,AM714655036,2024-10-10 18:07:00
TXN90003659,ST23,CUST102945,PRD200871,2,9375.0,MTN Mobile Money,CASH-5036,2024-09-08 23:43:00
TXN90003660,ST16,CUST102966,PRD200882,3,550.0,Airtel Money,AM388461947,2024-09-24 11:01:00
TXN90003661,ST22,CUST100507,PRD200811,3,1350.0,AirtelMoney,CASH-4047,2024-09-29 21:11:00
TXN90003662,ST05,CUST104671,PRD200139,-1,3750.0,Airtel Money,AM655094412,12/12/2024 13:49
TXN90003663,ST22,CUST103294,PRD200144,2,3900.0,Airtel Money,CASH-2079,2024-10-07 10:42:00
TXN90003664,ST07,CUST100392,PRD200260,1,3900.0,Airtel Money,CASH-9119,2024-11-07 23:20:00
TXN90003665,ST01,CUST100433,PRD200674,1,22000.0,Airtel Money,MP135916162,2024-08-19 06:43:00
TXN90003666,ST23,CUST103794,PRD200256,1,975.0,MTN Mobile Money,,2024-08-06 05:29:00
TXN90003667,ST18,CUST100524,PRD201013,1,5750.0,Airtel Money,CASH-1204,2024-11-11 21:52:00
TXN90003668,ST13,CUST101837,PRD200310,3,38500.0,MTN Mobile Money,AM609553543,2024-07-27 11:43:00
TXN90003669,ECOM01,,PRD201057,2,825.0,MTN MoMo,CASH-4692,14/10/2024 07:46
TXN90003670,ECOM01,CUST101453,PRD200684,2,6750.0,Cash,AM678454189,2024-09-30 01:02:00
TXN90003671,ST02,CUST104190,PRD200325,1,825.0,momo,AUTH98427,2024-10-30 17:46:00
TXN90003672,ECOM01,CUST103511,PRD200139,1,3750.0,Airtel Money,AUTH73504,2024-08-20 23:47:00
TXN90003673,ECOM01,CUST100048,PRD200757,-2,825.0,MTN Mobile Money,AM338864586,2024-10-07 19:24:00
TXN90003674,ECOM01,CUST100567,PRD200081,2,4500.0,momo,CASH-4027,2024-07-20 03:43:00
TXN90003675,ST06,CUST103049,PRD200169,3,1950.0,MTN MoMo,CASH-1310,2024-12-18 08:04:00
TXN90003676,ST17,CUST102857,PRD200597,3,5750.0,momo,AUTH73566,2024-12-15 08:58:00
TXN90003677,ST01,CUST101642,PRD200204,3,40250.0,momo,AUTH33107,2024-11-06 17:46:00
TXN90003678,ST05,CUST101855,PRD200343,1,1500.0,MTN MoMo,MP914157244,2024-12-22 13:41:00
TXN90003679,ST02,CUST104772,PRD200268,2,25000.0,CASH,MP372106820,2024-10-05 18:39:00
TXN90003680,ST04,CUST103142,PRD200812,1,1800.0,MTN MoMo,MP717146075,2024-11-14 21:07:00
TXN90003681,ST20,CUST104319,PRD200723,3,1725.0,Cash,MP712254635,2024-09-09 13:43:00
TXN90003682,ST10,CUST102006,PRD200246,1,"22,500",MTN Mobile Money,MP683315713,2024-08-13 08:55:00
TXN90003683,ECOM01,CUST104753,PRD200629,3,575.0,MTN Mobile Money,CASH-8267,2024-12-15 05:03:00
TXN90003684,ST21,CUST103363,PRD200494,1,25000.0,Card,AUTH51117,2024-09-15 19:51:00
TXN90003685,ECOM01,CUST100104,PRD200849,2,1500.0,MTN MoMo,MP531971388,2024-09-09 08:30:00
TXN90003686,ST07,CUST104693,PRD200169,4,1950.0,Airtel Money,,2024-09-23 16:36:00
TXN90003687,ECOM01,CUST100232,PRD200896,5,30000.0,Cash,MP989157456,2024-09-09 04:44:00
TXN90003688,ST05,CUST100331,PRD200656,4,1250.0,MTN MoMo,AM976952206,30/10/2024 07:40
TXN90003689,ECOM01,CUST103015,PRD200394,2,3600.0,MTN Mobile Money,AM382332656,2024-08-09 08:08:00
TXN90003690,ST18,CUST103692,PRD200757,1,825.0,Airtel Money,CASH-3036,2024-08-11 17:10:00
TXN90003691,ST23,CUST103654,PRD200799,1,1150.0,CASH,AM785606836,2024-10-24 04:06:00
TXN90003692,ECOM01,CUST102656,PRD200111,3,63000.0,AirtelMoney,,23/12/2024 18:53
TXN90003693,ST01,CUST104518,PRD200671,1,550.0,AirtelMoney,AM983191644,2024-07-21 11:39:00
TXN90003694,ECOM01,CUST101329,PRD200719,-1,1300.0,MTN MoMo,,2024-08-09 21:10:00
TXN90003695,ST20,,PRD201060,3,9750.0,momo,CASH-9338,2024-11-28 09:01:00
TXN90003696,ST14,CUST104670,PRD200828,1,13000.0,Airtel Money,MP123961970,2024-07-01 21:46:00
TXN90003697,ECOM01,CUST100704,PRD200800,3,3600.0,MTN MoMo,CASH-7286,2024-07-10 02:25:00
TXN90003698,ST14,CUST104976,PRD200030,2,2600.0,CASH,AM410575703,2024-10-12 09:17:00
TXN90003699,ST09,CUST104121,PRD200348,1,UGX2400,Cash,,2024-07-17 07:36:00
TXN90003700,ST20,CUST103897,PRD200685,1,1150.0,AirtelMoney,AUTH43896,2024-11-28 07:00:00
TXN90003701,ST05,CUST101231,PRD200283,2,3750.0,AirtelMoney,AUTH48037,15/07/2024 17:03
TXN90003702,ECOM01,CUST101136,PRD200743,1,575.0,CASH,AM856448265,2024-10-10 05:25:00
TXN90003703,ST09,CUST103165,PRD200540,3,11000.0,Card,AM697325797,2024-11-28 05:35:00
TXN90003704,ECOM01,CUST101069,PRD200413,1,25000.0,Card,AM937081813,2024-12-12 07:10:00
TXN90003705,ST12,CUST103870,PRD200591,1,12500.0,MTN MoMo,AM569756018,2024-09-15 01:12:00
TXN90003706,ST05,CUST104848,PRD200215,3,"UGX 36,165",Cash,,2024-07-28 00:28:00
TXN90003707,ST08,CUST102241,PRD201085,1,22000.0,Cash,MP733975071,2024-10-09 02:20:00
TXN90003708,ECOM01,CUST102832,PRD200615,1,UGX1875,momo,CASH-3997,2024-10-24 23:58:00
TXN90003709,ST11,CUST101395,PRD200824,1,3250.0,MTN MoMo,AUTH58313,14/12/2024 13:04
TXN90003710,ST12,CUST102723,PRD200994,1,17250.0,Card,CASH-7834,2024-09-04 14:07:00
TXN90003711,ST07,CUST101983,PRD200641,1,52500.0,Airtel Money,CASH-5727,2024-08-08 07:01:00
TXN90003712,ST18,CUST104540,PRD200582,3,UGX1250,MTN Mobile Money,AM897726715,2024-12-18 18:51:00
TXN90003713,ST04,CUST102420,PRD200084,2,1725.0,Cash,MP376790531,2024-07-22 08:43:00
TXN90003714,ST05,CUST101160,PRD200316,1,1800.0,MTN MoMo,MP737668137,2024-11-11 20:43:00
TXN90003715,ST07,CUST104723,PRD200856,2,19500.0,momo,MP990339319,2024-08-07 07:59:00
TXN90003716,ST07,CUST104884,PRD200239,1,1350.0,CASH,AUTH60674,2024-07-28 17:21:00
TXN90003717,ST13,CUST102435,PRD200999,1,UGX5175,MTN Mobile Money,CASH-5177,2024-09-09 02:11:00
TXN90003718,ECOM01,CUST101486,PRD200954,1,38500.0,Cash,CASH-3682,2024-08-21 06:48:00
TXN90003719,ST07,CUST100157,PRD201028,3,3900.0,Airtel Money,CASH-2151,2024-08-22 18:54:00
TXN90003720,ST16,CUST103752,PRD200580,-1,3300.0,MTN MoMo,CASH-3019,2024-08-21 11:24:00
TXN90003721,ECOM01,CUST102948,PRD200495,2,2500.0,MTN MoMo,,2024-10-19 01:16:00
TXN90003722,ST17,CUST103107,PRD200115,1,60000.0,MTN Mobile Money,MP573105132,2024-08-16 08:02:00
TXN90003723,ST11,CUST103187,PRD200188,2,"38,500",Cash,MP956250863,2024-10-21 10:34:00
TXN90003724,ECOM01,,PRD200409,2,1950.0,Airtel Money,MP929485973,2024-11-28 09:29:00
TXN90003725,ST05,CUST102065,PRD200484,4,4500.0,Cash,AM536177196,2024-10-01 22:40:00
TXN90003726,ECOM01,CUST104004,PRD200373,2,18750.0,Airtel Money,CASH-3845,2024-07-05 20:30:00
TXN90003727,ECOM01,CUST103304,PRD200767,1,937.5,Airtel Money,AUTH46949,2024-12-01 09:16:00
TXN90003728,ST21,CUST101302,PRD200100,3,1875.0,Airtel Money,AM847604968,2024-11-13 22:33:00
TXN90003729,ECOM01,CUST104830,PRD200471,1,2500.0,Cash,MP719621046,2024-07-08 04:03:00
TXN90003730,ST07,CUST100293,PRD200593,4,550.0,Cash,AUTH79111,2024-12-23 07:56:00
TXN90003731,ECOM01,CUST102911,PRD200552,1,11000.0,Airtel Money,AUTH18680,2024-12-09 02:28:00
TXN90003732,ST22,CUST104786,PRD200659,1,5595.96,Cash,MP955518864,2024-10-26 23:54:00
TXN90003733,ST07,CUST104512,PRD200366,1,"UGX 5,400",Cash,CASH-8437,2024-07-19 21:15:00
TXN90003734,ST21,CUST103607,PRD200372,4,900.0,CASH,CASH-6007,17/09/2024 15:59
TXN90003735,ST09,CUST104990,PRD200404,2,2250.0,MTN MoMo,AM455429291,2024-09-07 16:45:00
TXN90003736,ST06,CUST104959,PRD200179,1,6750.0,MTN MoMo,CASH-5197,30/07/2024 18:55
TXN90003737,ECOM01,CUST104179,PRD200820,1,"UGX 8,100",MTN Mobile Money,MP867286064,2024-07-09 00:34:00
TXN90003738,ST14,CUST104267,PRD200616,-1,3250.0,MTN MoMo,AM560925754,2024-12-06 20:12:00
TXN90003739,ST22,CUST104683,PRD200046,1,367.06,MTN MoMo,AUTH90176,2024-12-08 17:30:00
TXN90003740,ECOM01,CUST102425,PRD200333,2,55000.0,Cash,AUTH88797,2024-08-22 03:09:00
TXN90003741,ST07,CUST103064,PRD200351,1,52500.0,Cash,AUTH99210,2024-07-23 10:29:00
TXN90003742,ST07,,PRD200009,4,5500.0,MTN MoMo,AUTH90959,2024-09-04 11:11:00
TXN90003743,ST08,CUST103225,PRD200585,1,12000.0,MTN MoMo,AM838530369,2024-08-09 11:50:00
TXN90003744,ECOM01,,PRD200244,3,17250.0,Card,CASH-8692,2024-10-02 18:50:00
TXN90003745,ST02,CUST101509,PRD200667,1,36000.0,AirtelMoney,AM908198713,2024-07-12 07:15:00
TXN90003746,ST22,CUST101149,PRD200674,1,22000.0,AirtelMoney,AM670451415,2024-07-13 02:43:00
TXN90003747,ST23,CUST103085,PRD200326,4,3300.0,AirtelMoney,AM709839310,2024-10-16 21:01:00
TXN90003748,ECOM01,CUST103875,PRD201088,1,57500.0,momo,MP879833405,2024-08-15 17:17:00
TXN90003749,ST22,CUST104181,PRD200711,1,3300.0,MTN MoMo,MP343271768,2024-12-12 18:38:00
TXN90003750,ST05,CUST100683,PRD201005,1,"5,400",CASH,,2024-11-08 10:56:00
TXN90003751,ST05,CUST103209,PRD201125,-1,1950.0,Airtel Money,CASH-7045,2024-08-05 20:58:00
TXN90003752,ST08,CUST104362,PRD200810,1,13500.0,MTN MoMo,CASH-2590,2024-11-25 15:35:00
TXN90003753,ST18,CUST102553,PRD200296,3,3750.0,MTN Mobile Money,AUTH91658,2024-07-25 02:47:00
TXN90003754,ST17,CUST103499,PRD200469,2,4950.0,MTN MoMo,,23/08/2024 06:21
TXN90003755,ST08,CUST103999,PRD200233,1,937.5,momo,AM617237215,2024-08-02 23:31:00
TXN90003756,ST03,CUST104459,PRD200066,3,1250.0,CASH,CASH-1832,31/08/2024 14:20
TXN90003757,ST20,CUST104914,PRD200772,1,13000.0,AirtelMoney,AM853546709,18/10/2024 10:11
TXN90003758,ST05,CUST104269,PRD201143,1,23000.0,MTN MoMo,CASH-3097,2024-12-26 15:08:00
TXN90003759,ST19,CUST100123,PRD201102,1,3750.0,MTN MoMo,AM543999774,2024-09-19 21:38:00
TXN90003760,ST03,,PRD201102,1,3750.0,Airtel Money,AM135703206,2024-10-10 15:50:00
TXN90003761,ST02,CUST104383,PRD200274,1,11500.0,MTN MoMo,AUTH98754,2024-07-17 01:09:00
TXN90003762,ST07,CUST100753,PRD200022,1,3900.0,MTN Mobile Money,AUTH66773,2024-12-21 00:36:00
TXN90003763,ECOM01,CUST103607,PRD200882,1,550.0,Cash,CASH-2260,2024-08-04 13:15:00
TXN90003764,ST14,CUST104038,PRD200637,2,22000.0,momo,CASH-8850,27/12/2024 04:07
TXN90003765,ECOM01,CUST100303,PRD200690,1,5750.0,Cash,CASH-8818,2024-07-11 17:32:00
TXN90003766,ST02,,PRD200815,1,45500.0,MTN Mobile Money,CASH-4661,2024-11-26 00:36:00
TXN90003767,ST21,CUST103614,PRD200535,1,3600.0,Cash,CASH-9392,2024-11-21 13:23:00
TXN90003768,ECOM01,CUST102972,PRD200498,1,625.0,Airtel Money,AM562768465,2024-09-26 04:29:00
TXN90003769,ST14,,PRD201102,1,3750.0,momo,AUTH11681,2024-07-22 15:05:00
TXN90003770,ST07,CUST103615,PRD200819,2,90000.0,Cash,MP123348172,2024-12-19 16:32:00
TXN90003771,ST05,CUST100179,PRD200600,2,671.99,MTN MoMo,MP132991752,2024-12-09 18:53:00
TXN90003772,ST20,CUST102208,PRD200120,1,625.0,momo,MP403355066,31/08/2024 21:53
TXN90003773,ST20,,PRD200376,1,3750.0,Airtel Money,MP240172474,2024-08-09 11:40:00
TXN90003774,ST04,CUST101110,PRD200413,1,25000.0,MTN MoMo,,2024-09-20 20:31:00
TXN90003775,ST17,CUST101294,PRD200837,1,90000.0,Airtel Money,,2024-11-02 08:52:00
TXN90003776,ST12,CUST102602,PRD200646,1,UGX18000,MTN MoMo,AM976638268,2024-11-07 11:05:00
TXN90003777,ST09,CUST101660,PRD200738,5,63000.0,CASH,AUTH94550,2024-10-18 22:00:00
TXN90003778,ST12,CUST100992,PRD200184,1,3600.0,AirtelMoney,CASH-7849,2024-08-20 21:39:00
TXN90003779,ST01,CUST101946,PRD200811,1,1350.0,Airtel Money,AUTH80712,2024-09-02 09:56:00
TXN90003780,ECOM01,CUST103241,PRD200070,2,1100.0,Airtel Money,AM786431618,2024-12-11 09:27:00
TXN90003781,ST04,CUST102299,PRD200994,2,17250.0,MTN MoMo,AUTH22334,2024-12-19 09:01:00
TXN90003782,ST03,CUST104081,PRD200202,5,42000.0,MTN Mobile Money,CASH-1267,2024-08-11 14:45:00
TXN90003783,ST11,CUST100075,PRD200320,2,43750.0,MTN MoMo,AM801943082,2024-09-19 22:32:00
TXN90003784,ST06,CUST104215,PRD200846,1,8100.0,Cash,,2024-09-24 07:20:00
TXN90003785,ST23,CUST104460,PRD200826,1,"18,000",Cash,CASH-3444,2024-07-13 16:17:00
TXN90003786,ST15,CUST102992,PRD200515,1,45500.0,MTN MoMo,CASH-1110,2024-08-18 11:12:00
TXN90003787,ST10,CUST100899,PRD200687,2,60000.0,momo,MP292083731,2024-10-18 08:26:00
TXN90003788,ST06,CUST100856,PRD200560,1,18000.0,Cash,AUTH11072,17/07/2024 03:46
TXN90003789,ST14,CUST101877,PRD200607,2,920.33,MTN Mobile Money,AM614145808,2024-12-15 03:10:00
TXN90003790,ST18,CUST101313,PRD200355,1,975.0,MTN Mobile Money,AUTH81148,2024-11-22 09:55:00
TXN90003791,ST06,CUST101999,PRD200374,3,19500.0,MTN Mobile Money,MP343254594,2024-10-23 07:13:00
TXN90003792,ST04,,PRD200939,1,18750.0,MTN Mobile Money,AUTH17555,2024-10-11 12:45:00
TXN90003793,ECOM01,CUST104125,PRD200513,2,65000.0,Card,CASH-5212,2024-07-09 18:38:00
TXN90003794,ECOM01,CUST104693,PRD200773,4,2500.0,Airtel Money,AM901192717,2024-08-28 09:32:00
TXN90003795,ECOM01,CUST102452,PRD200200,1,"62,500",MTN Mobile Money,AUTH23552,2024-07-03 04:58:00
TXN90003796,ST06,CUST100656,PRD201144,2,2700.0,Airtel Money,AUTH71252,06/08/2024 16:49
TXN90003797,ST22,CUST103756,PRD200447,2,90000.0,MTN MoMo,AUTH58137,2024-08-01 10:46:00
TXN90003798,ECOM01,CUST102464,PRD200997,2,17250.0,CASH,AUTH84873,2024-12-02 12:12:00
TXN90003799,ST03,CUST101297,PRD201041,1,3600.0,Cash,AM958734330,2024-10-22 19:38:00
TXN90003800,ST23,CUST102493,PRD200258,1,18000.0,Airtel Money,CASH-7461,2024-07-21 19:05:00
TXN90003801,ST04,CUST101321,PRD200333,2,55000.0,Cash,MP190029808,2024-07-02 03:52:00
TXN90003802,ST18,CUST103250,PRD200436,1,6750.0,momo,AM843816744,2024-07-08 00:12:00
TXN90003803,ST11,CUST101396,PRD200445,1,"UGX 13,000",MTN MoMo,AM804920627,2024-09-26 12:50:00
TXN90003804,ST17,CUST100146,PRD201137,1,12500.0,MTN MoMo,AM498247452,2024-07-28 09:23:00
TXN90003805,ST19,CUST100954,PRD201076,2,UGX9375,Airtel Money,AUTH43170,2024-08-16 12:43:00
TXN90003806,ECOM01,CUST101246,PRD200198,1,3000.0,Airtel Money,AM353300693,2024-10-05 21:09:00
TXN90003807,ECOM01,CUST101117,PRD200577,1,2400.0,Airtel Money,CASH-4733,2024-09-16 01:14:00
TXN90003808,ECOM01,,PRD201091,1,11500.0,AirtelMoney,AM996560884,2024-09-06 14:53:00
TXN90003809,ECOM01,CUST101539,PRD200748,2,2600.0,Airtel Money,MP741808712,2024-10-18 02:24:00
TXN90003810,ST13,CUST102521,PRD200378,2,3300.0,MTN MoMo,CASH-1124,2024-08-08 06:22:00
TXN90003811,ST08,,PRD200546,4,5175.0,Airtel Money,CASH-7897,2024-11-25 22:10:00
TXN90003812,ST13,,PRD200168,1,30000.0,Cash,MP234935484,07/12/2024 09:13
TXN90003813,ECOM01,CUST100582,PRD200459,1,42000.0,Airtel Money,MP747824982,2024-08-13 12:26:00
TXN90003814,ST13,CUST101707,PRD200694,1,11000.0,Airtel Money,,08/08/2024 02:51
TXN90003815,ECOM01,CUST102216,PRD200720,3,3125.0,MTN MoMo,AM133054083,2024-11-07 18:06:00
TXN90003816,ST14,CUST101046,PRD200623,2,12500.0,momo,AM308489941,2024-08-31 23:26:00
TXN90003817,ECOM01,CUST101200,PRD200845,1,1800.0,MTN MoMo,AM973504394,18/07/2024 13:27
TXN90003818,ST04,CUST104596,PRD200180,1,5400.0,Airtel Money,MP201431611,07/08/2024 08:42
TXN90003819,ECOM01,CUST101349,PRD200853,2,"UGX 3,125",Airtel Money,AM368423384,2024-08-12 06:11:00
TXN90003820,ST01,CUST101864,PRD200906,1,8250.0,MTN MoMo,AM484877273,2024-08-23 09:41:00
TXN90003821,ECOM01,,PRD200579,2,600.0,MTN MoMo,MP653471960,2024-08-04 17:29:00
TXN90003822,ECOM01,CUST101690,PRD200459,1,42000.0,Card,AM921969325,2024-07-25 01:27:00
TXN90003823,ST06,CUST103009,PRD200413,1,25000.0,MTN Mobile Money,MP776474134,2024-11-18 22:19:00
TXN90003824,ECOM01,CUST104164,PRD200337,4,25000.0,Airtel Money,AUTH88173,2024-11-10 04:08:00
TXN90003825,ECOM01,,PRD200830,1,36000.0,MTN Mobile Money,CASH-8595,2024-08-27 07:00:00
TXN90003826,ST04,CUST101461,PRD200102,2,1200.0,momo,AUTH13724,2024-08-05 03:59:00
TXN90003827,ST22,CUST103028,PRD200713,1,1500.0,MTN Mobile Money,CASH-2415,2024-08-31 04:47:00
TXN90003828,ST04,CUST102118,PRD201069,3,8100.0,Cash,MP430098392,2024-07-08 19:59:00
TXN90003829,ST16,CUST104039,PRD200188,2,38500.0,CASH,MP550018815,2024-11-28 05:48:00
TXN90003830,ST20,CUST101220,PRD200444,3,2300.0,Cash,AUTH25959,08/09/2024 17:19
TXN90003831,ECOM01,CUST102679,PRD200971,1,8100.0,Cash,AM442513758,2024-09-28 02:14:00
TXN90003832,ST12,CUST104941,PRD200144,4,3900.0,momo,AUTH73483,2024-12-27 13:14:00
TXN90003833,ST14,CUST102332,PRD200832,3,3900.0,AirtelMoney,AM219697598,2024-08-28 01:58:00
TXN90003834,ST06,CUST104969,PRD200020,1,40250.0,MTN Mobile Money,AUTH53004,2024-08-13 08:29:00
TXN90003835,ST23,CUST100109,PRD200431,4,2200.0,momo,AUTH36060,2024-12-06 16:05:00
TXN90003836,ST12,CUST103756,PRD201150,1,"UGX 25,000",Airtel Money,AUTH73752,2024-10-05 08:28:00
TXN90003837,ST07,CUST102108,PRD200549,2,650,Cash,,2024-11-06 10:54:00
TXN90003838,ECOM01,CUST103055,PRD200061,1,18750.0,Airtel Money,,2024-08-29 19:43:00
TXN90003839,ST04,CUST103179,PRD200655,2,2250.0,MTN MoMo,AUTH97586,2024-07-29 11:08:00
TXN90003840,ST16,CUST104873,PRD200971,2,8100.0,Cash,CASH-6436,2024-12-13 17:46:00
TXN90003841,ST18,CUST102310,PRD200497,3,600.0,momo,MP221786685,2024-08-04 09:23:00
TXN90003842,ST02,CUST103188,PRD200218,2,650.0,Cash,AM301042242,2024-12-15 14:59:00
TXN90003843,ST10,CUST104617,PRD200300,3,5400.0,AirtelMoney,MP437379000,2024-10-20 19:48:00
TXN90003844,ST18,,PRD200386,1,62500.0,Airtel Money,AUTH26954,11/10/2024 12:12
TXN90003845,ECOM01,CUST102527,PRD200025,2,1875.0,AirtelMoney,CASH-7996,2024-10-14 22:15:00
TXN90003846,ST10,CUST101304,PRD200799,1,1150.0,Cash,AUTH84496,2024-07-27 03:45:00
TXN90003847,ST11,CUST101990,PRD200402,1,6750.0,MTN Mobile Money,AM778959169,2024-11-04 14:14:00
TXN90003848,ST14,CUST102942,PRD200672,2,UGX23000,Cash,,2024-12-17 00:33:00
TXN90003849,ST03,CUST101810,PRD200926,3,38500.0,MTN MoMo,MP451140713,2024-09-06 10:58:00
TXN90003850,ECOM01,CUST103359,PRD201039,1,19500.0,MTN Mobile Money,CASH-2993,10/11/2024 14:12
TXN90003851,ST19,CUST102506,PRD200622,1,75000.0,Airtel Money,,2024-11-08 09:27:00
TXN90003852,ST14,CUST100384,PRD200517,1,2400.0,Cash,AM502292946,2024-10-26 04:13:00
TXN90003853,ST08,CUST103467,PRD200419,-2,1800.0,CASH,MP740135158,2024-12-08 05:29:00
TXN90003854,ST10,CUST100238,PRD200885,1,3600.0,MTN MoMo,AUTH60320,2024-09-11 19:59:00
TXN90003855,ST21,CUST104338,PRD201033,1,63000.0,AirtelMoney,AM828722239,2024-08-07 09:16:00
TXN90003856,ST09,CUST100815,PRD200429,5,24000.0,MTN MoMo,AUTH40664,2024-07-07 12:52:00
TXN90003857,ECOM01,CUST101197,PRD200227,1,550.0,Cash,MP416618481,2024-07-03 15:39:00
TXN90003858,ST02,CUST103595,PRD200818,1,3450.0,CASH,AUTH58679,14/08/2024 01:22
TXN90003859,ECOM01,CUST102464,PRD200630,5,575.0,momo,AM687318150,2024-08-23 20:54:00
TXN90003860,ST18,CUST100707,PRD200100,1,1875.0,Card,AUTH46771,2024-07-30 03:09:00
TXN90003861,ST21,CUST101942,PRD200593,1,550.0,AirtelMoney,CASH-9836,2024-10-13 05:41:00
TXN90003862,ST06,CUST101022,PRD200223,3,17250.0,Cash,AUTH95889,2024-07-30 07:14:00
TXN90003863,ST20,CUST104919,PRD200476,1,11500.0,MTN Mobile Money,,2024-07-08 13:48:00
TXN90003864,ECOM01,CUST103288,PRD200438,1,1150.0,momo,CASH-3281,2024-07-21 00:30:00
TXN90003865,ECOM01,CUST102940,PRD200090,4,1897.03,MTN MoMo,CASH-8379,2024-07-10 15:17:00
TXN90003866,ST12,CUST101925,PRD200376,2,3750.0,Cash,AUTH13742,2024-07-22 16:26:00
TXN90003867,ST22,CUST103301,PRD200075,1,15000.0,MTN MoMo,AUTH81196,2024-10-04 14:38:00
TXN90003868,ST20,CUST102547,PRD200500,1,"26,470",momo,CASH-5835,2024-11-18 00:41:00
TXN90003869,ST20,CUST103172,PRD200702,-2,625.0,Airtel Money,MP845736388,2024-10-23 17:46:00
TXN90003870,ST20,CUST102546,PRD200833,1,27000.0,Airtel Money,,2024-10-10 02:49:00
TXN90003871,ST15,CUST102951,PRD200203,3,2300.0,MTN MoMo,CASH-4987,2024-09-13 18:46:00
TXN90003872,ECOM01,CUST103397,PRD201010,1,18750.0,CASH,CASH-4489,2024-11-02 18:46:00
TXN90003873,ST17,CUST101968,PRD200717,3,62500.0,Cash,AUTH86056,2024-11-08 18:26:00
TXN90003874,ST18,CUST100100,PRD200170,2,4500.0,MTN MoMo,CASH-8695,2024-11-30 16:28:00
TXN90003875,ST21,CUST103539,PRD200540,2,11000.0,MTN MoMo,CASH-5273,2024-09-26 02:13:00
TXN90003876,ECOM01,CUST103466,PRD201078,2,12500.0,MTN Mobile Money,CASH-6188,2024-07-11 14:33:00
TXN90003877,ECOM01,CUST102961,PRD200456,2,11500.0,Cash,MP655803224,2024-11-04 03:25:00
TXN90003878,ST11,CUST103593,PRD201139,1,23000.0,momo,AM508091400,2024-10-04 05:33:00
TXN90003879,ST22,CUST100838,PRD200642,2,5500.0,Cash,MP200491914,2024-11-29 19:46:00
TXN90003880,ST19,CUST104668,PRD200622,2,75000.0,momo,AUTH68134,2024-10-23 19:08:00
TXN90003881,ST22,CUST101693,PRD200047,1,750.0,momo,AUTH42605,28/07/2024 10:12
TXN90003882,ST07,CUST101123,PRD200747,2,2300.0,AirtelMoney,MP343575776,2024-09-02 02:58:00
TXN90003883,ST23,CUST103423,PRD201009,1,25000.0,Airtel Money,,2024-11-03 06:04:00
TXN90003884,ST21,CUST103121,PRD201070,2,1500.0,Airtel Money,MP104213864,2024-08-07 03:52:00
TXN90003885,ST16,CUST103065,PRD200505,1,1125.0,Cash,MP315146798,2024-09-26 22:38:00
TXN90003886,ST10,CUST102068,PRD200676,5,"UGX 16,500",Card,MP698273361,2024-09-23 15:29:00
TXN90003887,ST13,CUST103715,PRD200693,1,3900.0,Cash,AUTH47522,2024-11-13 20:18:00
TXN90003888,ECOM01,CUST102720,PRD200775,2,1950.0,Airtel Money,CASH-2445,24/09/2024 10:30
TXN90003889,ST18,CUST103616,PRD201101,1,8625.0,momo,,2024-07-10 21:17:00
TXN90003890,ST05,CUST101497,PRD201153,4,9750.0,CASH,MP681264235,05/10/2024 17:31
TXN90003891,ECOM01,CUST101039,PRD200739,2,8250.0,MTN MoMo,,21/10/2024 21:31
TXN90003892,ST13,CUST103291,PRD200404,1,2250.0,Cash,,2024-10-02 07:20:00
TXN90003893,ECOM01,CUST101703,PRD200520,2,4500.0,Cash,CASH-4315,2024-07-25 13:21:00
TXN90003894,ST15,CUST100019,PRD200349,-1,63000.0,MTN MoMo,AM473643028,2024-10-01 13:15:00
TXN90003895,ST10,CUST104821,PRD200734,3,3754.2,MTN MoMo,,2024-07-18 01:04:00
TXN90003896,ECOM01,CUST103155,PRD200192,-1,975.0,Card,AUTH83192,2024-07-02 17:26:00
TXN90003897,ECOM01,CUST104723,PRD200354,1,2700.0,Airtel Money,MP220819641,2024-07-07 21:36:00
TXN90003898,ST08,CUST100780,PRD200962,-1,"UGX 6,250",CASH,AUTH77979,2024-11-11 14:04:00
TXN90003899,ST23,CUST100492,PRD200140,1,23000.0,Airtel Money,AUTH27210,2024-10-29 15:49:00
TXN90003900,ECOM01,CUST101148,PRD200245,1,"UGX 4,500",MTN MoMo,AUTH18497,2024-12-18 14:58:00
TXN90003901,ECOM01,CUST102799,PRD200713,1,1500.0,Airtel Money,MP580063765,2024-07-20 06:41:00
TXN90003902,ST14,CUST102879,PRD200205,1,6250.0,Airtel Money,MP149934693,2024-09-04 04:57:00
TXN90003903,ST10,,PRD200985,1,57500.0,AirtelMoney,AUTH95264,2024-10-28 19:18:00
TXN90003904,ECOM01,CUST102922,PRD200051,1,UGX42000,MTN Mobile Money,CASH-5276,2024-10-26 20:39:00
TXN90003905,ST01,CUST102865,PRD200058,3,9375.0,MTN Mobile Money,CASH-7408,2024-08-05 08:25:00
TXN90003906,ST12,CUST103308,PRD201038,-2,60000.0,Cash,MP327477895,2024-09-09 04:58:00
TXN90003907,ST22,CUST103261,PRD200665,3,1500.0,Airtel Money,AM160344707,2024-07-11 19:48:00
TXN90003908,ST03,CUST104248,PRD200972,4,12000.0,Airtel Money,CASH-9055,2024-09-28 02:11:00
TXN90003909,ST04,CUST100297,PRD200434,4,UGX16500,CASH,AM365940686,18/09/2024 18:38
TXN90003910,ECOM01,CUST103865,PRD200450,1,2700.0,AirtelMoney,AUTH12839,15/10/2024 15:34
TXN90003911,ST03,CUST103604,PRD200205,2,6250.0,MTN MoMo,MP930684343,2024-10-21 17:45:00
TXN90003912,ST09,CUST103429,PRD200360,1,52500.0,Cash,,2024-12-23 23:40:00
TXN90003913,ECOM01,CUST103167,PRD201023,2,57500.0,momo,,2024-08-01 04:16:00
TXN90003914,ST19,CUST100524,PRD200780,2,52500.0,MTN MoMo,AM421409802,2024-08-07 12:16:00
TXN90003915,ECOM01,CUST103567,PRD200608,2,8250.0,Airtel Money,,2024-12-17 04:59:00
TXN90003916,ST14,,PRD201020,1,1150.0,MTN MoMo,,2024-09-19 00:53:00
TXN90003917,ST23,,PRD200885,1,3600.0,MTN MoMo,AUTH38097,2024-08-13 09:00:00
TXN90003918,ECOM01,CUST100780,PRD200784,2,4950.0,MTN Mobile Money,AUTH60860,2024-09-18 17:47:00
TXN90003919,ST09,CUST100090,PRD200523,3,825.0,MTN Mobile Money,CASH-6992,2024-09-25 08:41:00
TXN90003920,ST11,CUST104297,PRD200395,3,36000.0,Cash,CASH-7856,2024-09-22 12:36:00
TXN90003921,ECOM01,CUST101554,PRD200328,2,3750.0,MTN MoMo,AM509811516,2024-12-11 12:12:00
TXN90003922,ST18,CUST101969,PRD201076,1,9375.0,CASH,AUTH38898,2024-12-01 11:53:00
TXN90003923,ST16,CUST101014,PRD201057,1,825.0,MTN Mobile Money,CASH-3332,2024-09-13 16:43:00
TXN90003924,ST11,CUST100680,PRD200235,3,UGX825,MTN Mobile Money,AUTH55815,2024-07-07 08:42:00
TXN90003925,ST17,CUST103059,PRD200811,1,1350.0,MTN Mobile Money,AM524562016,2024-10-26 17:32:00
TXN90003926,ST03,CUST102664,PRD200678,1,30586.26,MTN Mobile Money,AM441211961,2024-08-22 08:02:00
TXN90003927,ST23,CUST104094,PRD200009,1,5500.0,Cash,MP354088841,2024-12-18 04:26:00
TXN90003928,ST07,CUST101718,PRD200472,3,24000.0,CASH,CASH-5648,2024-10-08 03:11:00
TXN90003929,ST12,CUST103739,PRD201144,1,2700.0,MTN Mobile Money,MP400133284,2024-11-30 10:13:00
TXN90003930,ST21,CUST102549,PRD200671,1,550.0,MTN Mobile Money,CASH-4649,2024-08-15 02:39:00
TXN90003931,ST17,CUST101460,PRD200739,1,8250.0,momo,MP661495214,2024-12-23 11:06:00
TXN90003932,ST01,CUST103469,PRD200991,2,975.0,Cash,,2024-08-14 22:54:00
TXN90003933,ST14,,PRD201149,3,12000.0,Cash,AUTH19120,2024-09-20 15:43:00
TXN90003934,ST16,CUST102133,PRD200775,2,1950.0,MTN MoMo,AM776186244,2024-11-30 09:39:00
TXN90003935,ST21,CUST104014,PRD200449,3,2250.0,Cash,AM372560287,2024-10-09 21:16:00
TXN90003936,ST17,CUST101603,PRD200872,3,1950.0,momo,CASH-1610,2024-09-02 11:29:00
TXN90003937,ST01,CUST101184,PRD200630,1,575.0,MTN MoMo,AM196148488,2024-08-14 15:58:00
TXN90003938,ST21,CUST103880,PRD200317,1,45500.0,momo,MP380386687,14/12/2024 13:55
TXN90003939,ST04,CUST100954,PRD200809,1,5850.0,AirtelMoney,CASH-6998,2024-11-26 18:31:00
TXN90003940,ST13,CUST102576,PRD200342,4,6750.0,Airtel Money,AM431385934,2024-10-17 11:38:00
TXN90003941,ST06,CUST100264,PRD201155,2,2750.0,MTN Mobile Money,MP795119561,2024-11-22 20:26:00
TXN90003942,ST18,CUST101531,PRD200481,5,1250.0,AirtelMoney,CASH-5511,2024-07-16 02:01:00
TXN90003943,ST03,CUST102551,PRD200132,1,6750.0,Airtel Money,AUTH92468,2024-12-24 05:13:00
TXN90003944,ECOM01,CUST104089,PRD200469,2,4950.0,Cash,AM955213661,2024-10-23 13:36:00
TXN90003945,ECOM01,CUST101839,PRD200857,1,625.0,momo,AM813863584,2024-11-22 04:27:00
TXN90003946,ST19,CUST104464,PRD200262,2,600.0,Airtel Money,MP750609674,2024-10-29 21:59:00
TXN90003947,ST21,CUST104206,PRD200161,2,4500.0,Cash,AM761092540,2024-10-27 18:25:00
TXN90003948,ST19,CUST101275,PRD200842,1,3450.0,MTN MoMo,CASH-9398,2024-07-14 08:30:00
TXN90003949,ST11,CUST103144,PRD200762,1,18750.0,Airtel Money,AUTH51750,2024-11-05 19:22:00
TXN90003950,ST19,CUST100731,PRD200345,4,3750.0,CASH,AUTH23475,2024-07-02 18:59:00
TXN90003951,ST17,CUST101708,PRD200928,1,24000.0,MTN MoMo,AM386413000,2024-10-18 09:55:00
TXN90003952,ECOM01,CUST101931,PRD200541,5,3900.0,MTN MoMo,,2024-12-16 14:25:00
TXN90003953,ECOM01,CUST102029,PRD200142,2,4197.32,MTN MoMo,AM567349344,2024-09-21 23:47:00
TXN90003954,ST15,CUST100712,PRD200501,3,1125.0,Airtel Money,AUTH68940,2024-08-26 20:37:00
TXN90003955,ST05,,PRD200976,3,8100.0,momo,CASH-4192,2024-09-23 01:13:00
TXN90003956,ST16,CUST103951,PRD201059,1,1300.0,MTN Mobile Money,MP707964997,18/09/2024 18:54
TXN90003957,ST22,CUST100023,PRD200500,2,26469.75,CASH,CASH-7686,2024-12-01 12:27:00
TXN90003958,ST17,CUST104422,PRD200737,1,900.0,AirtelMoney,AM211940125,2024-07-05 09:27:00
TXN90003959,ST17,CUST101637,PRD200083,1,"UGX 40,250",AirtelMoney,AUTH55502,2024-12-19 22:01:00
TXN90003960,ST15,CUST100905,PRD200932,3,12500.0,Airtel Money,MP244808979,2024-09-27 17:22:00
TXN90003961,ST22,CUST103578,PRD200030,1,2600.0,Airtel Money,,2024-07-24 23:04:00
TXN90003962,ST12,CUST100554,PRD200759,-1,UGX8625,AirtelMoney,,30/10/2024 03:17
TXN90003963,ST04,CUST104977,PRD200151,4,11000.0,Airtel Money,MP890232628,2024-08-05 10:48:00
TXN90003964,ST22,CUST101429,PRD200979,-1,1200.0,MTN MoMo,MP142025215,2024-11-29 21:50:00
TXN90003965,ST10,CUST100261,PRD200662,1,60000.0,Airtel Money,AM840539687,2024-11-19 06:09:00
TXN90003966,ECOM01,CUST101547,PRD201034,1,36000.0,Cash,CASH-2222,2024-09-03 22:34:00
TXN90003967,ST11,CUST103821,PRD200412,1,15000.0,Airtel Money,AUTH93522,2024-10-16 12:21:00
TXN90003968,ECOM01,CUST100156,PRD200284,3,16500.0,MTN MoMo,AM124479597,2024-12-03 05:03:00
TXN90003969,ECOM01,CUST103098,PRD200258,1,18000.0,momo,MP887939446,2024-10-28 05:54:00
TXN90003970,ST02,,PRD200723,-2,1725.0,AirtelMoney,AUTH92036,2024-09-09 04:58:00
TXN90003971,ST23,CUST104600,PRD201089,2,1250.0,MTN MoMo,CASH-5747,2024-08-22 00:18:00
TXN90003972,ST20,CUST104401,PRD200756,5,900.0,MTN Mobile Money,MP660457598,2024-07-30 08:43:00
TXN90003973,ECOM01,CUST102270,PRD201079,1,1800.0,Cash,,2024-08-23 02:48:00
TXN90003974,ST19,CUST103857,PRD201123,1,4950.0,momo,AM491522628,2024-08-17 11:41:00
TXN90003975,ST01,CUST103324,PRD200768,1,5400.0,Airtel Money,CASH-7487,2024-10-26 17:51:00
TXN90003976,ST12,CUST103093,PRD201144,1,2700.0,AirtelMoney,CASH-8991,2024-07-10 14:32:00
TXN90003977,ECOM01,CUST103305,PRD200504,5,5400.0,Card,AM529495027,29/09/2024 11:30
TXN90003978,ECOM01,CUST101998,PRD201020,1,1150.0,MTN MoMo,AM871232360,27/11/2024 00:07
TXN90003979,ST21,CUST104650,PRD201127,1,1950.0,momo,CASH-8910,2024-09-22 17:13:00
TXN90003980,ST04,CUST103677,PRD200639,1,19500.0,Cash,CASH-5522,2024-11-01 15:37:00
TXN90003981,ECOM01,CUST101870,PRD200770,1,2700.0,MTN Mobile Money,,2024-08-27 16:58:00
TXN90003982,ST11,CUST101558,PRD200487,2,3600.0,AirtelMoney,AM700286394,16/07/2024 02:45
TXN90003983,ST09,CUST100494,PRD200863,1,27000.0,momo,MP287294626,06/11/2024 13:48
TXN90003984,ST21,CUST100221,PRD200007,1,63000.0,Cash,AM118812046,2024-10-05 22:58:00
TXN90003985,ECOM01,CUST101249,PRD200792,1,1350.0,Airtel Money,AUTH92114,2024-07-03 00:33:00
TXN90003986,ECOM01,,PRD200133,2,13000.0,MTN Mobile Money,CASH-8919,2024-07-03 23:42:00
TXN90003987,ST07,CUST101723,PRD200444,2,2300.0,momo,,2024-07-14 23:38:00
TXN90003988,ST12,CUST104443,PRD200915,3,12500.0,Cash,MP663366775,10/10/2024 20:27
TXN90003989,ST14,CUST103377,PRD201022,2,19500.0,AirtelMoney,MP317948317,2024-08-22 18:14:00
TXN90003990,ST14,,PRD200287,3,4500.0,MTN Mobile Money,AUTH57566,2024-07-26 04:15:00
TXN90003991,ST10,CUST103730,PRD200979,-1,1200.0,Airtel Money,AM717194416,2024-09-14 16:28:00
TXN90003992,ST22,CUST100396,PRD200121,5,3600.0,Cash,AUTH49761,2024-10-20 18:27:00
TXN90003993,ST11,CUST104767,PRD200867,2,4500.0,Airtel Money,,2024-10-26 14:36:00
TXN90003994,ST05,CUST101445,PRD200211,3,1875.0,Cash,CASH-1917,2024-07-26 23:58:00
TXN90003995,ECOM01,CUST102285,PRD200714,1,7500.0,MTN MoMo,AM984800340,25/09/2024 03:14
TXN90003996,ECOM01,CUST104027,PRD200627,4,55000.0,MTN MoMo,,2024-11-05 22:24:00
TXN90003997,ST08,CUST100681,PRD200872,1,1950.0,MTN Mobile Money,AM525655754,2024-09-14 11:22:00
TXN90003998,ST22,,PRD200818,1,3450.0,MTN MoMo,AUTH15625,2024-09-13 11:31:00
TXN90003999,ST11,CUST104589,PRD200996,1,26000.0,Cash,,2024-12-15 17:02:00
TXN90004000,ST13,CUST104234,PRD200223,3,17250.0,momo,AUTH70212,2024-10-04 17:49:00
TXN90004001,ST09,,PRD200264,2,1800.0,momo,AUTH38337,2024-08-13 05:53:00
TXN90004002,ST20,CUST103058,PRD200716,1,1725.0,Cash,AM465895358,2024-12-27 16:46:00
TXN90004003,ECOM01,,PRD200129,4,1350.0,MTN MoMo,,2024-07-22 05:42:00
TXN90004004,ST11,,PRD200161,3,4500.0,Airtel Money,AM795806558,2024-08-03 20:01:00
TXN90004005,ST08,CUST102008,PRD200533,1,8250.0,Cash,MP705392140,2024-08-09 09:22:00
TXN90004006,ST19,,PRD200985,1,57500.0,Airtel Money,CASH-5561,2024-10-26 03:41:00
TXN90004007,ECOM01,,PRD200184,2,3600.0,Cash,,2024-09-20 17:09:00
TXN90004008,ST11,CUST100054,PRD200092,-1,1500.0,AirtelMoney,,2024-09-05 10:27:00
TXN90004009,ST23,CUST101553,PRD200796,1,2750.0,MTN MoMo,CASH-9772,2024-07-01 18:50:00
TXN90004010,ST03,CUST102530,PRD200334,3,600.0,Card,AUTH79745,17/07/2024 21:35
TXN90004011,ST16,CUST101825,PRD200112,-1,3313.64,MTN MoMo,CASH-4366,2024-07-23 13:04:00
TXN90004012,ST20,CUST104332,PRD200870,1,1800.0,MTN MoMo,CASH-7333,2024-11-09 06:01:00
TXN90004013,ST08,CUST101059,PRD200154,2,900.0,AirtelMoney,CASH-6268,2024-12-27 16:48:00
TXN90004014,ST18,CUST104824,PRD200993,2,1500.0,momo,,2024-08-02 02:49:00
TXN90004015,ST20,CUST102762,PRD200517,1,UGX2400,Airtel Money,AUTH12969,2024-11-02 23:21:00
TXN90004016,ST11,CUST100079,PRD201126,3,2875.0,AirtelMoney,CASH-6822,2024-10-21 23:09:00
TXN90004017,ST08,,PRD200643,1,21927.6,AirtelMoney,,2024-10-27 06:29:00
TXN90004018,ECOM01,CUST101127,PRD201097,1,1650.0,MTN MoMo,MP234890255,2024-07-15 19:23:00
TXN90004019,ECOM01,CUST100875,PRD200880,1,11500.0,Airtel Money,CASH-6641,2024-07-03 12:20:00
TXN90004020,ST16,CUST100841,PRD201025,1,4500.0,MTN MoMo,MP823732523,2024-12-14 11:57:00
TXN90004021,ST17,CUST100232,PRD200656,3,1250.0,AirtelMoney,AM811751278,2024-10-30 01:56:00
TXN90004022,ST08,CUST101446,PRD200465,1,975.0,Card,,2024-12-26 04:03:00
TXN90004023,ST02,CUST101335,PRD200008,1,"UGX 27,000",MTN Mobile Money,AM252781250,15/08/2024 11:16
TXN90004024,ST08,CUST100667,PRD201148,2,900.0,Airtel Money,CASH-7813,2024-12-19 23:08:00
TXN90004025,ST15,CUST103501,PRD201097,1,1650.0,MTN Mobile Money,MP341110636,2024-11-22 16:44:00
TXN90004026,ST14,CUST103229,PRD200872,1,1950.0,MTN MoMo,AM856843122,2024-09-09 21:26:00
TXN90004027,ST04,,PRD201026,2,1100.0,Cash,AUTH51701,2024-12-18 21:22:00
TXN90004028,ST17,CUST102522,PRD200354,1,2700.0,MTN MoMo,AM531295955,2024-10-15 15:13:00
TXN90004029,ST06,CUST100558,PRD201093,1,11250.0,Airtel Money,,2024-10-15 20:32:00
TXN90004030,ST02,CUST102500,PRD200007,2,63000.0,MTN MoMo,CASH-2058,22/08/2024 16:45
TXN90004031,ECOM01,CUST101789,PRD200820,1,8100.0,Airtel Money,CASH-1070,2024-12-07 18:00:00
TXN90004032,ST12,CUST102409,PRD200833,-2,27000.0,MTN MoMo,,2024-08-08 06:15:00
TXN90004033,ST09,CUST100215,PRD200265,3,27000.0,MTN Mobile Money,MP810338620,2024-08-13 05:07:00
TXN90004034,ST22,CUST104640,PRD200843,1,3450.0,MTN Mobile Money,CASH-1059,18/10/2024 12:14
TXN90004035,ST21,CUST104495,PRD201084,1,25000.0,momo,,2024-11-17 11:31:00
TXN90004036,ST09,CUST103364,PRD200598,1,862.5,MTN Mobile Money,MP235749826,2024-10-20 16:21:00
TXN90004037,ECOM01,CUST102817,PRD200492,1,18000.0,AirtelMoney,,2024-09-09 08:34:00
TXN90004038,ST06,CUST101740,PRD201006,1,5750.0,momo,AUTH50217,2024-09-19 02:11:00
TXN90004039,ST15,CUST104026,PRD201103,1,1150.0,Airtel Money,AUTH71353,2024-07-28 18:12:00
TXN90004040,ECOM01,CUST104962,PRD200564,2,15000.0,Airtel Money,,10/11/2024 13:30
TXN90004041,ST11,CUST103082,PRD201016,1,"16,500",MTN MoMo,MP531111628,17/11/2024 02:08
TXN90004042,ST21,CUST104553,PRD200120,1,625.0,AirtelMoney,CASH-9598,2024-10-11 19:26:00
TXN90004043,ST07,CUST103372,PRD201131,3,13000.0,Cash,MP274394301,2024-10-02 02:28:00
TXN90004044,ST04,CUST104735,PRD200555,3,4500.0,MTN Mobile Money,,2024-08-20 20:02:00
TXN90004045,ST05,,PRD200097,3,"19,500",Airtel Money,AUTH33901,2024-07-06 07:30:00
TXN90004046,ST06,CUST103050,PRD201034,1,36000.0,Cash,MP823872394,2024-09-27 05:39:00
TXN90004047,ST17,,PRD200550,2,12000.0,MTN MoMo,CASH-2713,2024-08-11 20:31:00
TXN90004048,ST08,CUST100159,PRD200813,3,3000.0,CASH,MP953578169,2024-10-08 07:24:00
TXN90004049,ST22,CUST100528,PRD200086,1,900.0,Cash,AM814819126,10/11/2024 20:59
TXN90004050,ST06,CUST101454,PRD200501,2,1125.0,MTN MoMo,MP966346745,2024-07-23 17:41:00
TXN90004051,ST01,CUST102701,PRD200410,2,55000.0,MTN Mobile Money,AM253943787,2024-11-25 14:05:00
TXN90004052,ST02,,PRD200801,2,9000.0,momo,MP881714423,2024-10-30 20:07:00
TXN90004053,ST14,CUST103531,PRD200387,4,6750.0,Airtel Money,MP953429741,2024-10-28 14:12:00
TXN90004054,ECOM01,CUST102227,PRD200694,1,11000.0,CASH,MP121872133,02/11/2024 17:33
TXN90004055,ST23,CUST100072,PRD200418,2,23000.0,MTN MoMo,MP514969051,2024-12-06 14:42:00
TXN90004056,ST02,CUST102175,PRD200444,1,2300.0,Cash,AUTH17984,2024-08-31 19:36:00
TXN90004057,ST11,CUST100647,PRD200294,2,24000.0,Card,CASH-6648,2024-11-06 18:47:00
TXN90004058,ST17,CUST103471,PRD200392,1,7500.0,Cash,CASH-2717,2024-07-13 16:34:00
TXN90004059,ECOM01,CUST101185,PRD200128,1,5400.0,MTN MoMo,CASH-2561,25/07/2024 02:07
TXN90004060,ST17,,PRD200009,3,5500.0,CASH,AM204672291,2024-10-14 05:59:00
TXN90004061,ST17,CUST101292,PRD201134,2,1200.0,MTN Mobile Money,MP650723927,2024-12-17 19:09:00
TXN90004062,ST06,CUST100871,PRD200497,-1,600.0,Cash,CASH-8784,01/12/2024 13:31
TXN90004063,ECOM01,CUST103543,PRD200343,1,1500.0,MTN Mobile Money,AUTH21617,2024-11-14 23:01:00
TXN90004064,ST17,CUST100234,PRD200751,3,26539.61,Airtel Money,,2024-08-15 09:05:00
TXN90004065,ST15,CUST104234,PRD200976,2,8100.0,MTN Mobile Money,AM856056254,2024-07-04 10:14:00
TXN90004066,ST17,CUST100941,PRD200571,1,2600.0,MTN MoMo,AUTH49423,14/11/2024 21:58
TXN90004067,ST07,CUST100406,PRD200537,1,1001.0,Cash,,2024-10-08 07:03:00
TXN90004068,ECOM01,CUST100229,PRD200263,1,4950.0,MTN Mobile Money,CASH-5013,17/07/2024 03:37
TXN90004069,ST03,CUST103284,PRD200218,2,650.0,CASH,MP222237739,2024-10-27 10:18:00
TXN90004070,ST19,CUST101907,PRD201156,1,90000.0,MTN MoMo,AM971675341,2024-10-03 13:54:00
TXN90004071,ST23,CUST102976,PRD200640,4,"2,108",Card,AUTH67942,2024-07-24 17:05:00
TXN90004072,ST23,CUST103379,PRD200671,2,550.0,Cash,CASH-2792,2024-11-20 03:41:00
TXN90004073,ST18,,PRD200535,2,UGX3600,MTN MoMo,,2024-09-30 18:43:00
TXN90004074,ST15,CUST101309,PRD200566,1,2300.0,MTN MoMo,CASH-7628,2024-11-14 20:43:00
TXN90004075,ST02,CUST104618,PRD200697,3,60000.0,Airtel Money,,2024-08-29 11:51:00
TXN90004076,ST12,CUST100306,PRD201071,1,3300.0,MTN MoMo,AUTH49393,2024-12-14 01:36:00
TXN90004077,ST20,CUST100143,PRD200772,1,13000.0,CASH,AM329514346,2024-12-12 18:19:00
TXN90004078,ECOM01,CUST103580,PRD200526,1,45500.0,momo,MP456634213,2024-11-18 09:43:00
TXN90004079,ST16,CUST102466,PRD200972,-1,12000.0,AirtelMoney,CASH-3814,2024-10-15 08:00:00
TXN90004080,ECOM01,CUST102000,PRD200618,2,90000.0,MTN MoMo,AM590936185,2024-12-03 02:47:00
TXN90004081,ST13,CUST104564,PRD200726,1,1800.0,MTN Mobile Money,AM197602086,2024-07-31 09:31:00
TXN90004082,ECOM01,CUST103486,PRD201129,2,18000.0,Airtel Money,MP877336087,2024-10-18 03:50:00
TXN90004083,ECOM01,CUST104552,PRD200010,3,2300.0,AirtelMoney,AM985445060,2024-09-12 13:57:00
TXN90004084,ST10,CUST104228,PRD200517,5,2400.0,Cash,CASH-3019,2024-08-26 16:45:00
TXN90004085,ST08,,PRD200428,2,38500.0,MTN Mobile Money,MP571560394,2024-08-09 19:22:00
TXN90004086,ECOM01,CUST101059,PRD201081,2,45500.0,MTN MoMo,AM320045062,2024-09-15 04:28:00
TXN90004087,ST12,CUST103180,PRD200280,2,3630.88,MTN MoMo,CASH-6739,2024-10-30 07:35:00
TXN90004088,ST13,CUST102270,PRD201088,2,57500.0,MTN Mobile Money,CASH-1296,2024-09-24 08:02:00
TXN90004089,ST11,CUST102381,PRD200477,-1,3000.0,Airtel Money,AM203362004,2024-08-13 10:43:00
TXN90004090,ST07,CUST104903,PRD200322,5,9000.0,momo,AM841049801,2024-08-04 18:06:00
TXN90004091,ST01,CUST104889,PRD200742,4,3000.0,momo,AUTH92411,2024-08-29 18:09:00
TXN90004092,ST01,CUST103200,PRD201026,-1,1100.0,Airtel Money,AM212885514,2024-08-26 05:36:00
TXN90004093,ST23,CUST100148,PRD200865,2,UGX650,Cash,MP331229266,2024-08-21 06:28:00
TXN90004094,ST12,CUST104659,PRD200683,1,1950.0,AirtelMoney,,2024-08-31 06:16:00
TXN90004095,ST17,CUST103027,PRD200329,2,23000.0,MTN Mobile Money,AM931188288,2024-10-06 07:30:00
TXN90004096,ST07,CUST100707,PRD200990,3,52500.0,MTN MoMo,AM213772745,2024-11-11 14:07:00
TXN90004097,ST01,,PRD200814,3,2490.01,MTN MoMo,MP381065944,2024-07-08 21:28:00
TXN90004098,ST21,CUST100572,PRD200589,1,3250.0,MTN Mobile Money,AM803006936,2024-11-21 22:54:00
TXN90004099,ST19,CUST100513,PRD200855,3,2750.0,MTN MoMo,CASH-4195,2024-08-06 20:41:00
TXN90004100,ST12,CUST101937,PRD200085,4,3750.0,MTN Mobile Money,AM937493517,2024-11-01 23:13:00
TXN90004101,ST06,CUST104562,PRD200545,1,5400.0,Airtel Money,CASH-6755,2024-10-22 12:21:00
TXN90004102,ST20,CUST104806,PRD200667,1,36000.0,MTN MoMo,MP492753559,07/08/2024 14:55
TXN90004103,ST08,CUST102439,PRD200508,4,4500.0,MTN MoMo,CASH-6427,12/07/2024 17:12
TXN90004104,ST15,CUST104496,PRD200941,1,36000.0,momo,AM261311066,2024-11-30 09:54:00
TXN90004105,ST17,CUST104514,PRD200163,1,7500.0,momo,,2024-10-09 11:24:00
TXN90004106,ECOM01,CUST102019,PRD200929,3,1650.0,Card,CASH-6436,2024-08-06 11:44:00
TXN90004107,ECOM01,CUST101270,PRD200595,3,1300.0,Cash,MP895144468,2024-11-17 17:43:00
TXN90004108,ST20,CUST103067,PRD200921,2,3750.0,CASH,AUTH32162,2024-09-02 01:22:00
TXN90004109,ST08,CUST102365,PRD200603,2,6250.0,Airtel Money,CASH-4657,2024-08-22 13:07:00
TXN90004110,ST12,,PRD200117,2,3600.0,MTN Mobile Money,AUTH64065,2024-08-10 14:43:00
TXN90004111,ST14,CUST103200,PRD200026,1,12500.0,AirtelMoney,AM736630374,2024-07-15 09:13:00
TXN90004112,ST17,CUST102012,PRD200644,1,3000.0,MTN MoMo,AUTH67043,2024-11-23 17:24:00
TXN90004113,ST21,CUST104521,PRD200010,1,2300.0,Cash,AM126131816,2024-09-25 18:51:00
TXN90004114,ST05,CUST100060,PRD200771,1,1950.0,Airtel Money,AM503009563,2024-09-16 11:38:00
TXN90004115,ST02,,PRD201046,4,2700.0,MTN Mobile Money,,2024-11-17 08:22:00
TXN90004116,ECOM01,CUST103505,PRD200736,2,18000.0,Airtel Money,MP645097242,2024-10-01 02:52:00
TXN90004117,ST07,CUST104554,PRD200725,2,3750.0,Airtel Money,AM525103501,2024-09-08 16:37:00
TXN90004118,ST23,CUST104752,PRD200640,5,"2,108",momo,AUTH77002,2024-12-23 08:23:00
TXN90004119,ST19,CUST103199,PRD201099,1,2750.0,MTN MoMo,CASH-6786,09/10/2024 11:03
TXN90004120,ECOM01,CUST103213,PRD200195,2,9000.0,MTN MoMo,AM492756833,2024-09-06 07:29:00
TXN90004121,ST15,CUST103379,PRD200942,3,18000.0,momo,AUTH37330,2024-09-07 20:04:00
TXN90004122,ST18,CUST104601,PRD200117,1,3600.0,Cash,AM773590856,2024-12-11 16:30:00
TXN90004123,ECOM01,CUST102982,PRD200352,4,3600.0,momo,MP887481336,2024-09-19 03:19:00
TXN90004124,ST21,CUST103688,PRD200182,1,1883.72,CASH,CASH-3368,2024-08-23 02:52:00
TXN90004125,ST15,CUST100926,PRD201041,-2,3600.0,MTN Mobile Money,AUTH95596,2024-10-07 02:05:00
TXN90004126,ST14,CUST101492,PRD200595,4,1300.0,Airtel Money,AM960061051,2024-09-05 19:08:00
TXN90004127,ECOM01,CUST102567,PRD200742,3,3000.0,Airtel Money,AUTH32307,2024-08-16 19:31:00
TXN90004128,ST15,CUST100049,PRD200791,3,8100.0,Cash,CASH-5554,12/10/2024 23:16
TXN90004129,ST07,CUST103270,PRD200003,2,9375.0,CASH,MP617998591,2024-12-15 18:05:00
TXN90004130,ST17,CUST102496,PRD200439,2,17250.0,Airtel Money,CASH-8315,2024-08-03 01:39:00
TXN90004131,ST21,CUST100380,PRD201107,4,18750.0,MTN Mobile Money,CASH-3561,13/11/2024 08:39
TXN90004132,ST17,CUST104798,PRD200864,2,2875.0,Airtel Money,AUTH12368,2024-07-11 05:16:00
TXN90004133,ST03,CUST100648,PRD200857,5,625.0,Cash,CASH-2415,2024-11-22 00:45:00
TXN90004134,ST17,CUST103003,PRD200815,1,45500.0,CASH,CASH-5867,2024-07-20 09:04:00
TXN90004135,ST23,,PRD200764,3,1725.0,Cash,,30/11/2024 00:22
TXN90004136,ST08,,PRD200020,1,40250.0,Airtel Money,AM478002283,2024-10-21 18:15:00
TXN90004137,ST10,CUST104122,PRD200258,2,18000.0,MTN MoMo,AUTH23155,2024-08-24 19:33:00
TXN90004138,ST18,CUST102173,PRD200040,-1,52500.0,Airtel Money,AUTH68337,2024-09-20 02:22:00
TXN90004139,ST05,CUST102304,PRD200337,1,25000.0,MTN Mobile Money,CASH-5264,2024-09-17 19:02:00
TXN90004140,ST12,CUST100475,PRD200844,1,1300.0,Airtel Money,AM617181967,21/12/2024 20:57
TXN90004141,ECOM01,CUST100204,PRD200501,2,1125.0,MTN MoMo,CASH-1764,2024-08-07 04:29:00
TXN90004142,ST05,CUST104234,PRD200714,1,7500.0,Cash,,2024-12-16 17:11:00
TXN90004143,ST17,CUST101304,PRD200007,2,63000.0,MTN MoMo,CASH-1901,2024-08-03 15:55:00
TXN90004144,ST14,CUST101018,PRD201060,1,9750.0,Cash,AM467461229,2024-07-26 22:55:00
TXN90004145,ST14,CUST101383,PRD200632,2,1125.0,Airtel Money,,2024-10-10 09:15:00
TXN90004146,ECOM01,CUST103049,PRD201010,1,"18,750",AirtelMoney,CASH-4662,2024-11-22 00:28:00
TXN90004147,ST09,CUST102893,PRD200745,5,90000.0,Airtel Money,AM806026085,2024-10-07 00:13:00
TXN90004148,ST11,CUST104827,PRD201070,1,1500.0,momo,CASH-3189,2024-09-07 07:20:00
TXN90004149,ST16,CUST101823,PRD200220,1,5400.0,AirtelMoney,MP371908174,2024-12-15 07:03:00
TXN90004150,ST17,CUST103904,PRD200443,1,27000.0,MTN Mobile Money,,2024-10-26 05:29:00
TXN90004151,ECOM01,CUST100399,PRD200566,-1,2300.0,Airtel Money,AM812092729,2024-08-04 06:09:00
TXN90004152,ST08,CUST102341,PRD200695,4,2875.0,AirtelMoney,AUTH58904,2024-12-13 03:24:00
TXN90004153,ST14,CUST104611,PRD200259,2,3300.0,momo,CASH-6165,2024-10-03 23:08:00
TXN90004154,ST17,CUST103636,PRD200800,2,3600.0,Airtel Money,,2024-07-14 16:15:00
TXN90004155,ECOM01,CUST100383,PRD200442,3,3750.0,Cash,MP245514755,2024-07-19 14:43:00
TXN90004156,ST04,CUST100933,PRD200755,2,8100.0,MTN MoMo,,2024-08-30 05:52:00
TXN90004157,ST02,CUST102577,PRD200082,1,9000.0,MTN MoMo,CASH-1189,2024-11-07 22:34:00
TXN90004158,ST13,CUST101107,PRD200241,1,6750.0,Cash,AUTH94832,2024-10-28 18:31:00
TXN90004159,ST07,CUST100858,PRD200836,1,7500.0,MTN MoMo,CASH-9709,2024-08-07 15:50:00
TXN90004160,ST12,CUST103547,PRD201131,1,13000.0,Cash,,2024-11-02 10:28:00
TXN90004161,ST02,CUST100506,PRD200213,3,"UGX 11,000",Cash,MP886032967,2024-11-20 14:35:00
TXN90004162,ST10,CUST101815,PRD200168,1,30000.0,Card,,2024-07-09 15:41:00
TXN90004163,ST23,CUST101038,PRD200084,1,1725.0,Airtel Money,MP516164823,2024-11-26 17:46:00
TXN90004164,ECOM01,CUST100164,PRD200168,2,30000.0,Airtel Money,AM232951448,2024-08-15 21:53:00
TXN90004165,ECOM01,CUST102889,PRD200628,1,3750.0,CASH,MP859496596,2024-10-25 16:18:00
TXN90004166,ECOM01,CUST103207,PRD200235,2,825.0,Airtel Money,MP639521738,10/08/2024 12:38
TXN90004167,ECOM01,CUST103884,PRD200030,1,2600.0,MTN Mobile Money,,2024-09-15 06:16:00
TXN90004168,ST21,CUST101626,PRD200392,1,"7,500",momo,AUTH53381,2024-12-10 02:08:00
TXN90004169,ST08,,PRD200341,1,40250.0,MTN MoMo,CASH-2507,2024-11-04 04:02:00
TXN90004170,ECOM01,CUST100734,PRD200094,4,43750.0,MTN Mobile Money,MP288156351,2024-12-14 02:11:00
TXN90004171,ST22,CUST102198,PRD200609,3,900.0,MTN MoMo,CASH-4506,13/08/2024 08:56
TXN90004172,ST12,CUST101964,PRD200509,1,9375.0,momo,AM142126459,2024-09-14 04:39:00
TXN90004173,ECOM01,CUST103026,PRD200483,-2,4500.0,Airtel Money,AM902783265,2024-07-11 05:18:00
TXN90004174,ST23,CUST104461,PRD200458,1,40250.0,AirtelMoney,MP618754463,10/10/2024 01:23
TXN90004175,ST08,CUST103030,PRD200868,2,12500.0,MTN MoMo,MP744947174,2024-07-08 07:58:00
TXN90004176,ECOM01,CUST104195,PRD200727,-2,550.0,MTN Mobile Money,AUTH89459,22/08/2024 01:10
TXN90004177,ST12,CUST102998,PRD200398,1,40250.0,momo,MP913520356,2024-07-22 15:16:00
TXN90004178,ST14,CUST104086,PRD200422,3,8100.0,momo,AUTH52014,06/11/2024 14:49
TXN90004179,ECOM01,CUST100961,PRD200876,-2,30000.0,momo,AM111905660,2024-10-20 14:27:00
TXN90004180,ECOM01,CUST103773,PRD200816,3,9000.0,Cash,MP532347704,2024-10-08 21:07:00
TXN90004181,ST06,CUST103675,PRD200829,1,63000.0,MTN MoMo,AUTH93060,2024-08-06 15:27:00
TXN90004182,ST04,CUST100748,PRD200413,1,25000.0,Airtel Money,AM327528017,2024-11-11 18:20:00
TXN90004183,ST14,CUST100108,PRD200880,5,11500.0,MTN Mobile Money,CASH-2845,2024-12-14 10:58:00
TXN90004184,ST12,CUST103810,PRD200670,3,8250.0,AirtelMoney,,2024-12-23 04:10:00
TXN90004185,ST21,CUST104351,PRD200413,-1,25000.0,Airtel Money,MP579119418,2024-12-26 06:12:00
TXN90004186,ST20,CUST104285,PRD200176,1,5750.0,Cash,AUTH38113,2024-08-08 09:09:00
TXN90004187,ECOM01,CUST101321,PRD200354,1,2700.0,MTN Mobile Money,MP907068713,2024-07-26 15:27:00
TXN90004188,ST03,CUST102623,PRD200555,1,4500.0,MTN MoMo,MP637463272,2024-11-19 21:55:00
TXN90004189,ST04,CUST103745,PRD200745,3,90000.0,Cash,AUTH42628,2024-09-26 07:22:00
TXN90004190,ECOM01,CUST100919,PRD200628,4,3750.0,MTN MoMo,,2024-09-14 11:13:00
TXN90004191,ST02,CUST103143,PRD200404,3,2250.0,MTN MoMo,AUTH90111,2024-09-02 00:00:00
TXN90004192,ST02,CUST101636,PRD201005,2,5400.0,Airtel Money,AM941589283,2024-11-22 14:47:00
TXN90004193,ECOM01,CUST101587,PRD200914,5,16500.0,MTN MoMo,AUTH32944,2024-08-20 19:59:00
TXN90004194,ST23,,PRD200093,1,19500.0,MTN MoMo,AM515497323,2024-10-13 19:29:00
TXN90004195,ECOM01,,PRD200586,1,4950.0,Airtel Money,AUTH54189,2024-07-31 05:00:00
TXN90004196,ST22,CUST103447,PRD200333,2,55000.0,Cash,AUTH67317,2024-08-18 10:22:00
TXN90004197,ST03,CUST100311,PRD200127,1,12500.0,Cash,AUTH35737,2024-09-17 09:18:00
TXN90004198,ST07,CUST100430,PRD201043,3,900.0,CASH,AM685862897,2024-09-21 17:19:00
TXN90004199,ST21,CUST104945,PRD200667,2,36000.0,MTN Mobile Money,CASH-1544,2024-08-26 01:05:00
TXN90004200,ST08,CUST104493,PRD200871,1,9375.0,Airtel Money,MP114885747,2024-08-20 05:33:00
TXN90004201,ST06,CUST100544,PRD200026,1,12500.0,MTN MoMo,,20/07/2024 07:32
TXN90004202,ST13,CUST102810,PRD200620,4,75000.0,AirtelMoney,AUTH35679,2024-09-19 12:38:00
TXN90004203,ST18,,PRD200949,3,"2,500",MTN MoMo,,2024-11-10 16:27:00
TXN90004204,ST16,CUST102849,PRD200076,1,1300.0,MTN MoMo,AUTH42956,2024-08-21 22:59:00
TXN90004205,ST16,CUST101072,PRD200043,3,12500.0,Cash,CASH-3421,2024-11-11 17:14:00
TXN90004206,ECOM01,CUST102953,PRD200441,3,825.0,Card,CASH-4646,2024-11-06 01:04:00
TXN90004207,ST13,CUST101779,PRD200797,2,39122.92,MTN Mobile Money,AM402728710,2024-11-26 13:52:00
TXN90004208,ST07,,PRD200928,3,24000.0,AirtelMoney,CASH-3815,2024-09-02 07:48:00
TXN90004209,ST19,,PRD201048,4,90000.0,momo,AUTH76289,2024-10-04 07:24:00
TXN90004210,ST17,CUST101980,PRD200823,4,2600.0,MTN MoMo,AUTH27283,2024-12-19 16:04:00
TXN90004211,ST05,CUST101607,PRD200754,4,5400.0,CASH,AM596008179,2024-11-22 14:01:00
TXN90004212,ECOM01,CUST100354,PRD200699,1,15000.0,Card,AUTH89805,2024-11-23 10:40:00
TXN90004213,ST11,CUST102788,PRD200938,3,3900.0,MTN Mobile Money,MP257055739,2024-12-06 04:51:00
TXN90004214,ECOM01,CUST100189,PRD200084,2,1725.0,MTN Mobile Money,,2024-08-27 10:17:00
TXN90004215,ST09,CUST103733,PRD200017,1,326.93,CASH,AM150940905,2024-07-21 02:21:00
TXN90004216,ST04,CUST101962,PRD201050,1,"UGX 2,500",AirtelMoney,CASH-2819,09/10/2024 11:13
TXN90004217,ST22,CUST101501,PRD200208,1,900.0,Airtel Money,MP439011046,2024-10-11 16:43:00
TXN90004218,ST03,CUST102778,PRD200254,1,2837.78,MTN MoMo,AUTH27568,2024-07-16 14:15:00
TXN90004219,ST08,CUST100600,PRD200113,1,65000.0,AirtelMoney,,2024-11-20 00:21:00
TXN90004220,ST19,CUST103603,PRD200889,5,UGX9000,Cash,AUTH46683,2024-10-17 22:02:00
TXN90004221,ECOM01,CUST104548,PRD201043,3,900.0,CASH,AM360234302,2024-12-12 09:38:00
TXN90004222,ST07,CUST104119,PRD200272,1,42000.0,MTN MoMo,,2024-08-23 22:41:00
TXN90004223,ST12,CUST102017,PRD200504,2,5400.0,Airtel Money,AM316227895,2024-10-10 17:27:00
TXN90004224,ST22,CUST104582,PRD200693,1,3900.0,MTN MoMo,MP916144094,29/11/2024 11:15
TXN90004225,ECOM01,CUST104600,PRD200861,2,1500.0,momo,AM224552819,2024-10-03 13:16:00
TXN90004226,ECOM01,CUST100778,PRD201024,2,6250.0,MTN MoMo,MP141877913,2024-10-11 23:42:00
TXN90004227,ECOM01,,PRD200045,4,15000.0,Cash,MP482037894,2024-09-30 10:33:00
TXN90004228,ST22,CUST104230,PRD200938,2,3900.0,Airtel Money,MP154800635,2024-12-02 06:57:00
TXN90004229,ST01,CUST102155,PRD200533,1,8250.0,Airtel Money,AM384545626,2024-07-05 21:03:00
TXN90004230,ST18,,PRD200266,4,2500.0,Airtel Money,AUTH71371,2024-12-16 18:22:00
TXN90004231,ECOM01,CUST104744,PRD201128,-1,1950.0,Cash,CASH-8091,2024-11-25 04:41:00
TXN90004232,ST11,CUST100649,PRD201064,2,19500.0,Cash,AUTH50358,2024-12-13 00:28:00
TXN90004233,ECOM01,CUST102124,PRD200584,2,5175.0,momo,,2024-12-24 16:18:00
TXN90004234,ST03,CUST101562,PRD200032,1,4060.52,Cash,,2024-07-14 02:15:00
TXN90004235,ST08,CUST101692,PRD201080,1,6250.0,MTN Mobile Money,,2024-09-27 22:50:00
TXN90004236,ST01,CUST102196,PRD200937,3,13000.0,momo,MP360707677,2024-11-21 13:12:00
TXN90004237,ST23,CUST103218,PRD200741,1,32051.24,MTN MoMo,AUTH51052,2024-08-26 01:06:00
TXN90004238,ST12,CUST101452,PRD200834,4,8100.0,momo,CASH-1677,13/12/2024 20:02
TXN90004239,ST13,CUST100400,PRD200093,3,19500.0,MTN Mobile Money,,2024-07-18 04:32:00
TXN90004240,ST07,CUST103350,PRD200944,2,975.0,Cash,CASH-8697,2024-09-26 20:49:00
TXN90004241,ST19,CUST101887,PRD201146,1,UGX23000,MTN MoMo,AUTH70527,2024-07-19 13:44:00
TXN90004242,ECOM01,,PRD201055,-2,62500.0,CASH,CASH-6057,2024-12-16 20:48:00
TXN90004243,ECOM01,,PRD200030,2,2600.0,Airtel Money,,2024-09-18 14:23:00
TXN90004244,ST15,CUST102979,PRD200964,1,9000.0,momo,CASH-4938,2024-08-20 01:19:00
TXN90004245,ST13,CUST100858,PRD200271,2,5625.0,Cash,CASH-6260,2024-10-19 05:37:00
TXN90004246,ST22,CUST104451,PRD200243,4,600.0,CASH,AUTH26554,2024-12-14 03:53:00
TXN90004247,ECOM01,CUST104486,PRD201060,3,9750.0,MTN Mobile Money,,2024-10-31 22:53:00
TXN90004248,ST04,CUST100393,PRD200938,2,3900.0,Airtel Money,AUTH75451,2024-11-18 17:54:00
TXN90004249,ST23,CUST102674,PRD200120,1,625.0,Airtel Money,CASH-7745,2024-08-26 22:11:00
TXN90004250,ST16,CUST101235,PRD200635,1,6750.0,MTN MoMo,CASH-9902,2024-09-09 14:15:00
TXN90004251,ST13,CUST102205,PRD200271,1,5625.0,MTN Mobile Money,,18/09/2024 10:05
TXN90004252,ST10,CUST101779,PRD200173,5,62500.0,Airtel Money,AM561212384,2024-08-02 22:52:00
TXN90004253,ST13,CUST101984,PRD200430,1,8250.0,Cash,AM739823336,2024-09-30 18:56:00
TXN90004254,ST06,CUST102548,PRD200156,4,"26,000",MTN MoMo,AUTH66401,2024-07-17 22:43:00
TXN90004255,ST03,,PRD200630,2,UGX 575,MTN MoMo,MP354959969,2024-09-09 22:45:00
TXN90004256,ST10,CUST104923,PRD200227,1,550.0,Airtel Money,,2024-12-03 04:16:00
TXN90004257,ST11,CUST100627,PRD200896,1,30000.0,Cash,,2024-07-10 06:47:00
TXN90004258,ST06,CUST100596,PRD200188,1,38500.0,CASH,CASH-3777,23/12/2024 09:23
TXN90004259,ECOM01,CUST100542,PRD200337,1,25000.0,MTN Mobile Money,AUTH41245,2024-08-03 03:31:00
TXN90004260,ST23,CUST101197,PRD200541,3,"UGX 3,900",Airtel Money,AUTH92977,2024-10-10 12:16:00
TXN90004261,ST14,CUST100298,PRD200060,1,2875.0,Cash,,2024-08-27 13:58:00
TXN90004262,ST22,CUST102453,PRD200921,4,UGX3750,MTN MoMo,AUTH25127,22/11/2024 16:15
TXN90004263,ST16,CUST100643,PRD201013,3,5750.0,momo,,13/08/2024 18:49
TXN90004264,ST05,CUST104686,PRD200987,4,30000.0,MTN Mobile Money,CASH-2996,2024-11-28 23:57:00
TXN90004265,ST05,CUST100782,PRD200932,-2,12500.0,Cash,AUTH14177,2024-10-20 21:03:00
TXN90004266,ST22,CUST100909,PRD201011,1,2875.0,MTN MoMo,CASH-8184,2024-07-22 02:39:00
TXN90004267,ECOM01,CUST101318,PRD200637,3,22000.0,momo,,2024-08-24 19:58:00
TXN90004268,ECOM01,CUST102230,PRD200827,1,90000.0,AirtelMoney,MP961737715,2024-07-13 17:12:00
TXN90004269,ECOM01,CUST102704,PRD200698,-1,862.5,Airtel Money,AM309312885,2024-12-01 19:29:00
TXN90004270,ST17,CUST102708,PRD200610,4,5850.0,AirtelMoney,MP602985292,03/07/2024 12:22
TXN90004271,ST15,CUST104179,PRD201067,1,1665.27,Cash,MP955106150,2024-07-06 22:41:00
TXN90004272,ST10,,PRD200231,2,22500.0,MTN MoMo,MP373773218,2024-07-13 03:18:00
TXN90004273,ST12,CUST102835,PRD200423,2,3900.0,MTN MoMo,CASH-1202,2024-08-07 10:20:00
TXN90004274,ECOM01,CUST101544,PRD200745,1,90000.0,Airtel Money,CASH-2634,2024-12-04 07:38:00
TXN90004275,ST12,CUST103748,PRD200653,3,2700.0,momo,CASH-5844,2024-11-15 10:30:00
TXN90004276,ST06,CUST103942,PRD201008,2,8250.0,Airtel Money,CASH-4876,2024-07-02 09:43:00
TXN90004277,ST15,CUST103356,PRD200932,1,12500.0,AirtelMoney,MP120070422,2024-09-07 06:30:00
TXN90004278,ST23,CUST100528,PRD201009,1,25000.0,MTN Mobile Money,MP878742771,2024-07-28 03:30:00
TXN90004279,ST10,,PRD200850,3,1200.0,Cash,AUTH98182,2024-11-26 19:46:00
TXN90004280,ST15,CUST101060,PRD201055,1,62500.0,momo,MP407623858,08/08/2024 06:24
TXN90004281,ST05,CUST103638,PRD200341,3,40250.0,MTN MoMo,AM881227305,2024-07-18 04:10:00
TXN90004282,ST23,CUST101850,PRD200204,1,40250.0,CASH,AM700593908,2024-10-28 10:23:00
TXN90004283,ST15,CUST104216,PRD201034,1,36000.0,AirtelMoney,,2024-08-03 03:06:00
TXN90004284,ST03,CUST102731,PRD200114,3,13500.0,AirtelMoney,MP311859364,2024-07-14 01:12:00
TXN90004285,ST22,CUST104485,PRD201118,2,8100.0,Cash,CASH-4895,2024-11-28 23:05:00
TXN90004286,ST15,CUST100464,PRD200124,2,2875.0,MTN Mobile Money,AUTH97817,14/07/2024 16:47
TXN90004287,ECOM01,CUST103767,PRD201115,-1,3000.0,Cash,CASH-9273,2024-11-24 05:50:00
TXN90004288,ECOM01,CUST103519,PRD200636,4,3600.0,Cash,MP393519005,2024-12-22 06:05:00
TXN90004289,ST18,CUST102062,PRD200271,1,5625.0,MTN MoMo,CASH-9220,2024-10-24 02:53:00
TXN90004290,ECOM01,CUST101345,PRD200656,1,1250.0,momo,,2024-11-14 10:02:00
TXN90004291,ECOM01,CUST101534,PRD200329,4,23000.0,Card,,2024-10-13 05:26:00
TXN90004292,ST22,CUST102761,PRD200876,2,30000.0,momo,CASH-7482,2024-11-04 16:44:00
TXN90004293,ST18,CUST102337,PRD200415,3,11000.0,Airtel Money,CASH-5042,2024-09-20 04:09:00
TXN90004294,ST22,CUST100588,PRD200511,4,1350.0,Cash,,2024-07-17 06:47:00
TXN90004295,ECOM01,CUST100952,PRD201072,3,27000.0,Cash,MP874662397,2024-08-28 04:17:00
TXN90004296,ST07,CUST101246,PRD200515,1,45500.0,MTN MoMo,AM505064972,2024-12-15 19:37:00
TXN90004297,ECOM01,CUST102153,PRD200506,1,600.0,AirtelMoney,CASH-6951,2024-09-14 18:53:00
TXN90004298,ST03,CUST104600,PRD200517,3,2400.0,Cash,,2024-08-04 02:29:00
TXN90004299,ST11,CUST102298,PRD200306,1,8250.0,MTN Mobile Money,AUTH53559,2024-10-08 05:15:00
TXN90004300,ECOM01,CUST102283,PRD200954,1,38500.0,Cash,,06/08/2024 12:44
TXN90004301,ST02,CUST104934,PRD200994,4,17250.0,MTN Mobile Money,MP466901157,2024-08-19 04:05:00
TXN90004302,ST09,,PRD200617,3,38500.0,Airtel Money,AM147269531,2024-11-14 14:58:00
TXN90004303,ST18,CUST102315,PRD200279,1,"UGX 40,250",AirtelMoney,MP781355453,2024-08-07 15:11:00
TXN90004304,ST13,CUST104506,PRD200388,1,3452.78,MTN MoMo,AM411278764,2024-07-20 03:33:00
TXN90004305,ST07,CUST100476,PRD200845,1,1800.0,Cash,CASH-9946,2024-10-24 20:53:00
TXN90004306,ECOM01,,PRD200452,1,6812.54,Cash,MP806912469,2024-12-07 07:49:00
TXN90004307,ST02,CUST102822,PRD200725,1,3750.0,Cash,,2024-11-23 22:09:00
TXN90004308,ST18,CUST101529,PRD200302,1,8625.0,MTN MoMo,CASH-1398,2024-07-10 20:10:00
TXN90004309,ST17,CUST102573,PRD200653,1,UGX2700,Airtel Money,,2024-10-04 06:12:00
TXN90004310,ECOM01,CUST102862,PRD200996,3,26000.0,MTN MoMo,AUTH73305,2024-12-17 06:12:00
TXN90004311,ST04,CUST100001,PRD200902,4,937.5,Airtel Money,CASH-3584,2024-08-21 21:52:00
TXN90004312,ST13,CUST100200,PRD200935,2,42000.0,Airtel Money,AUTH68172,2024-08-26 22:06:00
TXN90004313,ECOM01,CUST101568,PRD200460,-2,4500.0,Cash,,2024-11-10 06:11:00
TXN90004314,ST16,CUST102712,PRD200694,4,11000.0,Cash,MP574721531,2024-11-06 20:36:00
TXN90004315,ST06,CUST102781,PRD201147,2,2300.0,MTN MoMo,AUTH92779,2024-11-08 11:06:00
TXN90004316,ST04,CUST102989,PRD200351,1,52500.0,MTN Mobile Money,AUTH40712,2024-08-27 01:00:00
TXN90004317,ST20,CUST101448,PRD200921,1,3750.0,Cash,AM837382144,2024-10-01 00:54:00
TXN90004318,ST06,CUST103775,PRD200439,1,17250.0,MTN Mobile Money,MP278583437,2024-11-28 00:09:00
TXN90004319,ST01,CUST104131,PRD200688,1,36000.0,MTN MoMo,AM668237080,20/10/2024 19:44
TXN90004320,ST05,CUST102450,PRD201164,1,19500.0,MTN MoMo,AM649811241,02/12/2024 00:57
TXN90004321,ST11,CUST100978,PRD200599,2,7172.65,momo,MP784364202,2024-07-23 19:04:00
TXN90004322,ST19,CUST104428,PRD200588,1,5500.0,Airtel Money,MP513853758,2024-08-14 05:13:00
TXN90004323,ST21,CUST102415,PRD200195,-1,9000.0,MTN Mobile Money,AUTH66199,30/11/2024 04:04
TXN90004324,ECOM01,CUST103525,PRD200396,1,3000.0,momo,AM327446837,2024-08-19 00:09:00
TXN90004325,ST17,CUST103361,PRD200936,2,63000.0,momo,,2024-11-06 09:35:00
TXN90004326,ST12,CUST100244,PRD200856,2,19500.0,Cash,MP369988449,2024-07-25 21:23:00
TXN90004327,ST18,CUST102521,PRD201017,1,1131.6,CASH,,2024-08-13 02:15:00
TXN90004328,ST08,CUST102385,PRD200743,4,575.0,MTN MoMo,CASH-7666,14/07/2024 19:27
TXN90004329,ST18,CUST101169,PRD200164,1,5400.0,Card,AM432319127,2024-11-04 20:46:00
TXN90004330,ST21,CUST103611,PRD200338,2,5400.0,CASH,,2024-12-08 07:33:00
TXN90004331,ECOM01,CUST102845,PRD200154,1,900.0,Cash,CASH-4895,2024-08-05 22:48:00
TXN90004332,ST16,CUST102155,PRD200647,1,13000.0,CASH,AUTH74646,2024-12-03 23:40:00
TXN90004333,ST15,CUST101041,PRD200901,5,18000.0,Cash,AM316620838,2024-08-21 10:52:00
TXN90004334,ST15,CUST102181,PRD201119,1,18000.0,AirtelMoney,CASH-5565,2024-12-11 08:15:00
TXN90004335,ST14,CUST101973,PRD200923,2,3750.0,MTN MoMo,AUTH55799,2024-10-03 20:41:00
TXN90004336,ST12,CUST103888,PRD200469,2,4950.0,MTN Mobile Money,CASH-2655,21/08/2024 14:59
TXN90004337,ST14,CUST101715,PRD200041,2,11500.0,MTN MoMo,CASH-2717,2024-08-11 16:31:00
TXN90004338,ST05,CUST102470,PRD200924,2,1125.0,Card,CASH-8468,2024-10-16 08:09:00
TXN90004339,ST09,CUST104176,PRD201160,1,3750.0,AirtelMoney,AM492701147,2024-10-09 12:45:00
TXN90004340,ST07,CUST100679,PRD200940,1,825.0,MTN Mobile Money,CASH-8334,2024-11-14 13:48:00
TXN90004341,ST11,CUST104828,PRD200231,2,UGX22500,MTN Mobile Money,AM187636173,2024-11-19 03:12:00
TXN90004342,ST06,CUST104830,PRD200449,1,2250.0,Airtel Money,,2024-07-01 07:29:00
TXN90004343,ST19,CUST104014,PRD200872,3,1950.0,CASH,MP881312088,2024-12-13 16:57:00
TXN90004344,ST16,CUST100706,PRD201093,-2,11250.0,Cash,AUTH87882,2024-08-22 13:42:00
TXN90004345,ST10,CUST101947,PRD200522,-1,38500.0,MTN Mobile Money,AUTH24906,2024-10-07 14:38:00
TXN90004346,ST17,CUST100522,PRD200592,2,3750.0,Airtel Money,AUTH87134,2024-11-07 00:50:00
TXN90004347,ECOM01,,PRD200354,2,2700.0,MTN MoMo,CASH-5853,18/07/2024 22:37
TXN90004348,ST12,CUST104270,PRD200277,4,22000.0,CASH,AM408756513,2024-07-14 21:06:00
TXN90004349,ST13,CUST101170,PRD201054,2,5175.0,MTN MoMo,AM922434617,10/12/2024 18:55
TXN90004350,ST08,CUST104693,PRD200496,3,750.0,MTN Mobile Money,MP756549343,2024-11-07 02:18:00
TXN90004351,ST14,CUST103970,PRD200539,1,5625.0,Card,AM496540023,2024-09-26 22:35:00
TXN90004352,ST16,CUST101756,PRD200276,1,575.0,Cash,AUTH25674,2024-10-14 05:09:00
TXN90004353,ST05,CUST104006,PRD200276,2,575.0,MTN Mobile Money,AM699377174,21/11/2024 02:13
TXN90004354,ECOM01,CUST101697,PRD200407,2,13000.0,Cash,AUTH34166,25/10/2024 00:14
TXN90004355,ST08,,PRD201080,4,6250.0,AirtelMoney,CASH-2995,2024-12-10 11:04:00
TXN90004356,ST10,CUST100278,PRD200541,1,3900.0,Cash,AUTH74421,2024-12-09 22:06:00
TXN90004357,ST17,CUST103593,PRD200847,3,11000.0,MTN Mobile Money,CASH-4158,2024-11-09 18:21:00
TXN90004358,ST14,CUST101015,PRD200442,4,3750.0,MTN MoMo,CASH-2109,2024-10-23 22:41:00
TXN90004359,ST14,CUST101324,PRD201094,1,"UGX 13,000",CASH,CASH-4224,2024-12-06 08:55:00
TXN90004360,ST18,CUST102211,PRD200403,2,4950.0,Airtel Money,CASH-5677,2024-10-21 03:30:00
TXN90004361,ST08,CUST104010,PRD200625,2,9000.0,Cash,AUTH50898,2024-08-10 13:50:00
TXN90004362,ECOM01,CUST102077,PRD200702,3,625.0,AirtelMoney,,2024-11-09 14:45:00
TXN90004363,ECOM01,CUST100392,PRD200686,3,5400.0,momo,,2024-11-29 15:58:00
TXN90004364,ST09,CUST104265,PRD200650,1,90000.0,MTN MoMo,AUTH44045,2024-10-09 23:16:00
TXN90004365,ECOM01,CUST101009,PRD200291,3,42000.0,Airtel Money,,07/07/2024 13:43
TXN90004366,ST07,CUST101907,PRD200264,3,1800.0,MTN MoMo,,2024-08-18 22:49:00
TXN90004367,ST12,CUST100594,PRD200365,1,23000.0,Cash,AUTH85714,2024-07-25 16:35:00
TXN90004368,ST06,CUST103726,PRD201105,2,15000.0,MTN MoMo,MP271836238,07/08/2024 02:20
TXN90004369,ST14,,PRD200695,-1,2875.0,Airtel Money,MP796286805,2024-08-17 15:53:00
TXN90004370,ST13,CUST103859,PRD200952,1,2875.0,Cash,AUTH29052,2024-11-06 11:50:00
TXN90004371,ST10,CUST103830,PRD200520,1,4500.0,momo,AUTH24223,2024-12-24 18:04:00
TXN90004372,ST09,CUST101773,PRD200044,-2,8625.0,Airtel Money,AM505147310,2024-10-10 11:38:00
TXN90004373,ST19,CUST101169,PRD200141,1,5175.0,CASH,,2024-08-01 00:43:00
TXN90004374,ST10,CUST100751,PRD200871,2,"9,375",CASH,AM402492346,2024-07-24 10:56:00
TXN90004375,ST02,CUST103956,PRD200717,1,62500.0,Airtel Money,MP216677311,2024-08-31 22:17:00
TXN90004376,ST10,CUST103426,PRD200895,3,1250.0,Airtel Money,MP458207747,2024-12-23 19:25:00
TXN90004377,ST01,CUST103115,PRD201031,1,6500.0,AirtelMoney,AUTH15365,2024-11-29 20:53:00
TXN90004378,ST05,,PRD200946,1,1800.0,MTN MoMo,,2024-12-25 11:31:00
TXN90004379,ST15,CUST103212,PRD200895,1,1250.0,MTN Mobile Money,AM787525632,2024-11-15 20:02:00
TXN90004380,ST01,CUST100879,PRD200932,3,12500.0,Cash,CASH-4121,2024-09-26 19:50:00
TXN90004381,ST05,CUST100640,PRD200970,1,5175.0,Cash,,2024-07-17 04:53:00
TXN90004382,ST16,CUST102831,PRD200940,1,825.0,momo,,2024-12-05 01:03:00
TXN90004383,ST21,CUST101015,PRD200622,5,75000.0,Airtel Money,,2024-10-27 10:12:00
TXN90004384,ST22,CUST103507,PRD200389,2,15000.0,MTN MoMo,CASH-3253,2024-09-01 12:26:00
TXN90004385,ST23,CUST100003,PRD200807,2,5175.0,Airtel Money,AM830024011,2024-08-03 14:42:00
TXN90004386,ST17,,PRD200683,1,1950.0,MTN MoMo,MP298078177,2024-09-25 15:28:00
TXN90004387,ST19,CUST103939,PRD200904,1,650.0,MTN Mobile Money,MP471501509,2024-07-14 10:37:00
TXN90004388,ST21,CUST104693,PRD200534,1,8250.0,MTN MoMo,MP607891086,2024-10-11 11:04:00
TXN90004389,ST05,CUST101533,PRD200825,-2,550.0,AirtelMoney,CASH-3432,2024-09-16 11:48:00
TXN90004390,ST18,CUST101649,PRD200321,2,975.0,MTN MoMo,AM349320250,2024-10-11 16:21:00
TXN90004391,ST23,CUST103983,PRD200692,1,23000.0,Card,CASH-6874,2024-07-14 19:07:00
TXN90004392,ST16,CUST100678,PRD200477,1,3000.0,Cash,AM828505649,2024-08-12 12:47:00
TXN90004393,ST06,CUST104888,PRD200210,1,5500.0,MTN MoMo,AM785065152,16/11/2024 10:37
TXN90004394,ST10,CUST103794,PRD201015,-2,62500.0,Cash,CASH-4520,2024-12-07 12:32:00
TXN90004395,ECOM01,CUST102679,PRD200397,-2,1650.0,MTN MoMo,MP734288076,2024-08-23 04:57:00
TXN90004396,ECOM01,CUST101779,PRD200425,5,43750.0,Cash,AUTH84092,2024-07-08 06:09:00
TXN90004397,ST03,CUST100650,PRD200386,1,62500.0,Cash,AM346252224,2024-10-31 02:38:00
TXN90004398,ST07,CUST102720,PRD200989,2,"17,250",AirtelMoney,MP245656105,2024-07-19 10:02:00
TXN90004399,ECOM01,CUST101259,PRD200375,-1,3051.54,MTN Mobile Money,CASH-7482,2024-12-21 14:42:00
TXN90004400,ST02,CUST104238,PRD200056,1,40250.0,AirtelMoney,MP486596587,2024-08-06 06:38:00
TXN90004401,ST01,,PRD200568,2,1800.0,MTN Mobile Money,AM704005729,2024-07-11 01:30:00
TXN90004402,ECOM01,CUST103323,PRD200214,1,65000.0,MTN MoMo,CASH-6185,2024-11-25 00:39:00
TXN90004403,ECOM01,CUST101780,PRD200210,1,5500.0,Airtel Money,MP767529845,2024-08-20 05:07:00
TXN90004404,ST03,,PRD200345,1,3750.0,CASH,,2024-10-21 19:02:00
TXN90004405,ECOM01,CUST101368,PRD200572,1,3750.0,MTN Mobile Money,AM804793135,2024-12-17 02:32:00
TXN90004406,ST15,CUST101998,PRD200280,3,"UGX 3,631",MTN Mobile Money,,2024-10-13 01:59:00
TXN90004407,ST18,CUST103493,PRD200685,2,1150.0,Airtel Money,CASH-9092,2024-11-16 10:44:00
TXN90004408,ST11,CUST100921,PRD200501,4,1125.0,Cash,CASH-6779,2024-12-02 10:46:00
TXN90004409,ST13,CUST104864,PRD200030,2,2600.0,Card,CASH-3509,2024-07-05 18:18:00
TXN90004410,ST04,CUST101202,PRD200545,1,5400.0,Airtel Money,AUTH52995,2024-12-18 16:12:00
TXN90004411,ECOM01,,PRD200421,3,6000.0,MTN MoMo,,2024-10-15 20:48:00
TXN90004412,ST12,CUST101723,PRD201162,4,18000.0,MTN Mobile Money,,2024-09-09 15:01:00
TXN90004413,ST20,CUST103983,PRD201008,3,8250.0,Airtel Money,AUTH20271,2024-08-26 10:36:00
TXN90004414,ST20,CUST100831,PRD200835,2,23000.0,Cash,CASH-5850,2024-10-13 13:10:00
TXN90004415,ST02,CUST104610,PRD200151,2,11000.0,Cash,AUTH33911,2024-10-17 10:14:00
TXN90004416,ECOM01,CUST104092,PRD200049,-1,2875.0,MTN MoMo,MP880000321,2024-07-01 23:49:00
TXN90004417,ST01,CUST102706,PRD200296,1,3750.0,Cash,AUTH98126,2024-08-16 16:30:00
TXN90004418,ST03,,PRD200052,3,2400.0,MTN Mobile Money,MP849853310,09/07/2024 08:40
TXN90004419,ST21,CUST103258,PRD200382,1,2600.0,CASH,AUTH93949,2024-09-11 07:47:00
TXN90004420,ECOM01,CUST102733,PRD200076,2,1300.0,AirtelMoney,AUTH85928,2024-09-07 00:01:00
TXN90004421,ECOM01,CUST101589,PRD200730,1,6750.0,momo,AM821096494,2024-10-03 09:41:00
TXN90004422,ST19,CUST102993,PRD200336,1,43750.0,momo,MP698486966,2024-12-24 16:30:00
TXN90004423,ST03,CUST100784,PRD200165,1,1350.0,Cash,CASH-4269,2024-10-08 23:57:00
TXN90004424,ST11,CUST101838,PRD200559,1,750.0,AirtelMoney,AM477658258,30/11/2024 05:11
TXN90004425,ST22,CUST103085,PRD200438,-2,"1,150",MTN MoMo,,2024-09-24 07:21:00
TXN90004426,ECOM01,CUST104726,PRD200030,1,2600.0,Cash,MP183484782,03/12/2024 21:26
TXN90004427,ECOM01,CUST101644,PRD200980,2,625.0,Cash,AUTH68944,2024-11-08 01:25:00
TXN90004428,ST01,CUST102081,PRD200901,1,18000.0,CASH,,2024-12-27 07:06:00
TXN90004429,ST13,CUST103462,PRD200623,1,12500.0,CASH,MP511843232,2024-08-08 17:34:00
TXN90004430,ST09,CUST104746,PRD200993,1,1500.0,Card,AM126599428,2024-08-17 02:27:00
TXN90004431,ST15,CUST101504,PRD200012,1,4500.0,momo,,2024-11-28 15:50:00
TXN90004432,ST03,CUST102878,PRD200501,1,1125.0,Cash,AUTH78029,2024-12-25 03:32:00
TXN90004433,ECOM01,CUST101634,PRD201090,-1,13000.0,Cash,AM444245550,2024-08-14 09:59:00
TXN90004434,ST16,CUST104340,PRD200131,1,3000.0,MTN MoMo,MP451308633,27/12/2024 12:22
TXN90004435,ST09,CUST102679,PRD200800,4,3600.0,Card,CASH-6276,2024-09-03 06:32:00
TXN90004436,ST18,CUST102276,PRD200580,1,3300.0,AirtelMoney,MP530131860,2024-09-22 01:53:00
TXN90004437,ECOM01,CUST101857,PRD200452,2,6812.54,MTN Mobile Money,MP551964255,01/10/2024 10:46
TXN90004438,ST02,CUST104838,PRD200211,2,1875.0,Airtel Money,MP544420040,2024-12-24 02:10:00
TXN90004439,ECOM01,CUST101670,PRD200529,-2,UGX18000,Cash,AUTH65296,2024-08-23 06:12:00
TXN90004440,ST22,CUST101300,PRD200163,3,7500.0,MTN Mobile Money,AM880583107,2024-12-08 21:32:00
TXN90004441,ST12,CUST104884,PRD200540,1,11000.0,MTN Mobile Money,MP972340452,2024-12-04 07:45:00
TXN90004442,ST01,CUST103911,PRD200899,2,UGX 900,momo,AUTH72075,2024-10-04 07:51:00
TXN90004443,ST09,CUST100397,PRD200100,3,1875.0,momo,MP298315926,2024-07-03 07:49:00
TXN90004444,ST17,CUST102453,PRD200126,1,750.0,Airtel Money,AUTH13752,03/12/2024 06:12
TXN90004445,ECOM01,,PRD200388,-1,3452.78,AirtelMoney,CASH-7769,2024-11-23 08:20:00
TXN90004446,ST19,CUST103789,PRD200802,-1,5400.0,MTN Mobile Money,MP604467750,2024-07-15 16:19:00
TXN90004447,ST19,CUST101924,PRD201075,1,7500.0,Cash,CASH-2355,2024-12-13 09:34:00
TXN90004448,ST10,CUST102843,PRD200630,-1,575.0,Card,MP799064281,2024-07-26 03:43:00
TXN90004449,ST12,CUST104343,PRD200559,1,750.0,CASH,AUTH77999,24/11/2024 00:31
TXN90004450,ST06,CUST100379,PRD200842,1,3450.0,Cash,,2024-11-01 16:22:00
TXN90004451,ST21,CUST102664,PRD200348,3,2400.0,MTN MoMo,MP278511965,25/09/2024 00:03
TXN90004452,ST12,CUST104889,PRD200080,3,7500.0,MTN Mobile Money,AUTH79784,2024-11-19 00:51:00
TXN90004453,ST14,,PRD201003,3,1950.0,momo,AM694793203,2024-10-30 14:04:00
TXN90004454,ECOM01,CUST104571,PRD201074,1,65000.0,Airtel Money,CASH-7468,2024-09-29 06:27:00
TXN90004455,ST06,CUST103273,PRD200737,3,900.0,CASH,,2024-08-25 06:38:00
TXN90004456,ST04,CUST102815,PRD200649,2,36000.0,Airtel Money,CASH-9218,2024-07-26 16:42:00
TXN90004457,ST04,CUST104174,PRD200639,1,19500.0,Airtel Money,MP321853066,2024-12-26 05:50:00
TXN90004458,ST07,CUST104457,PRD200465,-2,975.0,MTN Mobile Money,AM274731643,2024-07-19 13:00:00
TXN90004459,ST13,CUST101967,PRD200697,2,60000.0,momo,AUTH96837,2024-07-23 19:42:00
TXN90004460,ST04,CUST103144,PRD200771,2,1950.0,Airtel Money,CASH-9298,2024-07-16 00:27:00
TXN90004461,ST13,CUST104615,PRD201159,2,550.0,MTN MoMo,AUTH79845,2024-11-10 18:06:00
TXN90004462,ST23,CUST102618,PRD200516,1,1500.0,CASH,AM840214717,2024-10-18 19:18:00
TXN90004463,ST07,CUST100060,PRD200575,2,3600.0,Card,CASH-7379,2024-12-05 06:41:00
TXN90004464,ECOM01,CUST104725,PRD200285,1,625.0,Airtel Money,AUTH49420,2024-11-21 03:35:00
TXN90004465,ST22,CUST104083,PRD200902,1,937.5,Airtel Money,,08/11/2024 03:41
TXN90004466,ST23,CUST103939,PRD200068,2,1200.0,MTN Mobile Money,AM241773347,2024-12-09 03:22:00
TXN90004467,ST23,CUST101648,PRD200753,1,5625.0,AirtelMoney,MP437466908,2024-08-02 10:58:00
TXN90004468,ECOM01,CUST102143,PRD201113,5,63000.0,momo,AM379649861,2024-09-18 11:06:00
TXN90004469,ECOM01,CUST104467,PRD200644,2,3000.0,MTN Mobile Money,AM826684008,2024-08-05 01:34:00
TXN90004470,ST08,CUST101103,PRD200809,1,5850.0,MTN Mobile Money,AM830191814,2024-12-23 07:46:00
TXN90004471,ECOM01,CUST101536,PRD200574,4,550.0,MTN MoMo,MP288820171,2024-11-12 14:12:00
TXN90004472,ST23,CUST103232,PRD200090,1,1897.03,MTN MoMo,CASH-6483,2024-11-18 23:25:00
TXN90004473,ST21,CUST100351,PRD200466,5,8625.0,MTN MoMo,CASH-7575,2024-12-15 05:32:00
TXN90004474,ST21,CUST103000,PRD200836,1,7500.0,MTN MoMo,CASH-9393,2024-10-19 03:43:00
TXN90004475,ST04,CUST101523,PRD200446,4,2400.0,AirtelMoney,AM828877535,2024-09-18 14:52:00
TXN90004476,ECOM01,CUST104883,PRD200105,1,25000.0,MTN Mobile Money,AM174307531,2024-09-29 12:59:00
TXN90004477,ST08,CUST100723,PRD200331,1,43750.0,Cash,MP435211639,2024-10-18 13:39:00
TXN90004478,ST15,CUST102363,PRD200315,1,6250.0,Airtel Money,AM849801319,02/11/2024 04:46
TXN90004479,ST05,CUST100472,PRD200675,1,57500.0,MTN MoMo,MP598854321,2024-12-09 09:41:00
TXN90004480,ST17,CUST102622,PRD200369,1,5400.0,MTN MoMo,AUTH61708,2024-11-08 14:55:00
TXN90004481,ST16,CUST103701,PRD201023,-1,57500.0,MTN MoMo,AUTH44267,20/08/2024 19:02
TXN90004482,ST08,CUST101839,PRD201121,1,900.0,Cash,AUTH85856,2024-11-17 00:36:00
TXN90004483,ST04,CUST104959,PRD200296,1,3750.0,MTN Mobile Money,MP473790894,2024-11-15 19:53:00
TXN90004484,ST05,CUST104617,PRD200525,2,6250.0,MTN MoMo,,2024-10-12 21:39:00
TXN90004485,ST09,CUST100592,PRD200281,1,25000.0,MTN MoMo,AUTH29462,2024-12-11 08:47:00
TXN90004486,ST08,CUST101132,PRD200634,1,63000.0,Card,,2024-09-21 18:48:00
TXN90004487,ST11,CUST100112,PRD200231,4,22500.0,MTN MoMo,CASH-7521,2024-12-11 11:57:00
TXN90004488,ST11,CUST101092,PRD200176,5,5750.0,momo,AM303680448,2024-08-28 15:58:00
TXN90004489,ST17,CUST103543,PRD200345,1,3750.0,MTN MoMo,CASH-4987,2024-09-08 02:55:00
TXN90004490,ECOM01,CUST104254,PRD200353,1,1875.0,Cash,CASH-7200,2024-10-01 11:24:00
TXN90004491,ECOM01,,PRD200493,2,825.0,Airtel Money,MP123581181,2024-10-04 18:41:00
TXN90004492,ST21,CUST103132,PRD200863,2,27000.0,MTN MoMo,MP411331525,2024-09-10 14:08:00
TXN90004493,ECOM01,CUST103516,PRD200750,2,3600.0,MTN MoMo,CASH-1823,2024-08-02 13:08:00
TXN90004494,ECOM01,CUST104328,PRD200005,1,1200.0,MTN MoMo,MP530980257,2024-11-19 00:48:00
TXN90004495,ECOM01,CUST101381,PRD200239,1,1350.0,MTN MoMo,MP123870414,2024-09-14 05:06:00
TXN90004496,ST02,CUST104877,PRD200530,4,5625.0,Airtel Money,,2024-11-15 14:09:00
TXN90004497,ECOM01,CUST103258,PRD200891,1,40250.0,Airtel Money,AUTH73622,2024-08-09 07:44:00
TXN90004498,ST06,,PRD200792,1,1350.0,MTN MoMo,MP898253316,2024-10-05 13:59:00
TXN90004499,ST17,CUST102942,PRD200842,1,3450.0,MTN MoMo,MP873348379,2024-12-04 14:59:00
TXN90004500,ECOM01,,PRD200761,-2,1350.0,momo,,2024-10-29 05:14:00
TXN90004501,ST01,CUST103648,PRD200439,2,17250.0,MTN MoMo,CASH-6995,2024-08-15 02:26:00
TXN90004502,ECOM01,CUST102965,PRD200675,-1,57500.0,MTN Mobile Money,AUTH72314,2024-07-29 04:37:00
TXN90004503,ECOM01,CUST100618,PRD201158,1,36000.0,MTN Mobile Money,CASH-8533,2024-08-18 04:40:00
TXN90004504,ST01,CUST101310,PRD200820,1,8100.0,MTN MoMo,AM359079499,2024-07-11 21:41:00
TXN90004505,ST21,CUST102014,PRD200931,3,9750.0,MTN MoMo,AUTH57191,2024-10-29 14:42:00
TXN90004506,ST01,CUST103630,PRD200636,-2,3600.0,momo,CASH-4022,2024-09-25 13:01:00
TXN90004507,ST18,CUST103341,PRD200249,1,650.0,Airtel Money,CASH-8934,2024-09-30 07:33:00
TXN90004508,ST05,CUST103359,PRD200501,1,1125.0,MTN MoMo,,2024-08-22 23:28:00
TXN90004509,ST18,CUST101277,PRD200762,1,UGX18750,momo,AM152842482,2024-10-31 04:13:00
TXN90004510,ST08,CUST100503,PRD200637,5,22000.0,MTN MoMo,AM803938145,2024-09-25 08:55:00
TXN90004511,ECOM01,CUST102047,PRD200986,3,5175.0,MTN MoMo,MP138788724,2024-09-08 03:46:00
TXN90004512,ST10,CUST104394,PRD200817,2,63000.0,momo,MP625513557,2024-08-05 04:42:00
TXN90004513,ST03,CUST102064,PRD200902,2,937.5,Airtel Money,AUTH45730,2024-09-23 06:49:00
TXN90004514,ECOM01,CUST102359,PRD200884,3,36000.0,CASH,MP120325265,17/09/2024 17:52
TXN90004515,ECOM01,CUST101897,PRD201124,1,43750.0,Cash,AUTH46547,2024-08-17 11:58:00
TXN90004516,ST23,CUST103500,PRD201140,3,5850.0,Cash,CASH-5228,2024-09-07 08:15:00
TXN90004517,ST21,CUST100511,PRD201068,1,2500.0,MTN Mobile Money,AM752391004,27/11/2024 02:34
TXN90004518,ST16,CUST104361,PRD200414,3,11250.0,Airtel Money,AUTH39473,2024-10-09 02:03:00
TXN90004519,ST02,CUST102142,PRD200228,5,12500.0,MTN MoMo,AUTH49921,2024-10-05 04:58:00
TXN90004520,ST17,CUST100037,PRD201089,4,"1,250",MTN MoMo,AUTH38234,2024-12-06 15:19:00
TXN90004521,ST22,CUST102703,PRD201086,1,5625.0,Card,AM100219855,2024-12-03 23:43:00
TXN90004522,ST14,CUST104346,PRD200274,1,11500.0,AirtelMoney,AUTH11115,2024-08-26 15:18:00
TXN90004523,ECOM01,CUST103538,PRD200276,-1,575.0,AirtelMoney,CASH-2273,2024-07-06 04:47:00
TXN90004524,ST18,CUST103747,PRD201126,4,2875.0,momo,AUTH87212,30/11/2024 10:08
TXN90004525,ST01,,PRD200293,2,3450.0,Airtel Money,AM645041985,22/12/2024 01:13
TXN90004526,ST04,CUST103363,PRD200904,1,650.0,Airtel Money,CASH-7449,07/09/2024 18:16
TXN90004527,ST14,CUST103269,PRD201030,1,17250.0,Airtel Money,AM343048305,2024-07-25 22:35:00
TXN90004528,ST08,CUST102942,PRD200021,2,5400.0,Airtel Money,MP789652408,12/08/2024 15:46
TXN90004529,ST20,CUST101899,PRD200651,2,12000.0,Airtel Money,AUTH52217,05/07/2024 17:31
TXN90004530,ST01,CUST100667,PRD200580,1,3300.0,MTN MoMo,MP546784229,2024-08-13 18:48:00
TXN90004531,ST21,CUST100613,PRD201065,1,13500.0,MTN Mobile Money,AM284086782,01/10/2024 00:10
TXN90004532,ECOM01,CUST104188,PRD200427,1,24113.01,MTN Mobile Money,AM798568261,2024-10-04 08:16:00
TXN90004533,ECOM01,CUST100963,PRD200915,-1,12500.0,Cash,AUTH68322,2024-07-27 04:12:00
TXN90004534,ST05,,PRD200641,2,52500.0,MTN Mobile Money,,2024-11-17 22:00:00
TXN90004535,ECOM01,CUST104603,PRD200684,1,6750.0,MTN MoMo,CASH-2175,2024-11-26 13:12:00
TXN90004536,ECOM01,CUST100389,PRD200879,1,2500.0,MTN MoMo,MP949137236,2024-12-27 14:43:00
TXN90004537,ST06,CUST104366,PRD200045,1,15000.0,Airtel Money,CASH-6111,2024-08-02 16:40:00
TXN90004538,ST09,CUST101040,PRD200652,2,65000.0,Card,MP394596986,2024-11-02 05:47:00
TXN90004539,ST06,CUST104908,PRD200106,3,2875.0,MTN MoMo,AUTH22306,2024-12-07 07:03:00
TXN90004540,ST09,CUST100492,PRD200617,2,38500.0,Airtel Money,,06/08/2024 17:41
TXN90004541,ST16,CUST104868,PRD200977,1,8250.0,MTN MoMo,,2024-10-26 16:06:00
TXN90004542,ST22,CUST100098,PRD200570,2,38500.0,Airtel Money,AM229669506,2024-09-15 17:45:00
TXN90004543,ST06,CUST103134,PRD200513,1,"UGX 65,000",MTN Mobile Money,MP415343382,2024-11-03 18:08:00
TXN90004544,ST14,CUST102128,PRD201162,2,18000.0,momo,CASH-8292,2024-12-03 20:13:00
TXN90004545,ST01,CUST104635,PRD200910,1,3750.0,MTN MoMo,MP664451687,2024-08-17 16:14:00
TXN90004546,ST19,CUST102475,PRD200958,2,2600.0,MTN MoMo,MP579049512,2024-09-08 06:14:00
TXN90004547,ST05,CUST103667,PRD200812,1,1800.0,MTN MoMo,CASH-9694,2024-09-10 07:08:00
TXN90004548,ECOM01,CUST102467,PRD200077,3,2250.0,CASH,CASH-6895,2024-11-06 20:11:00
TXN90004549,ST11,CUST100832,PRD200942,3,18000.0,MTN MoMo,AM638918143,2024-08-08 18:28:00
TXN90004550,ST15,CUST100249,PRD200501,2,UGX1125,MTN MoMo,CASH-8793,2024-08-17 09:55:00
TXN90004551,ST10,CUST103398,PRD200743,2,575.0,MTN MoMo,MP625211464,2024-07-10 01:25:00
TXN90004552,ST01,CUST100492,PRD200185,3,600.0,momo,CASH-2118,2024-08-04 20:42:00
TXN90004553,ECOM01,CUST104932,PRD200943,1,575.0,MTN MoMo,AUTH31750,2024-10-08 19:54:00
TXN90004554,ST04,CUST103091,PRD200299,4,13500.0,MTN MoMo,,2024-09-15 16:40:00
TXN90004555,ST23,CUST102585,PRD200423,1,3900.0,Airtel Money,,2024-07-23 19:18:00
TXN90004556,ST10,CUST103308,PRD200866,1,2700.0,momo,CASH-4551,2024-10-15 04:09:00
TXN90004557,ST19,CUST100467,PRD200854,3,4950.0,MTN MoMo,AUTH40220,2024-09-21 02:39:00
TXN90004558,ST04,CUST100392,PRD200411,2,1125.0,CASH,MP681405546,2024-09-10 12:00:00
TXN90004559,ST12,CUST100507,PRD200245,1,4500.0,CASH,MP230328890,2024-10-22 12:03:00
TXN90004560,ST15,CUST104811,PRD200035,2,11500.0,MTN Mobile Money,,2024-10-01 07:27:00
TXN90004561,ST14,CUST100323,PRD200293,2,3450.0,MTN Mobile Money,AM992601089,25/12/2024 13:10
TXN90004562,ST07,CUST100838,PRD200355,3,975.0,MTN MoMo,AUTH77295,2024-12-14 23:22:00
TXN90004563,ST16,CUST104378,PRD200455,1,575.0,MTN MoMo,AM396662339,2024-08-24 07:41:00
TXN90004564,ST13,CUST101369,PRD200056,-2,40250.0,MTN MoMo,MP496719111,2024-10-25 05:08:00
TXN90004565,ST07,CUST104709,PRD200754,3,5400.0,Airtel Money,CASH-7409,2024-12-14 16:53:00
TXN90004566,ST21,CUST101392,PRD200218,1,650.0,Cash,AUTH62274,2024-07-01 15:11:00
TXN90004567,ST20,CUST101269,PRD201122,2,6750.0,Airtel Money,AM678547992,2024-07-16 10:34:00
TXN90004568,ST21,CUST102034,PRD200050,5,900.0,Airtel Money,MP181260304,2024-11-13 23:22:00
TXN90004569,ST07,CUST102345,PRD200768,1,5400.0,Airtel Money,CASH-6951,2024-10-24 20:41:00
TXN90004570,ST11,CUST102300,PRD200223,4,17250.0,CASH,AM363589333,2024-10-06 15:35:00
TXN90004571,ST04,CUST103046,PRD201022,1,19500.0,Card,AUTH46215,2024-09-23 12:25:00
TXN90004572,ST12,CUST100990,PRD201138,1,5595.96,MTN MoMo,CASH-1074,2024-10-29 18:05:00
TXN90004573,ST05,CUST102839,PRD200865,1,650.0,CASH,AUTH21825,2024-12-04 09:14:00
TXN90004574,ST11,CUST102854,PRD200877,2,650.0,Card,CASH-9061,2024-09-23 21:28:00
TXN90004575,ECOM01,,PRD200103,2,12474.0,MTN MoMo,CASH-8686,2024-12-23 21:28:00
TXN90004576,ST16,CUST102260,PRD200423,2,3900.0,MTN Mobile Money,CASH-6257,2024-11-21 09:44:00
TXN90004577,ST13,CUST102953,PRD200777,3,42000.0,Airtel Money,MP215027868,2024-10-16 16:59:00
TXN90004578,ST02,CUST102006,PRD200361,2,1200.0,MTN MoMo,AM490456711,2024-10-05 19:47:00
TXN90004579,ST14,CUST102106,PRD200003,1,9375.0,MTN Mobile Money,CASH-2965,2024-11-25 01:22:00
TXN90004580,ST19,CUST101088,PRD200485,1,60000.0,Cash,CASH-1717,2024-08-03 17:53:00
TXN90004581,ST17,CUST100312,PRD200728,3,1958.36,AirtelMoney,AUTH69112,2024-08-13 03:02:00
TXN90004582,ST07,,PRD200944,2,975.0,Cash,AM316673858,2024-12-11 18:54:00
TXN90004583,ST04,CUST102799,PRD200145,5,2250.0,Airtel Money,AUTH76250,2024-09-04 02:17:00
TXN90004584,ST12,,PRD200279,1,40250.0,Cash,AUTH89973,2024-08-21 18:55:00
TXN90004585,ST19,CUST103609,PRD200763,2,27000.0,Airtel Money,CASH-7030,2024-10-19 13:11:00
TXN90004586,ST03,CUST103045,PRD200449,1,2250.0,Card,AM574064265,2024-12-08 22:01:00
TXN90004587,ST12,CUST102539,PRD200209,2,5500.0,Airtel Money,AUTH38899,2024-07-07 05:07:00
TXN90004588,ST02,CUST104118,PRD200201,5,22000.0,Card,AM511012012,2024-07-07 07:42:00
TXN90004589,ECOM01,CUST104008,PRD200517,2,2400.0,Airtel Money,CASH-7592,2024-08-31 09:16:00
TXN90004590,ECOM01,CUST101264,PRD200175,3,18000.0,MTN MoMo,MP225920433,2024-09-05 18:52:00
TXN90004591,ECOM01,CUST102452,PRD200946,1,1800.0,Airtel Money,,2024-09-07 11:43:00
TXN90004592,ST20,CUST103018,PRD200446,1,2400.0,Cash,CASH-6783,2024-08-30 15:18:00
TXN90004593,ST14,CUST102245,PRD200874,2,6000.0,Cash,MP162593439,2024-12-09 14:28:00
TXN90004594,ST19,CUST104224,PRD200600,1,671.99,AirtelMoney,MP823078045,2024-07-20 19:02:00
TXN90004595,ST09,,PRD201060,2,9750.0,MTN MoMo,CASH-2560,2024-07-19 00:46:00
TXN90004596,ECOM01,CUST101246,PRD200036,2,22000.0,MTN Mobile Money,,2024-07-13 08:43:00
TXN90004597,ST05,CUST103590,PRD200962,1,6250.0,MTN MoMo,MP180947283,2024-10-08 14:33:00
TXN90004598,ECOM01,CUST104451,PRD200794,1,2300.0,Cash,CASH-6818,2024-07-15 00:42:00
TXN90004599,ST08,CUST104681,PRD200330,1,63000.0,MTN MoMo,AM260384099,2024-08-02 11:35:00
TXN90004600,ST01,CUST100717,PRD200143,2,47254.46,CASH,CASH-2701,2024-11-01 22:49:00
TXN90004601,ST17,CUST103097,PRD201127,5,1950.0,Cash,AUTH70517,2024-10-27 13:33:00
TXN90004602,ST07,CUST100683,PRD200528,1,625.0,MTN Mobile Money,CASH-9325,20/12/2024 22:43
TXN90004603,ST02,CUST100608,PRD200010,1,2300.0,MTN Mobile Money,CASH-6641,2024-07-19 12:13:00
TXN90004604,ECOM01,CUST102347,PRD200088,3,2500.0,Cash,AM878258495,2024-11-25 01:55:00
TXN90004605,ST10,CUST101479,PRD200110,2,13000.0,MTN Mobile Money,CASH-4450,2024-11-28 17:16:00
TXN90004606,ST05,CUST104227,PRD200108,1,1200.0,CASH,MP139012924,2024-08-17 11:07:00
TXN90004607,ST17,CUST101367,PRD200198,5,3000.0,MTN MoMo,,2024-09-28 08:08:00
TXN90004608,ST13,CUST103567,PRD201081,1,"45,500",momo,AUTH69397,2024-11-22 00:45:00
TXN90004609,ST10,CUST100140,PRD200600,2,671.99,MTN MoMo,AM512134193,2024-08-26 08:59:00
TXN90004610,ECOM01,CUST104397,PRD200942,2,18000.0,Card,,2024-08-18 10:56:00
TXN90004611,ST06,CUST102351,PRD200109,2,975.0,Card,MP810230514,2024-08-23 09:30:00
TXN90004612,ST22,CUST102923,PRD200058,1,9375.0,MTN Mobile Money,CASH-6677,06/07/2024 20:26
TXN90004613,ST13,CUST100149,PRD201061,3,862.5,MTN MoMo,AUTH76802,2024-09-21 03:12:00
TXN90004614,ST17,CUST102776,PRD200178,2,9375.0,MTN Mobile Money,CASH-3567,05/07/2024 02:52
TXN90004615,ST21,CUST103060,PRD201038,2,60000.0,MTN Mobile Money,AUTH53078,2024-07-04 21:32:00
TXN90004616,ST11,CUST104128,PRD200415,1,11000.0,MTN MoMo,AUTH34879,01/08/2024 10:51
TXN90004617,ST18,CUST101959,PRD200202,2,42000.0,CASH,AUTH19749,2024-08-23 01:06:00
TXN90004618,ST02,CUST103417,PRD200785,2,862.5,Cash,CASH-8486,2024-10-04 07:35:00
TXN90004619,ST18,CUST102177,PRD200193,3,UGX36000,MTN MoMo,AM722379913,2024-09-30 09:27:00
TXN90004620,ECOM01,CUST101332,PRD200174,1,"UGX 1,500",momo,AUTH59046,2024-09-19 18:03:00
TXN90004621,ST07,CUST103402,PRD200235,3,825.0,momo,MP817031154,2024-08-21 22:13:00
TXN90004622,ECOM01,CUST101883,PRD200797,2,39122.92,MTN MoMo,AUTH81906,2024-07-26 19:03:00
TXN90004623,ST18,CUST103823,PRD200748,3,2600.0,MTN MoMo,AM623792806,2024-10-26 23:40:00
TXN90004624,ST02,CUST102664,PRD200663,2,750.0,Cash,MP598130280,09/11/2024 14:24
TXN90004625,ST02,CUST103476,PRD200170,3,4500.0,MTN MoMo,AUTH52461,2024-09-15 00:22:00
TXN90004626,ST05,CUST100408,PRD200661,1,18750.0,Cash,CASH-9887,02/10/2024 17:52
TXN90004627,ECOM01,CUST103598,PRD200969,2,4500.0,Cash,AUTH24910,2024-12-02 05:06:00
TXN90004628,ST01,CUST103026,PRD200403,2,4950.0,Airtel Money,MP775093643,2024-12-21 15:26:00
TXN90004629,ST14,CUST101709,PRD200148,1,23000.0,MTN Mobile Money,CASH-4496,2024-08-16 06:41:00
TXN90004630,ST13,CUST101315,PRD200108,1,1200.0,Cash,,04/07/2024 01:08
TXN90004631,ECOM01,CUST102340,PRD200551,3,6750.0,MTN Mobile Money,AM607779207,02/08/2024 02:38
TXN90004632,ST04,CUST101255,PRD200777,1,42000.0,MTN MoMo,AUTH42854,2024-08-17 13:21:00
TXN90004633,ST04,CUST104895,PRD200180,2,5400.0,Airtel Money,,2024-08-24 17:53:00
TXN90004634,ECOM01,CUST101541,PRD200029,2,3300.0,MTN Mobile Money,,2024-08-31 08:28:00
TXN90004635,ST03,CUST104357,PRD200008,4,27000.0,Cash,CASH-1693,2024-10-26 09:28:00
TXN90004636,ST07,CUST103751,PRD200388,3,3452.78,MTN MoMo,AM680591787,2024-10-21 10:49:00
TXN90004637,ST01,CUST104919,PRD201065,1,13500.0,Cash,AUTH60585,2024-08-19 03:35:00
TXN90004638,ST17,CUST102564,PRD201036,1,1500.0,Airtel Money,MP373989000,2024-10-31 00:33:00
TXN90004639,ST14,CUST101288,PRD200767,4,937.5,Airtel Money,AM375616854,23/11/2024 17:10
TXN90004640,ST10,CUST100429,PRD201059,-1,1300.0,momo,MP429473772,2024-08-04 10:28:00
TXN90004641,ST01,CUST101502,PRD201075,3,7500.0,AirtelMoney,,2024-10-30 03:36:00
TXN90004642,ST14,,PRD200146,1,1803.16,Airtel Money,MP519144176,2024-11-15 03:18:00
TXN90004643,ECOM01,CUST101609,PRD200446,-1,2400.0,Cash,AUTH77243,25/11/2024 12:07
TXN90004644,ST21,CUST103853,PRD200455,2,575.0,Cash,,2024-09-20 05:05:00
TXN90004645,ST10,CUST104157,PRD200957,2,4950.0,CASH,AUTH96122,2024-11-12 03:42:00
TXN90004646,ECOM01,CUST102913,PRD200054,1,1125.0,Cash,CASH-1206,2024-11-12 01:08:00
TXN90004647,ST02,CUST100143,PRD201047,3,"UGX 5,400",Airtel Money,CASH-3287,2024-08-02 04:21:00
TXN90004648,ST20,CUST100471,PRD200015,1,862.5,MTN MoMo,AM242292517,2024-08-09 00:37:00
TXN90004649,ECOM01,CUST102888,PRD200601,3,18750.0,Cash,CASH-2349,2024-10-09 14:48:00
TXN90004650,ECOM01,CUST101617,PRD200168,4,30000.0,Airtel Money,MP491893455,2024-10-09 20:39:00
TXN90004651,ST21,CUST101537,PRD200435,2,2300.0,Cash,,2024-10-30 09:49:00
TXN90004652,ST14,CUST102508,PRD200159,4,1150.0,Airtel Money,CASH-9097,22/11/2024 14:45
TXN90004653,ST13,CUST103617,PRD200847,-2,11000.0,Cash,AM367901193,2024-09-25 12:20:00
TXN90004654,ST20,CUST100271,PRD200649,1,36000.0,momo,,2024-10-28 03:44:00
TXN90004655,ST23,CUST100217,PRD200351,1,52500.0,MTN Mobile Money,AM458187283,2024-08-19 18:43:00
TXN90004656,ST15,CUST100104,PRD200296,1,3750.0,Cash,CASH-4480,2024-11-18 14:40:00
TXN90004657,ST05,CUST104516,PRD200388,1,UGX3453,MTN MoMo,MP327888798,2024-07-28 19:30:00
TXN90004658,ST17,CUST102804,PRD200290,1,UGX12000,MTN MoMo,AUTH75575,2024-11-20 07:24:00
TXN90004659,ECOM01,CUST101581,PRD200053,2,9000.0,MTN Mobile Money,CASH-2910,2024-08-07 21:11:00
TXN90004660,ECOM01,CUST104273,PRD200822,1,1125.0,Cash,CASH-3814,2024-10-03 23:52:00
TXN90004661,ST08,CUST101185,PRD200867,3,4500.0,Airtel Money,AUTH28625,2024-12-14 04:57:00
TXN90004662,ECOM01,CUST103140,PRD200628,2,3750.0,Airtel Money,MP761552109,2024-09-07 03:18:00
TXN90004663,ST07,CUST104314,PRD201042,2,2750.0,AirtelMoney,MP806231133,2024-10-02 12:53:00
TXN90004664,ST02,CUST102661,PRD200180,2,5400.0,momo,AM536735600,2024-09-16 05:00:00
TXN90004665,ST02,CUST104485,PRD200073,1,38500.0,MTN MoMo,CASH-2212,2024-09-08 16:14:00
TXN90004666,ST02,CUST104728,PRD200481,1,1250.0,Cash,MP855399913,20/10/2024 19:57
TXN90004667,ST16,CUST100700,PRD201032,3,5750.0,Airtel Money,CASH-1190,2024-11-17 05:59:00
TXN90004668,ST06,,PRD200492,3,18000.0,MTN MoMo,MP478287806,27/10/2024 00:25
TXN90004669,ST05,CUST104355,PRD201140,1,5850.0,MTN MoMo,AUTH34387,2024-10-17 21:56:00
TXN90004670,ST03,CUST101843,PRD200033,3,2300.0,MTN Mobile Money,AM749301911,2024-10-08 16:45:00
TXN90004671,ST07,CUST103492,PRD200807,-2,5175.0,MTN MoMo,,2024-07-19 16:05:00
TXN90004672,ST12,,PRD200108,3,1200.0,Cash,,2024-07-30 20:00:00
TXN90004673,ST06,CUST104540,PRD200301,-1,1250.0,AirtelMoney,MP586389934,2024-08-16 22:44:00
TXN90004674,ST09,CUST100260,PRD200886,4,1300.0,Cash,CASH-9487,2024-12-26 23:44:00
TXN90004675,ST20,CUST103350,PRD200997,1,17250.0,MTN MoMo,CASH-5805,2024-08-27 13:03:00
TXN90004676,ST01,CUST101504,PRD200692,1,23000.0,AirtelMoney,MP193367471,2024-12-11 18:48:00
TXN90004677,ST20,CUST101754,PRD200142,3,4197.32,Cash,AM764946695,2024-09-06 08:51:00
TXN90004678,ST10,CUST102610,PRD200565,-2,36000.0,MTN MoMo,AUTH53148,22/09/2024 01:16
TXN90004679,ST07,CUST102836,PRD201095,1,5175.0,AirtelMoney,CASH-8493,2024-08-15 12:22:00
TXN90004680,ST03,CUST102523,PRD201146,2,23000.0,Card,MP840650259,29/10/2024 13:31
TXN90004681,ST04,CUST102813,PRD200413,3,25000.0,Airtel Money,AUTH93646,2024-10-19 14:37:00
TXN90004682,ST20,CUST103172,PRD200735,3,15000.0,MTN MoMo,AM424558707,2024-08-21 11:21:00
TXN90004683,ST18,CUST101641,PRD200965,1,8100.0,MTN MoMo,AM127575609,18/08/2024 22:23
TXN90004684,ECOM01,CUST104465,PRD200919,1,5400.0,MTN MoMo,CASH-8877,2024-12-01 02:09:00
TXN90004685,ECOM01,CUST102633,PRD200358,1,8100.0,Cash,MP621286420,2024-08-21 20:29:00
TXN90004686,ECOM01,CUST103715,PRD200341,-2,40250.0,momo,MP276707012,22/11/2024 03:10
TXN90004687,ST14,CUST102142,PRD200328,2,3750.0,Airtel Money,MP191653997,2024-08-19 00:15:00
TXN90004688,ST11,CUST101675,PRD200645,3,8388.73,Airtel Money,AM850013856,2024-07-21 09:46:00
TXN90004689,ECOM01,CUST103798,PRD200054,2,1125.0,AirtelMoney,,2024-10-10 12:10:00
TXN90004690,ST14,CUST104338,PRD200872,3,1950.0,AirtelMoney,CASH-6290,2024-07-01 07:51:00
TXN90004691,ST01,CUST103033,PRD200274,2,11500.0,AirtelMoney,AUTH18008,2024-08-23 17:01:00
TXN90004692,ECOM01,CUST102220,PRD200282,1,"UGX 5,175",Card,AM151282099,2024-07-28 11:28:00
TXN90004693,ST18,CUST102671,PRD200373,1,18750.0,Airtel Money,AM225222423,2024-11-26 19:29:00
TXN90004694,ST06,CUST103998,PRD201123,3,4950.0,momo,AUTH82885,2024-09-06 12:32:00
TXN90004695,ST17,CUST102490,PRD200525,1,6250.0,AirtelMoney,CASH-3500,2024-09-05 01:12:00
TXN90004696,ST11,CUST101923,PRD200775,1,1950.0,CASH,CASH-7121,06/11/2024 22:25
TXN90004697,ECOM01,CUST100866,PRD200128,2,5400.0,Cash,,19/09/2024 18:50
TXN90004698,ST23,CUST104533,PRD200730,1,6750.0,MTN MoMo,MP544485588,2024-11-25 17:48:00
TXN90004699,ST16,CUST102227,PRD201102,4,3750.0,MTN MoMo,,21/11/2024 23:30
TXN90004700,ST08,,PRD201157,2,600.0,AirtelMoney,MP483698292,2024-11-06 02:26:00
TXN90004701,ECOM01,CUST101811,PRD200704,1,5750.0,MTN MoMo,AM742755580,2024-08-25 10:01:00
TXN90004702,ST03,CUST104979,PRD200362,1,UGX3450,CASH,CASH-6325,2024-09-28 21:15:00
TXN90004703,ST11,CUST104900,PRD200261,1,52500.0,Cash,CASH-7772,2024-08-10 21:45:00
TXN90004704,ST02,CUST104183,PRD200077,2,2250.0,MTN Mobile Money,,2024-09-30 19:33:00
TXN90004705,ST22,CUST101959,PRD200935,4,42000.0,MTN Mobile Money,MP874051209,2024-12-22 20:11:00
TXN90004706,ST21,CUST101188,PRD200238,1,43750.0,Cash,MP285386865,2024-08-12 23:28:00
TXN90004707,ST21,CUST104199,PRD200110,3,13000.0,MTN Mobile Money,CASH-4039,2024-07-05 16:37:00
TXN90004708,ST22,CUST101096,PRD200729,4,38500.0,momo,CASH-1818,2024-12-18 07:53:00
TXN90004709,ST09,CUST100631,PRD200454,2,22500.0,MTN Mobile Money,CASH-2590,2024-08-05 19:50:00
TXN90004710,ECOM01,CUST101026,PRD200851,1,1300.0,Cash,CASH-7162,2024-11-30 02:13:00
TXN90004711,ST08,CUST102559,PRD200935,1,42000.0,MTN Mobile Money,AM523952004,2024-09-04 18:01:00
TXN90004712,ST01,CUST101411,PRD200182,1,1883.72,Cash,AUTH21377,2024-12-13 22:08:00
TXN90004713,ST07,CUST102220,PRD200247,2,1800.0,Cash,AUTH29151,2024-09-16 07:07:00
TXN90004714,ST04,CUST102608,PRD200045,2,15000.0,Airtel Money,AM268670350,2024-09-03 17:45:00
TXN90004715,ST06,CUST103302,PRD200133,1,13000.0,MTN MoMo,CASH-5813,2024-07-16 20:40:00
TXN90004716,ST01,CUST103541,PRD200491,4,1650.0,MTN MoMo,MP809532131,2024-12-19 11:17:00
TXN90004717,ECOM01,CUST103269,PRD200637,1,22000.0,Airtel Money,AUTH12724,2024-10-31 08:43:00
TXN90004718,ST06,CUST100902,PRD200596,2,1974.41,momo,AUTH96473,2024-08-23 06:23:00
TXN90004719,ST15,CUST104050,PRD200788,2,90000.0,MTN MoMo,MP385320210,2024-10-27 20:22:00
TXN90004720,ST01,CUST103310,PRD200470,2,42000.0,AirtelMoney,MP710230458,2024-11-28 19:22:00
TXN90004721,ST12,CUST104361,PRD200327,3,5400.0,MTN Mobile Money,,07/10/2024 17:45
TXN90004722,ST08,CUST100846,PRD200183,3,4500.0,MTN MoMo,AM174527548,2024-10-16 19:10:00
TXN90004723,ST05,,PRD200006,1,750.0,AirtelMoney,AM250384715,2024-08-26 23:12:00
TXN90004724,ST07,CUST103075,PRD201014,2,3250.0,AirtelMoney,AUTH80868,2024-12-04 00:38:00
TXN90004725,ST07,CUST104948,PRD200761,1,1350.0,MTN Mobile Money,MP271279041,2024-10-15 09:38:00
TXN90004726,ST02,,PRD200676,1,16500.0,MTN MoMo,MP497612821,2024-10-09 15:18:00
TXN90004727,ST16,CUST101587,PRD200121,1,3600.0,Airtel Money,AUTH19434,2024-10-06 01:54:00
TXN90004728,ECOM01,CUST101878,PRD200863,2,"27,000",MTN MoMo,CASH-3751,2024-11-29 20:31:00
TXN90004729,ST14,CUST101635,PRD200440,1,428.94,MTN MoMo,AUTH73178,2024-08-19 21:16:00
TXN90004730,ST02,CUST100903,PRD200192,1,975.0,momo,AM347772647,2024-08-28 23:18:00
TXN90004731,ST23,CUST104953,PRD200887,3,18000.0,MTN MoMo,AUTH62978,16/08/2024 11:10
TXN90004732,ECOM01,CUST100939,PRD200485,1,60000.0,MTN MoMo,AUTH56746,2024-10-26 02:52:00
TXN90004733,ST13,CUST103188,PRD200562,1,2250.0,CASH,CASH-3398,2024-09-27 16:34:00
TXN90004734,ST09,CUST104242,PRD200639,2,19500.0,MTN MoMo,AM863210885,15/07/2024 18:21
TXN90004735,ST02,CUST104220,PRD200265,2,UGX27000,AirtelMoney,AUTH19359,23/09/2024 11:42
TXN90004736,ST11,CUST101574,PRD201106,1,9000.0,momo,,2024-10-02 12:57:00
TXN90004737,ST22,CUST101728,PRD200411,2,1125.0,Cash,AM943285385,30/10/2024 03:03
TXN90004738,ST04,CUST102972,PRD200485,4,60000.0,AirtelMoney,CASH-4827,2024-11-26 21:26:00
TXN90004739,ST16,CUST100107,PRD200992,2,3000.0,AirtelMoney,MP413973099,2024-07-09 05:21:00
TXN90004740,ECOM01,CUST102548,PRD201081,2,45500.0,MTN MoMo,MP266494115,19/08/2024 10:16
TXN90004741,ST13,CUST102922,PRD200782,2,52500.0,MTN MoMo,AM479593433,2024-09-09 19:57:00
TXN90004742,ST12,CUST103142,PRD200761,3,1350.0,Cash,MP499032211,17/08/2024 19:22
TXN90004743,ST17,CUST102667,PRD200928,1,24000.0,MTN MoMo,AUTH51440,2024-08-18 07:52:00
TXN90004744,ST08,CUST102983,PRD200996,1,26000.0,MTN MoMo,AM397558237,2024-09-20 01:11:00
TXN90004745,ST15,CUST103121,PRD200120,1,625.0,MTN MoMo,MP888049510,2024-10-27 22:28:00
TXN90004746,ECOM01,CUST100260,PRD200009,3,5500.0,MTN MoMo,CASH-6859,2024-09-27 01:13:00
TXN90004747,ST17,,PRD200976,2,8100.0,Cash,AM586971438,07/09/2024 16:52
TXN90004748,ST03,CUST100177,PRD200875,5,"4,037",MTN Mobile Money,AM956831909,2024-10-28 01:19:00
TXN90004749,ST11,,PRD200136,4,90000.0,MTN MoMo,CASH-4131,29/07/2024 07:27
TXN90004750,ST20,CUST101538,PRD200917,5,3450.0,MTN MoMo,AUTH44844,04/07/2024 14:03
TXN90004751,ST05,CUST101209,PRD200973,1,1125.0,MTN MoMo,MP271861570,2024-07-24 15:18:00
TXN90004752,ST15,CUST101523,PRD200209,2,5500.0,Card,MP765253688,2024-11-27 06:51:00
TXN90004753,ST11,,PRD200083,1,40250.0,MTN MoMo,MP848307308,2024-08-10 03:47:00
TXN90004754,ST15,CUST103724,PRD200957,2,4950.0,CASH,MP959285902,2024-08-10 13:08:00
TXN90004755,ST02,CUST100441,PRD201118,1,8100.0,Cash,AM477240334,2024-07-08 15:07:00
TXN90004756,ST08,CUST102829,PRD200302,1,8625.0,MTN MoMo,AUTH74615,2024-11-01 22:18:00
TXN90004757,ST21,CUST102223,PRD201111,1,650.0,momo,,2024-09-23 18:18:00
TXN90004758,ST09,CUST103433,PRD201020,1,1150.0,MTN MoMo,AUTH28963,02/08/2024 13:02
TXN90004759,ST19,CUST100927,PRD200003,1,9375.0,MTN MoMo,AUTH36429,2024-10-15 10:26:00
TXN90004760,ST19,CUST103476,PRD201002,2,11250.0,Cash,AM447207614,2024-12-13 14:27:00
TXN90004761,ST14,CUST100208,PRD200646,4,18000.0,Card,AUTH33510,2024-10-30 23:44:00
TXN90004762,ST14,CUST104187,PRD200408,2,"UGX 19,500",MTN MoMo,,2024-07-29 22:01:00
TXN90004763,ST01,CUST100220,PRD200799,2,1150.0,MTN Mobile Money,AUTH85214,2024-11-09 23:01:00
TXN90004764,ST23,CUST102296,PRD200703,1,4500.0,MTN MoMo,AUTH12595,2024-07-07 02:46:00
TXN90004765,ST11,CUST103054,PRD200444,1,2300.0,CASH,CASH-9128,2024-11-13 01:18:00
TXN90004766,ECOM01,CUST100758,PRD201107,1,18750.0,MTN MoMo,CASH-3113,2024-07-29 07:37:00
TXN90004767,ST06,,PRD200419,4,1800.0,MTN MoMo,CASH-9458,2024-11-14 20:53:00
TXN90004768,ST17,CUST102436,PRD200998,1,937.5,Card,MP443672414,2024-11-23 23:50:00
TXN90004769,ST04,CUST102079,PRD200834,2,8100.0,MTN Mobile Money,AUTH73403,2024-10-30 07:15:00
TXN90004770,ST13,CUST101391,PRD200701,1,26000.0,Card,MP836111638,2024-07-02 04:21:00
TXN90004771,ST22,CUST104805,PRD200284,4,"UGX 16,500",Cash,CASH-7898,2024-07-16 09:20:00
TXN90004772,ST12,CUST100603,PRD200568,3,1800.0,MTN Mobile Money,MP186240153,2024-09-17 12:06:00
TXN90004773,ST06,CUST100826,PRD201164,-2,19500.0,MTN MoMo,AUTH46014,2024-09-10 09:28:00
TXN90004774,ST16,CUST103010,PRD201041,2,3600.0,MTN MoMo,AM203554562,2024-12-14 02:19:00
TXN90004775,ST20,CUST101090,PRD200617,1,38500.0,Cash,CASH-7380,2024-09-23 14:16:00
TXN90004776,ECOM01,CUST102198,PRD201013,2,5750.0,MTN MoMo,MP551050821,2024-10-06 13:56:00
TXN90004777,ST01,CUST101341,PRD200234,1,63000.0,Airtel Money,CASH-3497,31/08/2024 05:49
TXN90004778,ST09,CUST103562,PRD200772,1,13000.0,AirtelMoney,,2024-12-09 04:19:00
TXN90004779,ST20,CUST100703,PRD200258,2,18000.0,MTN MoMo,AM600556017,2024-12-24 21:56:00
TXN90004780,ST20,CUST101567,PRD201106,1,"UGX 9,000",MTN MoMo,AUTH55086,2024-12-06 21:14:00
TXN90004781,ST15,CUST103420,PRD200131,1,3000.0,Airtel Money,,2024-07-14 16:10:00
TXN90004782,ST06,CUST100878,PRD200416,2,9375.0,CASH,AUTH27999,2024-12-18 20:21:00
TXN90004783,ST01,CUST101380,PRD200992,1,3000.0,Airtel Money,AM128905010,2024-11-06 04:36:00
TXN90004784,ST13,CUST103652,PRD201137,2,12500.0,MTN Mobile Money,AUTH14663,2024-07-10 18:00:00
TXN90004785,ST04,CUST100811,PRD200661,2,"18,750",AirtelMoney,AM179261709,2024-08-16 12:39:00
TXN90004786,ECOM01,CUST104949,PRD200880,2,11500.0,MTN MoMo,,2024-08-26 18:35:00
TXN90004787,ST22,CUST100785,PRD200025,3,1875.0,Airtel Money,CASH-6784,2024-12-20 06:25:00
TXN90004788,ST17,CUST100549,PRD200347,1,11250.0,CASH,AUTH90803,2024-08-12 16:50:00
TXN90004789,ST20,,PRD200100,-2,1875.0,Card,AM892539790,29/09/2024 12:24
TXN90004790,ST02,CUST100146,PRD200970,1,5175.0,MTN MoMo,AUTH94141,12/08/2024 18:49
TXN90004791,ST02,CUST101030,PRD200922,2,55000.0,momo,MP580670809,2024-12-09 16:28:00
TXN90004792,ST06,CUST103569,PRD200540,3,11000.0,Cash,MP536821132,2024-12-22 20:37:00
TXN90004793,ECOM01,CUST102787,PRD200037,1,27000.0,Cash,AM918352096,2024-07-23 10:26:00
TXN90004794,ECOM01,CUST104025,PRD200627,1,55000.0,Cash,MP302816552,2024-08-02 04:33:00
TXN90004795,ST10,,PRD200853,2,3125.0,MTN Mobile Money,MP540405347,2024-12-11 00:04:00
TXN90004796,ST10,CUST104153,PRD200954,2,38500.0,MTN Mobile Money,CASH-5375,2024-08-27 19:46:00
TXN90004797,ST16,CUST102171,PRD200340,-2,18750.0,MTN MoMo,CASH-5776,2024-11-06 20:13:00
TXN90004798,ST21,,PRD200998,1,937.5,Cash,CASH-9528,2024-12-01 09:32:00
TXN90004799,ST01,CUST104432,PRD200917,3,3450.0,Airtel Money,AM987654508,2024-11-10 00:07:00
TXN90004800,ECOM01,CUST100203,PRD201074,-1,65000.0,Airtel Money,CASH-1189,2024-08-27 09:44:00
TXN90004801,ECOM01,,PRD200977,1,8250.0,MTN MoMo,CASH-5308,2024-11-02 19:07:00
TXN90004802,ST20,CUST100350,PRD200617,1,38500.0,MTN MoMo,CASH-1995,2024-08-22 17:50:00
TXN90004803,ST10,CUST100995,PRD200687,1,60000.0,momo,AM694526099,2024-12-09 00:17:00
TXN90004804,ST04,CUST104956,PRD200269,1,60000.0,Airtel Money,AM427313452,2024-10-24 09:38:00
TXN90004805,ST07,CUST104061,PRD200859,-1,6000.0,Card,AUTH50168,2024-12-20 17:00:00
TXN90004806,ECOM01,CUST102411,PRD200630,1,575.0,Cash,AUTH32142,2024-10-19 07:28:00
TXN90004807,ECOM01,CUST100290,PRD201145,1,16500.0,Cash,AM922866808,2024-07-31 03:27:00
TXN90004808,ST16,,PRD200978,1,40250.0,Cash,AM526888904,2024-08-14 04:50:00
TXN90004809,ST23,CUST104540,PRD200397,4,1650.0,AirtelMoney,MP448475067,2024-11-20 02:12:00
TXN90004810,ST08,CUST101393,PRD200454,1,22500.0,Cash,CASH-9761,2024-08-01 10:35:00
TXN90004811,ST07,CUST104556,PRD201082,2,11868.68,Airtel Money,CASH-9571,03/12/2024 14:11
TXN90004812,ST19,CUST103794,PRD200448,4,2750.0,Cash,AM728167811,2024-08-07 19:56:00
TXN90004813,ST21,CUST100978,PRD200205,3,UGX6250,MTN MoMo,CASH-2664,2024-10-29 09:05:00
TXN90004814,ST16,,PRD200304,1,1950.0,Card,MP552957398,2024-11-23 12:46:00
TXN90004815,ST06,CUST102836,PRD200871,3,9375.0,AirtelMoney,AM782382744,27/08/2024 10:28
TXN90004816,ST12,CUST101091,PRD201115,4,3000.0,CASH,AM538885629,21/12/2024 11:05
TXN90004817,ST21,CUST101229,PRD200239,2,1350.0,CASH,,2024-12-16 20:01:00
TXN90004818,ST17,CUST101194,PRD200706,2,5500.0,MTN MoMo,AM845801934,2024-07-13 15:22:00
TXN90004819,ECOM01,CUST100965,PRD201038,2,60000.0,AirtelMoney,CASH-9201,2024-08-11 20:41:00
TXN90004820,ECOM01,CUST104483,PRD201019,1,1875.0,Cash,MP270183215,12/08/2024 17:12
TXN90004821,ST02,CUST101788,PRD200376,1,3750.0,Airtel Money,CASH-9900,2024-10-09 06:16:00
TXN90004822,ST08,CUST104401,PRD200439,1,17250.0,MTN MoMo,CASH-2391,2024-08-05 13:41:00
TXN90004823,ST13,CUST103795,PRD200067,2,8100.0,MTN MoMo,AUTH95314,2024-10-23 02:44:00
TXN90004824,ST19,CUST102079,PRD200491,3,1650.0,Cash,MP546903215,03/11/2024 05:07
TXN90004825,ST03,CUST104381,PRD200545,1,5400.0,Card,AM496543651,2024-08-04 20:25:00
TXN90004826,ST04,CUST104879,PRD200497,5,600.0,Cash,,13/09/2024 14:00
TXN90004827,ST05,CUST100123,PRD200591,2,12500.0,MTN MoMo,AUTH44502,21/11/2024 07:01
TXN90004828,ST15,CUST102666,PRD200067,4,8100.0,MTN MoMo,AM970655654,2024-08-24 10:54:00
TXN90004829,ECOM01,CUST101516,PRD200415,1,11000.0,momo,CASH-2486,2024-07-25 01:03:00
TXN90004830,ST09,CUST104331,PRD201035,1,UGX2250,momo,CASH-2220,2024-08-07 18:55:00
TXN90004831,ST07,CUST104368,PRD200208,1,900.0,MTN MoMo,CASH-5467,2024-11-26 16:45:00
TXN90004832,ST04,CUST103254,PRD200947,2,937.5,MTN Mobile Money,AUTH30219,2024-08-29 05:50:00
TXN90004833,ST09,CUST104980,PRD200899,4,900.0,Cash,,2024-07-22 07:51:00
TXN90004834,ECOM01,CUST100833,PRD200428,-1,38500.0,AirtelMoney,,2024-09-01 21:09:00
TXN90004835,ECOM01,CUST100185,PRD200487,1,3600.0,AirtelMoney,MP740191714,2024-08-21 19:09:00
TXN90004836,ECOM01,CUST103091,PRD200455,1,575.0,MTN Mobile Money,CASH-2559,2024-11-11 18:42:00
TXN90004837,ST10,CUST104502,PRD200759,2,8625.0,MTN MoMo,MP217237115,16/10/2024 13:44
TXN90004838,ST16,CUST104638,PRD201008,1,8250.0,MTN MoMo,AUTH90573,2024-07-31 03:40:00
TXN90004839,ST05,CUST102338,PRD200733,2,5500.0,MTN MoMo,MP609430753,2024-11-30 03:27:00
TXN90004840,ST16,CUST102660,PRD200671,3,550.0,MTN Mobile Money,AUTH34792,2024-12-15 16:58:00
TXN90004841,ST19,CUST100800,PRD200650,1,90000.0,MTN Mobile Money,CASH-9945,2024-09-07 22:07:00
TXN90004842,ECOM01,CUST100665,PRD200186,1,15000.0,Cash,CASH-1147,2024-08-14 02:34:00
TXN90004843,ECOM01,CUST104233,PRD200880,4,11500.0,Card,CASH-1763,10/11/2024 07:52
TXN90004844,ST15,CUST102389,PRD200815,1,45500.0,CASH,CASH-4590,06/10/2024 11:10
TXN90004845,ST01,CUST103637,PRD201091,1,11500.0,MTN MoMo,AUTH24767,2024-10-12 12:54:00
TXN90004846,ST12,CUST103294,PRD200426,2,550.0,Cash,AM190497772,2024-10-02 22:54:00
TXN90004847,ST13,CUST101924,PRD200746,2,1650.0,Airtel Money,CASH-1044,2024-10-19 16:52:00
TXN90004848,ST15,CUST102672,PRD200245,3,4500.0,MTN MoMo,CASH-1943,2024-12-03 12:19:00
TXN90004849,ECOM01,CUST102143,PRD200066,-1,UGX1250,MTN MoMo,,2024-12-15 13:28:00
TXN90004850,ST09,CUST104457,PRD200016,1,24000.0,MTN Mobile Money,CASH-3656,2024-09-11 09:29:00
TXN90004851,ST08,CUST104108,PRD200785,2,862.5,Cash,AUTH36685,2024-07-17 07:36:00
TXN90004852,ST08,CUST103926,PRD200017,1,326.93,MTN Mobile Money,,2024-09-24 21:25:00
TXN90004853,ECOM01,CUST103483,PRD200848,1,57500.0,Card,,2024-08-14 02:45:00
TXN90004854,ST05,CUST104117,PRD200938,1,3900.0,MTN MoMo,AUTH34080,2024-10-21 01:46:00
TXN90004855,ST22,CUST103006,PRD200640,2,2107.76,Airtel Money,AM240454290,2024-10-14 01:47:00
TXN90004856,ST15,CUST104218,PRD200227,3,550.0,Airtel Money,MP331985310,2024-12-25 03:52:00
TXN90004857,ST06,CUST103601,PRD200506,1,600.0,MTN Mobile Money,MP182015664,2024-09-14 07:16:00
TXN90004858,ST18,CUST100718,PRD200691,2,1500.0,MTN MoMo,AUTH42915,2024-11-05 01:56:00
TXN90004859,ST01,CUST103846,PRD200278,2,UGX1350,MTN Mobile Money,AUTH88318,2024-09-01 19:18:00
TXN90004860,ECOM01,CUST101423,PRD200591,3,12500.0,Airtel Money,,2024-07-30 23:39:00
TXN90004861,ST12,,PRD201031,1,6500.0,MTN MoMo,AUTH28436,29/08/2024 16:15
TXN90004862,ST08,CUST104911,PRD200045,3,15000.0,Airtel Money,CASH-5559,2024-07-29 02:03:00
TXN90004863,ST06,CUST103222,PRD200536,2,24000.0,AirtelMoney,MP294249724,2024-11-03 20:39:00
TXN90004864,ECOM01,CUST100233,PRD200426,-2,550.0,Card,CASH-4016,2024-10-26 01:13:00
TXN90004865,ST14,CUST100180,PRD201005,1,5400.0,MTN Mobile Money,CASH-7286,2024-12-01 05:15:00
TXN90004866,ST15,CUST100199,PRD200997,5,17250.0,MTN MoMo,AM153979938,2024-08-20 03:53:00
TXN90004867,ST22,CUST102395,PRD201149,1,12000.0,Airtel Money,AM147950467,2024-08-25 13:33:00
TXN90004868,ST07,CUST104865,PRD200893,1,3250.0,MTN Mobile Money,,2024-09-01 08:37:00
TXN90004869,ECOM01,CUST101411,PRD200114,3,13500.0,Airtel Money,AUTH79660,2024-08-08 13:11:00
TXN90004870,ECOM01,CUST103308,PRD200220,1,5400.0,MTN MoMo,CASH-7249,2024-09-24 19:41:00
TXN90004871,ST05,CUST101105,PRD200991,2,975.0,CASH,MP127508150,2024-12-12 17:17:00
TXN90004872,ST23,CUST104181,PRD200183,1,"UGX 4,500",Airtel Money,,19/09/2024 15:53
TXN90004873,ST16,CUST102047,PRD200549,2,650.0,Cash,,2024-10-05 18:35:00
TXN90004874,ECOM01,CUST103823,PRD200677,1,12500.0,MTN MoMo,AUTH92754,2024-07-16 18:36:00
TXN90004875,ST14,CUST102948,PRD200265,1,UGX27000,MTN MoMo,MP685256309,2024-07-04 10:37:00
TXN90004876,ST17,CUST104532,PRD200833,2,27000.0,Card,MP689360596,2024-12-04 20:43:00
TXN90004877,ST09,CUST100141,PRD200299,1,UGX13500,Card,AUTH97688,11/10/2024 15:02
TXN90004878,ECOM01,CUST103287,PRD200419,1,1800.0,MTN MoMo,MP860509540,2024-08-15 15:53:00
TXN90004879,ECOM01,CUST103000,PRD200850,3,1200.0,Airtel Money,AM908221324,31/10/2024 08:44
TXN90004880,ECOM01,CUST100489,PRD200302,1,8625.0,Card,AM781966464,2024-10-31 19:34:00
TXN90004881,ST02,CUST104231,PRD201082,-1,11868.68,CASH,AM473615701,2024-11-03 01:35:00
TXN90004882,ST14,CUST100968,PRD201125,1,1950.0,MTN MoMo,AM159716988,2024-09-24 11:33:00
TXN90004883,ST08,CUST103826,PRD200869,3,2700.0,Cash,AUTH12033,2024-09-08 07:54:00
TXN90004884,ST02,CUST103844,PRD200600,-2,671.99,Cash,AUTH39502,2024-08-18 05:47:00
TXN90004885,ST01,,PRD200761,1,1350.0,Cash,,2024-11-02 08:23:00
TXN90004886,ST09,CUST104529,PRD200187,1,937.5,MTN MoMo,AM377988474,23/10/2024 00:19
TXN90004887,ST10,CUST104530,PRD200480,1,13000.0,MTN Mobile Money,AM524981491,2024-07-21 23:20:00
TXN90004888,ST18,CUST100172,PRD200416,1,9375.0,MTN MoMo,CASH-5346,2024-07-10 02:06:00
TXN90004889,ST04,CUST101448,PRD200810,3,13500.0,Card,AUTH42496,2024-12-18 19:30:00
TXN90004890,ST13,CUST104333,PRD200568,1,1800.0,CASH,AM542566135,2024-08-25 01:13:00
TXN90004891,ECOM01,CUST100200,PRD201150,1,25000.0,MTN MoMo,AM962973768,2024-12-21 11:55:00
TXN90004892,ST09,CUST102331,PRD200663,2,750.0,Cash,,2024-10-08 11:26:00
TXN90004893,ECOM01,CUST102854,PRD200579,3,600.0,MTN Mobile Money,MP549564562,2024-09-21 03:28:00
TXN90004894,ST23,CUST104279,PRD200177,1,63000.0,MTN MoMo,AUTH11200,2024-10-01 20:22:00
TXN90004895,ST22,CUST102046,PRD201037,2,36000.0,Airtel Money,AM606697858,2024-09-23 08:43:00
TXN90004896,ST11,CUST104481,PRD200633,1,2700.0,MTN MoMo,,2024-08-16 11:55:00
TXN90004897,ST02,CUST102915,PRD200146,2,"UGX 1,803",MTN Mobile Money,,2024-10-14 13:05:00
TXN90004898,ST01,,PRD201160,4,3750.0,MTN MoMo,AUTH73535,2024-08-21 09:48:00
TXN90004899,ST15,CUST103294,PRD201012,1,2400.0,CASH,MP514451859,2024-12-23 17:48:00
TXN90004900,ST03,CUST104702,PRD200377,2,1950.0,MTN MoMo,AM463157559,26/08/2024 13:36
TXN90004901,ECOM01,CUST102032,PRD200502,1,2250.0,MTN MoMo,MP250054835,2024-11-30 00:34:00
TXN90004902,ECOM01,CUST100333,PRD200485,-1,60000.0,MTN MoMo,AUTH45841,2024-10-03 14:29:00
TXN90004903,ST15,CUST102786,PRD200875,3,4036.94,MTN Mobile Money,CASH-8796,2024-09-22 11:37:00
TXN90004904,ST05,CUST101361,PRD200394,1,3600.0,MTN MoMo,,2024-08-14 04:36:00
TXN90004905,ST13,CUST104687,PRD201045,1,1800.0,AirtelMoney,AUTH16264,30/07/2024 05:12
TXN90004906,ST14,,PRD200187,1,937.5,MTN MoMo,AUTH63343,03/09/2024 23:40
TXN90004907,ST06,CUST103448,PRD200172,1,"25,000",Cash,MP249215788,2024-12-13 13:01:00
TXN90004908,ECOM01,CUST100584,PRD201081,1,45500.0,Card,CASH-8735,2024-11-06 04:28:00
TXN90004909,ST04,CUST102697,PRD200294,3,24000.0,momo,CASH-3904,2024-08-26 23:24:00
TXN90004910,ECOM01,CUST100323,PRD200333,2,55000.0,Airtel Money,AUTH52789,2024-09-04 18:00:00
TXN90004911,ST15,CUST101347,PRD201069,2,8100.0,MTN MoMo,AUTH40166,2024-08-11 18:55:00
TXN90004912,ST15,,PRD200704,-1,5750.0,Cash,AM571444754,2024-10-28 18:41:00
TXN90004913,ECOM01,CUST100428,PRD200065,1,36000.0,MTN MoMo,CASH-1737,2024-10-10 19:09:00
TXN90004914,ST18,CUST103329,PRD200824,1,3250.0,Airtel Money,CASH-3539,2024-12-06 09:44:00
TXN90004915,ECOM01,CUST100586,PRD200714,1,7500.0,MTN MoMo,,2024-11-24 04:38:00
TXN90004916,ST01,CUST104914,PRD201062,4,3750.0,MTN MoMo,AM201914299,2024-09-12 01:29:00
TXN90004917,ECOM01,CUST104751,PRD201123,1,4950.0,Card,MP459316181,2024-10-24 03:13:00
TXN90004918,ST01,CUST104985,PRD200841,1,575.0,MTN MoMo,AM363422598,2024-09-01 06:00:00
TXN90004919,ST08,CUST102223,PRD200521,1,1100.0,CASH,AUTH94166,19/08/2024 18:33
TXN90004920,ST23,CUST102647,PRD200564,4,15000.0,AirtelMoney,MP524369993,2024-10-23 03:49:00
TXN90004921,ECOM01,CUST102225,PRD200984,4,4950.0,CASH,CASH-9557,2024-09-15 00:57:00
TXN90004922,ST01,CUST102173,PRD201084,1,25000.0,Airtel Money,CASH-3665,03/11/2024 07:22
TXN90004923,ST03,CUST101635,PRD200546,1,5175.0,MTN MoMo,MP166628569,2024-10-06 07:13:00
TXN90004924,ST16,CUST103630,PRD201035,3,UGX2250,Cash,AM308274201,2024-08-16 16:11:00
TXN90004925,ECOM01,CUST103975,PRD201024,2,6250.0,MTN MoMo,MP170051199,2024-08-19 18:07:00
TXN90004926,ST12,CUST100240,PRD200319,-1,2400.0,MTN MoMo,CASH-6196,2024-07-25 08:28:00
TXN90004927,ST15,CUST103062,PRD200997,5,17250.0,MTN MoMo,MP436310687,2024-08-16 17:10:00
TXN90004928,ECOM01,CUST102522,PRD200640,1,UGX2108,momo,AUTH30617,2024-09-04 03:04:00
TXN90004929,ST02,CUST100361,PRD200422,-1,8100.0,MTN Mobile Money,AM322450671,2024-07-22 17:44:00
TXN90004930,ECOM01,CUST104432,PRD200020,1,40250.0,momo,CASH-8832,2024-10-27 18:41:00
TXN90004931,ST01,CUST104537,PRD200492,1,18000.0,MTN Mobile Money,AM556468268,2024-07-23 03:20:00
TXN90004932,ST20,CUST101429,PRD200447,3,90000.0,MTN MoMo,,2024-09-21 05:55:00
TXN90004933,ST17,CUST100395,PRD200887,2,18000.0,AirtelMoney,,2024-12-19 05:43:00
TXN90004934,ST05,CUST102111,PRD201105,3,15000.0,MTN Mobile Money,,2024-09-19 05:11:00
TXN90004935,ST14,CUST104081,PRD200461,1,9000.0,Card,AUTH74423,2024-11-24 01:24:00
TXN90004936,ST09,CUST104569,PRD201024,5,6250.0,MTN Mobile Money,AM809516967,2024-12-10 20:37:00
TXN90004937,ST04,CUST104785,PRD201055,2,62500.0,Cash,MP876679135,16/09/2024 10:07
TXN90004938,ST04,CUST101821,PRD200463,-1,36000.0,MTN Mobile Money,CASH-1151,31/08/2024 05:35
TXN90004939,ECOM01,CUST104465,PRD200598,1,862.5,AirtelMoney,AM893633084,2024-07-04 08:19:00
TXN90004940,ST15,CUST101558,PRD201082,1,"UGX 11,869",Cash,MP914351013,2024-12-09 22:33:00
TXN90004941,ST21,CUST103734,PRD200038,1,4500.0,AirtelMoney,,2024-12-26 00:25:00
TXN90004942,ST07,CUST103909,PRD200257,1,1867.74,Airtel Money,MP768813944,2024-12-21 19:12:00
TXN90004943,ST22,CUST103202,PRD200498,1,625.0,Airtel Money,AUTH99740,2024-09-26 10:49:00
TXN90004944,ECOM01,CUST102429,PRD200459,4,42000.0,MTN Mobile Money,CASH-3223,2024-07-28 08:41:00
TXN90004945,ECOM01,CUST100354,PRD200013,2,8250.0,Airtel Money,AM928437584,2024-07-04 23:55:00
TXN90004946,ST03,CUST104046,PRD201050,3,"2,500",MTN Mobile Money,AM188207212,2024-12-27 01:13:00
TXN90004947,ST23,CUST104610,PRD200710,1,75000.0,MTN Mobile Money,AM757211562,2024-09-23 13:43:00
TXN90004948,ST06,CUST102797,PRD200515,3,45500.0,MTN MoMo,AM316536536,2024-11-14 11:03:00
TXN90004949,ECOM01,CUST101358,PRD200750,1,3600.0,MTN MoMo,MP911523589,2024-10-18 20:56:00
TXN90004950,ST04,CUST100845,PRD200568,1,1800.0,CASH,AUTH82973,10/09/2024 21:39
TXN90004951,ST15,,PRD200160,3,2750.0,AirtelMoney,AM941113971,2024-08-19 00:06:00
TXN90004952,ST09,CUST100381,PRD200565,4,36000.0,MTN MoMo,,2024-08-24 19:56:00
TXN90004953,ST01,CUST101129,PRD200731,2,3125.0,MTN MoMo,CASH-2555,2024-08-25 15:31:00
TXN90004954,ST04,CUST100186,PRD200593,1,550.0,MTN MoMo,MP983169360,2024-07-16 03:55:00
TXN90004955,ST17,CUST103947,PRD201008,1,8250.0,Airtel Money,,2024-12-17 23:55:00
TXN90004956,ST22,CUST104173,PRD200858,5,2300.0,MTN Mobile Money,MP181564554,2024-10-03 23:25:00
TXN90004957,ST11,CUST102356,PRD200537,1,1001.0,Cash,AUTH34331,2024-12-09 17:17:00
TXN90004958,ST20,CUST103325,PRD200480,2,13000.0,Cash,CASH-1188,2024-08-05 19:57:00
TXN90004959,ST10,CUST101602,PRD201097,1,1650.0,momo,AM139645773,2024-07-13 17:29:00
TXN90004960,ST08,CUST104904,PRD200343,1,1500.0,CASH,MP276493808,2024-11-16 05:50:00
TXN90004961,ECOM01,CUST103845,PRD200168,1,30000.0,AirtelMoney,AUTH57874,2024-10-28 18:19:00
TXN90004962,ST19,CUST101352,PRD200604,1,26000.0,Cash,AUTH81609,2024-11-24 14:11:00
TXN90004963,ECOM01,CUST103177,PRD200191,1,19500.0,CASH,,2024-10-31 21:32:00
TXN90004964,ST04,CUST104655,PRD200338,1,UGX5400,AirtelMoney,AUTH73822,2024-07-27 06:44:00
TXN90004965,ECOM01,CUST104402,PRD200985,-2,57500.0,MTN Mobile Money,AM956135864,2024-08-19 04:08:00
TXN90004966,ST01,CUST104494,PRD200530,2,5625.0,MTN MoMo,AM173382724,2024-10-11 18:59:00
TXN90004967,ST08,CUST100025,PRD201147,2,2300.0,momo,AUTH63421,2024-08-29 02:47:00
TXN90004968,ST18,CUST101768,PRD200506,2,600.0,Card,,2024-12-11 17:16:00
TXN90004969,ST15,CUST101767,PRD201125,1,1950.0,Airtel Money,CASH-8983,2024-09-19 05:40:00
TXN90004970,ST07,CUST104786,PRD200955,2,1500.0,momo,CASH-5356,2024-08-31 01:10:00
TXN90004971,ST17,CUST102042,PRD200343,2,1500.0,MTN Mobile Money,CASH-4003,2024-10-10 15:20:00
TXN90004972,ST18,CUST100434,PRD200659,1,5595.96,MTN MoMo,AUTH58598,2024-07-28 02:51:00
TXN90004973,ST07,CUST101849,PRD200547,1,8100.0,Airtel Money,,2024-10-18 10:21:00
TXN90004974,ST17,CUST101343,PRD200039,1,4500.0,Card,AUTH55280,2024-07-03 10:32:00
TXN90004975,ST09,CUST103669,PRD200168,1,30000.0,CASH,CASH-6034,16/07/2024 19:16
TXN90004976,ST22,CUST103295,PRD200795,4,862.5,MTN MoMo,MP751835140,01/08/2024 16:18
TXN90004977,ST08,,PRD200338,2,5400.0,MTN Mobile Money,AUTH68570,08/11/2024 02:52
TXN90004978,ST03,CUST101530,PRD200703,2,4500.0,AirtelMoney,AUTH97293,16/12/2024 11:09
TXN90004979,ST17,CUST104096,PRD201156,1,90000.0,AirtelMoney,CASH-4647,2024-11-15 12:01:00
TXN90004980,ST04,CUST103526,PRD200257,4,1867.74,MTN MoMo,CASH-5502,2024-07-21 21:15:00
TXN90004981,ST05,CUST104966,PRD200169,1,1950.0,Airtel Money,AM412908407,2024-08-23 06:54:00
TXN90004982,ST20,CUST103998,PRD200227,3,550.0,Airtel Money,AM999383108,30/09/2024 22:21
TXN90004983,ST19,CUST100461,PRD200480,1,13000.0,MTN MoMo,AM237355286,05/11/2024 16:52
TXN90004984,ST19,,PRD200827,-1,90000.0,MTN Mobile Money,AM753159387,2024-07-19 09:07:00
TXN90004985,ST04,CUST103050,PRD200151,4,11000.0,CASH,MP416856108,2024-11-27 10:13:00
TXN90004986,ECOM01,CUST102368,PRD200568,1,1800.0,CASH,CASH-6957,2024-07-24 16:40:00
TXN90004987,ST20,CUST100431,PRD200158,2,672.1,MTN MoMo,AUTH84894,13/11/2024 19:25
TXN90004988,ST17,CUST103428,PRD200308,1,3000.0,MTN Mobile Money,,2024-12-21 20:59:00
TXN90004989,ST11,CUST100976,PRD200935,2,42000.0,MTN MoMo,AM346280227,15/11/2024 15:17
TXN90004990,ECOM01,CUST101691,PRD200577,1,"UGX 2,400",MTN Mobile Money,,2024-09-01 23:13:00
TXN90004991,ST15,,PRD200838,3,11000.0,CASH,AM157135004,2024-08-11 16:17:00
TXN90004992,ST20,CUST100468,PRD200128,1,5400.0,MTN MoMo,AM751148338,2024-11-23 22:55:00
TXN90004993,ST14,CUST103839,PRD200165,3,1350.0,AirtelMoney,MP978862535,25/11/2024 07:48
TXN90004994,ECOM01,,PRD200663,1,750.0,AirtelMoney,MP815065540,2024-12-26 01:45:00
TXN90004995,ST22,CUST102566,PRD200326,1,3300.0,MTN Mobile Money,AM217943408,2024-09-24 07:09:00
TXN90004996,ST04,CUST102747,PRD200890,3,2600.0,momo,AUTH57303,2024-10-19 11:56:00
TXN90004997,ST19,CUST102273,PRD200755,1,"UGX 8,100",AirtelMoney,AUTH22527,04/07/2024 12:18
TXN90004998,ST15,CUST100478,PRD200651,1,12000.0,MTN MoMo,AM869063410,2024-07-22 21:41:00
TXN90004999,ST07,CUST103247,PRD200646,4,18000.0,MTN MoMo,MP562117964,2024-07-08 19:30:00
TXN90005000,ECOM01,CUST104259,PRD200713,2,"UGX 1,500",Airtel Money,CASH-5183,16/08/2024 14:04
TXN90005001,ST09,CUST104031,PRD200849,2,1500.0,Cash,AUTH12427,22/08/2024 02:54
TXN90005002,ECOM01,CUST102524,PRD200503,1,4500.0,MTN MoMo,MP577993320,2024-11-30 07:20:00
TXN90005003,ST22,CUST100213,PRD200558,-1,5500.0,Cash,CASH-6124,2024-07-17 05:45:00
TXN90005004,ECOM01,CUST103125,PRD200091,2,62500.0,Cash,MP470760768,2024-09-19 21:20:00
TXN90005005,ST23,CUST102015,PRD200114,2,13500.0,Airtel Money,AUTH39328,2024-08-20 22:30:00
TXN90005006,ECOM01,CUST100343,PRD200823,3,2600.0,Airtel Money,AUTH24168,2024-07-10 00:55:00
TXN90005007,ECOM01,CUST102180,PRD200407,3,"13,000",Card,AM192336722,2024-08-09 15:27:00
TXN90005008,ST12,CUST102444,PRD201160,4,3750.0,Cash,AUTH93230,2024-07-13 14:42:00
TXN90005009,ST05,CUST101010,PRD200214,1,65000.0,MTN MoMo,AM512327781,29/09/2024 01:58
TXN90005010,ST19,CUST100322,PRD201036,1,1500.0,Cash,AUTH26830,2024-08-29 11:59:00
TXN90005011,ST08,CUST102249,PRD201050,1,2500.0,MTN MoMo,AUTH70562,2024-08-06 20:31:00
TXN90005012,ST18,CUST100931,PRD200135,2,6500.0,Airtel Money,AUTH49172,2024-08-25 10:20:00
TXN90005013,ST23,CUST100844,PRD200415,1,11000.0,Airtel Money,,2024-11-13 06:58:00
TXN90005014,ST16,CUST103980,PRD200391,3,3000.0,Airtel Money,CASH-7692,23/07/2024 09:39
TXN90005015,ST11,CUST103487,PRD201124,1,43750.0,CASH,AUTH36685,2024-09-05 10:00:00
TXN90005016,ST16,CUST101436,PRD200254,3,2837.78,MTN MoMo,CASH-4362,2024-09-27 21:03:00
TXN90005017,ST22,,PRD200830,4,36000.0,Cash,MP448967853,2024-12-01 09:45:00
TXN90005018,ST15,CUST101447,PRD200673,3,6000.0,MTN MoMo,AM429287720,2024-08-11 05:32:00
TXN90005019,ST04,CUST103390,PRD200768,-1,5400.0,momo,MP527339771,2024-10-29 17:44:00
TXN90005020,ECOM01,CUST101415,PRD200147,1,52500.0,AirtelMoney,AM959106186,2024-07-05 03:26:00
TXN90005021,ST11,CUST101864,PRD200127,2,12500.0,momo,CASH-2894,2024-11-10 15:49:00
TXN90005022,ST18,CUST104016,PRD200533,2,"UGX 8,250",MTN Mobile Money,AM592908384,2024-10-20 13:11:00
TXN90005023,ST01,CUST100445,PRD200884,1,"36,000",MTN Mobile Money,MP100230780,2024-07-04 03:24:00
TXN90005024,ECOM01,,PRD200486,4,900.0,MTN MoMo,AUTH87751,2024-08-14 15:48:00
TXN90005025,ST19,CUST101128,PRD200155,1,625.0,Airtel Money,AM544427307,2024-11-07 02:03:00
TXN90005026,ST17,CUST102789,PRD200859,2,6000.0,Airtel Money,AUTH17853,13/11/2024 09:07
TXN90005027,ST15,,PRD200167,1,24000.0,MTN MoMo,,2024-09-29 01:25:00
TXN90005028,ST06,CUST104199,PRD201119,1,18000.0,Card,MP277309280,2024-10-10 01:46:00
TXN90005029,ST23,CUST104661,PRD200186,5,"15,000",Card,MP224787354,2024-12-10 10:50:00
TXN90005030,ECOM01,CUST102987,PRD200179,1,6750.0,Airtel Money,AM526064174,2024-09-24 01:01:00
TXN90005031,ST05,CUST101611,PRD200026,1,12500.0,MTN MoMo,MP392960117,2024-12-12 19:04:00
TXN90005032,ST04,CUST101362,PRD200065,3,36000.0,AirtelMoney,AM512399621,2024-07-19 05:47:00
TXN90005033,ST21,CUST102805,PRD201128,2,1950.0,MTN MoMo,,2024-08-22 10:01:00
TXN90005034,ST09,CUST102091,PRD200318,5,5175.0,MTN MoMo,CASH-9825,2024-10-08 09:12:00
TXN90005035,ECOM01,CUST104519,PRD200539,2,5625.0,MTN MoMo,MP516499098,20/09/2024 17:38
TXN90005036,ST23,,PRD200572,2,3750.0,MTN MoMo,CASH-1391,2024-08-21 19:50:00
TXN90005037,ST04,CUST103114,PRD200584,1,5175.0,AirtelMoney,MP466609866,2024-10-25 16:58:00
TXN90005038,ST19,CUST100940,PRD200814,1,2490.01,MTN MoMo,AM975818238,2024-10-24 21:37:00
TXN90005039,ST10,CUST103451,PRD200888,-1,3750.0,momo,AUTH14427,2024-07-07 07:16:00
TXN90005040,ECOM01,CUST100998,PRD200816,1,9000.0,Cash,AM509375646,2024-07-27 02:22:00
TXN90005041,ST01,CUST103622,PRD200431,1,2200.0,Cash,AUTH66213,2024-08-28 02:38:00
TXN90005042,ST07,,PRD200596,5,1974.41,Airtel Money,AUTH39222,2024-07-23 05:21:00
TXN90005043,ST04,CUST101691,PRD201125,4,1950.0,MTN MoMo,,2024-07-08 22:23:00
TXN90005044,ST21,CUST101053,PRD200940,2,825.0,MTN MoMo,AM302409694,2024-10-29 19:20:00
TXN90005045,ECOM01,CUST101483,PRD200409,2,1950.0,MTN MoMo,MP556742822,31/10/2024 19:07
TXN90005046,ST21,CUST101630,PRD200204,2,40250.0,MTN Mobile Money,AUTH89240,2024-10-27 12:05:00
TXN90005047,ECOM01,CUST100686,PRD200621,3,9000.0,MTN MoMo,MP619058755,2024-11-20 12:15:00
TXN90005048,ST13,CUST101673,PRD200091,1,62500.0,Cash,,02/07/2024 08:40
TXN90005049,ST06,CUST103099,PRD200750,1,3600.0,Airtel Money,AM530436980,2024-10-09 16:58:00
TXN90005050,ST15,CUST104085,PRD200935,1,42000.0,MTN MoMo,AUTH23991,2024-07-30 02:46:00
TXN90005051,ST15,CUST100217,PRD201094,2,"UGX 13,000",AirtelMoney,AUTH19557,2024-08-05 00:48:00
TXN90005052,ST12,CUST100589,PRD200408,1,UGX19500,MTN MoMo,AM162762321,2024-11-19 13:26:00
TXN90005053,ST12,CUST102722,PRD200305,1,3750.0,momo,AM675332136,2024-12-25 06:06:00
TXN90005054,ST21,,PRD200732,1,2300.0,MTN MoMo,,2024-11-21 16:05:00
TXN90005055,ST04,CUST104210,PRD200626,1,18000.0,MTN Mobile Money,AUTH91552,2024-10-30 07:47:00
TXN90005056,ST18,CUST101760,PRD200223,5,17250.0,momo,CASH-3487,2024-07-05 08:47:00
TXN90005057,ST09,CUST103015,PRD200837,2,90000.0,Airtel Money,CASH-2193,2024-08-02 02:41:00
TXN90005058,ST04,CUST103637,PRD200081,1,4500.0,MTN MoMo,CASH-4234,2024-08-26 05:54:00
TXN90005059,ECOM01,CUST101275,PRD200314,3,3600.0,Airtel Money,MP473644502,2024-09-04 11:55:00
TXN90005060,ST14,CUST104838,PRD201114,2,6750.0,MTN MoMo,CASH-8516,2024-10-24 17:54:00
TXN90005061,ECOM01,CUST102651,PRD200838,1,11000.0,AirtelMoney,CASH-8867,2024-12-06 02:34:00
TXN90005062,ST15,CUST104919,PRD200599,1,7172.65,CASH,MP940784544,2024-09-15 06:03:00
TXN90005063,ST17,CUST104807,PRD200922,1,55000.0,Airtel Money,,2024-10-08 04:16:00
TXN90005064,ST11,CUST103303,PRD200080,1,7500.0,MTN MoMo,AUTH88545,11/08/2024 18:48
TXN90005065,ST20,CUST100833,PRD200399,1,900.0,Cash,MP749079108,2024-09-12 03:52:00
TXN90005066,ST07,CUST103222,PRD200113,2,65000.0,MTN MoMo,AM168815963,2024-11-21 02:33:00
TXN90005067,ECOM01,CUST104342,PRD200432,1,57500.0,MTN MoMo,AUTH43682,2024-07-26 11:32:00
TXN90005068,ST06,,PRD200108,3,1200.0,MTN Mobile Money,MP262323824,2024-10-22 07:39:00
TXN90005069,ST21,,PRD200160,2,2750.0,Card,MP434632754,2024-11-09 16:11:00
TXN90005070,ST11,CUST104276,PRD200059,1,40250.0,MTN MoMo,MP390884243,2024-09-02 15:28:00
TXN90005071,ST20,CUST100366,PRD200051,1,42000.0,MTN Mobile Money,AUTH25903,2024-08-17 08:58:00
TXN90005072,ST15,CUST102746,PRD200024,1,2600.0,AirtelMoney,AUTH34920,2024-10-03 20:43:00
TXN90005073,ECOM01,CUST100776,PRD200393,1,5750.0,CASH,CASH-9550,2024-10-08 17:11:00
TXN90005074,ST17,CUST104222,PRD200137,2,900.0,Cash,AUTH45205,2024-09-23 08:23:00
TXN90005075,ST19,CUST102634,PRD200402,1,6750.0,MTN MoMo,,2024-10-14 04:44:00
TXN90005076,ST08,CUST101233,PRD200318,3,5175.0,Airtel Money,AUTH14910,2024-09-07 08:29:00
TXN90005077,ST10,CUST101693,PRD200933,4,3450.0,Airtel Money,CASH-3868,2024-08-09 10:09:00
TXN90005078,ST06,CUST100928,PRD200198,1,3000.0,CASH,AUTH45245,2024-09-25 05:02:00
TXN90005079,ST10,CUST102413,PRD200706,3,"UGX 5,500",AirtelMoney,AUTH45872,2024-12-21 05:14:00
TXN90005080,ST20,CUST104500,PRD200904,2,650.0,CASH,CASH-9451,2024-07-12 21:37:00
TXN90005081,ST08,CUST103301,PRD200619,1,75000.0,AirtelMoney,AUTH40763,2024-08-22 03:10:00
TXN90005082,ST14,CUST104019,PRD200510,2,12000.0,MTN MoMo,AM940201584,2024-09-27 19:42:00
TXN90005083,ECOM01,CUST100122,PRD200974,2,1800.0,AirtelMoney,MP203873596,05/10/2024 07:23
TXN90005084,ECOM01,CUST101606,PRD200527,1,575.0,Card,AM278533082,2024-12-03 04:27:00
TXN90005085,ST02,CUST103373,PRD200170,2,4500.0,Cash,MP285328089,2024-11-19 08:21:00
TXN90005086,ST11,CUST100139,PRD200909,1,3000.0,Cash,,2024-07-02 23:21:00
TXN90005087,ST03,CUST101607,PRD200348,2,2400.0,momo,MP921373807,2024-10-31 02:18:00
TXN90005088,ST22,CUST103910,PRD200589,1,3250.0,Airtel Money,AUTH81379,2024-09-03 15:14:00
TXN90005089,ST15,,PRD200728,1,1958.36,Cash,AM495040248,2024-10-09 17:49:00
TXN90005090,ST03,CUST104102,PRD200231,3,22500.0,Airtel Money,MP328691405,2024-08-26 20:00:00
TXN90005091,ECOM01,CUST104240,PRD200933,4,3450.0,Cash,,2024-09-09 17:18:00
TXN90005092,ST13,CUST102820,PRD200364,2,9375.0,MTN MoMo,CASH-3526,06/08/2024 11:42
TXN90005093,ECOM01,CUST104900,PRD200263,1,4950.0,MTN MoMo,AM392149908,2024-11-04 01:00:00
TXN90005094,ST13,CUST101208,PRD200140,2,23000.0,MTN MoMo,AM453553547,2024-08-16 07:33:00
TXN90005095,ST23,,PRD200883,2,4500.0,Airtel Money,MP214534029,2024-11-03 11:46:00
TXN90005096,ECOM01,CUST103545,PRD201067,4,1665.27,Cash,CASH-2325,2024-09-28 02:14:00
TXN90005097,ST19,CUST104526,PRD200183,4,4500.0,Airtel Money,CASH-9743,2024-07-05 12:10:00
TXN90005098,ECOM01,,PRD200146,4,1803.16,Airtel Money,AUTH28581,2024-09-09 10:26:00
TXN90005099,ST15,CUST103091,PRD200687,1,60000.0,MTN Mobile Money,CASH-5705,2024-09-16 16:15:00
TXN90005100,ST04,CUST104698,PRD200335,1,52500.0,Airtel Money,CASH-3274,2024-10-02 14:37:00
TXN90005101,ST02,,PRD201152,2,2250.0,Cash,AM687755414,2024-10-17 06:01:00
TXN90005102,ECOM01,CUST102370,PRD200069,3,9000.0,CASH,MP347903615,2024-09-18 05:57:00
TXN90005103,ST05,CUST104818,PRD200437,4,UGX13000,Card,AUTH62931,07/09/2024 13:35
TXN90005104,ST16,CUST102550,PRD200494,3,UGX25000,AirtelMoney,CASH-9845,2024-07-27 18:54:00
TXN90005105,ST02,CUST104846,PRD200659,2,5595.96,momo,,2024-08-31 18:11:00
TXN90005106,ST02,CUST101579,PRD200033,1,2300.0,MTN Mobile Money,AUTH55905,2024-08-02 16:49:00
TXN90005107,ST09,CUST102419,PRD201123,2,4950.0,MTN MoMo,AM925530067,2024-08-02 10:20:00
TXN90005108,ST06,CUST102370,PRD200786,4,13500.0,AirtelMoney,AUTH46342,2024-07-01 06:35:00
TXN90005109,ST06,CUST101900,PRD200504,1,5400.0,MTN MoMo,MP918049234,2024-07-25 23:05:00
TXN90005110,ST22,CUST100420,PRD200006,5,750.0,Cash,AUTH79503,2024-12-02 04:11:00
TXN90005111,ST09,CUST104815,PRD200057,1,"3,125",MTN Mobile Money,AUTH24629,2024-09-16 16:58:00
TXN90005112,ST05,,PRD200863,1,27000.0,CASH,AUTH14545,28/11/2024 22:19
TXN90005113,ST16,,PRD200138,4,4500.0,Airtel Money,AM766113873,2024-07-15 16:55:00
TXN90005114,ST13,CUST103329,PRD201161,2,21927.6,momo,MP191438034,2024-07-08 06:16:00
TXN90005115,ST23,CUST102478,PRD201118,1,8100.0,MTN MoMo,CASH-7274,2024-08-26 15:40:00
TXN90005116,ST04,,PRD200199,2,4163.37,MTN MoMo,CASH-6602,2024-10-04 14:03:00
TXN90005117,ST14,CUST103242,PRD200803,4,862.5,MTN Mobile Money,,2024-09-15 15:58:00
TXN90005118,ST12,CUST103524,PRD200341,1,40250.0,MTN MoMo,MP938538011,2024-12-06 21:32:00
TXN90005119,ST05,CUST100771,PRD200046,2,367.06,MTN MoMo,,2024-09-22 12:08:00
TXN90005120,ST13,CUST101820,PRD201057,1,825.0,CASH,AUTH31925,14/08/2024 12:09
TXN90005121,ST02,CUST103152,PRD200143,1,47254.46,AirtelMoney,AUTH85076,2024-10-18 12:38:00
TXN90005122,ST23,CUST102557,PRD200617,4,38500.0,momo,AM393499859,2024-08-28 23:21:00
TXN90005123,ECOM01,CUST103512,PRD200953,2,11250.0,Cash,AM369861671,2024-07-22 19:22:00
TXN90005124,ST16,CUST103534,PRD200592,3,3750.0,MTN MoMo,CASH-9498,2024-07-19 10:16:00
TXN90005125,ST17,CUST103448,PRD200973,2,1125.0,MTN MoMo,CASH-7035,2024-07-18 11:40:00
TXN90005126,ST08,CUST101914,PRD200971,2,8100.0,AirtelMoney,AM878209073,2024-10-23 21:21:00
TXN90005127,ST16,CUST102829,PRD200725,3,3750.0,momo,CASH-8866,2024-12-04 12:50:00
TXN90005128,ST05,CUST102252,PRD200532,1,19500.0,Cash,,2024-07-13 15:19:00
TXN90005129,ST16,CUST102111,PRD200896,1,30000.0,AirtelMoney,AM752154192,2024-09-23 06:53:00
TXN90005130,ST04,CUST100910,PRD200042,4,75000.0,MTN MoMo,AM165991245,2024-10-28 13:48:00
TXN90005131,ECOM01,,PRD200556,2,63000.0,MTN MoMo,AUTH63233,2024-11-16 09:57:00
TXN90005132,ST19,CUST101132,PRD200736,1,18000.0,MTN Mobile Money,CASH-4950,09/11/2024 13:02
TXN90005133,ST01,CUST104493,PRD200253,2,9750.0,MTN MoMo,CASH-1014,2024-08-29 15:27:00
TXN90005134,ST03,CUST101817,PRD201043,2,900.0,Airtel Money,MP418459880,2024-09-01 04:20:00
TXN90005135,ST15,CUST100304,PRD200547,2,8100.0,MTN MoMo,AM551545269,2024-11-07 15:35:00
TXN90005136,ECOM01,,PRD200856,1,19500.0,MTN MoMo,CASH-2577,2024-07-10 18:11:00
TXN90005137,ST05,CUST103010,PRD200197,2,"UGX 13,500",MTN MoMo,,2024-08-29 03:08:00
TXN90005138,ST16,CUST101361,PRD200815,1,45500.0,AirtelMoney,AM697302148,2024-12-11 16:47:00
TXN90005139,ST21,CUST104674,PRD201060,1,9750.0,momo,AM278508844,2024-09-04 06:26:00
TXN90005140,ST09,CUST100535,PRD200864,1,2875.0,Airtel Money,CASH-8569,2024-09-13 22:24:00
TXN90005141,ST16,CUST101537,PRD200685,1,1150.0,Cash,MP441662950,2024-10-18 20:44:00
TXN90005142,ST23,CUST103325,PRD200968,1,6250.0,Airtel Money,AUTH97005,2024-11-10 17:58:00
TXN90005143,ST17,,PRD201140,1,5850.0,MTN MoMo,CASH-1983,2024-12-06 20:28:00
TXN90005144,ST22,CUST101952,PRD200780,1,52500.0,MTN MoMo,MP962523532,2024-10-04 12:27:00
TXN90005145,ST08,CUST101486,PRD200198,3,3000.0,MTN MoMo,CASH-1976,2024-12-19 22:52:00
TXN90005146,ST22,,PRD200147,2,52500.0,CASH,MP564915035,2024-10-28 22:51:00
TXN90005147,ST06,CUST101834,PRD200435,1,2300.0,Airtel Money,AUTH31645,2024-12-12 13:18:00
TXN90005148,ST13,CUST101458,PRD200380,-1,4500.0,MTN MoMo,MP465405326,21/07/2024 13:32
TXN90005149,ST23,CUST103224,PRD200422,1,8100.0,MTN MoMo,AM757693466,2024-09-11 18:00:00
TXN90005150,ECOM01,CUST104218,PRD200651,1,12000.0,AirtelMoney,MP581454540,2024-07-31 06:51:00
TXN90005151,ST22,CUST100876,PRD201098,1,75000.0,Cash,CASH-4688,2024-09-12 19:32:00
TXN90005152,ECOM01,CUST104582,PRD200576,1,1725.0,momo,AM635429697,2024-08-03 07:34:00
TXN90005153,ST04,CUST103204,PRD200942,3,18000.0,MTN MoMo,AUTH94458,22/10/2024 02:17
TXN90005154,ST21,CUST103620,PRD200084,1,1725.0,MTN Mobile Money,AUTH37671,2024-08-29 02:02:00
TXN90005155,ST04,CUST101334,PRD201124,2,43750.0,MTN MoMo,AM493364421,2024-10-04 17:40:00
TXN90005156,ECOM01,CUST100091,PRD200333,-1,55000.0,momo,AUTH19032,2024-12-20 06:49:00
TXN90005157,ECOM01,CUST100702,PRD200346,1,45500.0,Card,MP290190365,2024-07-04 08:08:00
TXN90005158,ST07,CUST102232,PRD200445,3,13000.0,Cash,AM284697028,2024-07-15 02:03:00
TXN90005159,ST08,,PRD200001,1,60000.0,Cash,AM298061582,2024-09-20 08:25:00
TXN90005160,ST19,CUST100829,PRD200284,3,16500.0,MTN MoMo,AM200165843,2024-12-07 01:31:00
TXN90005161,ST20,CUST100734,PRD200670,4,8250.0,MTN Mobile Money,CASH-4121,2024-10-23 11:06:00
TXN90005162,ST10,CUST101883,PRD200635,4,6750.0,CASH,AUTH94279,2024-07-26 02:08:00
TXN90005163,ST07,CUST101785,PRD200788,3,90000.0,MTN Mobile Money,CASH-9638,2024-10-15 09:39:00
TXN90005164,ST04,CUST103982,PRD200801,1,9000.0,AirtelMoney,AM692672195,2024-07-24 20:01:00
TXN90005165,ECOM01,CUST103990,PRD200843,1,3450.0,Airtel Money,MP266104744,2024-11-14 18:55:00
TXN90005166,ST07,,PRD201042,4,2750.0,MTN MoMo,MP567765797,2024-12-06 10:42:00
TXN90005167,ST04,CUST101280,PRD200139,1,UGX3750,AirtelMoney,,2024-12-03 12:21:00
TXN90005168,ST15,CUST103700,PRD201089,1,"1,250",Cash,AUTH38817,2024-12-14 14:29:00
TXN90005169,ECOM01,CUST101664,PRD200276,1,575.0,MTN Mobile Money,AM248328823,2024-09-13 19:11:00
TXN90005170,ECOM01,CUST104312,PRD200512,3,4500.0,momo,CASH-6553,2024-12-10 22:08:00
TXN90005171,ST05,CUST101281,PRD200291,3,42000.0,momo,MP354674379,2024-10-07 06:40:00
TXN90005172,ST23,CUST104280,PRD200358,1,8100.0,momo,CASH-7456,2024-11-16 14:53:00
TXN90005173,ST16,CUST103243,PRD200841,2,575.0,CASH,AM720608521,2024-11-20 22:56:00
TXN90005174,ST16,CUST102107,PRD200280,1,3630.88,Airtel Money,CASH-6881,2024-08-31 06:46:00
TXN90005175,ST13,CUST102803,PRD200629,1,575.0,Airtel Money,MP955153674,2024-11-05 01:41:00
TXN90005176,ST21,CUST103469,PRD200397,2,1650.0,Card,,2024-12-09 05:03:00
TXN90005177,ST09,CUST100834,PRD200790,1,1800.0,Airtel Money,AM270846156,2024-10-24 02:39:00
TXN90005178,ST20,CUST104660,PRD201115,5,3000.0,CASH,,2024-08-06 00:49:00
TXN90005179,ST02,CUST102258,PRD200539,2,5625.0,Cash,AUTH45039,28/07/2024 02:40
TXN90005180,ST10,CUST103992,PRD200457,1,5175.0,momo,MP567528022,09/12/2024 07:15
TXN90005181,ST08,CUST101540,PRD200427,1,24113.01,MTN MoMo,AUTH72090,2024-10-20 15:06:00
TXN90005182,ECOM01,CUST100611,PRD200375,1,3051.54,MTN MoMo,AUTH76245,2024-07-20 05:41:00
TXN90005183,ST06,CUST101139,PRD200964,1,9000.0,Airtel Money,AUTH26296,2024-10-04 13:26:00
TXN90005184,ST04,CUST104389,PRD200338,2,5400.0,MTN Mobile Money,AM186291500,2024-09-28 15:51:00
TXN90005185,ST17,CUST102410,PRD200967,4,4500.0,MTN MoMo,AM740762996,2024-12-14 07:25:00
TXN90005186,ST05,CUST103190,PRD200368,2,8100.0,momo,CASH-1320,2024-07-27 06:12:00
TXN90005187,ST20,CUST100140,PRD200904,-1,650.0,MTN Mobile Money,CASH-6751,2024-09-15 12:34:00
TXN90005188,ST01,CUST102954,PRD200817,4,63000.0,MTN MoMo,CASH-3616,2024-09-30 10:47:00
TXN90005189,ECOM01,CUST103190,PRD200859,3,6000.0,MTN MoMo,AM366681762,2024-10-13 21:34:00
TXN90005190,ST10,CUST100878,PRD201020,2,1150.0,Airtel Money,MP507267650,2024-12-03 21:08:00
TXN90005191,ST07,CUST101519,PRD201161,2,21927.6,Cash,AM302064332,2024-09-10 00:02:00
TXN90005192,ST12,CUST102830,PRD200114,2,13500.0,MTN MoMo,,17/10/2024 14:25
TXN90005193,ST19,CUST102949,PRD200948,2,825.0,MTN MoMo,MP799944743,2024-08-24 18:03:00
TXN90005194,ST12,CUST104050,PRD200036,-2,22000.0,Cash,MP682388786,2024-10-22 05:02:00
TXN90005195,ST03,CUST104706,PRD200108,1,1200.0,momo,CASH-5329,2024-07-26 01:42:00
TXN90005196,ST01,CUST102293,PRD200508,3,4500.0,MTN MoMo,,2024-11-05 00:22:00
TXN90005197,ST19,CUST102220,PRD200955,1,1500.0,Airtel Money,MP138179514,2024-10-21 03:38:00
TXN90005198,ST03,CUST100737,PRD201059,-2,1300.0,momo,CASH-8364,2024-12-20 23:59:00
TXN90005199,ST06,CUST102837,PRD200246,3,22500.0,Airtel Money,AM816516377,2024-08-12 04:58:00
TXN90005200,ST11,CUST103779,PRD200565,1,36000.0,MTN MoMo,MP733269714,2024-07-04 11:25:00
TXN90005201,ECOM01,CUST100638,PRD201056,2,63000.0,Airtel Money,AUTH72154,20/09/2024 04:36
TXN90005202,ST03,CUST100345,PRD200650,1,90000.0,MTN Mobile Money,CASH-5125,2024-11-16 14:44:00
TXN90005203,ST12,,PRD200902,3,937.5,MTN MoMo,,22/10/2024 20:43
TXN90005204,ST02,CUST103013,PRD200602,1,6000.0,MTN MoMo,AUTH14064,2024-07-10 13:37:00
TXN90005205,ECOM01,CUST101315,PRD200667,4,36000.0,Airtel Money,AUTH25382,2024-07-25 02:18:00
TXN90005206,ECOM01,CUST104036,PRD201009,3,25000.0,MTN MoMo,MP118551869,24/10/2024 06:37
TXN90005207,ST11,CUST104916,PRD200097,1,19500.0,Cash,AM512086551,2024-11-11 05:12:00
TXN90005208,ST07,CUST100378,PRD200433,2,11000.0,MTN Mobile Money,AM777461666,2024-08-09 15:36:00
TXN90005209,ST20,CUST104328,PRD200336,1,43750.0,Cash,AM371562573,2024-10-30 01:08:00
TXN90005210,ST02,CUST104707,PRD200436,1,6750.0,Airtel Money,CASH-7634,24/11/2024 07:42
TXN90005211,ST20,CUST104487,PRD200078,3,893.67,Cash,AM128958915,2024-09-03 09:40:00
TXN90005212,ST22,CUST104858,PRD201004,1,3250.0,Airtel Money,CASH-1791,2024-08-13 23:25:00
TXN90005213,ST19,CUST104275,PRD201083,2,"12,000",momo,AUTH33895,2024-11-03 17:31:00
TXN90005214,ECOM01,CUST102144,PRD200457,1,5175.0,Airtel Money,MP833884010,2024-08-03 15:10:00
TXN90005215,ST10,CUST101182,PRD200388,5,3452.78,Card,MP713449036,2024-07-29 17:57:00
TXN90005216,ST11,CUST101313,PRD200386,2,62500.0,AirtelMoney,AM394339439,2024-12-02 12:35:00
TXN90005217,ST06,CUST104244,PRD200741,3,32051.24,MTN Mobile Money,AM820682306,15/07/2024 02:13
TXN90005218,ST07,CUST100263,PRD200013,3,8250.0,MTN Mobile Money,AUTH12569,2024-11-28 15:44:00
TXN90005219,ST04,,PRD200606,2,43750.0,MTN MoMo,CASH-6666,12/07/2024 20:27
TXN90005220,ST07,CUST102952,PRD200236,3,"22,500",MTN Mobile Money,AM352512911,2024-08-15 07:53:00
TXN90005221,ST09,,PRD200891,2,40250.0,momo,AUTH94762,2024-11-12 23:35:00
TXN90005222,ST15,CUST100435,PRD200172,1,UGX25000,Cash,AM800641375,2024-11-02 18:32:00
TXN90005223,ST17,CUST100805,PRD201071,3,3300.0,Airtel Money,AM824768417,2024-09-13 15:50:00
TXN90005224,ST05,CUST103430,PRD200887,2,18000.0,MTN MoMo,,2024-11-17 19:42:00
TXN90005225,ST13,CUST102283,PRD200859,3,6000.0,AirtelMoney,CASH-1955,2024-11-03 21:08:00
TXN90005226,ST05,CUST100380,PRD200025,-2,1875.0,Airtel Money,AM322966160,2024-08-27 11:45:00
TXN90005227,ST22,CUST103495,PRD200096,1,18000.0,Airtel Money,AUTH24599,30/07/2024 01:48
TXN90005228,ST21,CUST104969,PRD200122,1,18000.0,MTN Mobile Money,MP984212483,2024-11-24 09:11:00
TXN90005229,ST05,CUST104427,PRD200377,-1,1950.0,MTN MoMo,AUTH48990,2024-08-04 20:08:00
TXN90005230,ST05,CUST101397,PRD201035,1,2250.0,Airtel Money,,2024-08-30 13:46:00
TXN90005231,ST13,CUST100575,PRD200691,1,1500.0,momo,MP224322665,2024-11-18 03:36:00
TXN90005232,ST11,CUST103122,PRD200684,1,6750.0,momo,CASH-8607,2024-11-21 01:56:00
TXN90005233,ST18,CUST102636,PRD200388,3,3452.78,MTN MoMo,AUTH24183,15/12/2024 03:14
TXN90005234,ST17,CUST100041,PRD200388,4,3452.78,MTN MoMo,CASH-4921,2024-09-13 00:23:00
TXN90005235,ST11,CUST100656,PRD201134,1,1200.0,MTN MoMo,AUTH87905,2024-08-30 15:30:00
TXN90005236,ST23,CUST100670,PRD200388,2,3452.78,momo,MP766535833,2024-07-20 03:19:00
TXN90005237,ST21,CUST101101,PRD200871,1,9375.0,Airtel Money,AM836685707,2024-07-07 22:46:00
TXN90005238,ST10,CUST101765,PRD200690,1,5750.0,MTN MoMo,AM965374397,2024-09-26 17:27:00
TXN90005239,ST16,,PRD200319,3,2400.0,Airtel Money,,2024-11-26 23:36:00
TXN90005240,ECOM01,CUST102570,PRD200621,2,9000.0,Cash,,2024-11-07 06:21:00
TXN90005241,ST03,CUST102930,PRD200724,5,27000.0,momo,MP146900573,09/09/2024 14:57
TXN90005242,ST21,CUST104417,PRD200437,4,13000.0,MTN Mobile Money,CASH-2125,2024-07-28 04:04:00
TXN90005243,ST13,CUST104735,PRD200002,1,63000.0,MTN Mobile Money,AUTH27307,2024-11-15 10:38:00
TXN90005244,ST11,CUST101334,PRD201084,1,25000.0,Card,AM581213491,26/08/2024 10:17
TXN90005245,ECOM01,CUST101686,PRD200885,3,3600.0,AirtelMoney,AUTH51874,2024-09-30 23:57:00
TXN90005246,ST14,CUST100281,PRD200874,1,6000.0,momo,AUTH33624,2024-09-20 17:07:00
TXN90005247,ST16,CUST100281,PRD200030,1,2600.0,AirtelMoney,,2024-11-16 10:55:00
TXN90005248,ECOM01,CUST101812,PRD200972,1,12000.0,MTN MoMo,AUTH62759,2024-08-19 23:42:00
TXN90005249,ST23,CUST101821,PRD200813,5,3000.0,AirtelMoney,CASH-6799,01/11/2024 21:52
TXN90005250,ST05,CUST103131,PRD200650,4,90000.0,momo,,31/08/2024 09:31
TXN90005251,ST10,,PRD201079,1,1800.0,MTN MoMo,AM712432499,2024-09-08 13:16:00
TXN90005252,ECOM01,CUST102243,PRD200875,2,4036.94,Airtel Money,AUTH34948,2024-10-31 20:10:00
TXN90005253,ST18,,PRD200867,1,4500.0,Cash,CASH-4466,2024-07-03 20:13:00
TXN90005254,ECOM01,CUST104650,PRD200028,1,27000.0,AirtelMoney,AM867353017,2024-09-23 04:44:00
TXN90005255,ST13,CUST100029,PRD200242,-2,52500.0,MTN Mobile Money,AUTH50714,2024-08-30 13:46:00
TXN90005256,ST09,CUST104235,PRD200239,1,1350.0,Card,AUTH73082,07/09/2024 03:43
TXN90005257,ST15,,PRD201160,1,3750.0,Cash,MP357665581,2024-12-21 20:39:00
TXN90005258,ST03,CUST103409,PRD200176,2,5750.0,momo,CASH-7534,2024-11-29 14:26:00
TXN90005259,ST08,CUST102389,PRD200865,3,650.0,MTN Mobile Money,MP783250888,2024-08-21 12:00:00
TXN90005260,ST16,CUST102000,PRD200476,1,11500.0,MTN MoMo,MP248057228,2024-09-12 19:07:00
TXN90005261,ST07,CUST102865,PRD200255,3,24000.0,Airtel Money,MP920595859,06/10/2024 23:07
TXN90005262,ST02,CUST102470,PRD200291,1,42000.0,momo,MP591400504,2024-07-01 17:09:00
TXN90005263,ST03,CUST101523,PRD200989,1,17250.0,MTN MoMo,AUTH32763,2024-12-23 06:45:00
TXN90005264,ECOM01,CUST103776,PRD200698,1,862.5,AirtelMoney,MP836673691,2024-12-18 17:03:00
TXN90005265,ECOM01,CUST103889,PRD200296,1,3750.0,Airtel Money,,2024-09-03 05:02:00
TXN90005266,ST09,CUST103655,PRD200973,1,1125.0,Airtel Money,AUTH27992,2024-08-14 21:40:00
TXN90005267,ST12,CUST104345,PRD201138,2,5595.96,Cash,MP483592514,2024-08-02 12:48:00
TXN90005268,ST19,CUST101760,PRD200057,1,3125.0,MTN MoMo,AUTH61855,2024-10-07 23:24:00
TXN90005269,ST01,CUST102200,PRD200465,4,975.0,MTN MoMo,,22/09/2024 09:56
TXN90005270,ST16,CUST101105,PRD201128,1,1950.0,Cash,AM130667412,25/08/2024 01:04
TXN90005271,ST17,CUST102697,PRD200666,2,4500.0,MTN MoMo,AM486588313,2024-10-24 17:05:00
TXN90005272,ST11,CUST101476,PRD200397,1,1650.0,Airtel Money,AM390783235,2024-12-22 00:45:00
TXN90005273,ST20,CUST100640,PRD200670,1,8250.0,Cash,AM591441054,2024-07-17 05:54:00
TXN90005274,ECOM01,CUST100320,PRD200499,2,600.0,momo,MP195761516,2024-11-10 07:02:00
TXN90005275,ST17,CUST101938,PRD200565,1,36000.0,Airtel Money,CASH-8490,2024-10-01 07:39:00
TXN90005276,ST08,CUST104472,PRD200093,1,19500.0,MTN MoMo,AM873728315,2024-11-22 23:57:00
TXN90005277,ST02,CUST102106,PRD200043,1,12500.0,Airtel Money,AUTH32583,2024-11-03 18:10:00
TXN90005278,ECOM01,CUST100992,PRD200511,2,UGX1350,MTN MoMo,CASH-8325,2024-07-12 15:34:00
TXN90005279,ST11,CUST103785,PRD200987,3,30000.0,MTN MoMo,AM280691032,2024-12-07 17:32:00
TXN90005280,ST17,CUST103555,PRD200491,2,1650.0,momo,AM712628748,13/10/2024 01:27
TXN90005281,ST08,CUST103202,PRD200426,2,550.0,MTN MoMo,AM171233295,2024-09-09 10:35:00
TXN90005282,ST05,CUST104334,PRD200577,1,2400.0,Cash,MP948927017,2024-12-15 21:50:00
TXN90005283,ECOM01,CUST101158,PRD200597,1,5750.0,CASH,AUTH76772,2024-08-03 21:01:00
TXN90005284,ST16,CUST104813,PRD200200,-1,62500.0,MTN MoMo,AUTH39050,2024-08-05 22:46:00
TXN90005285,ST22,CUST104076,PRD200932,1,12500.0,CASH,MP103539861,20/09/2024 19:32
TXN90005286,ECOM01,CUST100873,PRD200071,1,26000.0,Airtel Money,,2024-11-13 16:46:00
TXN90005287,ECOM01,CUST100535,PRD200729,1,38500.0,Airtel Money,,2024-08-11 17:13:00
TXN90005288,ST02,CUST100391,PRD200080,1,7500.0,MTN MoMo,AUTH21056,2024-11-14 02:14:00
TXN90005289,ST10,CUST102494,PRD200062,1,6250.0,Airtel Money,MP385110818,2024-08-19 13:10:00
TXN90005290,ST15,,PRD200690,1,5750.0,MTN Mobile Money,AUTH18129,2024-10-25 12:53:00
TXN90005291,ST12,CUST102472,PRD201086,-1,5625.0,Card,CASH-3013,2024-07-25 00:20:00
TXN90005292,ST08,CUST103291,PRD200818,3,3450.0,Cash,AUTH40305,2024-12-22 10:37:00
TXN90005293,ST07,CUST104125,PRD200110,1,UGX13000,momo,MP121110735,2024-09-23 10:27:00
TXN90005294,ST11,CUST103776,PRD200314,2,3600.0,Airtel Money,CASH-1044,2024-12-13 07:30:00
TXN90005295,ST13,CUST101730,PRD200628,1,3750.0,Cash,AUTH70148,2024-10-16 23:12:00
TXN90005296,ST20,,PRD200036,4,22000.0,AirtelMoney,AUTH58021,2024-10-18 18:36:00
TXN90005297,ST18,CUST104620,PRD200389,1,UGX15000,MTN MoMo,AUTH72433,17/11/2024 12:17
TXN90005298,ECOM01,CUST100417,PRD200459,3,42000.0,MTN Mobile Money,,2024-11-28 14:57:00
TXN90005299,ST12,CUST101220,PRD200859,4,6000.0,Airtel Money,AUTH79620,2024-07-06 09:35:00
TXN90005300,ST11,,PRD200474,4,2200.0,Airtel Money,CASH-1647,2024-12-05 07:52:00
TXN90005301,ST01,CUST100359,PRD200455,2,575.0,Cash,AM227512670,2024-11-17 01:24:00
TXN90005302,ECOM01,CUST104588,PRD200281,1,25000.0,MTN Mobile Money,MP231333389,2024-12-05 22:31:00
TXN90005303,ST22,CUST102515,PRD200512,2,4500.0,Airtel Money,,2024-08-06 13:59:00
TXN90005304,ST12,,PRD200403,1,4950.0,MTN MoMo,MP744565747,2024-11-28 20:08:00
TXN90005305,ST04,CUST104283,PRD200073,2,UGX38500,AirtelMoney,AUTH24062,07/12/2024 16:24
TXN90005306,ST06,CUST101655,PRD200014,1,3750.0,MTN Mobile Money,CASH-6160,2024-10-28 17:26:00
TXN90005307,ST06,CUST100322,PRD201080,1,6250.0,MTN MoMo,CASH-4226,2024-07-30 20:42:00
TXN90005308,ST09,CUST103446,PRD200459,1,42000.0,MTN MoMo,CASH-1165,2024-11-03 06:35:00
TXN90005309,ST07,CUST101339,PRD201113,1,63000.0,MTN MoMo,CASH-8745,14/07/2024 17:22
TXN90005310,ST06,CUST104622,PRD200650,2,90000.0,MTN MoMo,MP801597071,13/07/2024 11:53
TXN90005311,ST09,CUST103174,PRD200944,1,975.0,MTN MoMo,,2024-12-04 06:03:00
TXN90005312,ST19,,PRD201134,2,1200.0,CASH,,2024-07-11 18:56:00
TXN90005313,ST17,CUST101420,PRD200354,2,2700.0,Airtel Money,MP297106240,2024-11-09 11:23:00
TXN90005314,ECOM01,CUST102981,PRD200432,1,57500.0,Card,,08/07/2024 07:59
TXN90005315,ST20,CUST101531,PRD200760,1,6000.0,Card,MP920438400,2024-12-04 01:42:00
TXN90005316,ECOM01,CUST101084,PRD200620,2,75000.0,MTN MoMo,AM734454543,2024-08-09 23:56:00
TXN90005317,ST21,CUST103895,PRD200215,1,36165.21,Cash,CASH-2482,2024-10-30 15:27:00
TXN90005318,ST14,CUST101889,PRD200559,3,750.0,Airtel Money,AUTH89373,2024-12-27 17:49:00
TXN90005319,ST05,CUST101472,PRD201148,3,900.0,AirtelMoney,AUTH63904,2024-08-29 07:27:00
TXN90005320,ST05,CUST101720,PRD200244,1,17250.0,MTN MoMo,AM358923408,2024-08-13 06:14:00
TXN90005321,ECOM01,CUST101011,PRD200832,5,3900.0,MTN Mobile Money,AUTH56516,2024-07-20 03:16:00
TXN90005322,ST22,CUST101042,PRD201144,1,2700.0,Cash,AM133879820,2024-08-23 03:42:00
TXN90005323,ST23,CUST103342,PRD200731,1,3125.0,Cash,CASH-2113,2024-11-11 21:44:00
TXN90005324,ST01,CUST100533,PRD200679,3,937.5,MTN MoMo,MP436288898,2024-09-03 15:53:00
TXN90005325,ST21,CUST104621,PRD200787,3,3250.0,momo,CASH-6034,2024-09-28 22:14:00
TXN90005326,ST11,CUST100577,PRD201095,1,5175.0,Cash,,2024-09-03 16:25:00
TXN90005327,ECOM01,CUST104250,PRD200110,1,13000.0,Cash,MP594634686,2024-07-29 23:02:00
TXN90005328,ST19,,PRD201012,3,2400.0,Airtel Money,,2024-12-21 11:46:00
TXN90005329,ST03,CUST103742,PRD200485,1,60000.0,Cash,AUTH83211,2024-10-17 14:51:00
TXN90005330,ECOM01,CUST103443,PRD200208,4,900.0,Airtel Money,MP238938242,2024-09-21 22:57:00
TXN90005331,ST04,CUST104889,PRD200370,2,38500.0,Cash,AM279201450,30/09/2024 01:00
TXN90005332,ST22,CUST101174,PRD200349,1,63000.0,Cash,AUTH67672,2024-11-26 13:36:00
TXN90005333,ST21,,PRD200137,3,900.0,AirtelMoney,AM994355861,2024-08-14 17:32:00
TXN90005334,ST22,CUST104961,PRD200947,4,937.5,MTN MoMo,AM627638694,2024-12-14 04:14:00
TXN90005335,ECOM01,CUST103107,PRD201012,4,2400.0,Airtel Money,AM592723722,2024-11-23 18:11:00
TXN90005336,ST07,,PRD200722,5,65000.0,MTN MoMo,MP331983239,2024-08-02 20:27:00
TXN90005337,ST12,CUST102401,PRD200252,2,937.5,AirtelMoney,MP404376355,2024-10-13 17:18:00
TXN90005338,ST13,CUST104226,PRD200870,1,1800.0,MTN MoMo,,24/09/2024 20:21
TXN90005339,ST21,CUST104087,PRD200957,1,4950.0,Airtel Money,MP660955166,12/09/2024 11:01
TXN90005340,ST13,CUST103589,PRD200625,1,9000.0,MTN MoMo,MP187821553,2024-10-26 12:03:00
TXN90005341,ST18,,PRD200107,5,1800.0,MTN Mobile Money,MP815030015,2024-07-02 09:23:00
TXN90005342,ECOM01,,PRD200973,1,1125.0,MTN MoMo,MP655647771,2024-10-08 06:23:00
TXN90005343,ST21,CUST101973,PRD200742,1,3000.0,Airtel Money,MP241261688,14/08/2024 08:47
TXN90005344,ECOM01,CUST100906,PRD200086,-2,900.0,momo,MP812517958,2024-09-03 07:56:00
TXN90005345,ST18,CUST100776,PRD200980,3,625.0,AirtelMoney,CASH-1795,29/11/2024 20:42
TXN90005346,ST16,CUST101030,PRD201129,2,18000.0,Airtel Money,AM652317168,2024-11-14 16:58:00
TXN90005347,ST15,CUST101478,PRD200384,2,2600.0,MTN MoMo,,2024-12-05 21:58:00
TXN90005348,ST08,CUST103972,PRD201014,1,3250.0,Card,MP475909544,2024-10-05 22:00:00
TXN90005349,ECOM01,CUST103520,PRD200701,2,26000.0,Cash,AM693286478,2024-10-05 18:22:00
TXN90005350,ECOM01,CUST104550,PRD201103,3,1150.0,momo,CASH-4950,2024-08-21 00:45:00
TXN90005351,ST04,CUST102133,PRD200311,2,930.53,Cash,AUTH62049,2024-07-20 00:28:00
TXN90005352,ST17,CUST103338,PRD201063,1,600.0,Cash,AUTH12764,2024-08-31 12:44:00
TXN90005353,ST18,CUST103106,PRD200438,1,1150.0,MTN MoMo,CASH-3685,2024-08-17 22:51:00
TXN90005354,ST07,CUST104955,PRD201006,2,5750.0,AirtelMoney,AM643502394,2024-10-03 20:03:00
TXN90005355,ST04,CUST103283,PRD200412,1,15000.0,Airtel Money,AM256203316,2024-10-31 09:19:00
TXN90005356,ST22,CUST104817,PRD200204,1,40250.0,Cash,AUTH64877,2024-12-19 13:27:00
TXN90005357,ST10,CUST104843,PRD201024,1,6250.0,Cash,AUTH60915,19/09/2024 22:28
TXN90005358,ST05,CUST104192,PRD200877,1,650.0,MTN Mobile Money,,2024-09-06 03:35:00
TXN90005359,ST10,CUST103419,PRD200368,2,8100.0,MTN MoMo,CASH-1341,2024-10-14 20:38:00
TXN90005360,ST18,CUST101488,PRD200366,1,"UGX 5,400",MTN Mobile Money,AUTH83143,2024-07-21 10:46:00
TXN90005361,ST09,CUST104056,PRD200154,2,900.0,MTN Mobile Money,AM196995269,2024-08-26 20:47:00
TXN90005362,ST07,CUST102751,PRD200328,2,3750.0,MTN MoMo,CASH-5182,30/11/2024 18:15
TXN90005363,ST12,CUST104336,PRD201077,3,900.0,Cash,AUTH15130,2024-12-27 04:20:00
TXN90005364,ST21,CUST102119,PRD200360,1,52500.0,AirtelMoney,AUTH17239,13/07/2024 16:43
TXN90005365,ST19,CUST102860,PRD200844,1,1300.0,MTN Mobile Money,AUTH67421,2024-09-06 12:08:00
TXN90005366,ST06,CUST103555,PRD200172,4,25000.0,CASH,AUTH25731,2024-08-17 19:53:00
TXN90005367,ST04,CUST100516,PRD200753,1,5625.0,AirtelMoney,AUTH93876,2024-08-11 04:07:00
TXN90005368,ECOM01,CUST103660,PRD200253,4,9750.0,momo,,2024-10-09 09:04:00
TXN90005369,ECOM01,CUST102032,PRD201132,3,2400.0,MTN Mobile Money,AUTH25525,2024-11-14 18:17:00
TXN90005370,ST15,CUST100806,PRD200373,2,18750.0,MTN MoMo,AUTH80376,2024-10-18 10:08:00
TXN90005371,ST14,CUST100399,PRD200677,1,12500.0,Cash,AUTH41359,2024-08-28 15:53:00
TXN90005372,ECOM01,CUST101904,PRD200534,2,8250.0,Airtel Money,CASH-6997,2024-09-04 15:27:00
TXN90005373,ECOM01,CUST100931,PRD200219,1,4500.0,Cash,AM439874864,2024-10-27 14:50:00
TXN90005374,ST17,CUST104601,PRD200570,3,38500.0,MTN Mobile Money,MP979109198,08/10/2024 06:51
TXN90005375,ST04,CUST101995,PRD200002,2,63000.0,MTN MoMo,CASH-8542,2024-09-18 10:14:00
TXN90005376,ECOM01,CUST103019,PRD200055,2,6500.0,MTN MoMo,AUTH28142,2024-07-22 14:11:00
TXN90005377,ST10,CUST103165,PRD200884,2,36000.0,MTN MoMo,MP473288087,2024-08-05 15:08:00
TXN90005378,ST12,CUST101165,PRD200010,1,2300.0,Cash,CASH-2522,2024-11-19 23:31:00
TXN90005379,ST21,CUST103121,PRD200425,1,43750.0,Card,AM303699156,2024-09-27 03:36:00
TXN90005380,ST10,CUST100149,PRD200576,4,1725.0,MTN Mobile Money,AM418172919,2024-09-20 07:38:00
TXN90005381,ST10,CUST103308,PRD201085,1,22000.0,Airtel Money,,2024-11-11 23:51:00
TXN90005382,ST14,CUST103162,PRD200585,1,12000.0,momo,,2024-07-21 10:46:00
TXN90005383,ECOM01,CUST101605,PRD200427,4,24113.01,Cash,MP359356355,2024-10-30 03:44:00
TXN90005384,ST16,,PRD200057,1,3125.0,MTN Mobile Money,CASH-2305,2024-07-11 23:29:00
TXN90005385,ST09,CUST101100,PRD200306,2,8250.0,momo,AM761363826,2024-12-13 17:27:00
TXN90005386,ECOM01,CUST101408,PRD200430,2,8250.0,momo,CASH-1287,2024-10-03 13:47:00
TXN90005387,ST07,CUST101196,PRD200322,1,9000.0,MTN MoMo,CASH-3100,2024-10-26 19:25:00
TXN90005388,ST17,CUST104312,PRD200648,4,23000.0,AirtelMoney,CASH-5454,2024-10-16 04:16:00
TXN90005389,ST02,CUST103356,PRD200139,2,3750.0,MTN Mobile Money,AM328318855,2024-07-08 18:51:00
TXN90005390,ST12,CUST100044,PRD200395,1,36000.0,Airtel Money,AUTH40497,2024-10-23 20:54:00
TXN90005391,ECOM01,,PRD200485,1,60000.0,MTN Mobile Money,AM199203889,2024-08-24 18:48:00
TXN90005392,ST07,CUST101718,PRD200020,1,"UGX 40,250",MTN Mobile Money,MP721940921,2024-10-01 17:18:00
TXN90005393,ST07,CUST100087,PRD201145,1,"16,500",MTN Mobile Money,AUTH44632,2024-11-28 04:41:00
TXN90005394,ECOM01,CUST101251,PRD200632,1,1125.0,Airtel Money,AM631100349,2024-08-08 15:14:00
TXN90005395,ECOM01,CUST100419,PRD200279,1,40250.0,Airtel Money,CASH-8476,2024-11-16 13:41:00
TXN90005396,ST03,CUST103343,PRD200911,2,22000.0,MTN MoMo,AM898818836,2024-11-11 12:02:00
TXN90005397,ST03,CUST103769,PRD201140,4,5850.0,MTN Mobile Money,MP394392335,2024-10-06 12:52:00
TXN90005398,ST04,CUST100776,PRD200917,1,3450.0,Cash,MP253767962,2024-07-05 03:57:00
TXN90005399,ST09,CUST102677,PRD200786,1,13500.0,Airtel Money,CASH-6799,2024-07-06 15:40:00
TXN90005400,ECOM01,CUST104784,PRD200988,3,1800.0,Airtel Money,AUTH58865,2024-12-11 02:56:00
TXN90005401,ST15,CUST103116,PRD200888,3,3750.0,AirtelMoney,MP292448743,2024-08-04 07:38:00
TXN90005402,ECOM01,CUST102895,PRD201055,2,62500.0,MTN MoMo,AUTH94686,12/11/2024 06:26
TXN90005403,ECOM01,,PRD200770,2,2700.0,Airtel Money,CASH-7269,2024-11-21 19:44:00
TXN90005404,ECOM01,CUST100863,PRD200380,-1,4500.0,Airtel Money,AUTH18498,2024-11-04 09:09:00
TXN90005405,ST21,CUST102771,PRD200058,2,9375.0,Airtel Money,CASH-5672,2024-09-07 18:32:00
TXN90005406,ST21,CUST100392,PRD200057,3,3125.0,MTN Mobile Money,MP740512897,2024-09-13 06:32:00
TXN90005407,ST11,CUST102758,PRD200984,1,4950.0,Airtel Money,AUTH64420,2024-12-22 22:25:00
TXN90005408,ST16,,PRD200055,1,6500.0,MTN MoMo,MP349924635,2024-07-09 06:24:00
TXN90005409,ST18,CUST101158,PRD200034,1,12500.0,Cash,CASH-3165,09/10/2024 23:42
TXN90005410,ST12,CUST104286,PRD200667,1,36000.0,CASH,AUTH28641,2024-12-22 13:55:00
TXN90005411,ECOM01,CUST102082,PRD200819,1,90000.0,AirtelMoney,,2024-08-08 16:46:00
TXN90005412,ECOM01,CUST103851,PRD200904,1,650.0,MTN MoMo,CASH-4043,11/09/2024 09:13
TXN90005413,ST02,CUST101638,PRD200169,1,1950.0,Airtel Money,AUTH67039,15/08/2024 08:56
TXN90005414,ST05,CUST101234,PRD200757,2,825.0,CASH,MP273050659,11/08/2024 02:03
TXN90005415,ECOM01,CUST101657,PRD201124,4,43750.0,MTN Mobile Money,AUTH16870,2024-12-17 05:11:00
TXN90005416,ST20,CUST104890,PRD201004,3,"3,250",MTN MoMo,AUTH56737,29/07/2024 11:21
TXN90005417,ST08,CUST102789,PRD200966,4,1200.0,MTN Mobile Money,CASH-3882,2024-11-14 16:44:00
TXN90005418,ST03,CUST101153,PRD200419,2,1800.0,Airtel Money,MP836347994,2024-12-21 23:42:00
TXN90005419,ST20,CUST101742,PRD200687,1,60000.0,MTN MoMo,AM177409154,2024-12-09 03:13:00
TXN90005420,ST14,CUST100883,PRD200736,4,18000.0,AirtelMoney,MP586398421,2024-07-05 05:43:00
TXN90005421,ST15,CUST104445,PRD200945,3,3557.96,AirtelMoney,MP606767474,2024-12-12 09:38:00
TXN90005422,ST09,CUST101941,PRD200058,4,9375.0,Airtel Money,AUTH19939,2024-08-13 11:26:00
TXN90005423,ST14,CUST103382,PRD200391,1,3000.0,MTN Mobile Money,AUTH45883,2024-10-17 07:58:00
TXN90005424,ST06,CUST103058,PRD200983,1,1725.0,AirtelMoney,,2024-10-15 14:50:00
TXN90005425,ST20,,PRD200150,1,25000.0,MTN Mobile Money,MP123282979,2024-10-29 15:09:00
TXN90005426,ST11,CUST100527,PRD200079,3,5850.0,Cash,AUTH25320,2024-07-03 03:02:00
TXN90005427,ST02,CUST100836,PRD200106,1,2875.0,MTN MoMo,AM576817827,04/08/2024 13:07
TXN90005428,ST09,CUST104990,PRD201113,3,"UGX 63,000",MTN MoMo,CASH-1785,2024-11-11 17:28:00
TXN90005429,ST17,CUST104557,PRD200794,2,2300.0,CASH,CASH-2625,2024-11-03 05:07:00
TXN90005430,ST09,CUST100534,PRD200655,1,2250.0,Cash,,2024-09-01 03:45:00
TXN90005431,ST01,CUST101672,PRD200736,4,18000.0,CASH,MP896510389,2024-10-07 11:30:00
TXN90005432,ST03,CUST104826,PRD200897,2,11250.0,Airtel Money,,2024-09-21 18:00:00
TXN90005433,ST22,CUST103804,PRD200786,1,13500.0,MTN Mobile Money,AUTH79803,2024-09-16 07:39:00
TXN90005434,ST04,CUST100408,PRD200915,1,12500.0,Cash,AUTH24614,2024-11-24 05:27:00
TXN90005435,ST13,CUST104751,PRD200306,4,8250.0,MTN MoMo,AUTH83236,2024-07-05 10:37:00
TXN90005436,ST05,CUST103678,PRD200370,2,38500.0,MTN MoMo,AM393586576,2024-08-12 05:56:00
TXN90005437,ST15,,PRD201089,3,1250.0,CASH,CASH-6972,2024-09-09 10:22:00
TXN90005438,ST19,CUST100408,PRD201132,1,2400.0,Airtel Money,,2024-09-06 23:25:00
TXN90005439,ST09,CUST104295,PRD200971,1,8100.0,Airtel Money,MP993042870,2024-11-23 14:16:00
TXN90005440,ST22,CUST100965,PRD200618,3,90000.0,MTN MoMo,AM463983156,2024-09-16 22:08:00
TXN90005441,ST03,CUST101699,PRD200162,1,40250.0,MTN MoMo,AM790951895,2024-09-03 01:28:00
TXN90005442,ST12,CUST103844,PRD200841,1,575.0,AirtelMoney,AUTH33692,2024-12-14 08:20:00
TXN90005443,ECOM01,CUST100102,PRD200439,3,17250.0,MTN MoMo,AUTH26426,2024-10-29 16:06:00
TXN90005444,ST05,CUST103228,PRD200178,1,9375.0,MTN MoMo,MP338258014,2024-08-07 21:48:00
TXN90005445,ST08,CUST102385,PRD200396,1,3000.0,Airtel Money,CASH-1511,2024-08-08 14:48:00
TXN90005446,ST12,,PRD200143,3,47254.46,Cash,CASH-9004,2024-12-27 11:48:00
TXN90005447,ST06,CUST104363,PRD200218,1,650.0,MTN MoMo,AUTH31099,2024-11-17 13:41:00
TXN90005448,ST06,CUST103979,PRD200722,1,65000.0,Cash,MP723846374,2024-11-24 14:22:00
TXN90005449,ST06,CUST104861,PRD201091,1,11500.0,momo,AUTH74291,2024-10-29 03:07:00
TXN90005450,ST09,CUST102490,PRD200657,1,1500.0,momo,MP114521506,2024-11-09 12:33:00
TXN90005451,ST13,CUST101615,PRD200191,3,19500.0,AirtelMoney,AUTH11369,2024-11-25 08:45:00
TXN90005452,ST14,CUST100146,PRD200143,1,47254.46,Cash,,2024-08-28 20:33:00
TXN90005453,ST16,CUST103800,PRD200001,5,60000.0,Airtel Money,CASH-4574,2024-10-08 19:45:00
TXN90005454,ECOM01,CUST103152,PRD200272,3,42000.0,momo,CASH-9853,2024-10-27 01:11:00
TXN90005455,ECOM01,,PRD200812,1,"UGX 1,800",Cash,,2024-07-18 18:22:00
TXN90005456,ST17,CUST103040,PRD200012,2,4500.0,Cash,MP122343844,2024-11-04 19:10:00
TXN90005457,ECOM01,CUST102453,PRD200008,4,27000.0,MTN Mobile Money,MP627490810,2024-07-22 14:04:00
TXN90005458,ST22,CUST103300,PRD200397,1,1650.0,Airtel Money,,26/08/2024 01:12
TXN90005459,ST21,CUST102105,PRD200782,1,52500.0,momo,CASH-2745,2024-07-23 14:22:00
TXN90005460,ST09,CUST102239,PRD200322,-1,9000.0,Airtel Money,AM329188374,2024-11-18 01:07:00
TXN90005461,ECOM01,CUST101822,PRD200826,1,18000.0,Cash,CASH-5749,2024-11-03 08:21:00
TXN90005462,ST06,CUST104617,PRD200168,1,30000.0,CASH,MP121109079,2024-08-14 22:14:00
TXN90005463,ST18,CUST100380,PRD200922,1,55000.0,MTN MoMo,AUTH73392,2024-07-16 10:52:00
TXN90005464,ECOM01,CUST101896,PRD200564,2,15000.0,MTN MoMo,AUTH11584,2024-11-01 08:18:00
TXN90005465,ST02,CUST104407,PRD200219,1,4500.0,MTN Mobile Money,MP345732980,20/09/2024 19:32
TXN90005466,ST07,CUST101172,PRD200465,2,975.0,MTN Mobile Money,AM877895244,2024-11-18 20:38:00
TXN90005467,ST09,,PRD200107,4,1800.0,MTN MoMo,AUTH89929,2024-08-07 21:27:00
TXN90005468,ECOM01,CUST102273,PRD201061,1,862.5,Airtel Money,AUTH13666,31/10/2024 00:05
TXN90005469,ST03,CUST104081,PRD200476,1,11500.0,Airtel Money,AM387800613,2024-07-02 00:06:00
TXN90005470,ST21,CUST103866,PRD200928,3,24000.0,MTN Mobile Money,CASH-6115,2024-09-08 02:10:00
TXN90005471,ST18,CUST100849,PRD200035,4,11500.0,Cash,MP566298607,2024-08-02 13:41:00
TXN90005472,ST12,CUST104591,PRD200651,5,12000.0,Card,MP164327177,2024-12-09 19:55:00
TXN90005473,ST16,CUST100394,PRD200944,5,975.0,MTN MoMo,AM752159384,2024-08-20 16:32:00
TXN90005474,ST08,,PRD200565,1,36000.0,MTN MoMo,AUTH68288,2024-11-23 15:09:00
TXN90005475,ST04,CUST103604,PRD200182,1,1883.72,MTN Mobile Money,AM438273674,2024-09-19 12:24:00
TXN90005476,ST18,CUST104280,PRD201004,2,3250.0,momo,,2024-08-15 12:03:00
TXN90005477,ST20,CUST100649,PRD200810,1,13500.0,MTN MoMo,CASH-6898,2024-11-23 12:43:00
TXN90005478,ST15,CUST102209,PRD200362,2,3450.0,Cash,,02/08/2024 13:33
TXN90005479,ECOM01,CUST100119,PRD200354,1,2700.0,Card,CASH-9714,18/08/2024 17:07
TXN90005480,ST19,CUST103494,PRD200133,1,13000.0,MTN MoMo,AUTH69556,2024-07-20 02:56:00
TXN90005481,ECOM01,CUST104226,PRD201109,1,8100.0,Airtel Money,AM679521044,20/07/2024 23:53
TXN90005482,ST21,CUST104993,PRD200242,2,52500.0,MTN MoMo,CASH-1788,2024-11-16 14:12:00
TXN90005483,ST04,CUST103542,PRD200977,1,8250.0,Cash,AM994785787,2024-09-05 00:45:00
TXN90005484,ECOM01,CUST101659,PRD200952,2,2875.0,MTN MoMo,AUTH68875,2024-12-19 07:42:00
TXN90005485,ST07,CUST102635,PRD200027,1,2250.0,AirtelMoney,AUTH21113,2024-12-13 06:15:00
TXN90005486,ST08,CUST104780,PRD200533,3,8250.0,MTN MoMo,AUTH31587,2024-07-12 10:35:00
TXN90005487,ST06,CUST103581,PRD200176,1,5750.0,Cash,AM358035490,2024-09-05 00:16:00
TXN90005488,ST07,CUST103763,PRD200403,4,4950.0,MTN MoMo,AM617189896,26/10/2024 05:05
TXN90005489,ST20,CUST104789,PRD200905,2,2200.0,MTN Mobile Money,MP601570482,2024-10-04 14:16:00
TXN90005490,ST10,CUST102382,PRD200298,1,40250.0,MTN MoMo,AM966777097,2024-07-22 23:56:00
TXN90005491,ST21,CUST103394,PRD200263,4,4950.0,MTN Mobile Money,AM633133927,2024-12-08 01:06:00
TXN90005492,ST09,CUST104484,PRD201027,1,5850.0,MTN MoMo,AM471844217,10/09/2024 06:51
TXN90005493,ECOM01,CUST102431,PRD200093,1,19500.0,MTN MoMo,AM186338789,2024-12-18 01:08:00
TXN90005494,ST15,CUST103749,PRD200243,3,600.0,MTN MoMo,,2024-12-17 11:52:00
TXN90005495,ECOM01,CUST101256,PRD200362,2,3450.0,Cash,AM957783933,2024-11-20 22:33:00
TXN90005496,ECOM01,CUST102045,PRD200994,1,17250.0,MTN MoMo,CASH-3562,14/11/2024 10:18
TXN90005497,ST10,CUST100619,PRD200540,2,11000.0,MTN MoMo,AM255951057,2024-11-26 08:08:00
TXN90005498,ST03,CUST100757,PRD200157,1,30000.0,momo,AUTH42769,2024-11-27 20:55:00
TXN90005499,ST16,,PRD200046,2,367.06,MTN MoMo,MP897233182,2024-10-04 20:29:00
TXN90005500,ST14,CUST101898,PRD200234,4,63000.0,AirtelMoney,,2024-12-24 00:58:00
TXN90005501,ST21,CUST100538,PRD200714,1,7500.0,MTN Mobile Money,AUTH91965,2024-07-28 07:58:00
TXN90005502,ECOM01,CUST103931,PRD200165,2,"1,350",Airtel Money,CASH-5760,14/08/2024 08:03
TXN90005503,ST14,CUST104324,PRD200980,1,625.0,MTN MoMo,AM877801081,2024-09-09 11:37:00
TXN90005504,ST04,CUST103760,PRD200675,1,57500.0,momo,AUTH16928,2024-07-20 09:19:00
TXN90005505,ST12,CUST101861,PRD200033,1,2300.0,momo,AM475069991,2024-09-04 11:46:00
TXN90005506,ST03,CUST101618,PRD200660,1,"62,500",MTN MoMo,AUTH38206,2024-11-01 11:38:00
TXN90005507,ST05,CUST102333,PRD200910,4,3750.0,Airtel Money,AUTH10825,2024-08-19 01:24:00
TXN90005508,ST10,CUST102015,PRD200301,2,1250.0,MTN MoMo,AM783913250,2024-11-28 02:18:00
TXN90005509,ST22,CUST102908,PRD201018,-1,9750.0,MTN Mobile Money,AM880130222,2024-11-04 19:21:00
TXN90005510,ST03,CUST103729,PRD200139,4,3750.0,Cash,AM351361793,2024-12-19 01:14:00
TXN90005511,ST07,CUST102681,PRD200405,1,45500.0,Airtel Money,CASH-8957,2024-09-01 21:18:00
TXN90005512,ST10,CUST101336,PRD200424,-2,9375.0,MTN Mobile Money,AUTH65865,2024-10-07 20:38:00
TXN90005513,ECOM01,CUST104652,PRD200903,2,90000.0,MTN Mobile Money,MP520803786,12/10/2024 23:45
TXN90005514,ST03,CUST103269,PRD201012,1,2400.0,MTN Mobile Money,AM774551369,2024-10-25 18:03:00
TXN90005515,ST22,CUST101515,PRD200684,3,6750.0,MTN MoMo,,2024-10-20 01:37:00
TXN90005516,ECOM01,CUST100463,PRD200377,1,1950.0,Cash,CASH-6425,2024-09-12 08:56:00
TXN90005517,ECOM01,CUST100982,PRD200328,5,3750.0,MTN MoMo,AUTH63447,2024-07-21 22:49:00
TXN90005518,ST07,CUST101650,PRD200426,4,550.0,MTN MoMo,AUTH20639,2024-08-24 06:58:00
TXN90005519,ST17,CUST100405,PRD200137,-2,900.0,Cash,AUTH48452,2024-11-29 11:46:00
TXN90005520,ST20,CUST104067,PRD201120,2,90000.0,MTN MoMo,AM217901338,2024-09-23 00:08:00
TXN90005521,ST18,CUST100726,PRD200222,2,43750.0,AirtelMoney,,2024-11-29 16:20:00
TXN90005522,ECOM01,CUST104420,PRD200754,1,5400.0,AirtelMoney,AUTH47031,2024-11-06 08:59:00
TXN90005523,ST02,CUST103781,PRD201131,1,13000.0,momo,AM699253278,2024-12-04 12:45:00
TXN90005524,ST20,CUST103532,PRD200906,5,8250.0,MTN MoMo,CASH-7855,2024-07-10 04:54:00
TXN90005525,ST07,CUST102459,PRD200312,2,1350.0,Cash,MP322415548,2024-10-05 14:54:00
TXN90005526,ST14,CUST101160,PRD200360,1,52500.0,Airtel Money,AM861339322,2024-07-07 09:51:00
TXN90005527,ECOM01,CUST102468,PRD200012,2,4500.0,CASH,CASH-9591,2024-11-30 15:12:00
TXN90005528,ECOM01,CUST103520,PRD200875,-1,4036.94,CASH,MP823874755,2024-07-11 17:56:00
TXN90005529,ST10,CUST101265,PRD200947,2,937.5,CASH,AUTH38051,2024-10-10 08:56:00
TXN90005530,ST19,CUST102801,PRD200338,1,5400.0,momo,AUTH35190,26/09/2024 04:32
TXN90005531,ST17,CUST101260,PRD200910,2,3750.0,CASH,MP814871882,2024-12-03 14:39:00
TXN90005532,ST03,CUST103005,PRD201047,-2,5400.0,MTN MoMo,CASH-8222,2024-08-16 19:27:00
TXN90005533,ST15,CUST104436,PRD200086,2,900.0,AirtelMoney,AM575295165,2024-10-21 01:13:00
TXN90005534,ST15,CUST101057,PRD200363,1,4500.0,momo,AM260177454,2024-12-20 17:14:00
TXN90005535,ST07,CUST100295,PRD200209,1,5500.0,Airtel Money,MP594632342,2024-07-02 19:47:00
TXN90005536,ECOM01,CUST100787,PRD200838,1,"UGX 11,000",momo,MP571269640,2024-11-09 13:14:00
TXN90005537,ST05,CUST102664,PRD201156,1,90000.0,AirtelMoney,AUTH58828,2024-07-12 08:52:00
TXN90005538,ST23,CUST103998,PRD200177,1,63000.0,MTN Mobile Money,AM703720600,04/09/2024 18:43
TXN90005539,ST17,CUST103458,PRD201164,1,19500.0,MTN MoMo,AUTH37683,2024-12-21 11:34:00
TXN90005540,ST02,,PRD200513,-2,65000.0,Cash,CASH-5296,2024-08-07 19:42:00
TXN90005541,ECOM01,CUST101783,PRD200647,2,13000.0,AirtelMoney,MP348761607,2024-12-27 02:18:00
TXN90005542,ST23,,PRD200252,1,937.5,Cash,MP688502763,2024-08-16 20:47:00
TXN90005543,ECOM01,CUST100510,PRD200769,1,8250.0,Airtel Money,AUTH49245,2024-08-09 03:15:00
TXN90005544,ST19,CUST104913,PRD200726,2,1800.0,CASH,CASH-7221,2024-08-21 11:24:00
TXN90005545,ST08,,PRD200872,2,1950.0,Airtel Money,,22/12/2024 08:13
TXN90005546,ST20,CUST103762,PRD200332,-1,6250.0,MTN Mobile Money,AUTH61658,2024-07-17 18:12:00
TXN90005547,ST03,CUST103141,PRD200258,5,"UGX 18,000",MTN MoMo,MP600202337,2024-07-04 10:40:00
TXN90005548,ST01,CUST102325,PRD200653,4,2700.0,CASH,AM536635381,2024-10-13 22:00:00
TXN90005549,ST20,CUST100952,PRD200340,2,18750.0,Airtel Money,CASH-7167,2024-10-30 01:16:00
TXN90005550,ST22,,PRD200505,3,1125.0,Cash,,2024-09-30 17:08:00
TXN90005551,ST14,CUST100868,PRD200486,3,900.0,Cash,AM250880005,15/11/2024 12:22
TXN90005552,ST07,,PRD200454,1,22500.0,MTN MoMo,AUTH86521,2024-07-07 11:20:00
TXN90005553,ST22,CUST101271,PRD200559,4,750.0,momo,,2024-08-14 17:25:00
TXN90005554,ST19,CUST100477,PRD200102,1,1200.0,momo,AUTH74081,2024-10-15 00:42:00
TXN90005555,ECOM01,CUST101686,PRD201047,2,5400.0,momo,CASH-4491,23/11/2024 01:55
TXN90005556,ST05,CUST100061,PRD201117,2,937.5,MTN MoMo,AM824012544,2024-10-28 07:06:00
TXN90005557,ST04,,PRD201094,1,13000.0,Cash,MP736216220,2024-12-16 07:52:00
TXN90005558,ST18,CUST101929,PRD200919,2,5400.0,MTN Mobile Money,MP856214031,2024-10-01 13:38:00
TXN90005559,ST01,CUST101265,PRD200247,2,1800.0,MTN Mobile Money,MP334267978,15/09/2024 20:43
TXN90005560,ST06,CUST102817,PRD200801,2,9000.0,Cash,AM452523700,2024-11-21 08:15:00
TXN90005561,ST01,CUST104683,PRD201047,4,5400.0,MTN Mobile Money,MP491629479,2024-11-14 04:16:00
TXN90005562,ST15,CUST101395,PRD200967,1,4500.0,Cash,CASH-9000,2024-11-18 12:59:00
TXN90005563,ST14,CUST100783,PRD200133,2,13000.0,Airtel Money,AUTH92199,2024-12-26 20:31:00
TXN90005564,ST04,CUST103486,PRD200707,1,8100.0,Airtel Money,CASH-3968,2024-11-29 18:04:00
TXN90005565,ST11,CUST102739,PRD200055,3,6500.0,Card,AM512372971,03/11/2024 03:42
TXN90005566,ECOM01,CUST101704,PRD200131,2,3000.0,Cash,AUTH29981,2024-08-25 12:44:00
TXN90005567,ST06,CUST101283,PRD200677,1,12500.0,AirtelMoney,CASH-9910,02/09/2024 14:28
TXN90005568,ECOM01,CUST104899,PRD200396,1,3000.0,AirtelMoney,CASH-3162,2024-08-02 21:25:00
TXN90005569,ST16,CUST101914,PRD200564,1,"UGX 15,000",CASH,AUTH25993,2024-12-25 01:03:00
TXN90005570,ECOM01,CUST102157,PRD200005,2,1200.0,MTN Mobile Money,CASH-3225,2024-11-07 01:16:00
TXN90005571,ST18,CUST101220,PRD200511,2,1350.0,CASH,AUTH79506,2024-11-20 23:48:00
TXN90005572,ST09,CUST104832,PRD200182,1,1883.72,Airtel Money,,2024-11-07 00:51:00
TXN90005573,ST19,CUST102683,PRD200153,3,900.0,AirtelMoney,AM820049457,2024-09-12 06:21:00
TXN90005574,ST09,CUST100827,PRD200220,1,5400.0,Card,AUTH45355,2024-08-12 09:27:00
TXN90005575,ECOM01,CUST100401,PRD201130,2,8100.0,CASH,MP957325542,2024-11-19 08:30:00
TXN90005576,ST12,CUST103764,PRD200253,1,9750.0,CASH,,2024-12-16 23:14:00
TXN90005577,ST22,CUST103635,PRD200419,2,1800.0,Airtel Money,CASH-5887,2024-08-07 18:35:00
TXN90005578,ST07,CUST102156,PRD200704,1,5750.0,Cash,CASH-2779,2024-08-08 12:56:00
TXN90005579,ST07,CUST101377,PRD201144,1,2700.0,Cash,MP872261251,2024-09-19 06:25:00
TXN90005580,ECOM01,CUST103374,PRD200596,2,1974.41,Cash,,2024-10-09 14:31:00
TXN90005581,ST22,CUST102076,PRD200205,1,6250.0,MTN MoMo,AM709659625,07/11/2024 00:37
TXN90005582,ST05,CUST100248,PRD200577,3,"UGX 2,400",MTN Mobile Money,AUTH76586,2024-08-03 02:17:00
TXN90005583,ST22,CUST100916,PRD200057,2,3125.0,Airtel Money,AM797301412,02/09/2024 11:59
TXN90005584,ECOM01,CUST103433,PRD200549,1,650.0,momo,CASH-8255,2024-07-20 12:36:00
TXN90005585,ST12,CUST102673,PRD200082,3,9000.0,Cash,CASH-7713,2024-10-24 20:32:00
TXN90005586,ST04,CUST102484,PRD200744,1,975.0,MTN Mobile Money,AUTH91105,2024-09-28 15:42:00
TXN90005587,ST15,CUST101664,PRD200335,4,52500.0,MTN MoMo,MP798274743,2024-07-04 02:58:00
TXN90005588,ST14,CUST103758,PRD200089,3,3125.0,AirtelMoney,MP977917233,2024-11-28 21:08:00
TXN90005589,ST13,,PRD201042,2,2750.0,MTN MoMo,CASH-4253,2024-09-03 09:34:00
TXN90005590,ST16,CUST100645,PRD200520,1,4500.0,AirtelMoney,MP420539491,2024-12-22 20:19:00
TXN90005591,ST16,,PRD200048,1,650.0,Airtel Money,CASH-1209,10/10/2024 04:52
TXN90005592,ST08,CUST101484,PRD200369,2,5400.0,MTN MoMo,,2024-12-22 02:16:00
TXN90005593,ST16,CUST103199,PRD200524,2,4027.09,MTN MoMo,AM382252452,2024-10-26 03:45:00
TXN90005594,ST04,CUST100112,PRD200862,1,17250.0,momo,MP400222741,2024-10-26 17:54:00
TXN90005595,ST11,CUST101855,PRD200503,3,4500.0,MTN MoMo,AUTH60669,2024-07-17 16:59:00
TXN90005596,ST22,CUST104574,PRD200873,1,1300.0,AirtelMoney,AM936384210,2024-07-30 10:07:00
TXN90005597,ST10,,PRD200702,1,625.0,Cash,MP452048655,2024-08-03 09:24:00
TXN90005598,ST20,,PRD200361,2,1200.0,MTN MoMo,AUTH14202,2024-11-21 00:27:00
TXN90005599,ST06,CUST104947,PRD200376,1,3750.0,MTN Mobile Money,CASH-4738,2024-09-25 13:40:00
TXN90005600,ST11,CUST104316,PRD200211,1,1875.0,MTN MoMo,AUTH83852,2024-08-20 06:10:00
TXN90005601,ST01,CUST100418,PRD201003,1,1950.0,MTN MoMo,,2024-12-15 07:14:00
TXN90005602,ST08,CUST101690,PRD200219,1,4500.0,MTN MoMo,MP758499854,2024-11-15 15:54:00
TXN90005603,ST19,CUST101747,PRD200854,1,4950.0,MTN MoMo,AUTH41823,27/10/2024 14:08
TXN90005604,ECOM01,CUST102859,PRD201059,2,"UGX 1,300",MTN MoMo,CASH-5968,01/09/2024 02:19
TXN90005605,ST09,CUST104746,PRD200009,3,5500.0,Cash,CASH-1023,21/08/2024 21:34
TXN90005606,ST16,CUST104050,PRD200769,4,8250.0,Airtel Money,AUTH36375,2024-12-04 12:52:00
TXN90005607,ST08,CUST104517,PRD200821,2,"9,603",momo,CASH-6697,2024-07-09 08:14:00
TXN90005608,ST10,CUST102991,PRD200175,1,18000.0,Airtel Money,CASH-3629,2024-07-24 11:57:00
TXN90005609,ST03,CUST104496,PRD201021,1,18000.0,AirtelMoney,AM840339265,2024-08-12 11:45:00
TXN90005610,ECOM01,CUST100806,PRD200931,3,9750.0,Airtel Money,CASH-1269,15/09/2024 13:37
TXN90005611,ST03,CUST102886,PRD200460,2,4500.0,momo,MP863579193,2024-10-19 20:57:00
TXN90005612,ST05,CUST100834,PRD201139,-1,23000.0,Airtel Money,CASH-9947,2024-11-12 16:57:00
TXN90005613,ST22,CUST104620,PRD201077,1,900.0,AirtelMoney,,2024-07-06 20:37:00
TXN90005614,ST09,CUST104412,PRD200801,2,9000.0,Airtel Money,MP766601981,2024-09-24 03:21:00
TXN90005615,ST11,CUST104592,PRD200233,1,937.5,Cash,CASH-9394,2024-11-04 00:53:00
TXN90005616,ECOM01,CUST104187,PRD200923,1,3750.0,MTN MoMo,MP188035835,2024-09-05 06:14:00
TXN90005617,ECOM01,,PRD200054,1,1125.0,MTN Mobile Money,CASH-5961,2024-11-08 21:39:00
TXN90005618,ECOM01,CUST101057,PRD200701,-1,26000.0,Airtel Money,AUTH70232,2024-11-28 16:42:00
TXN90005619,ST20,,PRD200524,4,4027.09,Airtel Money,,2024-10-24 07:57:00
TXN90005620,ECOM01,CUST100146,PRD201144,2,2700.0,MTN MoMo,AUTH34031,2024-07-26 17:27:00
TXN90005621,ST11,CUST103516,PRD200194,2,25000.0,momo,,2024-08-09 00:25:00
TXN90005622,ST02,CUST100523,PRD200257,1,"UGX 1,868",MTN Mobile Money,AUTH57603,2024-11-02 11:37:00
TXN90005623,ECOM01,CUST103180,PRD200165,2,1350.0,MTN MoMo,MP627732612,02/07/2024 01:08
TXN90005624,ST20,CUST102726,PRD200986,1,5175.0,MTN MoMo,,2024-11-20 05:21:00
TXN90005625,ECOM01,CUST103118,PRD200444,3,2300.0,AirtelMoney,AUTH66716,2024-09-10 11:35:00
TXN90005626,ST03,CUST101174,PRD200603,1,6250.0,Airtel Money,AM790504563,2024-10-24 17:41:00
TXN90005627,ST19,CUST103252,PRD200302,2,8625.0,MTN MoMo,AUTH17375,2024-07-03 15:34:00
TXN90005628,ST11,CUST103665,PRD200985,1,57500.0,CASH,,2024-10-31 14:52:00
TXN90005629,ST22,CUST102571,PRD200574,1,550.0,AirtelMoney,AUTH14312,24/12/2024 04:15
TXN90005630,ST19,CUST100927,PRD200707,2,8100.0,Airtel Money,AUTH63283,2024-12-22 02:52:00
TXN90005631,ST01,CUST102148,PRD200367,1,600.0,Airtel Money,CASH-4159,20/08/2024 09:18
TXN90005632,ST09,CUST101205,PRD200975,1,36000.0,MTN MoMo,CASH-2311,2024-08-16 12:00:00
TXN90005633,ST15,,PRD200916,1,550.0,CASH,MP170611228,2024-12-02 15:21:00
TXN90005634,ST04,CUST103935,PRD200973,1,1125.0,MTN MoMo,CASH-8219,2024-07-01 16:54:00
TXN90005635,ST09,CUST104899,PRD200833,3,27000.0,Airtel Money,MP404226042,2024-07-01 23:03:00
TXN90005636,ST05,CUST103984,PRD200670,3,8250.0,AirtelMoney,CASH-3767,2024-07-18 01:40:00
TXN90005637,ST15,CUST103877,PRD200853,2,3125.0,Airtel Money,CASH-2055,2024-10-01 04:43:00
TXN90005638,ECOM01,CUST102589,PRD200947,3,937.5,momo,,2024-10-13 03:24:00
TXN90005639,ECOM01,CUST100817,PRD200750,1,3600.0,momo,CASH-1182,2024-09-15 05:13:00
TXN90005640,ECOM01,CUST101536,PRD201145,1,16500.0,MTN MoMo,MP267469998,14/07/2024 02:48
TXN90005641,ECOM01,CUST100152,PRD200605,1,30000.0,Cash,,08/09/2024 18:46
TXN90005642,ECOM01,CUST101130,PRD200886,5,1300.0,MTN Mobile Money,,2024-09-01 17:29:00
TXN90005643,ST08,CUST104727,PRD200250,1,8100.0,MTN MoMo,MP990673360,2024-10-06 01:14:00
TXN90005644,ST14,CUST101473,PRD200137,2,900.0,MTN Mobile Money,,2024-11-09 13:36:00
TXN90005645,ST03,CUST104945,PRD200809,1,5850.0,Cash,MP384456326,2024-08-24 09:45:00
TXN90005646,ECOM01,CUST102083,PRD200034,2,12500.0,MTN Mobile Money,MP569333701,2024-12-13 02:28:00
TXN90005647,ECOM01,CUST101455,PRD200464,1,6000.0,MTN Mobile Money,,2024-12-12 21:53:00
TXN90005648,ST01,CUST102292,PRD200780,-1,52500.0,momo,AUTH16629,28/08/2024 05:40
TXN90005649,ECOM01,,PRD200521,1,1100.0,momo,AM398530047,2024-10-11 15:52:00
TXN90005650,ECOM01,CUST103389,PRD200875,1,4036.94,MTN MoMo,MP166608711,2024-07-22 06:10:00
TXN90005651,ST06,CUST103160,PRD200741,1,32051.24,Airtel Money,MP695188463,2024-10-28 19:18:00
TXN90005652,ECOM01,,PRD200196,4,"5,537",momo,AM858483186,04/10/2024 23:47
TXN90005653,ST17,CUST101746,PRD200940,3,825.0,Airtel Money,CASH-3692,2024-11-23 07:41:00
TXN90005654,ST02,CUST102696,PRD200976,1,8100.0,Airtel Money,MP192375507,2024-10-06 18:54:00
TXN90005655,ECOM01,CUST104587,PRD200370,5,38500.0,AirtelMoney,CASH-8096,19/09/2024 20:44
TXN90005656,ST04,CUST103444,PRD200477,2,3000.0,Card,AUTH91731,2024-07-31 23:24:00
TXN90005657,ST05,CUST104522,PRD200309,3,7637.88,Airtel Money,CASH-6537,2024-12-07 14:12:00
TXN90005658,ECOM01,CUST103768,PRD200472,1,24000.0,momo,MP932759404,2024-11-27 16:36:00
TXN90005659,ST11,CUST102827,PRD200011,1,5175.0,Airtel Money,MP153820248,2024-10-30 23:54:00
TXN90005660,ST15,CUST101481,PRD200409,1,1950.0,MTN MoMo,AUTH50370,10/12/2024 12:06
TXN90005661,ST15,CUST101769,PRD200680,4,UGX7500,MTN Mobile Money,CASH-3327,2024-11-01 05:03:00
TXN90005662,ST13,CUST104329,PRD200939,1,18750.0,Card,CASH-5898,2024-11-13 13:04:00
TXN90005663,ST22,CUST102230,PRD200956,3,5500.0,MTN MoMo,AUTH99687,2024-10-11 22:58:00
TXN90005664,ST18,CUST101300,PRD201008,1,8250.0,Airtel Money,CASH-6837,2024-07-07 02:48:00
TXN90005665,ST04,CUST102354,PRD200606,5,43750.0,MTN MoMo,AUTH38467,2024-08-20 07:45:00
TXN90005666,ST07,CUST103345,PRD200542,2,1100.0,MTN MoMo,AUTH31427,03/07/2024 21:27
TXN90005667,ECOM01,,PRD200432,1,57500.0,MTN MoMo,AM304271955,07/12/2024 23:21
TXN90005668,ECOM01,,PRD200111,4,63000.0,MTN Mobile Money,MP602524958,2024-07-27 05:33:00
TXN90005669,ST06,,PRD201081,2,45500.0,Cash,CASH-4784,2024-08-21 06:06:00
TXN90005670,ST14,CUST104797,PRD200366,1,5400.0,Airtel Money,CASH-6632,2024-08-14 19:05:00
TXN90005671,ST01,CUST104434,PRD200177,2,63000.0,momo,AUTH73799,2024-09-10 18:40:00
TXN90005672,ST13,CUST102714,PRD200406,1,2250.0,MTN Mobile Money,,2024-08-11 03:55:00
TXN90005673,ST05,CUST103787,PRD200094,3,43750.0,Cash,AM246739640,2024-09-20 07:10:00
TXN90005674,ECOM01,CUST103242,PRD200144,1,3900.0,MTN MoMo,CASH-7642,2024-11-14 12:14:00
TXN90005675,ST06,CUST103207,PRD200521,1,1100.0,Cash,AM133789396,2024-12-23 01:00:00
TXN90005676,ST21,CUST100741,PRD200556,3,63000.0,Airtel Money,CASH-8776,2024-12-14 21:22:00
TXN90005677,ECOM01,CUST102598,PRD200466,4,8625.0,MTN Mobile Money,MP934731933,2024-08-24 01:13:00
TXN90005678,ECOM01,CUST102447,PRD200508,-2,4500.0,Cash,AUTH58989,2024-07-04 22:47:00
TXN90005679,ST19,CUST104803,PRD201131,4,13000.0,MTN MoMo,AM336715247,2024-10-16 03:53:00
TXN90005680,ST21,CUST104712,PRD200742,1,3000.0,AirtelMoney,AM922077905,2024-10-30 22:11:00
TXN90005681,ST03,CUST104427,PRD200249,1,650.0,CASH,AUTH68085,2024-08-11 09:06:00
TXN90005682,ST18,CUST101557,PRD200776,1,"60,000",AirtelMoney,AUTH48672,2024-09-16 14:11:00
TXN90005683,ST14,CUST101447,PRD200861,1,1500.0,MTN Mobile Money,MP478034983,2024-10-04 08:13:00
TXN90005684,ST11,CUST101375,PRD200640,1,2107.76,MTN Mobile Money,AM948966141,2024-08-04 05:31:00
TXN90005685,ST03,CUST104743,PRD200248,2,8100.0,MTN MoMo,MP547178847,25/10/2024 06:30
TXN90005686,ST18,CUST103810,PRD201043,1,900.0,MTN MoMo,MP207944417,2024-08-12 07:58:00
TXN90005687,ECOM01,CUST102480,PRD201006,3,5750.0,MTN MoMo,AM604346124,2024-11-20 12:26:00
TXN90005688,ST17,CUST104214,PRD200954,2,38500.0,Cash,CASH-9002,2024-09-24 16:19:00
TXN90005689,ECOM01,,PRD200962,1,6250.0,CASH,AUTH35253,2024-10-19 17:19:00
TXN90005690,ST04,CUST100257,PRD200615,2,1875.0,MTN MoMo,,2024-08-23 11:31:00
TXN90005691,ST15,CUST101554,PRD200433,-1,11000.0,CASH,MP810126168,2024-08-07 07:30:00
TXN90005692,ECOM01,CUST100427,PRD200077,1,2250.0,MTN Mobile Money,AM821083864,2024-08-12 10:04:00
TXN90005693,ST07,CUST104478,PRD201031,1,6500.0,Cash,AM733083338,2024-08-26 05:55:00
TXN90005694,ST11,CUST103886,PRD200887,4,18000.0,Airtel Money,MP756099701,2024-10-14 22:34:00
TXN90005695,ST03,CUST102563,PRD200213,2,UGX11000,Airtel Money,AM534812206,2024-07-07 01:58:00
TXN90005696,ECOM01,CUST103444,PRD200380,2,4500.0,Airtel Money,AM104590066,2024-11-10 20:10:00
TXN90005697,ST03,CUST104161,PRD200126,1,750.0,MTN Mobile Money,AM732324836,2024-07-25 10:15:00
TXN90005698,ST05,CUST102011,PRD200044,4,8625.0,CASH,AUTH39369,2024-10-06 18:33:00
TXN90005699,ST20,,PRD200470,3,UGX42000,MTN Mobile Money,,03/11/2024 22:25
TXN90005700,ST19,CUST100036,PRD200459,1,42000.0,AirtelMoney,MP901089484,2024-11-04 02:06:00
TXN90005701,ST02,CUST104166,PRD200189,1,3000.0,Airtel Money,CASH-5625,2024-08-14 21:16:00
TXN90005702,ECOM01,CUST101084,PRD200671,3,UGX550,MTN MoMo,CASH-8648,2024-08-22 23:55:00
TXN90005703,ST21,CUST100628,PRD200839,4,65000.0,Cash,MP524586447,2024-08-03 17:53:00
TXN90005704,ECOM01,CUST100408,PRD200196,1,5536.64,momo,CASH-8514,17/08/2024 08:38
TXN90005705,ECOM01,CUST102143,PRD200813,1,3000.0,Cash,AM256265454,2024-10-13 11:43:00
TXN90005706,ST21,CUST103916,PRD200013,1,8250.0,MTN MoMo,AUTH18762,2024-10-15 06:51:00
TXN90005707,ST21,CUST102319,PRD200514,4,825.0,AirtelMoney,MP259391027,2024-11-21 08:30:00
TXN90005708,ST21,CUST104225,PRD200429,-1,24000.0,Cash,MP289178663,2024-08-24 14:23:00
TXN90005709,ST01,CUST100924,PRD201100,2,65000.0,MTN MoMo,CASH-3387,2024-12-21 23:04:00
TXN90005710,ST10,CUST102684,PRD200164,1,5400.0,momo,CASH-4030,2024-07-23 09:45:00
TXN90005711,ST23,CUST101636,PRD200972,4,12000.0,MTN MoMo,CASH-8688,2024-12-01 21:23:00
TXN90005712,ST15,CUST104873,PRD200636,1,3600.0,MTN MoMo,,2024-09-24 15:24:00
TXN90005713,ST18,CUST102661,PRD201044,1,27000.0,Cash,AUTH36646,18/11/2024 08:31
TXN90005714,ECOM01,CUST102244,PRD201012,3,2400.0,Cash,AM483400229,2024-12-16 14:48:00
TXN90005715,ST05,CUST100111,PRD201115,1,3000.0,Cash,CASH-7662,2024-11-23 20:12:00
TXN90005716,ST19,CUST100488,PRD200674,3,22000.0,CASH,AUTH95371,2024-09-26 04:57:00
TXN90005717,ST09,CUST100229,PRD200473,2,15000.0,Cash,AM289009294,2024-07-17 05:39:00
TXN90005718,ECOM01,CUST102040,PRD200760,2,6000.0,AirtelMoney,CASH-9481,2024-11-12 07:16:00
TXN90005719,ST17,CUST103826,PRD200015,4,862.5,MTN MoMo,MP735822076,2024-08-07 01:57:00
TXN90005720,ECOM01,CUST101465,PRD200736,5,18000.0,MTN MoMo,AUTH39447,2024-08-22 01:37:00
TXN90005721,ST09,CUST100940,PRD200012,4,4500.0,AirtelMoney,,2024-08-17 08:05:00
TXN90005722,ST17,CUST104790,PRD200639,1,19500.0,Airtel Money,AM735344109,2024-11-29 13:01:00
TXN90005723,ST21,,PRD200632,1,1125.0,MTN MoMo,AUTH94933,2024-08-31 00:18:00
TXN90005724,ECOM01,,PRD201023,2,57500.0,CASH,AUTH11296,21/12/2024 03:08
TXN90005725,ST08,CUST102091,PRD200515,1,45500.0,MTN MoMo,AM192090432,2024-09-06 09:04:00
TXN90005726,ECOM01,CUST104900,PRD200856,3,UGX19500,Airtel Money,AM701089844,29/09/2024 22:13
TXN90005727,ST22,CUST101223,PRD200976,1,8100.0,Airtel Money,AM559462872,2024-11-28 08:10:00
TXN90005728,ST17,CUST103285,PRD200985,1,57500.0,momo,AUTH89907,2024-11-26 07:37:00
TXN90005729,ECOM01,CUST104986,PRD200044,-1,8625.0,Airtel Money,MP255520634,2024-11-27 01:09:00
TXN90005730,ST06,,PRD200364,1,9375.0,MTN MoMo,AM279868814,2024-12-08 17:32:00
TXN90005731,ST01,CUST103656,PRD200638,1,3000.0,AirtelMoney,CASH-6595,2024-11-08 14:20:00
TXN90005732,ST03,CUST101773,PRD201136,1,2250.0,Cash,AUTH81160,2024-08-03 17:06:00
TXN90005733,ST02,CUST103491,PRD200779,4,25000.0,Airtel Money,MP959983527,14/12/2024 15:14
TXN90005734,ST10,CUST104187,PRD200887,1,18000.0,Airtel Money,AM554733621,2024-11-27 08:19:00
TXN90005735,ECOM01,CUST103399,PRD200666,4,4500.0,MTN MoMo,,2024-07-18 19:19:00
TXN90005736,ST20,CUST101806,PRD200434,3,"16,500",Airtel Money,AUTH28765,2024-07-14 02:37:00
TXN90005737,ST03,CUST102587,PRD200529,1,18000.0,Card,MP808554845,2024-12-25 15:16:00
TXN90005738,ST17,CUST102317,PRD200860,1,9000.0,MTN MoMo,CASH-7014,2024-11-25 01:50:00
TXN90005739,ST19,CUST101424,PRD200440,4,428.94,MTN MoMo,AUTH20870,22/09/2024 13:41
TXN90005740,ST04,CUST101266,PRD200570,2,38500.0,AirtelMoney,MP657598349,2024-10-29 18:28:00
TXN90005741,ST11,CUST100776,PRD201023,1,57500.0,MTN MoMo,AM807558976,2024-11-05 05:28:00
TXN90005742,ST16,CUST104532,PRD200836,4,7500.0,MTN MoMo,,2024-07-07 08:51:00
TXN90005743,ST13,CUST100623,PRD200500,3,26469.75,MTN Mobile Money,AUTH93799,2024-08-16 08:51:00
TXN90005744,ST07,CUST104756,PRD201089,3,1250.0,Cash,MP711276680,16/12/2024 20:20
TXN90005745,ST20,CUST101998,PRD200911,4,22000.0,MTN MoMo,AUTH29808,2024-07-04 04:41:00
TXN90005746,ST07,CUST100883,PRD200387,2,6750.0,MTN MoMo,AUTH95937,2024-12-10 23:54:00
TXN90005747,ST20,CUST104341,PRD200870,2,1800.0,MTN Mobile Money,MP784792375,2024-07-21 00:13:00
TXN90005748,ECOM01,CUST103923,PRD200753,1,5625.0,Airtel Money,MP970937053,2024-11-16 02:15:00
TXN90005749,ST11,CUST102388,PRD200869,1,2700.0,AirtelMoney,MP769443570,2024-08-08 00:22:00
TXN90005750,ST06,CUST100600,PRD200368,5,8100.0,MTN MoMo,AM647155050,2024-10-12 13:53:00
TXN90005751,ST18,CUST102335,PRD200412,3,15000.0,MTN Mobile Money,MP579035653,2024-08-31 02:25:00
TXN90005752,ST20,CUST100689,PRD201021,2,18000.0,MTN Mobile Money,,2024-11-17 08:46:00
TXN90005753,ST16,CUST103234,PRD200591,2,"UGX 12,500",Airtel Money,MP499940882,2024-08-11 20:42:00
TXN90005754,ST08,CUST102911,PRD201069,3,8100.0,CASH,AM654415814,2024-10-14 16:03:00
TXN90005755,ST16,CUST103476,PRD200380,1,4500.0,Airtel Money,,2024-10-16 19:56:00
TXN90005756,ST19,CUST101003,PRD200579,1,600.0,AirtelMoney,CASH-8255,2024-09-27 21:01:00
TXN90005757,ST17,CUST102283,PRD200749,2,2250.0,MTN Mobile Money,AUTH26934,2024-09-26 06:30:00
TXN90005758,ST22,CUST101125,PRD201083,1,12000.0,Cash,AM902438221,2024-08-01 04:37:00
TXN90005759,ST15,CUST104370,PRD200878,1,18000.0,MTN MoMo,AUTH14654,2024-10-03 16:18:00
TXN90005760,ST13,CUST100571,PRD200207,1,25000.0,Cash,MP133196711,2024-09-22 20:43:00
TXN90005761,ST17,CUST100387,PRD200446,1,2400.0,Cash,,2024-08-23 12:49:00
TXN90005762,ST04,CUST103345,PRD201018,4,9750.0,MTN MoMo,,06/08/2024 12:20
TXN90005763,ST09,CUST104417,PRD200961,1,4500.0,MTN Mobile Money,AM290253385,2024-08-25 19:32:00
TXN90005764,ST10,CUST102067,PRD200378,1,3300.0,MTN Mobile Money,,2024-10-01 22:46:00
TXN90005765,ECOM01,CUST101649,PRD200721,3,8625.0,MTN Mobile Money,MP267588113,2024-08-13 17:38:00
TXN90005766,ST20,CUST101566,PRD201132,1,2400.0,Cash,AM307679886,2024-10-22 13:49:00
TXN90005767,ST08,CUST102388,PRD200102,1,1200.0,MTN Mobile Money,AM671723946,2024-11-28 03:35:00
TXN90005768,ST14,CUST104768,PRD201045,1,1800.0,AirtelMoney,MP555572872,15/11/2024 10:22
TXN90005769,ECOM01,CUST103938,PRD200790,4,1800.0,Cash,AUTH67897,2024-07-01 10:59:00
TXN90005770,ST16,CUST104473,PRD200305,1,3750.0,MTN Mobile Money,AUTH64684,2024-07-21 08:40:00
TXN90005771,ST05,CUST103843,PRD200848,1,57500.0,MTN MoMo,AM571246348,2024-08-01 05:18:00
TXN90005772,ST23,CUST104394,PRD200182,2,1883.72,MTN MoMo,CASH-4142,2024-12-04 22:37:00
TXN90005773,ST14,CUST102564,PRD200716,1,1725.0,MTN Mobile Money,AUTH12779,2024-07-11 16:38:00
TXN90005774,ST14,CUST100218,PRD200832,3,3900.0,momo,AM714189767,2024-10-02 12:31:00
TXN90005775,ST10,CUST103171,PRD200065,3,"UGX 36,000",Cash,AM728549778,2024-09-23 18:17:00
TXN90005776,ST22,CUST102226,PRD200211,1,1875.0,Card,AM616828100,2024-11-26 19:54:00
TXN90005777,ST09,CUST102705,PRD200674,1,22000.0,MTN Mobile Money,MP993566166,2024-10-27 07:07:00
TXN90005778,ST07,CUST100206,PRD200253,2,9750.0,MTN MoMo,CASH-3154,2024-11-04 18:32:00
TXN90005779,ST19,CUST101596,PRD200570,1,38500.0,Cash,AUTH86693,14/10/2024 16:44
TXN90005780,ST14,CUST101226,PRD200140,2,23000.0,Airtel Money,MP924237857,2024-07-25 08:46:00
TXN90005781,ST21,CUST100874,PRD200569,1,4950.0,Cash,AUTH53745,2024-09-18 06:26:00
TXN90005782,ECOM01,CUST101246,PRD200499,1,600.0,AirtelMoney,AUTH76785,2024-07-14 18:48:00
TXN90005783,ST08,CUST103213,PRD201160,2,3750.0,Cash,AUTH22496,2024-10-21 03:25:00
TXN90005784,ST12,CUST103147,PRD200233,2,937.5,Cash,AUTH12967,2024-07-01 05:03:00
TXN90005785,ECOM01,CUST103878,PRD200606,1,43750.0,CASH,AM935487712,2024-09-08 08:40:00
TXN90005786,ECOM01,CUST103175,PRD200748,2,2600.0,momo,MP245141799,2024-09-28 17:02:00
TXN90005787,ST13,CUST101763,PRD200545,1,5400.0,MTN MoMo,AM595066871,2024-11-06 06:22:00
TXN90005788,ST23,CUST103675,PRD200377,-1,1950.0,momo,AM570372087,2024-09-06 03:08:00
TXN90005789,ST07,CUST100684,PRD200409,2,1950.0,Airtel Money,,2024-11-02 10:01:00
TXN90005790,ST17,CUST100037,PRD200269,1,60000.0,MTN Mobile Money,MP959495361,2024-07-26 17:31:00
TXN90005791,ST23,CUST101895,PRD200425,1,43750.0,Airtel Money,AM145799371,2024-09-05 20:29:00
TXN90005792,ST04,CUST102553,PRD200255,2,24000.0,MTN MoMo,,2024-10-02 08:05:00
TXN90005793,ST23,CUST102930,PRD200382,1,2600.0,MTN MoMo,,2024-11-02 02:16:00
TXN90005794,ST23,CUST101508,PRD200803,2,862.5,MTN MoMo,MP160359775,2024-10-18 06:53:00
TXN90005795,ST06,CUST102357,PRD200130,1,14276.88,MTN MoMo,CASH-3814,2024-08-09 06:20:00
TXN90005796,ECOM01,CUST100856,PRD200766,1,36000.0,momo,CASH-4479,2024-10-01 03:24:00
TXN90005797,ST04,CUST101641,PRD200369,2,5400.0,MTN Mobile Money,MP450008289,2024-07-07 02:21:00
TXN90005798,ST13,CUST102984,PRD201069,2,8100.0,CASH,CASH-2634,2024-10-26 09:23:00
TXN90005799,ECOM01,CUST101796,PRD200891,1,40250.0,MTN MoMo,,2024-10-09 20:13:00
TXN90005800,ST18,CUST101756,PRD200641,1,52500.0,MTN MoMo,AM805415396,2024-08-11 06:12:00
TXN90005801,ST18,CUST101221,PRD200127,3,12500.0,Cash,AUTH67773,27/07/2024 04:45
TXN90005802,ECOM01,CUST100109,PRD201069,2,"UGX 8,100",MTN MoMo,MP353645980,2024-07-09 07:49:00
TXN90005803,ST09,CUST101042,PRD200170,1,4500.0,MTN Mobile Money,MP770088489,2024-12-23 14:44:00
TXN90005804,ST17,CUST103069,PRD200959,4,2200.0,momo,,2024-09-27 02:23:00
TXN90005805,ST22,CUST101989,PRD200933,1,3450.0,Airtel Money,AUTH42960,2024-11-20 06:23:00
TXN90005806,ST07,,PRD201066,1,57500.0,Cash,AM957989909,2024-11-14 02:22:00
TXN90005807,ST23,CUST100524,PRD200911,2,22000.0,MTN MoMo,,2024-12-05 17:54:00
TXN90005808,ST13,CUST104766,PRD200267,-1,900.0,Airtel Money,,2024-12-02 17:20:00
TXN90005809,ST02,CUST102613,PRD200901,1,18000.0,momo,AM944537622,2024-12-27 19:51:00
TXN90005810,ST15,CUST102099,PRD200721,2,8625.0,Cash,CASH-8082,2024-10-30 20:36:00
TXN90005811,ST09,CUST104660,PRD200372,1,UGX 900,MTN MoMo,AUTH90365,2024-12-14 20:31:00
TXN90005812,ST01,CUST102473,PRD200578,4,937.5,MTN Mobile Money,CASH-6496,2024-08-25 19:29:00
TXN90005813,ST17,CUST101631,PRD201062,1,3750.0,MTN Mobile Money,CASH-2749,17/07/2024 17:31
TXN90005814,ST10,,PRD200313,2,900.0,Airtel Money,AUTH35268,2024-12-18 20:59:00
TXN90005815,ST23,CUST101762,PRD200927,2,600.0,Airtel Money,AM858334098,2024-07-05 01:38:00
TXN90005816,ECOM01,CUST103432,PRD200180,1,5400.0,MTN MoMo,,07/11/2024 23:56
TXN90005817,ECOM01,CUST100857,PRD200725,1,3750.0,MTN MoMo,AUTH83405,2024-08-08 05:37:00
TXN90005818,ST21,CUST101780,PRD200179,3,6750.0,CASH,MP411648227,2024-12-16 04:38:00
TXN90005819,ST21,CUST101762,PRD200394,3,3600.0,momo,AUTH89858,2024-12-20 20:14:00
TXN90005820,ECOM01,CUST100993,PRD200420,2,2250.0,Cash,MP583285220,2024-07-23 01:57:00
TXN90005821,ST13,CUST103047,PRD200185,3,600.0,Airtel Money,AM416858972,2024-09-03 20:44:00
TXN90005822,ECOM01,CUST101826,PRD200865,1,650.0,MTN Mobile Money,AUTH54557,2024-11-29 03:25:00
TXN90005823,ECOM01,CUST101352,PRD200971,1,8100.0,Card,MP794241833,2024-11-18 13:57:00
TXN90005824,ST18,CUST100867,PRD200066,-2,1250.0,Airtel Money,AM267603463,2024-09-12 08:13:00
TXN90005825,ST18,CUST103022,PRD200356,1,1250.0,momo,CASH-3566,2024-12-07 11:58:00
TXN90005826,ECOM01,CUST104385,PRD200693,4,3900.0,Cash,AM758044741,09/10/2024 09:58
TXN90005827,ST20,CUST104101,PRD201054,1,5175.0,MTN MoMo,AM614829964,2024-09-27 16:22:00
TXN90005828,ST20,CUST104039,PRD200246,1,22500.0,Airtel Money,CASH-9007,2024-12-26 01:09:00
TXN90005829,ST14,CUST103450,PRD201042,4,2750.0,MTN Mobile Money,MP953174410,2024-11-03 14:50:00
TXN90005830,ST20,CUST104123,PRD201161,1,21927.6,AirtelMoney,CASH-9760,2024-10-30 00:28:00
TXN90005831,ST07,CUST104076,PRD201075,3,7500.0,AirtelMoney,CASH-4675,2024-12-26 01:17:00
TXN90005832,ST03,,PRD200887,1,18000.0,MTN Mobile Money,MP719654037,2024-07-01 18:25:00
TXN90005833,ST08,CUST102211,PRD201013,2,5750.0,MTN Mobile Money,CASH-9174,2024-10-29 19:07:00
TXN90005834,ST21,CUST100082,PRD200686,1,"UGX 5,400",MTN MoMo,,2024-07-16 17:36:00
TXN90005835,ST11,CUST104672,PRD200616,3,3250.0,Cash,,2024-07-28 07:22:00
TXN90005836,ST21,CUST101582,PRD200623,1,12500.0,MTN Mobile Money,MP327937621,2024-11-27 04:21:00
TXN90005837,ST08,CUST103667,PRD200735,2,15000.0,Card,AM499909642,2024-11-11 04:16:00
TXN90005838,ST20,CUST103844,PRD200202,2,"42,000",MTN Mobile Money,CASH-8328,14/12/2024 13:07
TXN90005839,ST15,CUST102749,PRD200299,1,13500.0,MTN MoMo,,2024-08-08 09:58:00
TXN90005840,ST06,CUST102323,PRD200297,2,3750.0,Cash,AUTH17069,19/09/2024 01:26
TXN90005841,ST11,CUST102373,PRD201113,1,63000.0,AirtelMoney,AM959396122,2024-10-24 13:39:00
TXN90005842,ST03,CUST103443,PRD200809,1,5850.0,Card,MP300515113,2024-09-06 16:59:00
TXN90005843,ECOM01,CUST103090,PRD200871,2,9375.0,Airtel Money,MP831343773,2024-07-04 14:40:00
TXN90005844,ST14,CUST100949,PRD200009,1,5500.0,MTN MoMo,CASH-5473,2024-11-17 03:21:00
TXN90005845,ST21,CUST103051,PRD200951,-1,8625.0,CASH,MP450533193,2024-12-20 07:41:00
TXN90005846,ST11,,PRD200758,1,9000.0,MTN MoMo,AUTH30180,2024-09-14 01:42:00
TXN90005847,ST12,CUST100530,PRD200262,1,600.0,momo,CASH-9813,2024-07-23 13:46:00
TXN90005848,ST04,CUST100497,PRD200557,1,19500.0,Cash,AM956256436,2024-10-09 11:44:00
TXN90005849,ST23,CUST102092,PRD200735,1,15000.0,momo,CASH-5460,2024-08-12 18:26:00
TXN90005850,ST06,CUST104338,PRD200970,1,5175.0,Card,AM792334233,2024-07-21 09:35:00
TXN90005851,ST09,CUST100132,PRD200718,1,2300.0,Airtel Money,MP112732210,2024-12-06 12:43:00
TXN90005852,ECOM01,CUST102190,PRD200816,3,UGX9000,Airtel Money,CASH-1851,2024-11-13 03:20:00
TXN90005853,ST05,,PRD200748,3,2600.0,Cash,MP508931312,2024-09-18 18:17:00
TXN90005854,ST04,CUST103909,PRD200230,1,2200.0,Cash,AUTH79895,2024-10-01 11:00:00
TXN90005855,ST14,CUST104101,PRD201076,1,9375.0,MTN MoMo,AUTH35749,2024-09-15 07:15:00
TXN90005856,ECOM01,CUST100763,PRD200899,-1,900.0,Airtel Money,MP764882956,2024-11-19 08:57:00
TXN90005857,ST19,CUST101316,PRD201155,1,2750.0,Card,MP370598650,2024-09-13 16:07:00
TXN90005858,ECOM01,CUST102728,PRD200582,1,1250.0,MTN MoMo,MP642139132,2024-11-13 22:50:00
TXN90005859,ECOM01,,PRD200460,1,4500.0,Cash,AUTH14491,2024-12-10 04:14:00
TXN90005860,ST19,CUST100523,PRD200833,3,27000.0,Cash,MP196444561,2024-10-25 16:10:00
TXN90005861,ECOM01,CUST100831,PRD200441,1,UGX 825,Airtel Money,,2024-08-28 21:14:00
TXN90005862,ST22,CUST102657,PRD200939,1,18750.0,MTN Mobile Money,MP222167115,01/07/2024 12:13
TXN90005863,ST20,CUST101376,PRD201113,1,63000.0,Cash,AUTH58593,2024-10-05 18:16:00
TXN90005864,ECOM01,CUST102498,PRD200219,1,4500.0,MTN MoMo,AM745345683,2024-09-17 21:57:00
TXN90005865,ECOM01,CUST101778,PRD200509,4,9375.0,MTN Mobile Money,AM577388300,2024-09-03 09:46:00
TXN90005866,ECOM01,CUST104205,PRD200508,3,4500.0,MTN Mobile Money,AM348089208,2024-10-26 07:14:00
TXN90005867,ST08,CUST102516,PRD200343,2,1500.0,MTN Mobile Money,CASH-4037,2024-10-17 01:47:00
TXN90005868,ST02,CUST103885,PRD200068,3,1200.0,Airtel Money,CASH-5984,2024-07-31 06:52:00
TXN90005869,ST17,CUST104787,PRD200135,3,6500.0,CASH,MP593661605,2024-07-11 01:56:00
TXN90005870,ST10,CUST101091,PRD200222,2,43750.0,MTN MoMo,AUTH23074,2024-08-14 06:36:00
TXN90005871,ST14,CUST103143,PRD200812,1,1800.0,MTN MoMo,AUTH15600,2024-07-08 21:57:00
TXN90005872,ST01,CUST103247,PRD200560,1,18000.0,Cash,,2024-07-04 06:06:00
TXN90005873,ST08,CUST102271,PRD200103,2,12474.0,MTN MoMo,AM987746169,2024-10-22 11:58:00
TXN90005874,ST21,CUST104262,PRD200176,1,5750.0,MTN Mobile Money,AM262387800,2024-08-17 21:26:00
TXN90005875,ST16,CUST101380,PRD200847,3,11000.0,Card,CASH-8253,2024-07-19 06:06:00
TXN90005876,ECOM01,CUST102696,PRD200214,1,65000.0,AirtelMoney,AUTH36135,2024-11-14 09:47:00
TXN90005877,ST11,CUST103632,PRD201033,1,"63,000",MTN MoMo,,2024-11-08 12:27:00
TXN90005878,ST06,CUST100186,PRD201160,2,3750.0,MTN MoMo,CASH-7581,2024-12-25 10:01:00
TXN90005879,ST06,CUST100374,PRD200931,1,9750.0,MTN MoMo,CASH-1249,2024-09-16 00:32:00
TXN90005880,ST23,CUST103796,PRD200414,4,11250.0,MTN MoMo,MP657088537,2024-12-01 05:03:00
TXN90005881,ST14,CUST100188,PRD200901,3,18000.0,MTN Mobile Money,,2024-09-27 20:03:00
TXN90005882,ST08,CUST104062,PRD200842,-1,3450.0,MTN Mobile Money,CASH-4999,16/07/2024 22:43
TXN90005883,ST15,,PRD200928,3,24000.0,MTN Mobile Money,CASH-3870,2024-10-27 18:27:00
TXN90005884,ST11,CUST102745,PRD200805,1,8100.0,AirtelMoney,AUTH77571,2024-12-05 11:16:00
TXN90005885,ST16,,PRD200425,1,43750.0,MTN MoMo,CASH-5990,2024-08-18 05:34:00
TXN90005886,ST21,CUST101493,PRD200704,2,5750.0,CASH,CASH-7784,2024-12-09 10:43:00
TXN90005887,ECOM01,CUST103176,PRD200470,1,42000.0,CASH,AM244292039,2024-07-30 00:23:00
TXN90005888,ST05,CUST100610,PRD200123,2,UGX3750,Cash,AUTH59513,2024-07-04 19:25:00
TXN90005889,ST22,CUST101037,PRD200777,4,UGX42000,MTN MoMo,CASH-3675,12/07/2024 01:23
TXN90005890,ST23,CUST104898,PRD200562,1,2250.0,MTN MoMo,AM654816408,2024-12-05 20:23:00
TXN90005891,ST19,CUST104053,PRD200060,2,2875.0,AirtelMoney,CASH-3469,01/08/2024 00:35
TXN90005892,ST15,CUST102085,PRD200666,2,4500.0,MTN Mobile Money,MP852923378,2024-08-17 17:00:00
TXN90005893,ECOM01,CUST103878,PRD200528,3,625.0,MTN Mobile Money,MP379264160,21/07/2024 01:27
TXN90005894,ST20,CUST101878,PRD200824,1,3250.0,AirtelMoney,AUTH50389,2024-09-22 20:02:00
TXN90005895,ST20,CUST101278,PRD200865,2,650.0,MTN MoMo,AUTH32901,2024-08-27 14:04:00
TXN90005896,ST14,,PRD200076,1,UGX1300,MTN MoMo,MP355371082,2024-12-24 18:29:00
TXN90005897,ECOM01,,PRD200893,1,3250.0,momo,AUTH45837,2024-08-28 22:03:00
TXN90005898,ST07,CUST100495,PRD200771,-2,1950.0,momo,AM178079002,2024-11-28 06:34:00
TXN90005899,ST19,CUST103547,PRD200613,1,36000.0,momo,CASH-2346,2024-10-12 04:29:00
TXN90005900,ST14,CUST102063,PRD200444,1,2300.0,MTN Mobile Money,AM542880424,2024-07-18 14:20:00
TXN90005901,ECOM01,,PRD200732,2,2300.0,momo,CASH-1271,2024-07-23 13:39:00
TXN90005902,ST17,CUST102327,PRD200063,1,708.61,MTN MoMo,CASH-7848,2024-08-03 22:27:00
TXN90005903,ST13,CUST101830,PRD201081,2,45500.0,MTN Mobile Money,MP243017738,2024-10-08 00:58:00
TXN90005904,ST19,CUST102562,PRD200327,-1,5400.0,Cash,AUTH47204,2024-09-28 01:00:00
TXN90005905,ST05,CUST103163,PRD200115,2,60000.0,MTN MoMo,AUTH53910,2024-10-25 10:59:00
TXN90005906,ST04,CUST101369,PRD200694,1,11000.0,MTN MoMo,AUTH11325,2024-08-22 19:52:00
TXN90005907,ST11,CUST101515,PRD200132,2,6750.0,momo,AUTH43255,2024-07-22 08:58:00
TXN90005908,ST05,CUST101160,PRD200735,4,15000.0,MTN Mobile Money,AUTH52399,2024-08-14 03:15:00
TXN90005909,ST16,CUST102211,PRD200095,2,5400.0,MTN Mobile Money,AM203096114,2024-08-02 03:22:00
TXN90005910,ST14,CUST102368,PRD201090,1,13000.0,CASH,,2024-10-02 12:01:00
TXN90005911,ST16,CUST102748,PRD200783,1,57500.0,Cash,CASH-6201,2024-09-29 23:19:00
TXN90005912,ST17,CUST100032,PRD200114,-1,13500.0,MTN MoMo,AUTH19751,2024-08-03 19:54:00
TXN90005913,ST14,,PRD200962,1,6250.0,AirtelMoney,AM714874936,2024-12-13 05:22:00
TXN90005914,ECOM01,CUST100355,PRD201063,1,600.0,CASH,,2024-10-30 04:27:00
TXN90005915,ST06,CUST100194,PRD200620,2,75000.0,MTN MoMo,,2024-11-16 12:26:00
TXN90005916,ST16,CUST101844,PRD200971,1,8100.0,Airtel Money,CASH-5580,2024-08-08 17:23:00
TXN90005917,ST07,CUST104926,PRD200373,2,18750.0,momo,MP438155756,2024-11-14 14:23:00
TXN90005918,ST22,CUST102319,PRD200151,1,UGX11000,Cash,AM876143876,2024-09-29 00:32:00
TXN90005919,ST02,CUST102729,PRD200953,4,11250.0,CASH,CASH-9495,2024-11-17 17:40:00
TXN90005920,ECOM01,CUST102337,PRD200052,4,2400.0,Cash,AUTH73369,2024-11-22 15:42:00
TXN90005921,ST18,CUST102147,PRD201149,1,12000.0,momo,AUTH20927,2024-08-29 12:29:00
TXN90005922,ST13,CUST101000,PRD200168,3,30000.0,Airtel Money,MP840215642,2024-11-05 01:17:00
TXN90005923,ST19,CUST103889,PRD200134,1,3600.0,MTN MoMo,,2024-10-01 19:15:00
TXN90005924,ST10,CUST103327,PRD200723,2,1725.0,Airtel Money,AUTH76287,2024-07-25 03:45:00
TXN90005925,ST10,CUST104060,PRD200013,2,8250.0,Cash,AUTH56451,2024-07-18 17:42:00
TXN90005926,ST20,CUST104313,PRD200517,3,2400.0,Cash,AM616135292,2024-08-14 21:49:00
TXN90005927,ST08,CUST100036,PRD200839,2,65000.0,MTN MoMo,AM841333977,2024-10-31 19:54:00
TXN90005928,ST15,,PRD201108,2,36000.0,AirtelMoney,CASH-4207,2024-09-18 10:03:00
TXN90005929,ST06,CUST104841,PRD200688,2,36000.0,MTN Mobile Money,AM809751375,2024-10-26 05:52:00
TXN90005930,ST04,CUST103588,PRD200907,1,3600.0,Airtel Money,MP335277660,2024-11-03 12:32:00
TXN90005931,ST23,CUST100423,PRD200058,1,9375.0,Airtel Money,AUTH77821,06/09/2024 18:10
TXN90005932,ST11,CUST104529,PRD200485,1,60000.0,Airtel Money,CASH-3119,2024-10-20 07:50:00
TXN90005933,ST18,CUST100104,PRD200914,2,16500.0,MTN MoMo,MP646909093,2024-10-02 03:24:00
TXN90005934,ECOM01,CUST104223,PRD200229,3,16500.0,Airtel Money,MP270911185,2024-12-27 16:51:00
TXN90005935,ST07,CUST100608,PRD200892,2,26000.0,MTN Mobile Money,AUTH10331,2024-11-15 21:18:00
TXN90005936,ECOM01,CUST102100,PRD200198,1,3000.0,momo,AUTH80792,2024-09-25 06:15:00
TXN90005937,ST05,CUST104705,PRD200838,2,11000.0,MTN Mobile Money,AM470653759,2024-10-22 08:34:00
TXN90005938,ST03,CUST101541,PRD200526,2,45500.0,MTN Mobile Money,,09/12/2024 16:01
TXN90005939,ST09,CUST102866,PRD200197,2,13500.0,MTN MoMo,,2024-07-17 13:09:00
TXN90005940,ST21,,PRD200942,1,18000.0,Cash,CASH-3980,2024-08-23 23:00:00
TXN90005941,ST14,CUST102560,PRD200590,2,UGX30000,momo,CASH-1751,2024-10-27 05:06:00
TXN90005942,ST21,CUST100171,PRD201044,1,27000.0,MTN MoMo,AUTH27434,2024-10-29 19:41:00
TXN90005943,ST18,CUST103087,PRD201109,1,8100.0,Cash,AM328450823,2024-10-27 09:35:00
TXN90005944,ECOM01,CUST103715,PRD200213,2,11000.0,Airtel Money,,2024-08-13 09:27:00
TXN90005945,ECOM01,CUST103344,PRD200428,3,38500.0,MTN MoMo,MP430634417,2024-11-17 17:02:00
TXN90005946,ST15,CUST104412,PRD200381,1,22000.0,MTN Mobile Money,AM746904210,2024-12-14 23:31:00
TXN90005947,ST04,CUST103825,PRD201164,3,19500.0,Cash,CASH-2220,2024-08-12 05:28:00
TXN90005948,ST19,CUST101012,PRD200615,2,1875.0,Cash,CASH-9590,2024-09-08 13:02:00
TXN90005949,ST11,CUST103627,PRD200591,3,12500.0,Cash,CASH-7203,2024-11-02 19:39:00
TXN90005950,ST06,CUST101139,PRD200203,1,"2,300",Card,AM118586020,2024-11-15 05:24:00
TXN90005951,ST05,,PRD200708,2,2500.0,MTN MoMo,,2024-07-19 15:19:00
TXN90005952,ST07,CUST103614,PRD200983,2,1725.0,MTN MoMo,AM778031909,2024-09-20 21:02:00
TXN90005953,ST16,CUST103551,PRD200065,1,36000.0,Airtel Money,,2024-10-29 07:40:00
TXN90005954,ST21,CUST100214,PRD200199,1,4163.37,MTN MoMo,CASH-7684,2024-08-08 20:09:00
TXN90005955,ECOM01,CUST100709,PRD200333,1,55000.0,MTN MoMo,AUTH10477,2024-10-07 10:41:00
TXN90005956,ST03,CUST101430,PRD200556,3,63000.0,Card,,2024-07-20 07:01:00
TXN90005957,ST14,,PRD200239,1,1350.0,Cash,AUTH83670,2024-11-22 07:28:00
TXN90005958,ECOM01,CUST104624,PRD200660,4,62500.0,MTN MoMo,MP129393536,2024-10-21 09:38:00
TXN90005959,ST13,CUST102210,PRD200258,1,18000.0,MTN MoMo,AUTH39572,2024-12-01 10:41:00
TXN90005960,ST01,CUST101593,PRD200037,1,27000.0,Cash,AM777622003,2024-11-28 19:59:00
TXN90005961,ST10,CUST101997,PRD200679,2,937.5,momo,CASH-5303,2024-10-22 14:56:00
TXN90005962,ST03,CUST101458,PRD200781,3,25000.0,MTN MoMo,MP527622465,2024-08-28 03:29:00
TXN90005963,ST02,CUST101624,PRD200434,3,16500.0,AirtelMoney,CASH-7649,2024-07-25 19:03:00
TXN90005964,ST10,CUST103865,PRD200702,1,UGX 625,CASH,MP962200636,2024-07-06 04:37:00
TXN90005965,ST08,CUST104235,PRD200998,4,937.5,Airtel Money,CASH-2736,2024-07-28 04:44:00
TXN90005966,ST23,CUST100364,PRD200063,1,708.61,MTN Mobile Money,CASH-3579,2024-09-28 09:02:00
TXN90005967,ST15,CUST100788,PRD200107,1,1800.0,AirtelMoney,,2024-11-08 07:19:00
TXN90005968,ST16,CUST101046,PRD200651,1,12000.0,MTN MoMo,MP677888417,2024-11-23 09:03:00
TXN90005969,ST09,CUST100017,PRD200058,2,"9,375",MTN Mobile Money,AM329254129,2024-12-25 08:09:00
TXN90005970,ST08,CUST101582,PRD200114,1,13500.0,CASH,MP159971382,2024-11-16 21:55:00
TXN90005971,ST16,CUST100593,PRD200775,4,1950.0,MTN MoMo,AUTH68200,2024-11-19 09:33:00
TXN90005972,ST10,CUST104946,PRD200005,1,1200.0,Airtel Money,AUTH92697,11/11/2024 14:08
TXN90005973,ST12,CUST103702,PRD200801,3,9000.0,MTN MoMo,AM212062509,2024-09-23 06:21:00
TXN90005974,ST13,CUST100342,PRD200651,3,12000.0,MTN Mobile Money,AUTH98859,2024-09-16 06:18:00
TXN90005975,ECOM01,CUST104074,PRD200702,1,625.0,momo,AM739445026,2024-08-09 03:09:00
TXN90005976,ST13,,PRD200071,2,26000.0,MTN MoMo,CASH-2010,2024-10-28 05:06:00
TXN90005977,ST05,CUST103937,PRD201040,1,19500.0,Airtel Money,MP431231835,2024-08-23 23:13:00
TXN90005978,ST17,CUST103715,PRD200619,3,75000.0,MTN MoMo,AM954573804,2024-08-08 02:34:00
TXN90005979,ECOM01,CUST103749,PRD200002,1,"UGX 63,000",Airtel Money,AUTH49590,2024-09-01 18:59:00
TXN90005980,ST06,CUST101056,PRD200833,3,27000.0,Cash,AM577599447,2024-09-23 20:50:00
TXN90005981,ECOM01,CUST104560,PRD201090,2,13000.0,Airtel Money,AUTH56568,2024-08-06 12:44:00
TXN90005982,ECOM01,CUST103299,PRD200247,3,1800.0,Cash,,2024-11-14 18:04:00
TXN90005983,ST23,CUST100229,PRD200435,2,"UGX 2,300",AirtelMoney,AUTH19709,2024-11-17 10:18:00
TXN90005984,ST05,CUST103073,PRD200281,-1,25000.0,AirtelMoney,AM406463899,2024-10-25 22:05:00
TXN90005985,ST17,CUST104668,PRD201092,3,11250.0,Card,CASH-4799,2024-10-19 15:48:00
TXN90005986,ECOM01,CUST103743,PRD200708,1,2500.0,Airtel Money,AM793881183,2024-07-02 13:29:00
TXN90005987,ST10,CUST100702,PRD200177,4,63000.0,Cash,MP842953104,2024-11-11 10:07:00
TXN90005988,ECOM01,CUST102083,PRD200395,2,36000.0,MTN MoMo,CASH-4859,2024-07-25 08:49:00
TXN90005989,ECOM01,CUST101615,PRD200885,1,3600.0,MTN MoMo,CASH-3832,2024-12-13 07:07:00
TXN90005990,ECOM01,CUST104738,PRD200746,4,1650.0,MTN MoMo,MP122195596,2024-07-12 09:33:00
TXN90005991,ST21,CUST103000,PRD200787,1,3250.0,MTN Mobile Money,CASH-5117,2024-07-20 03:16:00
TXN90005992,ST03,CUST100424,PRD200485,4,60000.0,Cash,CASH-8211,2024-12-07 22:16:00
TXN90005993,ECOM01,CUST103884,PRD200803,5,862.5,momo,MP497797007,2024-12-16 21:01:00
TXN90005994,ST03,CUST101237,PRD200647,1,13000.0,MTN Mobile Money,AM252132946,2024-11-28 01:44:00
TXN90005995,ECOM01,CUST102675,PRD200760,4,6000.0,Card,CASH-2577,19/09/2024 16:17
TXN90005996,ST21,CUST101922,PRD200624,2,23000.0,MTN MoMo,CASH-1962,03/11/2024 20:40
TXN90005997,ST19,,PRD201142,1,12500.0,MTN Mobile Money,AUTH49748,2024-10-17 20:39:00
TXN90005998,ST15,,PRD200060,1,2875.0,MTN MoMo,,05/12/2024 15:52
TXN90005999,ST08,CUST102981,PRD200774,2,6000.0,Airtel Money,CASH-4293,2024-10-12 10:57:00
TXN90006000,ST16,CUST104699,PRD200838,2,11000.0,Card,,2024-09-28 16:01:00
TXN90006001,ST10,,PRD201095,2,5175.0,MTN Mobile Money,AM821733730,2024-10-08 20:10:00
TXN90006002,ECOM01,CUST101202,PRD200403,2,4950.0,Cash,MP651247139,2024-10-03 03:40:00
TXN90006003,ST18,CUST104578,PRD200918,1,1800.0,AirtelMoney,,2024-08-28 21:38:00
TXN90006004,ST01,CUST102229,PRD200727,2,550.0,Cash,AM118847588,2024-10-06 12:31:00
TXN90006005,ECOM01,CUST100329,PRD200110,3,13000.0,AirtelMoney,CASH-2196,2024-10-26 07:16:00
TXN90006006,ECOM01,CUST101507,PRD200242,1,52500.0,MTN Mobile Money,,2024-07-03 00:49:00
TXN90006007,ST15,CUST104506,PRD201015,1,62500.0,MTN Mobile Money,AM613160570,2024-10-03 22:11:00
TXN90006008,ECOM01,CUST100928,PRD200290,2,12000.0,Cash,AM674163647,2024-11-18 07:34:00
TXN90006009,ST07,CUST103440,PRD200048,1,650.0,MTN MoMo,AM551024651,08/12/2024 19:40
TXN90006010,ST07,CUST104944,PRD201011,1,2875.0,MTN Mobile Money,,2024-07-05 03:40:00
TXN90006011,ST11,CUST104900,PRD200451,4,975.0,MTN Mobile Money,CASH-4672,2024-09-26 17:21:00
TXN90006012,ST12,,PRD200908,4,3600.0,MTN MoMo,AM245231599,2024-11-20 22:11:00
TXN90006013,ST17,CUST102470,PRD200182,1,1883.72,MTN Mobile Money,AM297501890,2024-08-29 02:02:00
TXN90006014,ST12,CUST104551,PRD200724,1,27000.0,MTN MoMo,AM974871480,2024-12-25 02:30:00
TXN90006015,ST07,CUST103250,PRD200034,1,12500.0,MTN Mobile Money,AM597697688,2024-09-24 13:01:00
TXN90006016,ECOM01,CUST101949,PRD201012,1,2400.0,Cash,AM683852818,2024-10-13 07:22:00
TXN90006017,ST20,CUST102553,PRD200996,1,26000.0,MTN MoMo,AM592366780,2024-12-10 18:27:00
TXN90006018,ST17,CUST104634,PRD200370,3,38500.0,Airtel Money,MP312359996,2024-12-21 14:21:00
TXN90006019,ST20,CUST100525,PRD201003,2,1950.0,MTN MoMo,CASH-3072,2024-10-26 10:24:00
TXN90006020,ST14,CUST103750,PRD200817,2,63000.0,Airtel Money,AUTH56282,2024-08-14 14:43:00
TXN90006021,ST05,CUST103820,PRD200148,3,UGX23000,MTN MoMo,AM558613398,2024-12-10 05:55:00
TXN90006022,ST20,CUST104185,PRD200779,2,25000.0,Airtel Money,MP111634924,2024-09-17 03:37:00
TXN90006023,ST22,CUST100288,PRD200915,1,12500.0,MTN Mobile Money,AUTH32018,2024-10-01 12:18:00
TXN90006024,ECOM01,CUST101531,PRD201074,2,"UGX 65,000",MTN MoMo,CASH-2533,2024-12-26 17:29:00
TXN90006025,ECOM01,CUST100151,PRD200996,3,26000.0,AirtelMoney,AUTH69999,11/08/2024 02:38
TXN90006026,ECOM01,CUST101394,PRD200393,2,5750.0,Card,MP540439997,2024-11-17 08:49:00
TXN90006027,ST19,CUST100799,PRD200240,-2,8100.0,CASH,MP604881031,2024-10-24 06:25:00
TXN90006028,ST07,CUST100159,PRD200432,1,57500.0,MTN MoMo,AM264918878,28/09/2024 13:13
TXN90006029,ECOM01,CUST104315,PRD201024,5,6250.0,MTN MoMo,CASH-2644,2024-08-05 07:05:00
TXN90006030,ST19,CUST102114,PRD200108,3,1200.0,momo,AUTH54842,2024-11-11 12:07:00
TXN90006031,ST05,CUST104163,PRD200827,1,90000.0,Airtel Money,CASH-6373,16/10/2024 03:50
TXN90006032,ST17,CUST104894,PRD201120,2,90000.0,Cash,AM279778473,2024-07-27 23:15:00
TXN90006033,ST15,CUST100113,PRD200909,1,3000.0,MTN Mobile Money,,2024-07-26 08:14:00
TXN90006034,ST14,CUST101144,PRD200877,2,650,AirtelMoney,CASH-7005,2024-11-05 02:46:00
TXN90006035,ST22,CUST103647,PRD200588,2,5500.0,MTN MoMo,AUTH14614,2024-10-28 11:44:00
TXN90006036,ST23,CUST101107,PRD200119,2,18000.0,MTN MoMo,AUTH71242,2024-07-23 02:50:00
TXN90006037,ST19,CUST101801,PRD200469,2,4950.0,MTN MoMo,MP855926543,2024-07-11 15:22:00
TXN90006038,ECOM01,CUST102058,PRD200541,1,3900.0,Card,MP174121099,2024-11-02 21:54:00
TXN90006039,ST16,CUST104976,PRD201010,2,18750.0,MTN Mobile Money,MP498334970,21/12/2024 04:33
TXN90006040,ECOM01,CUST102546,PRD200453,2,9750.0,Card,AUTH26699,2024-08-23 21:48:00
TXN90006041,ST23,CUST101898,PRD200960,1,15000.0,Cash,MP504122115,2024-07-11 12:48:00
TXN90006042,ST22,CUST104776,PRD200488,2,5750.0,AirtelMoney,AUTH28916,2024-10-14 05:47:00
TXN90006043,ST07,CUST103147,PRD200565,2,36000.0,Cash,MP652390836,2024-11-11 17:07:00
TXN90006044,ST12,CUST104288,PRD200476,1,11500.0,MTN MoMo,CASH-2783,2024-10-19 07:24:00
TXN90006045,ST03,CUST104348,PRD200543,4,2750.0,Cash,AUTH15785,2024-10-24 12:07:00
TXN90006046,ST21,CUST100117,PRD200319,1,2400.0,momo,AUTH81211,2024-07-11 06:02:00
TXN90006047,ST23,CUST104835,PRD200533,1,8250.0,MTN MoMo,AUTH34690,2024-07-27 23:16:00
TXN90006048,ST09,CUST101910,PRD200008,1,27000.0,MTN Mobile Money,,2024-09-02 05:42:00
TXN90006049,ST18,CUST102099,PRD200900,2,750.0,momo,AM927548040,2024-08-19 09:01:00
TXN90006050,ST18,CUST100721,PRD200669,1,40250.0,AirtelMoney,AUTH64395,2024-10-16 07:35:00
TXN90006051,ECOM01,CUST100369,PRD200985,3,57500.0,AirtelMoney,AUTH25469,29/11/2024 12:28
TXN90006052,ST08,CUST103682,PRD200141,1,5175.0,CASH,MP723013050,2024-12-24 16:42:00
TXN90006053,ECOM01,CUST102250,PRD200781,1,25000.0,MTN Mobile Money,CASH-3518,2024-12-08 00:55:00
TXN90006054,ECOM01,CUST103697,PRD200484,1,4500.0,MTN Mobile Money,,2024-11-14 09:11:00
TXN90006055,ECOM01,CUST102152,PRD200473,2,15000.0,momo,MP487228028,2024-07-29 15:07:00
TXN90006056,ST09,CUST102472,PRD201124,1,43750.0,MTN Mobile Money,AUTH29105,2024-12-22 21:23:00
TXN90006057,ST02,CUST102083,PRD200842,1,3450.0,Airtel Money,,2024-08-24 03:29:00
TXN90006058,ST21,CUST102849,PRD200042,1,75000.0,MTN MoMo,MP766144562,2024-07-22 07:07:00
TXN90006059,ST20,CUST100132,PRD201122,1,6750.0,CASH,MP788132523,2024-12-21 04:44:00
TXN90006060,ST17,CUST100302,PRD200120,1,625.0,CASH,AM133986701,2024-12-22 20:58:00
TXN90006061,ST21,CUST102685,PRD200058,3,9375.0,Airtel Money,AM543776568,18/07/2024 22:48
TXN90006062,ST03,CUST103740,PRD201040,4,19500.0,Airtel Money,AUTH59626,2024-10-17 10:45:00
TXN90006063,ST12,CUST100457,PRD200636,4,3600.0,Cash,CASH-3075,2024-10-12 05:05:00
TXN90006064,ECOM01,CUST103165,PRD201057,1,825.0,MTN Mobile Money,AM452335282,2024-11-02 17:43:00
TXN90006065,ECOM01,CUST102541,PRD200137,1,900.0,Airtel Money,CASH-8069,2024-10-25 12:25:00
TXN90006066,ST15,CUST102493,PRD200405,3,45500.0,Card,CASH-9970,2024-11-15 20:31:00
TXN90006067,ST22,CUST102164,PRD200976,1,8100.0,Cash,AM148692466,2024-10-31 16:17:00
TXN90006068,ST15,CUST101047,PRD200194,3,25000.0,CASH,MP434084525,2024-08-24 14:31:00
TXN90006069,ST14,CUST104320,PRD201098,1,75000.0,MTN MoMo,,2024-10-16 20:47:00
TXN90006070,ST14,CUST100531,PRD200545,1,5400.0,Airtel Money,CASH-5410,2024-07-11 23:00:00
TXN90006071,ECOM01,CUST103369,PRD200910,2,3750.0,MTN MoMo,AM294155816,2024-07-25 13:21:00
TXN90006072,ST03,CUST103400,PRD201145,1,16500.0,momo,MP177554132,2024-12-03 01:32:00
TXN90006073,ECOM01,CUST101557,PRD201057,3,825.0,Cash,AUTH26481,2024-07-12 19:44:00
TXN90006074,ST23,CUST100372,PRD200761,1,1350.0,momo,AM269069508,2024-11-27 15:08:00
TXN90006075,ST13,CUST101153,PRD200718,3,2300.0,momo,CASH-4542,2024-07-06 23:43:00
TXN90006076,ST05,CUST101835,PRD201104,1,UGX3300,Airtel Money,AUTH67370,2024-10-23 12:08:00
TXN90006077,ST21,CUST104295,PRD200335,5,52500.0,momo,MP674865659,06/11/2024 08:00
TXN90006078,ST19,CUST101459,PRD200630,2,575,AirtelMoney,MP740197251,2024-07-01 21:30:00
TXN90006079,ECOM01,CUST102045,PRD200834,2,8100.0,MTN MoMo,MP335033789,2024-08-12 00:00:00
TXN90006080,ST18,CUST103224,PRD200738,1,63000.0,MTN Mobile Money,AM131182794,2024-07-14 08:36:00
TXN90006081,ST16,CUST100239,PRD200176,1,5750.0,Card,AUTH47966,22/11/2024 05:52
TXN90006082,ECOM01,CUST100818,PRD200655,1,2250.0,momo,MP914248106,2024-12-11 07:25:00
TXN90006083,ST11,CUST103151,PRD200311,3,930.53,MTN MoMo,CASH-5728,2024-09-01 17:44:00
TXN90006084,ST13,,PRD200630,-2,575.0,Cash,MP498300484,2024-12-04 17:47:00
TXN90006085,ST05,CUST100489,PRD200246,3,22500.0,Card,AM789426094,2024-11-27 11:05:00
TXN90006086,ECOM01,CUST101325,PRD200674,1,22000.0,MTN Mobile Money,CASH-5895,2024-08-24 17:21:00
TXN90006087,ST08,CUST104757,PRD200941,2,36000.0,Airtel Money,,2024-09-05 19:33:00
TXN90006088,ST02,CUST102474,PRD200593,2,550.0,Airtel Money,AM248057666,30/07/2024 00:50
TXN90006089,ST21,CUST100808,PRD200519,3,"3,750",MTN Mobile Money,MP885206123,2024-12-05 10:57:00
TXN90006090,ST22,CUST104256,PRD200897,2,UGX11250,Airtel Money,CASH-1295,2024-08-23 06:57:00
TXN90006091,ST21,CUST103964,PRD200324,-1,27000.0,MTN MoMo,AUTH98053,2024-11-30 08:16:00
TXN90006092,ST20,CUST104728,PRD200708,1,2500.0,MTN Mobile Money,,2024-07-10 11:24:00
TXN90006093,ST20,CUST100350,PRD200764,3,1725.0,MTN Mobile Money,CASH-5878,2024-10-19 17:43:00
TXN90006094,ECOM01,CUST103269,PRD200622,4,75000.0,MTN Mobile Money,,2024-12-09 21:59:00
TXN90006095,ST17,CUST100056,PRD200955,3,1500.0,CASH,CASH-2192,2024-10-20 03:34:00
TXN90006096,ST18,CUST102433,PRD200038,3,4500.0,Cash,CASH-9272,16/08/2024 18:18
TXN90006097,ST18,CUST102642,PRD200369,-1,5400.0,Airtel Money,CASH-6821,2024-07-23 22:39:00
TXN90006098,ST05,CUST103656,PRD200933,4,3450.0,momo,MP313584285,2024-07-23 20:17:00
TXN90006099,ST08,,PRD200252,2,937.5,Cash,MP606810438,2024-08-22 22:11:00
TXN90006100,ST17,CUST104787,PRD200665,1,1500.0,MTN MoMo,AUTH25195,2024-07-08 07:54:00
TXN90006101,ST09,,PRD200581,2,3750.0,MTN Mobile Money,AM544217748,2024-09-22 13:41:00
TXN90006102,ST10,CUST101051,PRD200777,3,UGX42000,Cash,AUTH49439,2024-09-19 15:28:00
TXN90006103,ST02,CUST102553,PRD200445,3,13000.0,Airtel Money,CASH-9365,2024-08-10 03:45:00
TXN90006104,ST10,,PRD200868,2,12500.0,MTN MoMo,CASH-2031,2024-10-25 18:37:00
TXN90006105,ST15,CUST103204,PRD200191,3,19500.0,Cash,AUTH50399,2024-11-17 18:21:00
TXN90006106,ST08,,PRD200698,2,862.5,AirtelMoney,,2024-11-19 17:56:00
TXN90006107,ECOM01,CUST100547,PRD201145,4,16500.0,CASH,MP227367248,2024-07-23 13:08:00
TXN90006108,ST18,CUST104589,PRD200542,2,1100.0,Cash,AM917511831,2024-10-14 23:33:00
TXN90006109,ST13,CUST103941,PRD200906,3,8250.0,Airtel Money,CASH-8338,2024-12-23 12:02:00
TXN90006110,ST14,CUST102736,PRD200287,1,4500.0,MTN MoMo,MP283823872,2024-09-17 10:49:00
TXN90006111,ECOM01,,PRD200790,2,1800.0,MTN Mobile Money,AM645517006,2024-11-10 17:44:00
TXN90006112,ST05,CUST101099,PRD200758,-1,9000.0,MTN Mobile Money,CASH-9951,2024-07-20 15:44:00
TXN90006113,ST20,CUST103453,PRD200663,2,750.0,AirtelMoney,MP290148766,2024-10-04 01:51:00
TXN90006114,ST23,CUST103598,PRD200569,1,4950.0,MTN MoMo,AUTH81725,22/11/2024 16:52
TXN90006115,ST06,,PRD200935,3,42000.0,Cash,AM957767354,2024-08-08 10:47:00
TXN90006116,ST05,CUST103507,PRD201008,1,8250.0,momo,,2024-12-10 22:55:00
TXN90006117,ST08,CUST101908,PRD200356,3,1250.0,AirtelMoney,AM673485314,2024-09-16 14:05:00
TXN90006118,ECOM01,CUST102197,PRD200753,-1,5625.0,Airtel Money,AUTH42745,19/11/2024 22:24
TXN90006119,ST17,CUST102157,PRD200219,2,4500.0,MTN MoMo,MP966492165,2024-09-08 07:40:00
TXN90006120,ST12,CUST104300,PRD200142,1,4197.32,Airtel Money,MP283601299,2024-09-15 20:42:00
TXN90006121,ST13,CUST104629,PRD200105,1,25000.0,MTN Mobile Money,AM325212851,2024-08-11 11:47:00
TXN90006122,ST20,CUST101261,PRD200513,2,65000.0,MTN MoMo,AM548106040,2024-08-20 22:23:00
TXN90006123,ST16,CUST101806,PRD200086,1,900.0,Airtel Money,MP488836943,2024-08-28 23:42:00
TXN90006124,ST10,CUST102454,PRD200096,1,18000.0,MTN MoMo,AUTH49100,2024-09-30 22:13:00
TXN90006125,ST09,,PRD200223,1,17250.0,Airtel Money,CASH-2793,2024-07-15 15:24:00
TXN90006126,ECOM01,CUST103267,PRD200279,1,40250.0,Cash,CASH-9196,2024-12-19 02:27:00
TXN90006127,ST17,CUST101495,PRD200870,2,1800.0,MTN MoMo,CASH-4867,2024-12-04 17:56:00
TXN90006128,ST21,CUST103369,PRD200786,-2,13500.0,Cash,CASH-2703,2024-09-06 01:50:00
TXN90006129,ST19,CUST103563,PRD200577,1,2400.0,Airtel Money,MP177776718,2024-11-09 08:46:00
TXN90006130,ECOM01,,PRD200836,2,7500.0,momo,CASH-2794,2024-08-17 04:01:00
TXN90006131,ST20,CUST100423,PRD200460,2,4500.0,Airtel Money,CASH-6873,2024-10-15 15:19:00
TXN90006132,ECOM01,CUST102500,PRD201110,1,5175.0,Cash,CASH-8351,2024-12-11 04:02:00
TXN90006133,ST05,CUST104484,PRD200300,1,5400.0,AirtelMoney,AUTH98175,14/07/2024 08:04
TXN90006134,ST20,CUST103775,PRD200407,2,13000.0,momo,MP651697655,2024-11-26 05:14:00
TXN90006135,ST03,CUST102020,PRD200337,1,25000.0,MTN Mobile Money,AUTH79012,2024-08-07 15:24:00
TXN90006136,ST10,CUST100437,PRD200233,1,937.5,momo,MP434101278,2024-07-09 20:21:00
TXN90006137,ST19,CUST103972,PRD200389,1,15000.0,MTN MoMo,AUTH99964,2024-07-17 20:01:00
TXN90006138,ST03,CUST100539,PRD200053,4,9000.0,Cash,CASH-8261,2024-08-18 00:01:00
TXN90006139,ST23,CUST103893,PRD201136,3,2250.0,Cash,AM304029427,2024-09-05 17:21:00
TXN90006140,ST17,CUST102855,PRD200809,1,5850.0,Card,CASH-5337,2024-12-19 13:27:00
TXN90006141,ECOM01,CUST101659,PRD201055,1,62500.0,MTN MoMo,CASH-1664,2024-08-26 06:20:00
TXN90006142,ST05,CUST100537,PRD200250,-1,8100.0,MTN MoMo,MP659785092,2024-08-06 01:09:00
TXN90006143,ECOM01,CUST100329,PRD201141,2,36000.0,MTN MoMo,,2024-11-05 10:52:00
TXN90006144,ST07,CUST103476,PRD200258,2,18000.0,MTN Mobile Money,AUTH62924,14/12/2024 03:37
TXN90006145,ST14,CUST102447,PRD200509,1,9375.0,Airtel Money,AUTH73066,2024-10-12 06:05:00
TXN90006146,ECOM01,CUST100467,PRD201142,4,12500.0,CASH,MP592005568,2024-08-01 07:11:00
TXN90006147,ECOM01,CUST102828,PRD200832,3,"3,900",Cash,CASH-1672,2024-07-10 23:04:00
TXN90006148,ST21,CUST102097,PRD200141,2,5175.0,MTN MoMo,AM743720009,2024-11-18 17:22:00
TXN90006149,ST18,CUST102597,PRD200164,1,5400.0,MTN MoMo,CASH-8865,2024-12-15 23:40:00
TXN90006150,ECOM01,,PRD200779,1,25000.0,Cash,CASH-9571,2024-07-31 15:47:00
TXN90006151,ST01,CUST103696,PRD200987,1,30000.0,MTN Mobile Money,AM914668329,2024-11-26 06:21:00
TXN90006152,ST17,CUST100401,PRD201019,1,"UGX 1,875",Airtel Money,MP570389169,2024-09-05 03:12:00
TXN90006153,ST02,CUST103647,PRD201114,1,6750.0,momo,AM185405217,2024-09-22 05:31:00
TXN90006154,ST11,CUST104773,PRD200758,1,9000.0,Airtel Money,,2024-09-27 06:57:00
TXN90006155,ECOM01,CUST103297,PRD201084,3,25000.0,MTN Mobile Money,MP971148911,2024-10-05 08:49:00
TXN90006156,ECOM01,,PRD200106,1,2875.0,MTN MoMo,AM192649325,2024-07-31 08:44:00
TXN90006157,ECOM01,CUST102730,PRD200168,2,UGX30000,MTN Mobile Money,MP719092252,2024-10-10 07:16:00
TXN90006158,ST17,CUST102398,PRD201156,2,"90,000",CASH,AUTH61680,2024-08-08 19:17:00
TXN90006159,ST14,CUST101430,PRD201014,1,"3,250",MTN MoMo,MP825431509,2024-10-03 15:46:00
TXN90006160,ST09,CUST104442,PRD200112,1,3313.64,MTN Mobile Money,MP536893584,16/08/2024 17:37
TXN90006161,ST14,CUST100637,PRD200967,3,4500.0,Airtel Money,,2024-09-23 15:00:00
TXN90006162,ST02,,PRD201163,1,3900.0,Airtel Money,CASH-5426,2024-09-14 08:01:00
TXN90006163,ST14,CUST100442,PRD200478,1,3750.0,CASH,AUTH47236,2024-08-25 23:48:00
TXN90006164,ST20,CUST100135,PRD200542,3,1100.0,AirtelMoney,MP884557059,22/10/2024 03:48
TXN90006165,ECOM01,CUST104164,PRD201098,2,75000.0,MTN MoMo,AUTH91747,02/11/2024 20:32
TXN90006166,ST11,CUST100310,PRD200632,3,1125.0,MTN Mobile Money,MP360602958,2024-11-12 10:03:00
TXN90006167,ST03,CUST103473,PRD200811,1,1350.0,Cash,MP605616294,2024-11-06 21:13:00
TXN90006168,ECOM01,CUST104818,PRD200387,2,6750.0,MTN MoMo,AM677090598,16/11/2024 00:34
TXN90006169,ECOM01,CUST100934,PRD200273,1,"UGX 2,700",Cash,MP739045211,2024-07-28 18:52:00
TXN90006170,ST18,CUST103088,PRD200305,2,3750.0,CASH,CASH-4217,2024-12-21 07:32:00
TXN90006171,ST09,CUST104526,PRD200052,2,2400.0,Cash,AM517284198,2024-07-23 21:17:00
TXN90006172,ST19,CUST100242,PRD200631,4,3000.0,MTN Mobile Money,AUTH76922,2024-11-29 20:14:00
TXN90006173,ST15,CUST100572,PRD200731,1,3125.0,MTN MoMo,AM379827206,17/09/2024 19:16
TXN90006174,ST06,CUST102961,PRD200422,2,8100.0,MTN MoMo,,2024-12-16 22:55:00
TXN90006175,ST10,CUST102619,PRD200588,1,5500.0,MTN MoMo,AUTH73949,02/12/2024 13:22
TXN90006176,ST04,CUST101531,PRD200864,1,2875.0,CASH,AUTH85112,2024-10-09 13:23:00
TXN90006177,ST03,CUST104942,PRD200540,1,11000.0,MTN Mobile Money,CASH-5717,2024-12-08 17:19:00
TXN90006178,ST23,CUST103098,PRD200479,2,1950.0,MTN Mobile Money,AUTH94608,30/09/2024 23:24
TXN90006179,ST14,CUST100336,PRD200956,1,5500.0,Airtel Money,AUTH23848,2024-09-15 07:05:00
TXN90006180,ST04,CUST104268,PRD200740,4,65000.0,MTN Mobile Money,AUTH35224,2024-11-02 11:33:00
TXN90006181,ST13,,PRD200560,2,18000.0,CASH,,2024-08-18 19:55:00
TXN90006182,ST05,CUST101524,PRD200050,1,UGX900,MTN MoMo,MP977750586,2024-11-18 13:24:00
TXN90006183,ST19,CUST100655,PRD201146,1,23000.0,Airtel Money,AUTH80978,2024-12-19 00:23:00
TXN90006184,ST06,CUST102126,PRD200494,5,25000.0,MTN MoMo,MP669507295,31/10/2024 15:34
TXN90006185,ECOM01,CUST100399,PRD200339,2,682.36,MTN MoMo,AUTH97705,2024-09-25 06:27:00
TXN90006186,ST14,CUST101471,PRD200035,2,11500.0,Airtel Money,,2024-07-24 11:11:00
TXN90006187,ECOM01,,PRD201090,1,13000.0,Card,AUTH69182,2024-07-05 13:00:00
TXN90006188,ST06,CUST103490,PRD200539,1,5625.0,MTN MoMo,AUTH92557,2024-08-19 14:11:00
TXN90006189,ST16,CUST102416,PRD200810,5,13500.0,MTN MoMo,MP220010868,2024-09-21 09:42:00
TXN90006190,ECOM01,CUST100749,PRD200254,-1,2837.78,Airtel Money,CASH-4821,2024-09-18 03:31:00
TXN90006191,ST01,CUST103105,PRD200809,1,5850.0,Cash,MP980050566,2024-09-27 10:53:00
TXN90006192,ECOM01,CUST102939,PRD200685,1,1150.0,MTN MoMo,CASH-5305,2024-10-20 15:07:00
TXN90006193,ST13,CUST100073,PRD200427,1,24113.01,momo,AM472991322,2024-12-24 08:11:00
TXN90006194,ECOM01,CUST100518,PRD200728,2,1958.36,MTN Mobile Money,CASH-5500,2024-08-26 06:42:00
TXN90006195,ST18,CUST101431,PRD200683,1,1950.0,MTN MoMo,AUTH30267,26/12/2024 23:52
TXN90006196,ST19,CUST102314,PRD201132,3,2400.0,Airtel Money,AUTH69382,2024-08-10 09:11:00
TXN90006197,ST16,,PRD200181,3,9750.0,MTN MoMo,MP332348267,2024-11-13 12:04:00
TXN90006198,ST10,CUST102102,PRD200257,1,1867.74,MTN Mobile Money,AUTH28349,2024-07-10 05:46:00
TXN90006199,ST10,CUST100253,PRD200864,4,"UGX 2,875",AirtelMoney,MP626106870,2024-08-04 17:31:00
TXN90006200,ST11,CUST102418,PRD200609,-1,900.0,Cash,CASH-4968,2024-07-14 15:18:00
TXN90006201,ST04,,PRD200457,3,5175.0,AirtelMoney,AM852272420,2024-12-20 03:52:00
TXN90006202,ECOM01,CUST103627,PRD200599,-1,7172.65,Cash,AM363187899,02/07/2024 21:00
TXN90006203,ST12,CUST101889,PRD200627,1,55000.0,MTN MoMo,AM697737559,2024-10-08 18:53:00
TXN90006204,ST04,CUST100617,PRD200778,1,937.5,MTN Mobile Money,CASH-4701,2024-08-25 19:09:00
TXN90006205,ST02,,PRD200895,2,1250.0,MTN MoMo,MP348170000,2024-12-22 09:44:00
TXN90006206,ECOM01,CUST100270,PRD200608,1,8250.0,MTN MoMo,CASH-1845,2024-09-29 21:39:00
TXN90006207,ST02,CUST104672,PRD200263,1,4950.0,CASH,CASH-1771,2024-11-29 21:40:00
TXN90006208,ECOM01,CUST103882,PRD200237,4,52500.0,momo,MP423393965,2024-10-21 22:46:00
TXN90006209,ECOM01,CUST103064,PRD200165,1,1350.0,momo,CASH-3329,2024-12-14 09:04:00
TXN90006210,ST05,CUST103820,PRD200355,2,975.0,AirtelMoney,CASH-9219,02/07/2024 06:15
TXN90006211,ECOM01,CUST103700,PRD200735,2,15000.0,MTN Mobile Money,AUTH43115,2024-09-10 00:30:00
TXN90006212,ST02,CUST102107,PRD200676,-2,16500.0,MTN MoMo,MP964457919,2024-08-30 16:38:00
TXN90006213,ST05,CUST104281,PRD200815,3,45500.0,Cash,CASH-8009,2024-11-18 20:27:00
TXN90006214,ST18,CUST100160,PRD200469,1,4950.0,Airtel Money,MP645397368,2024-11-22 18:22:00
TXN90006215,ECOM01,CUST100599,PRD200324,1,27000.0,Cash,MP133460305,23/10/2024 15:39
TXN90006216,ST21,CUST100018,PRD200300,5,5400.0,MTN Mobile Money,,2024-09-01 16:42:00
TXN90006217,ST20,CUST104281,PRD201055,3,62500.0,Cash,MP847560070,2024-09-19 11:57:00
TXN90006218,ST05,CUST102883,PRD200848,2,"UGX 57,500",MTN MoMo,AUTH74706,2024-11-16 08:13:00
TXN90006219,ST22,,PRD200586,1,4950.0,MTN MoMo,AM890671876,2024-07-18 02:48:00
TXN90006220,ST11,CUST103704,PRD200613,2,36000.0,MTN MoMo,MP883651762,2024-12-14 15:14:00
TXN90006221,ST12,CUST103692,PRD200247,1,1800.0,momo,CASH-2124,2024-08-12 05:13:00
TXN90006222,ST11,CUST100490,PRD201116,2,18000.0,Airtel Money,AUTH43394,2024-10-01 18:44:00
TXN90006223,ST18,CUST101914,PRD200054,1,1125.0,MTN MoMo,AM153679329,2024-09-24 19:37:00
TXN90006224,ST12,CUST101009,PRD200765,2,6366.89,momo,CASH-7281,2024-12-26 14:14:00
TXN90006225,ST06,CUST104053,PRD200737,1,900.0,Cash,CASH-1566,2024-07-16 22:26:00
TXN90006226,ECOM01,CUST103152,PRD200948,1,UGX825,Airtel Money,CASH-2510,2024-10-25 12:15:00
TXN90006227,ST20,CUST102468,PRD200611,3,2600.0,MTN MoMo,AM541723654,2024-07-31 09:37:00
TXN90006228,ST15,CUST100274,PRD200665,2,1500.0,MTN Mobile Money,,2024-08-15 20:03:00
TXN90006229,ST23,CUST101525,PRD201060,1,9750.0,MTN Mobile Money,CASH-3084,2024-08-27 15:16:00
TXN90006230,ST05,CUST104895,PRD200276,1,575.0,MTN MoMo,AUTH96496,2024-08-14 09:02:00
TXN90006231,ECOM01,CUST103250,PRD200280,2,3630.88,MTN MoMo,,2024-10-08 03:14:00
TXN90006232,ST20,CUST100719,PRD200925,1,62500.0,Cash,AUTH56251,2024-09-06 03:25:00
TXN90006233,ST15,,PRD200757,1,825.0,Airtel Money,MP412978830,2024-10-01 15:25:00
TXN90006234,ST05,CUST103266,PRD200084,2,1725.0,MTN MoMo,AUTH55461,2024-10-02 15:46:00
TXN90006235,ST08,CUST101147,PRD200088,1,2500.0,CASH,MP959099842,2024-09-26 15:54:00
TXN90006236,ST17,,PRD200699,-1,15000.0,MTN MoMo,CASH-6051,2024-08-15 02:22:00
TXN90006237,ST03,CUST101954,PRD200206,2,18000.0,Airtel Money,CASH-6612,2024-07-29 17:29:00
TXN90006238,ECOM01,CUST103428,PRD200360,2,52500.0,MTN Mobile Money,AM148840532,2024-07-05 23:52:00
TXN90006239,ST12,CUST102876,PRD200043,1,12500.0,momo,MP684049315,2024-11-10 20:10:00
TXN90006240,ST09,CUST104904,PRD200005,1,1200.0,Airtel Money,CASH-6483,2024-08-08 11:55:00
TXN90006241,ST18,CUST102068,PRD200408,1,19500.0,Airtel Money,MP214515862,2024-09-16 00:55:00
TXN90006242,ST11,CUST101182,PRD200975,1,36000.0,MTN Mobile Money,AUTH14109,2024-11-04 08:55:00
TXN90006243,ST10,,PRD200212,1,22000.0,MTN Mobile Money,MP267237480,2024-12-22 22:56:00
TXN90006244,ECOM01,CUST100198,PRD200771,2,1950.0,MTN MoMo,AM463467611,2024-07-03 00:12:00
TXN90006245,ST02,CUST101448,PRD200414,3,11250.0,MTN MoMo,AM466187126,2024-11-16 16:49:00
TXN90006246,ST01,CUST101683,PRD200380,-1,4500.0,Airtel Money,AUTH61310,2024-12-25 22:19:00
TXN90006247,ST01,CUST102810,PRD200261,4,52500.0,MTN MoMo,AUTH92271,25/12/2024 14:04
TXN90006248,ST05,CUST100686,PRD200534,5,8250.0,MTN MoMo,AM288432197,2024-10-27 04:06:00
TXN90006249,ECOM01,CUST103575,PRD200954,1,38500.0,Cash,AM611909839,2024-12-13 02:45:00
TXN90006250,ECOM01,CUST103427,PRD200917,4,3450.0,CASH,AUTH73953,2024-07-11 21:59:00
TXN90006251,ST06,CUST102942,PRD201039,2,19500.0,MTN Mobile Money,AUTH31547,2024-08-31 23:00:00
TXN90006252,ST03,CUST102324,PRD200818,2,"3,450",Cash,MP220757849,2024-09-14 04:46:00
TXN90006253,ST10,CUST104256,PRD200131,1,3000.0,MTN MoMo,,2024-09-12 10:55:00
TXN90006254,ST15,CUST103883,PRD200351,2,52500.0,Card,AM253293043,2024-09-02 00:44:00
TXN90006255,ECOM01,CUST101272,PRD200060,3,2875.0,Cash,MP483609146,2024-10-21 04:00:00
TXN90006256,ST22,CUST102063,PRD200900,2,750.0,MTN MoMo,CASH-6390,2024-08-20 12:40:00
TXN90006257,ST14,CUST101360,PRD200109,1,975.0,MTN MoMo,CASH-7203,2024-08-10 01:28:00
TXN90006258,ST15,CUST104420,PRD201042,2,2750.0,MTN MoMo,MP573530753,2024-11-30 10:39:00
TXN90006259,ST16,CUST100722,PRD200480,1,13000.0,MTN MoMo,AM300223312,2024-10-27 23:42:00
TXN90006260,ST23,CUST104140,PRD200165,3,"UGX 1,350",momo,AUTH56678,2024-12-25 03:35:00
TXN90006261,ST14,CUST100567,PRD201099,2,2750.0,MTN MoMo,MP679647160,2024-09-15 19:01:00
TXN90006262,ST08,CUST104716,PRD200793,1,2200.0,MTN Mobile Money,MP667304701,2024-10-05 13:59:00
TXN90006263,ST16,CUST100915,PRD200352,2,3600.0,MTN MoMo,MP480703981,2024-10-10 14:06:00
TXN90006264,ST14,,PRD200919,2,5400.0,MTN MoMo,,2024-08-15 23:47:00
TXN90006265,ST06,CUST104736,PRD200127,2,12500.0,Cash,AUTH58198,2024-12-27 20:08:00
TXN90006266,ST18,CUST100971,PRD200876,2,30000.0,MTN Mobile Money,AM262076303,2024-07-06 06:14:00
TXN90006267,ECOM01,CUST103667,PRD200452,1,UGX6813,Airtel Money,AUTH72365,2024-11-09 18:37:00
TXN90006268,ST03,CUST103052,PRD201093,4,11250.0,CASH,AUTH13893,2024-07-31 17:07:00
TXN90006269,ST11,CUST100274,PRD200155,-1,625.0,MTN MoMo,AUTH35835,2024-09-13 18:10:00
TXN90006270,ST08,CUST104875,PRD201159,1,UGX550,AirtelMoney,,2024-09-08 20:51:00
TXN90006271,ST18,CUST101903,PRD200382,4,2600.0,MTN Mobile Money,AUTH30725,2024-10-29 06:15:00
TXN90006272,ST10,CUST101936,PRD201014,1,3250.0,MTN MoMo,AM428516766,13/11/2024 23:21
TXN90006273,ECOM01,CUST100072,PRD200949,1,2500.0,Airtel Money,MP933311790,2024-07-06 08:00:00
TXN90006274,ST19,CUST101480,PRD200937,3,13000.0,Cash,,2024-08-31 22:45:00
TXN90006275,ST22,CUST104024,PRD200708,2,2500.0,AirtelMoney,MP999880677,27/11/2024 12:11
TXN90006276,ST20,CUST100314,PRD200252,1,937.5,Cash,AUTH80007,17/07/2024 20:46
TXN90006277,ECOM01,CUST100841,PRD200945,3,3557.96,Airtel Money,MP633500888,2024-12-22 10:01:00
TXN90006278,ST02,CUST104380,PRD200876,5,30000.0,AirtelMoney,AUTH50724,2024-09-13 10:38:00
TXN90006279,ST07,CUST101257,PRD200004,1,1150.0,MTN MoMo,CASH-2615,2024-08-03 05:19:00
TXN90006280,ST08,CUST100665,PRD200702,2,625.0,MTN MoMo,AUTH10393,07/07/2024 04:54
TXN90006281,ST22,CUST100153,PRD200835,5,23000.0,Cash,MP280092340,30/09/2024 17:09
TXN90006282,ST02,CUST102240,PRD200280,1,3630.88,MTN Mobile Money,MP848029957,01/10/2024 03:13
TXN90006283,ST11,CUST103534,PRD200457,1,5175.0,CASH,CASH-7615,2024-10-19 10:49:00
TXN90006284,ST11,CUST103707,PRD200908,5,3600.0,CASH,MP218014700,2024-08-12 19:51:00
TXN90006285,ECOM01,CUST100149,PRD200389,2,15000.0,momo,AUTH78286,2024-12-02 08:48:00
TXN90006286,ST05,CUST100856,PRD200880,1,11500.0,MTN MoMo,,08/10/2024 21:12
TXN90006287,ST13,CUST102425,PRD200292,1,14504.57,MTN MoMo,CASH-9856,2024-11-24 13:07:00
TXN90006288,ST22,,PRD200008,-1,27000.0,MTN MoMo,MP245976897,2024-08-19 02:34:00
TXN90006289,ST16,CUST104074,PRD200659,1,5595.96,MTN MoMo,CASH-8539,2024-12-10 01:19:00
TXN90006290,ECOM01,,PRD200724,1,27000.0,Cash,CASH-8208,2024-09-12 17:39:00
TXN90006291,ST13,CUST100477,PRD200485,1,60000.0,Cash,,2024-10-21 18:13:00
TXN90006292,ST10,CUST104057,PRD200009,2,5500.0,Airtel Money,CASH-7717,24/11/2024 10:10
TXN90006293,ST21,CUST101244,PRD200512,1,4500.0,Cash,AM365745759,2024-10-20 11:58:00
TXN90006294,ST20,CUST104297,PRD200564,1,15000.0,momo,,2024-10-22 18:19:00
TXN90006295,ST22,CUST104001,PRD200546,1,5175.0,Airtel Money,AUTH39961,2024-11-02 21:34:00
TXN90006296,ST16,CUST103686,PRD200363,3,4500.0,AirtelMoney,AUTH18876,2024-12-01 04:30:00
TXN90006297,ST08,CUST100676,PRD201070,2,1500.0,Cash,MP812851477,18/11/2024 19:29
TXN90006298,ST10,CUST103251,PRD200313,1,900,Airtel Money,AM235783555,2024-07-10 19:09:00
TXN90006299,ST08,CUST100121,PRD200088,2,2500.0,MTN Mobile Money,AM274496480,2024-10-15 17:54:00
TXN90006300,ST07,CUST103117,PRD200806,2,"UGX 62,500",MTN MoMo,CASH-2711,2024-11-20 16:44:00
TXN90006301,ST08,CUST100162,PRD200569,3,4950.0,momo,CASH-7402,2024-08-30 06:30:00
TXN90006302,ST11,CUST103328,PRD200699,4,15000.0,Card,CASH-3398,2024-11-30 17:09:00
TXN90006303,ST19,CUST102643,PRD201127,4,1950.0,MTN MoMo,AUTH90034,2024-10-08 01:11:00
TXN90006304,ST06,CUST102271,PRD201098,2,75000.0,MTN MoMo,MP539926353,2024-08-08 23:25:00
TXN90006305,ECOM01,CUST100384,PRD200848,2,57500.0,Airtel Money,CASH-5054,2024-12-08 01:56:00
TXN90006306,ST19,CUST103199,PRD200263,1,4950.0,momo,MP975369625,2024-09-10 22:07:00
TXN90006307,ST07,,PRD200953,2,11250.0,MTN MoMo,AUTH13226,2024-09-10 00:10:00
TXN90006308,ECOM01,CUST102114,PRD200976,1,8100.0,MTN MoMo,AUTH87688,2024-12-16 18:44:00
TXN90006309,ST18,CUST104521,PRD200554,1,8625.0,Cash,AUTH27908,2024-07-27 10:11:00
TXN90006310,ECOM01,CUST100021,PRD200913,5,43750.0,Airtel Money,,2024-07-31 00:02:00
TXN90006311,ST18,CUST103649,PRD200019,2,6500.0,Card,MP580115342,14/10/2024 13:39
TXN90006312,ST04,CUST101736,PRD200288,-1,5750.0,Card,CASH-3373,2024-07-13 00:12:00
TXN90006313,ECOM01,CUST101861,PRD200615,2,"1,875",Cash,CASH-4444,2024-08-26 12:15:00
TXN90006314,ST14,CUST103192,PRD200258,3,UGX18000,MTN MoMo,MP167680875,2024-10-05 06:24:00
TXN90006315,ECOM01,CUST103830,PRD200144,4,3900.0,MTN MoMo,AUTH30691,2024-12-19 21:30:00
TXN90006316,ECOM01,CUST100372,PRD200904,-1,650.0,MTN MoMo,CASH-9885,2024-10-08 00:15:00
TXN90006317,ST09,CUST101630,PRD200121,5,3600.0,Airtel Money,MP923424358,2024-07-09 22:44:00
TXN90006318,ST01,CUST102349,PRD200806,2,62500.0,MTN MoMo,AM615103725,2024-09-04 05:25:00
TXN90006319,ST19,CUST100691,PRD200060,2,2875.0,AirtelMoney,CASH-3916,2024-12-18 02:34:00
TXN90006320,ST14,CUST101359,PRD200796,2,2750.0,AirtelMoney,,2024-10-14 01:08:00
TXN90006321,ST05,CUST100843,PRD200731,4,3125.0,momo,AUTH23121,2024-11-04 14:43:00
TXN90006322,ST22,CUST104455,PRD200410,1,55000.0,CASH,CASH-2541,2024-07-04 22:50:00
TXN90006323,ECOM01,CUST104888,PRD200870,4,1800.0,Airtel Money,AM637991714,2024-11-24 23:26:00
TXN90006324,ST12,CUST102386,PRD200886,1,"1,300",momo,AM539250094,2024-11-26 10:59:00
TXN90006325,ST01,CUST102388,PRD200693,5,3900.0,momo,CASH-3600,2024-10-09 23:46:00
TXN90006326,ST21,CUST101167,PRD200180,3,5400.0,Card,MP215551907,2024-07-13 16:58:00
TXN90006327,ST23,CUST103132,PRD201038,2,60000.0,Airtel Money,MP716615439,27/11/2024 18:11
TXN90006328,ST17,CUST102432,PRD200412,2,15000.0,MTN Mobile Money,MP949344077,11/08/2024 23:55
TXN90006329,ST11,CUST101962,PRD200398,2,40250.0,MTN Mobile Money,AUTH44856,2024-07-14 20:34:00
TXN90006330,ST23,CUST101575,PRD200362,1,3450.0,MTN MoMo,AUTH11423,18/08/2024 13:43
TXN90006331,ST15,CUST101154,PRD200170,1,4500.0,Airtel Money,AUTH64829,2024-09-25 00:58:00
TXN90006332,ST17,CUST101928,PRD200124,1,2875.0,Cash,AUTH77997,2024-10-18 13:57:00
TXN90006333,ECOM01,CUST102901,PRD200364,1,9375.0,MTN Mobile Money,CASH-1770,2024-12-18 22:50:00
TXN90006334,ST14,CUST103502,PRD200181,1,9750.0,AirtelMoney,AM974391023,2024-10-07 03:15:00
TXN90006335,ST02,CUST101647,PRD200138,1,4500.0,CASH,MP965900395,2024-08-28 10:15:00
TXN90006336,ECOM01,CUST100167,PRD200488,1,UGX5750,MTN MoMo,,2024-07-09 04:49:00
TXN90006337,ST02,CUST101846,PRD200145,1,2250.0,AirtelMoney,,2024-10-12 22:17:00
TXN90006338,ST17,,PRD200769,1,8250.0,Cash,AUTH34294,2024-08-18 11:02:00
TXN90006339,ECOM01,CUST102233,PRD200113,4,65000.0,CASH,AUTH27670,06/07/2024 08:47
TXN90006340,ST11,CUST103773,PRD200070,1,1100.0,MTN Mobile Money,CASH-9688,2024-11-21 13:58:00
TXN90006341,ST06,CUST104992,PRD201106,1,9000.0,MTN MoMo,,05/11/2024 20:53
TXN90006342,ST06,CUST101938,PRD200214,1,65000.0,Cash,,2024-07-05 01:54:00
TXN90006343,ST16,CUST100251,PRD200994,4,17250.0,momo,AM670250580,2024-12-27 09:39:00
TXN90006344,ST17,CUST101101,PRD200267,5,900.0,MTN MoMo,MP620867575,2024-10-13 09:17:00
TXN90006345,ST14,CUST101537,PRD200002,2,63000.0,Airtel Money,,02/10/2024 12:54
TXN90006346,ST01,,PRD200120,4,625.0,Airtel Money,CASH-9000,2024-11-07 07:43:00
TXN90006347,ECOM01,,PRD200950,1,63000.0,Cash,AM602805071,2024-09-30 21:47:00
TXN90006348,ECOM01,CUST104937,PRD200778,3,937.5,Airtel Money,MP512040008,2024-09-26 17:56:00
TXN90006349,ST07,CUST100179,PRD200912,1,12000.0,MTN Mobile Money,AM665577911,2024-09-18 02:01:00
TXN90006350,ST06,CUST104125,PRD200907,2,3600.0,CASH,AUTH38213,2024-10-28 08:25:00
TXN90006351,ST13,CUST104370,PRD200476,1,11500.0,Cash,AM378180594,2024-10-17 20:48:00
TXN90006352,ST17,CUST104642,PRD200555,5,4500.0,MTN Mobile Money,CASH-8859,2024-09-06 13:03:00
TXN90006353,ECOM01,CUST104833,PRD200679,1,937.5,Cash,AUTH29779,2024-09-06 09:35:00
TXN90006354,ST16,CUST103330,PRD200534,1,8250.0,MTN Mobile Money,AM615215547,2024-10-06 15:27:00
TXN90006355,ECOM01,CUST101162,PRD200020,3,40250.0,MTN MoMo,CASH-5383,17/11/2024 20:28
TXN90006356,ST05,CUST102890,PRD200835,2,23000.0,Airtel Money,MP331612316,2024-07-01 10:55:00
TXN90006357,ST07,CUST102978,PRD200464,-2,6000.0,momo,CASH-3378,2024-08-19 02:58:00
TXN90006358,ST04,CUST103271,PRD200958,3,2600.0,Airtel Money,AM606122747,2024-10-28 04:08:00
TXN90006359,ST01,CUST100325,PRD200226,1,32225.43,Airtel Money,CASH-6218,2024-12-23 13:32:00
TXN90006360,ECOM01,CUST102523,PRD200664,2,1725.0,momo,MP556747273,2024-11-03 22:31:00
TXN90006361,ST03,CUST100750,PRD200372,1,900.0,Card,AUTH18230,2024-11-07 02:43:00
TXN90006362,ST20,CUST103715,PRD200876,1,30000.0,MTN Mobile Money,AM393372672,2024-07-02 08:22:00
TXN90006363,ECOM01,CUST100352,PRD200522,-1,38500.0,Airtel Money,,2024-11-26 15:50:00
TXN90006364,ST09,CUST104789,PRD200677,1,12500.0,Cash,AUTH29957,2024-11-08 05:32:00
TXN90006365,ECOM01,CUST104363,PRD200946,1,1800.0,AirtelMoney,,06/10/2024 02:05
TXN90006366,ECOM01,CUST104257,PRD200427,2,24113.01,Card,CASH-9850,2024-12-26 23:53:00
TXN90006367,ST07,CUST103991,PRD200962,3,6250.0,AirtelMoney,MP110140900,2024-09-22 13:42:00
TXN90006368,ST04,CUST102888,PRD200368,1,8100.0,MTN Mobile Money,AM171319487,2024-07-10 06:59:00
TXN90006369,ST02,CUST103082,PRD201052,2,16500.0,Cash,AUTH54232,2024-08-17 07:26:00
TXN90006370,ST22,CUST103805,PRD200647,1,13000.0,MTN MoMo,CASH-1049,2024-08-02 12:15:00
TXN90006371,ST02,CUST101867,PRD200550,1,12000.0,AirtelMoney,AM433241161,03/10/2024 07:53
TXN90006372,ST16,CUST104818,PRD200609,4,900.0,AirtelMoney,CASH-9117,2024-09-08 00:03:00
TXN90006373,ST04,CUST102807,PRD200331,2,43750.0,Airtel Money,MP721932669,2024-08-13 20:30:00
TXN90006374,ST16,CUST100440,PRD200869,1,2700.0,momo,,2024-12-19 07:09:00
TXN90006375,ST12,,PRD200242,4,52500.0,AirtelMoney,MP975548488,2024-12-05 13:26:00
TXN90006376,ST08,CUST101257,PRD200695,2,UGX2875,AirtelMoney,CASH-3315,2024-09-14 02:31:00
TXN90006377,ST12,CUST102491,PRD200998,2,937.5,MTN MoMo,AUTH29936,2024-08-18 09:34:00
TXN90006378,ST22,CUST103661,PRD200144,3,3900.0,Cash,AUTH57739,2024-07-18 11:42:00
TXN90006379,ST20,CUST102146,PRD200925,2,62500.0,AirtelMoney,AUTH25681,2024-09-30 08:04:00
TXN90006380,ST01,CUST100859,PRD200873,4,1300.0,momo,CASH-3784,24/08/2024 02:20
TXN90006381,ST13,CUST100198,PRD200792,1,1350.0,MTN MoMo,CASH-9671,2024-07-31 16:02:00
TXN90006382,ST12,,PRD200221,-1,7500.0,Cash,,2024-11-26 01:14:00
TXN90006383,ECOM01,CUST102063,PRD200393,1,5750.0,Cash,AUTH25496,2024-08-13 21:56:00
TXN90006384,ECOM01,CUST100447,PRD200340,-1,18750.0,Cash,MP105168964,2024-08-15 19:45:00
TXN90006385,ST18,CUST103559,PRD200842,1,3450.0,MTN MoMo,CASH-8206,2024-07-30 07:25:00
TXN90006386,ST16,CUST100591,PRD200604,4,26000.0,MTN Mobile Money,AUTH37515,2024-09-27 19:36:00
TXN90006387,ST23,CUST101625,PRD201045,2,1800.0,Airtel Money,AUTH25957,2024-10-10 18:36:00
TXN90006388,ST18,CUST102542,PRD200776,1,60000.0,MTN MoMo,AM966592451,2024-08-02 21:59:00
TXN90006389,ST17,CUST104289,PRD200872,1,1950.0,momo,MP821802442,20/12/2024 08:41
TXN90006390,ST02,CUST102156,PRD200313,2,900.0,AirtelMoney,MP144779497,2024-10-28 13:13:00
TXN90006391,ST08,CUST101468,PRD200402,1,6750.0,MTN MoMo,AUTH20227,2024-11-27 16:43:00
TXN90006392,ST16,CUST104260,PRD200018,2,2200.0,Cash,,2024-12-15 07:32:00
TXN90006393,ST19,CUST103260,PRD200722,1,65000.0,Airtel Money,MP275026227,2024-08-08 11:28:00
TXN90006394,ST18,CUST101587,PRD200811,2,1350.0,momo,CASH-5591,2024-12-17 22:44:00
TXN90006395,ST19,CUST103394,PRD200244,4,17250.0,Cash,MP176957801,2024-12-24 01:13:00
TXN90006396,ST05,CUST101085,PRD201156,2,90000.0,MTN MoMo,AM604593659,2024-10-21 09:46:00
TXN90006397,ST09,CUST102185,PRD200461,1,9000.0,MTN MoMo,AUTH39048,2024-08-19 18:48:00
TXN90006398,ST14,,PRD200226,5,32225.43,MTN MoMo,AUTH68190,2024-10-15 04:01:00
TXN90006399,ST22,CUST102183,PRD200662,1,60000.0,CASH,CASH-7852,2024-11-24 02:39:00
TXN90006400,ECOM01,CUST104492,PRD200606,2,43750.0,CASH,AUTH14109,09/12/2024 12:17
TXN90006401,ST06,CUST100315,PRD201098,2,75000.0,MTN MoMo,CASH-6833,15/11/2024 17:30
TXN90006402,ST02,CUST100404,PRD200669,2,"40,250",Card,CASH-9270,2024-10-27 01:03:00
TXN90006403,ST10,CUST101582,PRD201003,1,1950.0,MTN MoMo,,2024-08-27 21:34:00
TXN90006404,ST11,CUST100734,PRD200872,3,"1,950",Cash,CASH-9473,2024-08-30 18:19:00
TXN90006405,ST15,CUST104103,PRD200550,1,12000.0,MTN MoMo,CASH-2496,2024-08-25 20:49:00
TXN90006406,ST09,CUST100483,PRD200198,1,3000.0,Airtel Money,,2024-12-03 13:50:00
TXN90006407,ST22,CUST101083,PRD200310,1,38500.0,Card,AM248630791,2024-07-13 11:38:00
TXN90006408,ST13,CUST100342,PRD200836,1,7500.0,MTN MoMo,AM100920759,2024-08-24 06:54:00
TXN90006409,ECOM01,CUST100213,PRD200629,1,UGX 575,AirtelMoney,CASH-8468,19/10/2024 02:26
TXN90006410,ST03,CUST102620,PRD201049,1,600.0,Card,MP801482847,2024-09-05 15:30:00
TXN90006411,ST17,CUST104806,PRD200250,1,8100.0,MTN MoMo,AM259821627,22/11/2024 19:17
TXN90006412,ST01,CUST102783,PRD200356,2,1250.0,AirtelMoney,AUTH41462,2024-07-06 13:13:00
TXN90006413,ECOM01,CUST101834,PRD200345,-1,3750.0,CASH,MP351397176,2024-09-27 17:22:00
TXN90006414,ST23,CUST100660,PRD200572,1,3750.0,Card,MP168699181,2024-11-03 23:50:00
TXN90006415,ST22,,PRD200517,1,2400.0,Airtel Money,CASH-7394,2024-09-16 00:54:00
TXN90006416,ST05,CUST103826,PRD200375,2,UGX3052,Cash,AM488783391,2024-09-12 19:04:00
TXN90006417,ST20,CUST100665,PRD200432,3,57500.0,Airtel Money,CASH-1277,2024-09-27 07:47:00
TXN90006418,ST13,CUST101217,PRD200354,2,2700.0,MTN MoMo,AM582148419,2024-12-09 12:14:00
TXN90006419,ST16,CUST101798,PRD200546,3,5175.0,momo,AM895135032,2024-11-16 01:37:00
TXN90006420,ST04,CUST104649,PRD201013,1,5750.0,AirtelMoney,MP989023411,2024-11-05 21:58:00
TXN90006421,ST14,CUST104233,PRD200655,1,2250.0,MTN MoMo,MP396355615,2024-09-09 16:04:00
TXN90006422,ST19,CUST101019,PRD200795,5,862.5,Airtel Money,MP230528479,2024-08-05 22:45:00
TXN90006423,ST13,CUST101811,PRD200479,3,1950.0,Airtel Money,AUTH44355,2024-09-15 01:43:00
TXN90006424,ST04,CUST104140,PRD200656,2,1250.0,MTN MoMo,CASH-6145,14/07/2024 22:06
TXN90006425,ST09,CUST104747,PRD200043,4,12500.0,AirtelMoney,,2024-09-26 01:09:00
TXN90006426,ST10,CUST102558,PRD200786,1,13500.0,Card,,2024-07-24 07:57:00
TXN90006427,ST21,CUST102536,PRD200150,-1,25000.0,CASH,,2024-07-19 18:24:00
TXN90006428,ECOM01,CUST104113,PRD200561,2,5750.0,momo,MP289982501,2024-10-18 17:12:00
TXN90006429,ST13,CUST100131,PRD200854,1,4950.0,Cash,AUTH67635,2024-09-03 10:27:00
TXN90006430,ST10,CUST101763,PRD200619,1,75000.0,MTN MoMo,MP229960433,02/12/2024 16:45
TXN90006431,ECOM01,CUST102891,PRD200291,-2,42000.0,MTN MoMo,AUTH59852,2024-08-11 20:23:00
TXN90006432,ECOM01,CUST104304,PRD200655,1,"UGX 2,250",Airtel Money,MP375311544,2024-12-14 16:58:00
TXN90006433,ST14,CUST100153,PRD201063,3,600.0,AirtelMoney,,2024-09-29 10:35:00
TXN90006434,ST22,CUST102792,PRD200249,1,650.0,Airtel Money,,17/08/2024 16:00
TXN90006435,ST16,CUST103217,PRD200137,1,900.0,MTN Mobile Money,MP715921883,2024-08-09 01:47:00
TXN90006436,ST21,CUST104994,PRD200024,1,2600.0,MTN Mobile Money,MP439690781,2024-09-12 00:46:00
TXN90006437,ST08,CUST100513,PRD200800,1,3600.0,CASH,AM604041309,2024-08-13 04:29:00
TXN90006438,ECOM01,CUST102982,PRD200720,1,3125.0,Airtel Money,MP133635981,2024-10-09 04:19:00
TXN90006439,ST03,CUST103891,PRD200722,2,65000.0,MTN Mobile Money,CASH-1110,2024-10-09 19:15:00
TXN90006440,ST13,CUST100251,PRD201069,1,8100.0,Cash,MP486939388,2024-12-16 23:09:00
TXN90006441,ECOM01,CUST102075,PRD200800,-2,3600.0,MTN Mobile Money,CASH-5465,2024-10-15 14:04:00
TXN90006442,ECOM01,CUST103339,PRD200389,2,15000.0,MTN MoMo,AUTH14863,2024-11-28 07:04:00
TXN90006443,ST17,CUST103070,PRD200613,1,36000.0,Cash,,2024-07-25 20:51:00
TXN90006444,ST19,CUST102717,PRD200874,3,6000.0,MTN MoMo,CASH-3237,2024-08-28 11:05:00
TXN90006445,ST08,CUST100151,PRD200018,2,2200.0,CASH,MP792497925,2024-07-02 21:23:00
TXN90006446,ST20,CUST103448,PRD200959,2,2200.0,AirtelMoney,CASH-7271,2024-08-02 11:24:00
TXN90006447,ECOM01,CUST103066,PRD200057,1,3125.0,Cash,CASH-8752,17/10/2024 11:49
TXN90006448,ST12,CUST102102,PRD200861,2,1500.0,Airtel Money,AM430543828,2024-10-04 04:03:00
TXN90006449,ST19,CUST101280,PRD200407,1,13000.0,momo,AUTH77711,24/07/2024 03:41
TXN90006450,ST05,CUST102083,PRD200345,1,3750.0,Cash,MP994879727,2024-07-28 15:58:00
TXN90006451,ST11,CUST104487,PRD200077,2,2250.0,Card,CASH-5736,2024-11-09 09:41:00
TXN90006452,ST19,CUST101191,PRD200726,3,1800.0,Cash,CASH-2020,2024-08-04 18:56:00
TXN90006453,ST12,CUST102802,PRD200400,2,5625.0,MTN MoMo,AUTH90259,2024-10-07 21:16:00
TXN90006454,ST03,CUST101536,PRD200121,1,"UGX 3,600",Card,AUTH18240,2024-11-26 09:48:00
TXN90006455,ST10,CUST101592,PRD200741,1,32051.24,MTN MoMo,CASH-4387,2024-10-01 22:54:00
TXN90006456,ST15,CUST102381,PRD200255,4,24000.0,Cash,AM685824625,2024-09-29 15:49:00
TXN90006457,ST21,CUST102640,PRD200524,1,4027.09,Airtel Money,CASH-4756,2024-12-17 01:39:00
TXN90006458,ST17,CUST103785,PRD200203,2,2300.0,Card,AM173891063,2024-09-09 16:08:00
TXN90006459,ST03,CUST104605,PRD201164,3,19500.0,Cash,,2024-08-14 15:47:00
TXN90006460,ECOM01,CUST101121,PRD200704,2,5750.0,Airtel Money,AUTH37979,2024-07-20 02:50:00
TXN90006461,ST05,CUST100185,PRD201037,2,36000.0,MTN MoMo,AUTH53054,2024-11-29 20:45:00
TXN90006462,ECOM01,CUST103465,PRD200992,-1,3000.0,MTN Mobile Money,MP402867846,2024-10-16 17:57:00
TXN90006463,ST11,CUST102163,PRD200525,1,6250.0,Airtel Money,CASH-3469,2024-11-23 12:30:00
TXN90006464,ST21,CUST101433,PRD200259,1,3300.0,MTN MoMo,AM739856279,2024-12-24 10:37:00
TXN90006465,ECOM01,CUST103802,PRD200968,2,6250.0,Card,CASH-2567,2024-11-05 03:47:00
TXN90006466,ST05,CUST100958,PRD200149,1,900.0,Cash,AUTH66832,2024-12-11 08:06:00
TXN90006467,ST11,CUST103802,PRD200019,2,6500.0,MTN MoMo,MP242687138,2024-07-14 15:05:00
TXN90006468,ST03,CUST100776,PRD200044,3,8625.0,MTN Mobile Money,AM697346908,2024-11-23 09:30:00
TXN90006469,ST15,CUST103436,PRD200323,1,4950.0,Airtel Money,MP890374039,2024-08-11 10:35:00
TXN90006470,ST02,CUST101519,PRD200131,2,"UGX 3,000",Cash,,2024-10-05 13:12:00
TXN90006471,ST10,CUST103208,PRD200163,1,7500.0,Airtel Money,AM433930924,2024-11-16 02:58:00
TXN90006472,ST01,CUST100972,PRD200469,3,4950.0,Cash,CASH-1147,2024-09-26 05:58:00
TXN90006473,ST09,CUST100202,PRD201071,1,3300.0,MTN Mobile Money,AUTH81567,2024-10-13 01:35:00
TXN90006474,ST07,CUST100056,PRD200431,2,2200.0,MTN MoMo,CASH-7029,2024-09-15 14:34:00
TXN90006475,ST13,CUST102637,PRD200764,1,1725.0,MTN MoMo,AUTH90511,2024-09-12 15:53:00
TXN90006476,ECOM01,CUST101953,PRD200132,4,6750.0,momo,,2024-07-01 04:12:00
TXN90006477,ECOM01,CUST103859,PRD200484,3,4500.0,MTN MoMo,AUTH95727,2024-11-04 02:18:00
TXN90006478,ST17,CUST102666,PRD200037,1,"UGX 27,000",MTN Mobile Money,CASH-5031,2024-08-02 05:42:00
TXN90006479,ST20,CUST104996,PRD200005,4,1200.0,MTN Mobile Money,CASH-7276,2024-08-14 06:10:00
TXN90006480,ST16,CUST103459,PRD200728,1,1958.36,AirtelMoney,AUTH43840,2024-10-04 19:50:00
TXN90006481,ST10,CUST102816,PRD200272,1,42000.0,MTN Mobile Money,AM310331140,2024-10-28 06:34:00
TXN90006482,ST19,CUST104478,PRD200882,2,550.0,MTN MoMo,CASH-9686,2024-07-12 11:03:00
TXN90006483,ECOM01,,PRD200649,2,36000.0,AirtelMoney,MP998873860,2024-10-04 01:10:00
TXN90006484,ECOM01,CUST100305,PRD200092,3,1500.0,AirtelMoney,MP957132516,2024-08-27 04:20:00
TXN90006485,ST20,CUST101520,PRD200047,1,750.0,Cash,AUTH10832,2024-08-29 14:21:00
TXN90006486,ST16,CUST100706,PRD200155,1,625.0,Airtel Money,AUTH47671,2024-11-11 09:06:00
TXN90006487,ST21,CUST102439,PRD200330,3,63000.0,MTN Mobile Money,AUTH21904,2024-11-17 03:51:00
TXN90006488,ECOM01,CUST102508,PRD200725,2,3750.0,MTN MoMo,,2024-12-22 14:52:00
TXN90006489,ST01,CUST104094,PRD201091,5,11500.0,momo,MP263237669,2024-12-10 07:05:00
TXN90006490,ST20,CUST101529,PRD200520,-2,4500.0,Card,CASH-5672,2024-11-27 06:01:00
TXN90006491,ST17,CUST103783,PRD200582,5,1250.0,Airtel Money,CASH-3312,2024-11-15 08:16:00
TXN90006492,ST10,,PRD200499,1,600.0,MTN MoMo,MP599985728,2024-11-28 21:20:00
TXN90006493,ST16,,PRD200488,3,5750.0,MTN MoMo,MP802310257,07/08/2024 09:25
TXN90006494,ST22,CUST104191,PRD200353,1,1875.0,Cash,AM713812217,2024-09-16 06:20:00
TXN90006495,ECOM01,CUST103253,PRD200240,3,8100.0,MTN Mobile Money,AUTH16887,21/07/2024 18:42
TXN90006496,ST16,CUST103411,PRD200823,2,2600.0,MTN MoMo,,2024-07-25 20:18:00
TXN90006497,ST22,CUST104624,PRD200254,1,2837.78,MTN MoMo,CASH-3356,2024-10-31 05:24:00
TXN90006498,ST06,CUST101489,PRD200491,1,1650.0,MTN Mobile Money,CASH-6114,2024-07-28 12:40:00
TXN90006499,ECOM01,CUST103202,PRD200720,4,3125.0,MTN MoMo,AUTH22503,2024-09-27 02:31:00
TXN90006500,ST05,CUST104084,PRD200814,4,2490.01,MTN Mobile Money,AM228353444,2024-09-29 01:50:00
TXN90006501,ST18,,PRD200296,1,3750.0,Airtel Money,,2024-09-22 06:21:00
TXN90006502,ST04,CUST100833,PRD200240,3,8100.0,MTN Mobile Money,MP235408231,2024-08-02 21:54:00
TXN90006503,ST09,CUST104130,PRD200481,3,1250.0,Cash,CASH-9661,25/09/2024 19:52
TXN90006504,ST19,CUST102507,PRD200912,1,12000.0,CASH,MP401745165,13/07/2024 11:12
TXN90006505,ST20,CUST102945,PRD201042,2,2750.0,momo,CASH-9479,2024-10-03 18:48:00
TXN90006506,ST01,CUST104076,PRD200494,2,25000.0,Cash,MP888468399,2024-08-23 06:53:00
TXN90006507,ST01,CUST102082,PRD200176,3,5750.0,momo,MP928293725,2024-09-16 12:13:00
TXN90006508,ST15,CUST102135,PRD200550,2,12000.0,momo,MP397595346,06/07/2024 01:24
TXN90006509,ST12,CUST100225,PRD201091,1,11500.0,AirtelMoney,AM651878211,2024-08-29 12:12:00
TXN90006510,ST18,CUST103789,PRD201035,2,2250.0,Cash,AM899006956,2024-09-23 00:50:00
TXN90006511,ST09,CUST103649,PRD200202,2,42000.0,MTN Mobile Money,CASH-7401,05/09/2024 14:28
TXN90006512,ST04,CUST101658,PRD201027,1,5850.0,Cash,,2024-11-24 13:30:00
TXN90006513,ECOM01,CUST101779,PRD200541,-1,3900.0,MTN MoMo,MP283426251,2024-10-16 06:34:00
TXN90006514,ST08,CUST104346,PRD200259,5,UGX3300,MTN MoMo,AUTH23499,2024-10-04 08:08:00
TXN90006515,ST15,CUST104276,PRD200160,1,2750.0,AirtelMoney,CASH-6986,03/08/2024 08:25
TXN90006516,ST16,CUST103768,PRD200920,5,"11,250",AirtelMoney,AUTH13570,2024-07-21 01:16:00
TXN90006517,ECOM01,CUST100898,PRD200628,1,3750.0,MTN MoMo,AUTH16592,02/07/2024 08:23
TXN90006518,ST05,,PRD201000,2,2200.0,Airtel Money,MP243358933,2024-12-01 15:40:00
TXN90006519,ST03,CUST101614,PRD200537,2,1001.0,Card,MP989339375,10/08/2024 17:48
TXN90006520,ST18,,PRD200180,4,5400.0,Cash,AUTH52418,2024-10-23 00:50:00
TXN90006521,ST09,CUST104617,PRD200425,1,43750.0,Cash,CASH-8218,2024-07-03 14:57:00
TXN90006522,ST18,CUST104217,PRD200147,1,52500.0,Airtel Money,,05/07/2024 19:05
TXN90006523,ST23,CUST103981,PRD200233,1,UGX938,MTN Mobile Money,CASH-9538,2024-11-12 00:31:00
TXN90006524,ST16,CUST103202,PRD200378,-1,3300.0,MTN MoMo,,2024-12-13 04:30:00
TXN90006525,ST10,CUST103346,PRD200704,1,"5,750",Airtel Money,MP277226780,2024-11-30 04:48:00
TXN90006526,ECOM01,CUST101669,PRD200556,4,63000.0,MTN MoMo,,2024-07-26 03:50:00
TXN90006527,ECOM01,CUST101548,PRD200761,1,1350.0,MTN MoMo,AUTH56927,2024-11-03 20:26:00
TXN90006528,ST10,,PRD200083,1,40250.0,MTN MoMo,MP379520084,12/11/2024 01:13
TXN90006529,ST14,CUST101922,PRD201097,1,1650.0,Card,,2024-08-19 05:17:00
TXN90006530,ST15,CUST102176,PRD200127,1,12500.0,AirtelMoney,MP727428970,25/10/2024 06:17
TXN90006531,ECOM01,CUST100994,PRD200995,1,550.0,momo,CASH-3669,2024-08-08 02:07:00
TXN90006532,ECOM01,CUST101826,PRD200220,-1,5400.0,MTN MoMo,MP821121059,2024-11-26 02:18:00
TXN90006533,ST04,CUST100562,PRD200032,3,4060.52,MTN MoMo,AM259126167,2024-10-20 13:06:00
TXN90006534,ST16,CUST102270,PRD200116,2,1201.24,MTN MoMo,AUTH25787,2024-12-12 15:06:00
TXN90006535,ST18,CUST101086,PRD200543,1,2750.0,MTN Mobile Money,AUTH47299,2024-11-26 01:56:00
TXN90006536,ECOM01,CUST102650,PRD201075,2,7500.0,MTN MoMo,CASH-1975,2024-08-08 10:44:00
TXN90006537,ST13,CUST100079,PRD200256,1,975.0,Card,AUTH73770,2024-12-04 15:09:00
TXN90006538,ST08,CUST103339,PRD200355,2,975.0,Cash,MP197713209,2024-09-24 06:09:00
TXN90006539,ECOM01,CUST102026,PRD200217,1,5750.0,MTN Mobile Money,MP394701932,2024-09-24 13:19:00
TXN90006540,ST02,CUST104829,PRD200940,-1,825.0,Cash,AUTH27259,28/10/2024 06:56
TXN90006541,ECOM01,CUST103202,PRD200629,1,575.0,CASH,AM304025298,26/07/2024 08:07
TXN90006542,ST05,CUST101164,PRD200004,2,1150.0,MTN Mobile Money,,2024-12-25 23:07:00
TXN90006543,ECOM01,CUST104347,PRD200566,1,2300.0,CASH,CASH-9205,2024-11-16 21:24:00
TXN90006544,ST12,CUST102190,PRD200686,2,5400.0,Cash,AUTH87065,02/10/2024 09:09
TXN90006545,ST02,CUST103796,PRD200475,1,43750.0,MTN Mobile Money,AM890028069,2024-08-26 17:45:00
TXN90006546,ST23,CUST103813,PRD200796,1,2750.0,AirtelMoney,AUTH81815,2024-11-02 14:11:00
TXN90006547,ST04,CUST101473,PRD200430,2,8250.0,Airtel Money,,2024-10-12 11:00:00
TXN90006548,ST09,CUST102463,PRD200140,4,23000.0,Airtel Money,CASH-6130,10/09/2024 11:58
TXN90006549,ST05,CUST100982,PRD200380,2,4500.0,Airtel Money,AUTH44713,2024-11-16 16:40:00
TXN90006550,ECOM01,CUST103874,PRD200666,3,4500.0,MTN Mobile Money,MP253919292,2024-12-05 21:21:00
TXN90006551,ST09,CUST104727,PRD200413,1,25000.0,Cash,MP406977238,24/07/2024 21:22
TXN90006552,ST02,CUST102823,PRD200616,-2,3250.0,MTN MoMo,AUTH83557,2024-08-12 15:12:00
TXN90006553,ST12,CUST100487,PRD200128,2,5400.0,CASH,CASH-6472,2024-07-09 04:04:00
TXN90006554,ST18,CUST101590,PRD200462,1,1125.0,CASH,CASH-4853,2024-12-13 23:16:00
TXN90006555,ST21,CUST102388,PRD200903,1,90000.0,MTN MoMo,AM272434651,2024-08-27 20:15:00
TXN90006556,ST01,CUST102239,PRD200502,1,2250.0,AirtelMoney,,2024-08-19 09:04:00
TXN90006557,ST09,CUST101297,PRD200816,2,9000.0,Cash,AM864177248,2024-10-13 02:41:00
TXN90006558,ST18,CUST104668,PRD201159,2,550.0,Cash,MP408253728,2024-08-07 08:18:00
TXN90006559,ST01,CUST101522,PRD200827,2,90000.0,Airtel Money,AUTH26650,2024-10-04 10:09:00
TXN90006560,ST07,CUST101111,PRD200473,-1,15000.0,MTN MoMo,MP474700813,2024-10-12 01:31:00
TXN90006561,ST17,CUST104184,PRD200335,1,52500.0,AirtelMoney,CASH-9366,2024-07-02 11:42:00
TXN90006562,ST09,CUST102370,PRD200727,2,550,Airtel Money,AM716934347,2024-09-14 21:48:00
TXN90006563,ST01,CUST102482,PRD200889,2,9000.0,MTN MoMo,CASH-7221,2024-09-28 21:34:00
TXN90006564,ST04,,PRD200371,3,2750.0,momo,CASH-1296,2024-11-24 15:17:00
TXN90006565,ST06,CUST103792,PRD200334,4,600.0,Airtel Money,AM536583939,2024-10-14 04:06:00
TXN90006566,ST16,CUST103441,PRD201002,1,11250.0,Airtel Money,CASH-1372,2024-07-08 08:35:00
TXN90006567,ST11,,PRD200804,2,5400.0,MTN MoMo,AM506909463,2024-11-13 15:21:00
TXN90006568,ECOM01,CUST101665,PRD200713,1,1500.0,AirtelMoney,,2024-12-08 15:03:00
TXN90006569,ST08,CUST101996,PRD201124,1,43750.0,MTN Mobile Money,AM951277717,2024-11-01 22:14:00
TXN90006570,ST17,CUST101725,PRD200617,2,"UGX 38,500",AirtelMoney,AUTH91749,2024-12-08 01:47:00
TXN90006571,ST05,CUST104708,PRD200474,1,UGX2200,CASH,,2024-07-24 05:32:00
TXN90006572,ST07,CUST101373,PRD200460,1,4500.0,AirtelMoney,,2024-12-05 07:21:00
TXN90006573,ECOM01,CUST101835,PRD200201,5,22000.0,Airtel Money,AM116073589,02/10/2024 17:43
TXN90006574,ST02,CUST100026,PRD200314,2,3600.0,Cash,CASH-3667,2024-08-04 00:44:00
TXN90006575,ST20,CUST104550,PRD200167,1,24000.0,MTN MoMo,MP150368181,2024-12-22 13:43:00
TXN90006576,ECOM01,CUST100492,PRD201069,1,8100.0,Airtel Money,AUTH59091,2024-11-21 19:55:00
TXN90006577,ST11,CUST101742,PRD200513,1,65000.0,Airtel Money,CASH-7287,22/12/2024 15:02
TXN90006578,ST23,CUST103073,PRD200728,1,1958.36,AirtelMoney,,2024-12-14 22:46:00
TXN90006579,ST13,CUST104727,PRD201016,3,16500.0,AirtelMoney,MP645679745,2024-09-21 19:48:00
TXN90006580,ECOM01,CUST101656,PRD200483,2,"4,500",AirtelMoney,MP483841020,2024-08-27 16:25:00
TXN90006581,ST01,CUST103731,PRD200892,1,26000.0,MTN MoMo,,2024-09-29 22:11:00
TXN90006582,ECOM01,CUST102178,PRD200936,1,63000.0,Airtel Money,MP583389977,2024-12-20 18:34:00
TXN90006583,ST11,CUST101297,PRD200039,-1,4500.0,AirtelMoney,,2024-10-17 20:48:00
TXN90006584,ST18,CUST104456,PRD200850,3,1200.0,MTN Mobile Money,AM510871574,07/07/2024 22:08
TXN90006585,ST10,CUST103321,PRD200573,3,42000.0,momo,MP452908340,2024-09-01 01:40:00
TXN90006586,ECOM01,,PRD200608,1,8250.0,MTN MoMo,,16/11/2024 10:32
TXN90006587,ECOM01,CUST100848,PRD200274,1,11500.0,MTN MoMo,,2024-08-09 09:52:00
TXN90006588,ST23,CUST103890,PRD200241,1,6750.0,Airtel Money,AM775207745,2024-08-15 17:09:00
TXN90006589,ST13,CUST101401,PRD200975,3,36000.0,MTN Mobile Money,AUTH44919,2024-12-17 10:18:00
TXN90006590,ST16,CUST103310,PRD200767,3,937.5,MTN MoMo,MP389521403,2024-10-05 14:59:00
TXN90006591,ST04,CUST103312,PRD200318,2,5175.0,AirtelMoney,MP130907611,2024-09-12 15:24:00
TXN90006592,ST16,CUST101341,PRD200835,4,23000.0,MTN Mobile Money,AUTH82016,2024-07-05 13:42:00
TXN90006593,ST15,CUST102441,PRD200981,1,6500.0,MTN Mobile Money,MP901254796,2024-08-06 12:55:00
TXN90006594,ST03,CUST103967,PRD200570,5,38500.0,MTN MoMo,AUTH31264,2024-12-23 08:28:00
TXN90006595,ST19,CUST104509,PRD201067,5,1665.27,Cash,CASH-5241,2024-07-02 12:56:00
TXN90006596,ECOM01,CUST104457,PRD200816,3,9000.0,Airtel Money,AM422092396,2024-10-27 06:17:00
TXN90006597,ST13,CUST104388,PRD200752,1,825.0,AirtelMoney,AUTH46542,2024-08-30 04:52:00
TXN90006598,ST20,CUST102009,PRD200227,1,UGX550,MTN MoMo,MP690508369,03/09/2024 13:09
TXN90006599,ECOM01,CUST103247,PRD200041,1,11500.0,AirtelMoney,CASH-6949,2024-12-19 05:03:00
TXN90006600,ST04,CUST100776,PRD200322,3,9000.0,Cash,AUTH20242,2024-08-28 07:58:00
TXN90006601,ST16,CUST100781,PRD200018,4,2200.0,Airtel Money,,2024-12-24 13:14:00
TXN90006602,ECOM01,CUST100169,PRD200005,1,1200.0,AirtelMoney,AUTH10923,2024-12-20 00:35:00
TXN90006603,ST17,CUST102969,PRD200922,2,55000.0,MTN Mobile Money,AUTH15129,2024-11-28 19:40:00
TXN90006604,ST13,CUST103344,PRD201130,2,8100.0,momo,CASH-2477,2024-12-08 07:49:00
TXN90006605,ST17,CUST102880,PRD200892,2,26000.0,momo,AUTH39047,2024-12-01 08:50:00
TXN90006606,ST08,CUST102175,PRD200005,1,1200.0,Airtel Money,AUTH96301,2024-08-19 10:33:00
TXN90006607,ST17,CUST102158,PRD200856,4,UGX19500,MTN Mobile Money,CASH-9683,2024-09-06 19:16:00
TXN90006608,ST08,CUST101209,PRD200368,3,8100.0,MTN Mobile Money,AUTH17620,2024-12-03 20:28:00
TXN90006609,ST04,CUST104747,PRD200462,2,1125.0,momo,CASH-8794,2024-10-17 03:54:00
TXN90006610,ST09,CUST100477,PRD201085,1,22000.0,Airtel Money,AUTH45192,2024-10-18 12:36:00
TXN90006611,ECOM01,CUST102822,PRD200882,1,550.0,Cash,AUTH69545,2024-10-18 16:38:00
TXN90006612,ECOM01,CUST103105,PRD200027,1,2250.0,MTN Mobile Money,MP796435066,2024-10-27 13:35:00
TXN90006613,ST05,CUST102198,PRD200566,1,2300.0,Airtel Money,,2024-12-01 01:18:00
TXN90006614,ECOM01,CUST101279,PRD200957,2,4950.0,MTN MoMo,MP510597062,2024-09-28 01:07:00
TXN90006615,ST01,CUST103700,PRD200276,3,575.0,Airtel Money,,2024-10-05 01:29:00
TXN90006616,ST02,CUST103292,PRD201152,2,2250.0,MTN MoMo,AUTH53875,2024-07-02 19:28:00
TXN90006617,ECOM01,CUST103001,PRD200239,1,1350.0,MTN MoMo,CASH-4344,2024-11-05 20:07:00
TXN90006618,ST14,CUST102976,PRD200783,2,57500.0,MTN Mobile Money,AUTH58505,2024-11-12 07:22:00
TXN90006619,ST02,CUST101520,PRD200051,5,42000.0,Card,AM786609030,2024-11-24 17:01:00
TXN90006620,ST06,CUST103571,PRD200548,1,5400.0,AirtelMoney,AUTH32231,2024-09-02 05:48:00
TXN90006621,ST15,CUST104355,PRD200451,4,975.0,Cash,AUTH40380,2024-09-08 23:23:00
TXN90006622,ST21,CUST103488,PRD200653,1,2700.0,Airtel Money,AM881554289,2024-11-16 13:26:00
TXN90006623,ECOM01,CUST104505,PRD201002,3,11250.0,Airtel Money,CASH-1252,2024-08-10 02:24:00
TXN90006624,ST06,CUST104396,PRD200939,1,18750.0,Airtel Money,MP691790148,2024-09-22 23:28:00
TXN90006625,ECOM01,CUST100318,PRD200604,4,26000.0,MTN MoMo,MP692756342,2024-07-01 02:45:00
TXN90006626,ST08,CUST102429,PRD201049,3,600.0,MTN MoMo,AUTH71690,2024-07-02 02:48:00
TXN90006627,ST16,CUST103256,PRD200191,2,19500.0,momo,AUTH94785,21/09/2024 08:14
TXN90006628,ST07,CUST100826,PRD200314,1,3600.0,Airtel Money,,2024-12-17 18:49:00
TXN90006629,ST06,CUST104460,PRD201113,3,63000.0,MTN MoMo,AM108152784,2024-09-20 22:26:00
TXN90006630,ECOM01,CUST100087,PRD200970,1,5175.0,MTN MoMo,AUTH46377,06/07/2024 05:10
TXN90006631,ST20,,PRD200921,1,3750.0,CASH,MP438392946,2024-11-09 20:30:00
TXN90006632,ST15,CUST101626,PRD200503,1,4500.0,momo,CASH-3707,2024-10-01 07:08:00
TXN90006633,ST04,CUST101152,PRD200521,1,1100.0,Card,CASH-6826,2024-08-21 18:33:00
TXN90006634,ST03,CUST102866,PRD200804,3,5400.0,AirtelMoney,AUTH71664,2024-08-03 08:46:00
TXN90006635,ST10,CUST102580,PRD200572,2,UGX3750,Cash,CASH-2392,2024-10-03 11:46:00
TXN90006636,ST09,CUST102934,PRD200332,1,6250.0,Airtel Money,AM934432473,2024-11-10 13:14:00
TXN90006637,ST05,CUST100666,PRD200873,3,1300.0,MTN MoMo,AM132558313,2024-07-10 12:45:00
TXN90006638,ST17,CUST104924,PRD200608,1,8250.0,MTN Mobile Money,MP485671459,30/09/2024 11:03
TXN90006639,ST17,CUST100012,PRD200939,-1,18750.0,AirtelMoney,CASH-6247,2024-12-10 19:58:00
TXN90006640,ST05,CUST100065,PRD200994,1,17250.0,Airtel Money,AUTH74520,21/10/2024 19:17
TXN90006641,ST10,CUST102445,PRD200299,1,13500.0,MTN Mobile Money,MP537801048,2024-10-07 22:58:00
TXN90006642,ST18,CUST102267,PRD200957,1,4950.0,Airtel Money,,2024-09-22 04:10:00
TXN90006643,ST15,CUST104345,PRD200071,3,26000.0,Airtel Money,AUTH76522,2024-09-18 07:11:00
TXN90006644,ECOM01,CUST100853,PRD200844,1,1300.0,MTN MoMo,CASH-8305,26/09/2024 14:27
TXN90006645,ST16,CUST102216,PRD200301,3,1250.0,MTN MoMo,MP983992006,2024-07-28 11:12:00
TXN90006646,ST13,CUST100631,PRD200682,1,3300.0,MTN MoMo,,2024-07-16 18:08:00
TXN90006647,ECOM01,CUST103375,PRD200138,1,4500.0,MTN Mobile Money,CASH-2036,27/11/2024 21:37
TXN90006648,ECOM01,CUST103290,PRD200568,-1,1800.0,AirtelMoney,MP981905119,2024-09-29 19:44:00
TXN90006649,ST21,CUST104342,PRD201064,1,UGX19500,MTN MoMo,CASH-2160,08/09/2024 20:26
TXN90006650,ST19,CUST104470,PRD200113,1,65000.0,Airtel Money,CASH-8735,2024-11-09 02:45:00
TXN90006651,ECOM01,CUST102231,PRD201001,1,900.0,Card,CASH-2879,2024-12-14 11:58:00
TXN90006652,ST13,CUST104119,PRD200232,1,"9,375",MTN Mobile Money,AM210455386,24/08/2024 23:07
TXN90006653,ST15,CUST104578,PRD201070,4,1500.0,MTN MoMo,,2024-12-20 19:05:00
TXN90006654,ST23,CUST100948,PRD200907,2,3600.0,momo,AUTH56231,2024-11-24 10:59:00
TXN90006655,ST03,CUST102423,PRD200804,4,5400.0,MTN MoMo,AUTH17495,2024-07-20 06:29:00
TXN90006656,ST21,CUST100519,PRD200803,1,862.5,MTN MoMo,CASH-9623,12/11/2024 05:32
TXN90006657,ECOM01,CUST101233,PRD200904,1,650.0,MTN Mobile Money,,2024-10-08 05:49:00
TXN90006658,ST04,CUST100752,PRD200138,2,4500.0,momo,CASH-5564,2024-11-04 11:04:00
TXN90006659,ST07,CUST101106,PRD201032,4,5750.0,MTN MoMo,,2024-11-21 02:35:00
TXN90006660,ST04,CUST100643,PRD200836,1,7500.0,momo,CASH-2147,2024-10-27 02:04:00
TXN90006661,ST14,CUST103996,PRD200975,-2,"UGX 36,000",Airtel Money,AUTH49393,11/10/2024 12:22
TXN90006662,ST05,CUST100246,PRD200525,2,6250.0,MTN Mobile Money,AUTH18092,2024-09-14 14:06:00
TXN90006663,ST16,CUST100572,PRD200891,2,40250.0,MTN MoMo,CASH-7994,05/12/2024 14:48
TXN90006664,ST21,CUST101380,PRD200436,4,6750.0,MTN MoMo,CASH-4580,2024-09-01 10:02:00
TXN90006665,ST10,CUST101171,PRD201066,-2,57500.0,Airtel Money,MP267329974,27/07/2024 11:02
TXN90006666,ECOM01,,PRD200030,2,2600.0,MTN Mobile Money,MP616802024,2024-10-20 02:32:00
TXN90006667,ST10,CUST104492,PRD201121,1,900.0,AirtelMoney,,2024-08-15 08:17:00
TXN90006668,ST18,,PRD200641,2,52500.0,Cash,AM229429763,2024-10-28 05:57:00
TXN90006669,ST10,CUST104769,PRD200477,1,3000.0,MTN MoMo,AUTH14444,2024-10-22 05:29:00
TXN90006670,ECOM01,,PRD200143,1,47254.46,Cash,,2024-09-13 11:33:00
TXN90006671,ST05,CUST104105,PRD201129,4,18000.0,MTN MoMo,CASH-4905,2024-07-10 11:07:00
TXN90006672,ST16,CUST102020,PRD200129,1,1350.0,MTN MoMo,CASH-1391,2024-09-10 20:34:00
TXN90006673,ST09,CUST104753,PRD201107,2,18750.0,MTN MoMo,AM115474015,2024-07-14 02:46:00
TXN90006674,ST10,CUST101304,PRD200354,2,2700.0,MTN Mobile Money,MP458373222,2024-12-20 19:59:00
TXN90006675,ST14,CUST100054,PRD200959,3,2200.0,Cash,MP488599412,2024-07-26 11:20:00
TXN90006676,ST13,CUST100928,PRD200152,2,30000.0,Card,AUTH65354,2024-11-01 19:09:00
TXN90006677,ECOM01,CUST101080,PRD200590,-1,30000.0,Airtel Money,AUTH86484,2024-11-27 12:53:00
TXN90006678,ST15,CUST103425,PRD200085,1,3750.0,MTN MoMo,CASH-3525,2024-11-06 19:02:00
TXN90006679,ECOM01,CUST100636,PRD201147,3,2300.0,AirtelMoney,MP321254994,08/07/2024 14:27
TXN90006680,ECOM01,CUST101696,PRD200930,2,8625.0,MTN MoMo,CASH-6760,2024-07-15 13:28:00
TXN90006681,ST02,CUST101929,PRD200937,1,13000.0,MTN Mobile Money,MP198004617,2024-11-04 13:10:00
TXN90006682,ST08,CUST100091,PRD200154,1,900.0,AirtelMoney,AM804954457,2024-10-04 01:44:00
TXN90006683,ST20,CUST100019,PRD200114,5,13500.0,Airtel Money,AM132925911,05/12/2024 19:06
TXN90006684,ECOM01,CUST101042,PRD200444,-1,2300.0,MTN MoMo,,23/08/2024 02:40
TXN90006685,ST01,CUST102443,PRD200838,1,11000.0,MTN MoMo,AM159942714,2024-11-05 18:40:00
TXN90006686,ST16,CUST103197,PRD200270,1,650.0,CASH,CASH-6243,2024-12-01 13:13:00
TXN90006687,ST23,CUST103090,PRD200108,1,1200.0,MTN MoMo,CASH-7491,2024-08-18 22:12:00
TXN90006688,ECOM01,CUST104996,PRD200324,1,27000.0,MTN MoMo,MP145825635,2024-07-27 05:10:00
TXN90006689,ST07,CUST101926,PRD200243,2,600.0,Cash,MP641581324,2024-09-04 21:36:00
TXN90006690,ST16,CUST100481,PRD200205,3,6250.0,MTN MoMo,AUTH36402,09/08/2024 15:23
TXN90006691,ECOM01,CUST100896,PRD200289,1,5175.0,Airtel Money,CASH-3920,2024-08-29 06:41:00
TXN90006692,ECOM01,CUST103397,PRD200605,1,30000.0,Airtel Money,CASH-4326,2024-12-16 10:10:00
TXN90006693,ECOM01,CUST100188,PRD200429,4,24000.0,Airtel Money,AUTH23165,2024-09-29 08:49:00
TXN90006694,ST09,CUST102166,PRD201110,4,5175.0,Cash,AUTH63791,2024-10-01 12:50:00
TXN90006695,ST01,CUST104354,PRD200507,1,2700.0,Cash,AUTH33080,13/08/2024 16:39
TXN90006696,ST11,CUST104102,PRD200682,5,3300.0,AirtelMoney,,2024-08-05 09:32:00
TXN90006697,ST02,CUST103616,PRD200570,1,38500.0,MTN MoMo,AUTH56122,2024-11-04 08:07:00
TXN90006698,ST18,CUST101990,PRD200804,3,5400.0,Airtel Money,MP262901590,2024-12-27 14:13:00
TXN90006699,ECOM01,CUST103952,PRD200900,1,750.0,MTN MoMo,CASH-2505,2024-07-10 00:02:00
TXN90006700,ECOM01,CUST101677,PRD200729,1,38500.0,MTN Mobile Money,AUTH16430,25/11/2024 05:06
TXN90006701,ST06,CUST101748,PRD200629,1,575.0,MTN MoMo,CASH-8251,2024-08-22 02:49:00
TXN90006702,ST13,CUST104544,PRD200025,3,1875.0,Cash,CASH-9713,2024-07-03 11:19:00
TXN90006703,ST03,CUST100125,PRD201109,3,8100.0,Card,AM392548684,2024-12-01 02:35:00
TXN90006704,ECOM01,CUST104858,PRD200625,4,"UGX 9,000",MTN MoMo,CASH-9386,2024-07-03 16:39:00
TXN90006705,ST10,CUST102725,PRD200746,-2,1650.0,Cash,AM130263003,2024-11-20 11:14:00
TXN90006706,ST03,CUST103226,PRD200827,3,90000.0,MTN Mobile Money,AUTH83038,04/11/2024 05:55
TXN90006707,ST17,,PRD200464,1,6000.0,MTN Mobile Money,,2024-12-24 22:50:00
TXN90006708,ST19,CUST100831,PRD200977,1,8250.0,MTN MoMo,CASH-5724,04/09/2024 08:50
TXN90006709,ST01,CUST101200,PRD200879,1,2500.0,Cash,CASH-6462,2024-12-17 06:22:00
TXN90006710,ST23,,PRD200878,-1,18000.0,MTN Mobile Money,MP877971611,2024-08-19 17:38:00
TXN90006711,ST10,CUST101923,PRD201006,1,5750.0,MTN MoMo,AUTH65065,2024-10-29 02:21:00
TXN90006712,ECOM01,CUST102162,PRD200206,4,18000.0,Airtel Money,AUTH57998,2024-08-31 22:40:00
TXN90006713,ECOM01,CUST102294,PRD200225,5,3600.0,MTN Mobile Money,AM407208211,2024-08-03 13:38:00
TXN90006714,ST02,CUST102976,PRD200371,3,2750.0,AirtelMoney,MP212912688,2024-09-14 20:38:00
TXN90006715,ST08,CUST100935,PRD200641,1,52500.0,Cash,AUTH54612,2024-10-31 16:56:00
TXN90006716,ST02,CUST102073,PRD200170,1,4500.0,Airtel Money,AUTH51737,2024-07-05 11:28:00
TXN90006717,ST02,CUST102886,PRD200864,2,"2,875",Airtel Money,AUTH27034,2024-09-21 23:50:00
TXN90006718,ST08,CUST103807,PRD200318,1,5175.0,Cash,CASH-2619,2024-08-31 03:46:00
TXN90006719,ST18,CUST103077,PRD200593,3,550.0,Cash,MP608048809,2024-10-25 01:46:00
TXN90006720,ST03,CUST102199,PRD200980,1,625.0,MTN MoMo,AM304199726,2024-12-17 17:42:00
TXN90006721,ST20,CUST102827,PRD200214,1,"65,000",Cash,MP314900675,2024-12-16 20:54:00
TXN90006722,ST05,CUST100659,PRD200703,1,4500.0,Airtel Money,AUTH84115,2024-09-04 06:20:00
TXN90006723,ST12,CUST101291,PRD200629,1,575.0,momo,CASH-2967,2024-07-21 00:05:00
TXN90006724,ECOM01,CUST102900,PRD200062,1,6250.0,Cash,AM375736211,2024-12-02 14:16:00
TXN90006725,ST18,CUST101393,PRD200592,2,3750.0,Airtel Money,AM975344093,22/10/2024 21:36
TXN90006726,ST01,CUST100611,PRD200148,1,23000.0,momo,AUTH92456,2024-09-17 05:58:00
TXN90006727,ST12,CUST101944,PRD201132,4,2400.0,Airtel Money,AM486154241,2024-12-13 22:20:00
TXN90006728,ST04,CUST104364,PRD200557,1,19500.0,Cash,MP402402129,2024-07-27 11:05:00
TXN90006729,ST10,CUST102428,PRD201029,3,862.5,Cash,CASH-8128,2024-12-24 19:05:00
TXN90006730,ECOM01,CUST102645,PRD200750,2,3600.0,Cash,MP350133067,16/08/2024 08:22
TXN90006731,ECOM01,CUST102863,PRD200656,1,1250.0,momo,AM558134283,2024-09-17 06:35:00
TXN90006732,ST07,CUST100994,PRD200986,1,5175.0,MTN Mobile Money,MP475546706,2024-12-23 04:42:00
TXN90006733,ST12,CUST102354,PRD200947,1,UGX 938,MTN Mobile Money,AM348881744,13/11/2024 19:29
TXN90006734,ST17,CUST100978,PRD201147,1,2300.0,MTN MoMo,MP387797645,2024-09-12 11:36:00
TXN90006735,ST10,CUST100387,PRD200602,1,6000.0,MTN MoMo,,2024-12-02 10:11:00
TXN90006736,ST22,CUST101694,PRD200713,3,1500.0,Airtel Money,AM941272783,19/10/2024 14:17
TXN90006737,ECOM01,CUST102816,PRD200133,1,13000.0,MTN Mobile Money,AM600225331,2024-10-20 14:51:00
TXN90006738,ST07,CUST102328,PRD200733,4,5500.0,Cash,AUTH71757,2024-11-19 10:08:00
TXN90006739,ST14,CUST104994,PRD200768,3,5400.0,Cash,MP814574776,2024-09-09 23:34:00
TXN90006740,ECOM01,CUST103205,PRD200735,3,15000.0,MTN MoMo,MP233113742,2024-11-03 19:00:00
TXN90006741,ST12,CUST104504,PRD200215,1,36165.21,Airtel Money,MP650830971,2024-12-17 13:43:00
TXN90006742,ST22,CUST104203,PRD200191,4,19500.0,momo,MP312350344,2024-12-14 22:28:00
TXN90006743,ST04,CUST101876,PRD200313,1,900.0,Airtel Money,AUTH91433,2024-07-02 06:04:00
TXN90006744,ECOM01,CUST104834,PRD200668,2,"2,070",MTN Mobile Money,AUTH12182,2024-11-10 06:12:00
TXN90006745,ST10,CUST104018,PRD200025,1,1875.0,Airtel Money,AM771579628,2024-12-26 14:15:00
TXN90006746,ECOM01,CUST102004,PRD200343,1,1500.0,Airtel Money,MP883801156,22/12/2024 19:10
TXN90006747,ST04,CUST103310,PRD200096,1,18000.0,Cash,AM546521537,2024-10-01 22:22:00
TXN90006748,ECOM01,,PRD200738,2,63000.0,MTN MoMo,CASH-1123,2024-09-30 05:17:00
TXN90006749,ST15,CUST103371,PRD200115,2,60000.0,MTN MoMo,AUTH59142,2024-10-30 00:01:00
TXN90006750,ST01,CUST101191,PRD200387,1,6750.0,MTN MoMo,,2024-08-08 15:29:00
TXN90006751,ST03,CUST104391,PRD200130,5,14276.88,Cash,AUTH58326,2024-12-05 02:23:00
TXN90006752,ST04,CUST101841,PRD200459,1,42000.0,AirtelMoney,AM444182437,2024-11-17 06:59:00
TXN90006753,ECOM01,CUST101700,PRD200452,2,6812.54,MTN Mobile Money,MP359752209,2024-12-13 13:21:00
TXN90006754,ST16,CUST104054,PRD200180,-1,5400.0,Airtel Money,,2024-07-22 15:29:00
TXN90006755,ECOM01,CUST102515,PRD201062,2,3750.0,Airtel Money,AUTH59868,2024-11-12 18:19:00
TXN90006756,ST11,CUST102037,PRD201133,1,650.0,MTN MoMo,AUTH16788,2024-08-06 03:39:00
TXN90006757,ST22,CUST103212,PRD201045,3,1800.0,MTN MoMo,AM780593058,2024-11-09 04:06:00
TXN90006758,ECOM01,,PRD200891,1,40250.0,Airtel Money,AM225205815,2024-08-19 22:08:00
TXN90006759,ST17,CUST101550,PRD200012,3,4500.0,Airtel Money,MP716599278,2024-11-03 20:13:00
TXN90006760,ST01,CUST100356,PRD200297,2,3750.0,Airtel Money,AUTH94195,2024-10-05 11:06:00
TXN90006761,ST06,CUST104941,PRD200258,2,18000.0,CASH,,2024-12-02 15:34:00
TXN90006762,ECOM01,CUST103411,PRD200925,1,62500.0,MTN Mobile Money,AUTH52935,29/07/2024 19:35
TXN90006763,ECOM01,CUST100439,PRD200318,1,5175.0,Cash,CASH-4888,2024-10-14 14:53:00
TXN90006764,ECOM01,CUST100719,PRD200601,5,18750.0,Cash,AM198199323,23/08/2024 17:13
TXN90006765,ST19,CUST102802,PRD200668,4,2069.59,MTN Mobile Money,CASH-4641,2024-09-30 11:46:00
TXN90006766,ST19,CUST103734,PRD200281,2,25000.0,momo,MP736985269,2024-12-08 14:15:00
TXN90006767,ST23,CUST100364,PRD200362,1,3450.0,CASH,MP919035541,2024-07-10 21:03:00
TXN90006768,ST22,CUST102372,PRD200697,1,60000.0,Airtel Money,AM405239422,2024-11-26 12:29:00
TXN90006769,ST02,CUST101089,PRD200551,1,6750.0,MTN MoMo,CASH-9720,31/08/2024 02:41
TXN90006770,ST12,CUST104859,PRD200049,4,2875.0,Cash,AM983810903,2024-12-20 13:31:00
TXN90006771,ECOM01,CUST103157,PRD201110,1,5175.0,Airtel Money,CASH-5240,2024-08-26 11:30:00
TXN90006772,ST15,CUST103900,PRD200212,1,22000.0,MTN MoMo,AM487148963,2024-12-21 10:45:00
TXN90006773,ST12,CUST103625,PRD200759,1,UGX8625,CASH,AUTH31693,2024-08-06 23:09:00
TXN90006774,ST18,,PRD200177,1,63000.0,Cash,AM835106853,2024-09-25 18:57:00
TXN90006775,ECOM01,CUST100315,PRD200371,1,2750.0,MTN MoMo,MP106538185,2024-08-18 20:59:00
TXN90006776,ST21,CUST103985,PRD200084,1,1725.0,MTN MoMo,CASH-4108,2024-08-16 18:59:00
TXN90006777,ST21,CUST101881,PRD200915,4,12500.0,Card,MP478586951,2024-08-09 22:57:00
TXN90006778,ST16,CUST103998,PRD200149,1,900.0,CASH,AUTH74079,2024-11-11 12:33:00
TXN90006779,ST18,CUST101259,PRD200178,2,UGX9375,AirtelMoney,AM997326009,2024-10-16 11:04:00
TXN90006780,ST16,CUST102771,PRD200454,1,22500.0,CASH,AUTH31128,2024-10-17 13:03:00
TXN90006781,ECOM01,CUST102883,PRD200481,3,1250.0,Airtel Money,AM935274669,2024-09-01 02:04:00
TXN90006782,ST04,CUST102614,PRD200993,4,1500.0,MTN Mobile Money,MP439493210,2024-10-19 20:17:00
TXN90006783,ST10,CUST102299,PRD200770,2,2700.0,Airtel Money,CASH-6715,2024-10-27 06:31:00
TXN90006784,ST18,CUST101959,PRD200304,4,1950.0,CASH,AM544042471,2024-08-20 23:44:00
TXN90006785,ST17,CUST103393,PRD200230,2,2200.0,MTN Mobile Money,AM397825611,2024-09-25 00:01:00
TXN90006786,ECOM01,CUST101777,PRD200895,1,1250.0,Card,MP738391268,2024-10-03 06:02:00
TXN90006787,ECOM01,CUST100806,PRD200617,5,38500.0,Cash,AUTH35299,2024-11-24 09:27:00
TXN90006788,ST03,CUST103933,PRD200166,1,11000.0,Cash,AM649669585,2024-11-05 01:40:00
TXN90006789,ST04,CUST103214,PRD200030,-1,2600.0,momo,CASH-5846,05/08/2024 19:49
TXN90006790,ST12,CUST101268,PRD200001,2,60000.0,Cash,AM697554251,2024-12-19 06:41:00
TXN90006791,ST21,CUST102652,PRD200598,1,862.5,AirtelMoney,CASH-6253,2024-11-01 11:37:00
TXN90006792,ST13,CUST103243,PRD200256,1,975.0,Cash,MP819503828,2024-11-23 09:38:00
TXN90006793,ST03,CUST102462,PRD200714,1,7500.0,Airtel Money,CASH-7280,2024-09-18 02:03:00
TXN90006794,ECOM01,CUST104192,PRD200314,1,3600.0,MTN MoMo,CASH-2499,2024-12-01 03:03:00
TXN90006795,ST08,CUST102893,PRD200336,3,"43,750",MTN MoMo,,2024-09-06 06:13:00
TXN90006796,ECOM01,CUST102176,PRD200833,4,27000.0,Airtel Money,CASH-5293,2024-09-08 18:01:00
TXN90006797,ST20,CUST103562,PRD200211,1,1875.0,MTN Mobile Money,AM264319786,2024-08-20 09:06:00
TXN90006798,ECOM01,CUST102460,PRD200096,3,18000.0,Airtel Money,AUTH33013,2024-09-04 17:25:00
TXN90006799,ST16,CUST101734,PRD200802,1,5400.0,MTN Mobile Money,MP163612739,2024-10-19 01:47:00
TXN90006800,ST23,CUST100573,PRD200737,2,900.0,Cash,MP501432991,2024-09-10 05:42:00
TXN90006801,ST01,CUST101781,PRD200605,1,30000.0,Airtel Money,AUTH68134,2024-12-15 01:43:00
TXN90006802,ST22,CUST103082,PRD200497,2,600.0,Cash,AM180575487,20/09/2024 22:39
TXN90006803,ST10,CUST102909,PRD200366,5,5400.0,MTN MoMo,CASH-5349,2024-11-17 12:04:00
TXN90006804,ECOM01,CUST101750,PRD200179,2,6750.0,Airtel Money,CASH-9808,2024-08-29 06:16:00
TXN90006805,ST16,CUST100375,PRD200432,1,57500.0,Cash,AM245396546,2024-10-13 02:19:00
TXN90006806,ST23,CUST104271,PRD200055,2,6500.0,AirtelMoney,AM313686576,2024-07-06 07:50:00
TXN90006807,ST09,,PRD200330,-1,63000.0,momo,CASH-1858,2024-08-14 20:24:00
TXN90006808,ST12,CUST103056,PRD200481,3,1250.0,Airtel Money,AM826445635,2024-09-08 17:33:00
TXN90006809,ST16,CUST104087,PRD200353,2,1875.0,MTN Mobile Money,AM318408511,2024-08-17 15:39:00
TXN90006810,ST06,CUST104036,PRD200670,1,8250.0,AirtelMoney,AM421822747,2024-10-25 13:01:00
TXN90006811,ST21,CUST100480,PRD200156,1,26000.0,momo,CASH-6671,13/07/2024 05:02
TXN90006812,ECOM01,CUST104763,PRD200915,4,12500.0,Cash,CASH-8001,09/07/2024 08:40
TXN90006813,ST18,CUST103800,PRD201121,2,900.0,CASH,AM919486815,2024-11-16 07:03:00
TXN90006814,ST21,CUST103264,PRD200563,1,17250.0,MTN MoMo,AM171933376,2024-07-13 18:30:00
TXN90006815,ECOM01,CUST103418,PRD201079,2,1800.0,MTN MoMo,MP376744853,2024-10-07 21:37:00
TXN90006816,ST23,CUST103640,PRD200874,2,6000.0,Card,AUTH77821,2024-10-10 16:21:00
TXN90006817,ECOM01,,PRD200686,2,5400.0,Cash,CASH-1642,2024-07-04 10:26:00
TXN90006818,ECOM01,CUST104336,PRD200390,1,2700.0,Airtel Money,AM505079703,2024-10-15 05:29:00
TXN90006819,ST15,CUST104259,PRD200908,2,3600.0,Cash,CASH-6810,17/08/2024 01:38
TXN90006820,ST16,CUST102606,PRD200987,1,30000.0,MTN MoMo,CASH-3373,15/09/2024 08:39
TXN90006821,ST05,CUST101675,PRD200699,2,15000.0,MTN MoMo,AUTH91875,2024-08-14 19:21:00
TXN90006822,ST18,CUST104361,PRD201137,-1,12500.0,MTN Mobile Money,CASH-2720,2024-08-25 08:12:00
TXN90006823,ST18,CUST102822,PRD200954,1,38500.0,Card,,2024-10-02 10:48:00
TXN90006824,ECOM01,CUST103741,PRD200691,3,1500.0,MTN MoMo,MP124006572,2024-08-09 06:58:00
TXN90006825,ECOM01,CUST103624,PRD200879,2,2500.0,momo,AUTH65408,2024-08-14 21:25:00
TXN90006826,ST02,CUST104154,PRD200209,1,5500.0,AirtelMoney,AM680547782,2024-10-15 10:26:00
TXN90006827,ST20,CUST103293,PRD200251,-2,3250.0,MTN Mobile Money,,2024-10-02 08:51:00
TXN90006828,ECOM01,CUST101993,PRD200413,1,25000.0,Card,MP877160306,2024-07-26 11:39:00
TXN90006829,ST13,CUST100797,PRD200505,1,1125.0,Card,AUTH78779,2024-09-25 14:17:00
TXN90006830,ST02,CUST102657,PRD200181,3,9750.0,Cash,AUTH68660,2024-07-14 19:10:00
TXN90006831,ST22,CUST104607,PRD200478,4,3750.0,Cash,CASH-7311,24/11/2024 23:44
TXN90006832,ST13,CUST103984,PRD200937,4,13000.0,Airtel Money,MP260850702,2024-09-10 07:52:00
TXN90006833,ST12,CUST102542,PRD200597,4,5750.0,Cash,,2024-10-28 23:11:00
TXN90006834,ST02,CUST102848,PRD200196,2,5536.64,Cash,MP855456039,2024-07-06 04:02:00
TXN90006835,ST10,CUST103270,PRD201010,1,18750.0,Cash,,2024-07-01 11:59:00
TXN90006836,ECOM01,CUST102005,PRD201043,1,900.0,Cash,MP426295940,2024-11-14 08:08:00
TXN90006837,ST14,CUST100209,PRD200983,1,1725.0,MTN MoMo,AM487573271,2024-10-18 19:46:00
TXN90006838,ST09,CUST100593,PRD200686,1,5400.0,momo,AM288970682,2024-12-06 06:47:00
TXN90006839,ST20,CUST100564,PRD200975,1,36000.0,Airtel Money,AM783456433,2024-11-20 18:42:00
TXN90006840,ECOM01,CUST102331,PRD200653,3,2700.0,MTN MoMo,AUTH11079,2024-09-07 18:51:00
TXN90006841,ST08,CUST101803,PRD200663,1,750.0,MTN MoMo,AM194279354,2024-07-02 09:49:00
TXN90006842,ST05,CUST104696,PRD200802,1,5400.0,Airtel Money,,2024-12-26 19:18:00
TXN90006843,ST10,CUST104129,PRD200069,3,9000.0,Cash,CASH-4556,2024-08-04 18:51:00
TXN90006844,ECOM01,CUST103381,PRD200300,1,5400.0,MTN Mobile Money,AUTH17553,28/11/2024 15:52
TXN90006845,ECOM01,CUST104262,PRD200697,1,60000.0,Cash,AUTH86537,2024-09-25 07:31:00
TXN90006846,ST11,CUST103317,PRD200889,2,UGX9000,Airtel Money,CASH-8462,2024-08-27 21:56:00
TXN90006847,ECOM01,,PRD200876,1,30000.0,MTN Mobile Money,CASH-2176,2024-11-06 16:28:00
TXN90006848,ST22,CUST102989,PRD200159,3,1150.0,Airtel Money,MP524491123,2024-09-26 19:58:00
TXN90006849,ST18,CUST100016,PRD200580,4,3300.0,MTN MoMo,AUTH98518,2024-10-11 02:55:00
TXN90006850,ST06,CUST100668,PRD200546,2,5175.0,Airtel Money,AUTH34720,2024-07-15 16:09:00
TXN90006851,ST14,CUST103388,PRD200009,1,5500.0,MTN Mobile Money,,05/11/2024 01:32
TXN90006852,ST18,CUST100443,PRD200127,2,12500.0,MTN MoMo,,2024-12-13 04:30:00
TXN90006853,ST17,CUST103176,PRD200544,1,18750.0,AirtelMoney,AUTH27874,2024-08-25 06:06:00
TXN90006854,ST13,CUST102077,PRD200719,1,1300.0,MTN MoMo,AM479945724,2024-11-28 17:26:00
TXN90006855,ST06,CUST103006,PRD200431,3,2200.0,AirtelMoney,AM180157756,2024-08-02 18:45:00
TXN90006856,ST03,CUST104487,PRD200590,5,30000.0,CASH,MP652145608,2024-11-29 15:33:00
TXN90006857,ST12,CUST102695,PRD200862,1,17250.0,Cash,MP191422772,2024-08-09 15:14:00
TXN90006858,ST22,CUST100917,PRD200018,4,2200.0,AirtelMoney,,2024-07-20 16:09:00
TXN90006859,ECOM01,CUST104930,PRD200612,1,12000.0,MTN MoMo,MP589648448,2024-08-11 19:00:00
TXN90006860,ST18,CUST102273,PRD201136,2,2250.0,Card,AUTH31617,2024-10-19 00:07:00
TXN90006861,ST05,CUST100945,PRD200850,1,1200.0,momo,AM486049250,2024-12-01 03:03:00
TXN90006862,ST05,CUST104669,PRD200761,-1,1350.0,AirtelMoney,AUTH57529,2024-11-14 05:50:00
TXN90006863,ST12,CUST100830,PRD200879,4,2500.0,MTN Mobile Money,AUTH64887,2024-08-23 05:26:00
TXN90006864,ST03,,PRD200598,1,862.5,momo,AM764265706,2024-08-21 07:14:00
TXN90006865,ST23,CUST101108,PRD200888,1,3750.0,Airtel Money,CASH-4126,2024-10-13 21:14:00
TXN90006866,ST23,CUST103741,PRD200130,2,14276.88,Cash,CASH-9656,2024-07-08 03:05:00
TXN90006867,ST13,CUST101792,PRD200690,2,5750.0,MTN MoMo,AUTH28812,2024-09-20 17:19:00
TXN90006868,ECOM01,CUST103093,PRD201132,-2,2400.0,MTN Mobile Money,,2024-11-09 01:27:00
TXN90006869,ST02,CUST102882,PRD201116,4,18000.0,Cash,CASH-8030,2024-08-27 01:24:00
TXN90006870,ST01,CUST103114,PRD201007,1,4500.0,Airtel Money,CASH-9096,2024-08-08 01:46:00
TXN90006871,ST20,CUST104478,PRD200466,3,8625.0,MTN Mobile Money,AUTH96044,2024-09-05 00:48:00
TXN90006872,ECOM01,CUST103908,PRD200377,1,1950.0,MTN MoMo,AM836892360,2024-10-06 01:29:00
TXN90006873,ST03,CUST101583,PRD200725,2,3750.0,MTN Mobile Money,AUTH23674,2024-09-17 13:20:00
TXN90006874,ST23,CUST101291,PRD201032,3,5750.0,Cash,MP930655855,2024-11-01 01:59:00
TXN90006875,ECOM01,CUST101572,PRD200023,1,3600.0,Cash,AUTH25218,2024-07-02 21:04:00
TXN90006876,ST04,CUST104343,PRD200828,4,13000.0,Airtel Money,MP772893469,2024-12-11 18:43:00
TXN90006877,ST12,CUST102124,PRD200510,2,12000.0,MTN Mobile Money,MP583810718,2024-09-16 03:13:00
TXN90006878,ST07,CUST101164,PRD200581,-2,3750.0,MTN MoMo,MP157410962,2024-10-31 19:05:00
TXN90006879,ST17,CUST100637,PRD200936,3,63000.0,Cash,,2024-12-02 06:04:00
TXN90006880,ST23,CUST102906,PRD201038,5,60000.0,MTN MoMo,AM441194315,2024-10-06 09:30:00
TXN90006881,ST05,CUST101445,PRD200025,1,1875.0,momo,AM329448617,2024-09-04 11:12:00
TXN90006882,ST18,CUST101374,PRD200539,2,5625.0,CASH,AM998653372,31/10/2024 04:34
TXN90006883,ST05,CUST101976,PRD200694,1,11000.0,MTN Mobile Money,AM904895986,28/07/2024 23:45
TXN90006884,ST05,CUST103745,PRD200198,1,UGX3000,CASH,CASH-8667,2024-08-03 10:13:00
TXN90006885,ST07,,PRD200013,3,8250.0,Airtel Money,AM814309507,2024-07-16 21:00:00
TXN90006886,ST17,CUST101932,PRD201015,1,62500.0,MTN MoMo,AM370926406,2024-07-24 11:42:00
TXN90006887,ST17,CUST100780,PRD200126,3,750.0,MTN MoMo,AUTH68681,2024-09-25 02:27:00
TXN90006888,ST23,CUST102016,PRD200814,1,2490.01,MTN MoMo,MP854302611,2024-09-19 07:16:00
TXN90006889,ST10,CUST103003,PRD201152,1,2250.0,MTN MoMo,AUTH53455,2024-09-30 20:31:00
TXN90006890,ST01,CUST100969,PRD200657,1,1500.0,MTN MoMo,AUTH54488,12/07/2024 17:14
TXN90006891,ST20,CUST102015,PRD200781,4,"UGX 25,000",Card,AM542646276,2024-11-27 03:17:00
TXN90006892,ST15,CUST104862,PRD200628,1,3750.0,MTN MoMo,MP928513929,2024-12-15 17:14:00
TXN90006893,ST06,CUST104932,PRD200789,2,625.0,MTN MoMo,CASH-1644,2024-10-30 07:26:00
TXN90006894,ECOM01,,PRD200404,3,2250.0,Airtel Money,AM184301128,2024-11-11 15:52:00
TXN90006895,ST23,CUST104409,PRD200545,2,5400.0,Cash,MP370788542,08/09/2024 20:13
TXN90006896,ECOM01,CUST104576,PRD200613,1,36000.0,Airtel Money,CASH-4756,2024-11-20 00:42:00
TXN90006897,ST05,CUST103020,PRD200026,1,12500.0,AirtelMoney,,2024-07-21 07:14:00
TXN90006898,ST04,CUST104450,PRD201063,4,600.0,MTN MoMo,CASH-6125,2024-10-15 16:57:00
TXN90006899,ST03,CUST104145,PRD200875,1,4036.94,CASH,,2024-07-09 23:26:00
TXN90006900,ST10,CUST101140,PRD200421,4,6000.0,Airtel Money,CASH-7577,2024-09-24 07:55:00
TXN90006901,ECOM01,CUST102430,PRD201142,2,12500.0,momo,,2024-09-18 18:44:00
TXN90006902,ST05,CUST103245,PRD200398,1,40250.0,Airtel Money,AUTH36040,27/08/2024 08:24
TXN90006903,ST14,CUST102134,PRD200850,1,1200.0,MTN MoMo,AM744351866,2024-10-16 08:39:00
TXN90006904,ST20,CUST103656,PRD200081,2,4500.0,Cash,AM321184527,23/11/2024 15:21
TXN90006905,ST18,CUST104736,PRD200823,1,2600.0,MTN MoMo,AUTH33501,2024-10-03 12:58:00
TXN90006906,ST21,,PRD200320,1,43750.0,MTN MoMo,AM850686896,2024-08-20 17:58:00
TXN90006907,ST08,,PRD201098,1,75000.0,MTN MoMo,MP343305107,2024-12-23 08:54:00
TXN90006908,ST04,,PRD200562,1,2250.0,Card,AM660249765,2024-09-13 17:24:00
TXN90006909,ST03,CUST103211,PRD200869,2,2700.0,Airtel Money,AUTH71460,2024-08-24 08:49:00
TXN90006910,ST02,CUST103519,PRD200137,1,900.0,Airtel Money,AM394614523,2024-07-28 21:04:00
TXN90006911,ST10,CUST101527,PRD200753,2,5625.0,MTN MoMo,CASH-1990,2024-07-11 13:42:00
TXN90006912,ST05,CUST101453,PRD200038,2,"UGX 4,500",CASH,AUTH41174,2024-11-09 06:36:00
TXN90006913,ST11,CUST100675,PRD200208,2,900.0,AirtelMoney,AM748243024,2024-11-10 13:10:00
TXN90006914,ST13,CUST103611,PRD200805,1,8100.0,MTN MoMo,MP704014296,2024-11-07 20:32:00
TXN90006915,ST01,CUST102185,PRD200658,2,550.0,MTN Mobile Money,,2024-08-14 15:39:00
TXN90006916,ST04,,PRD200888,1,3750.0,MTN MoMo,AM427085759,2024-12-05 02:17:00
TXN90006917,ST06,,PRD200669,3,40250.0,Card,CASH-6111,2024-10-04 13:05:00
TXN90006918,ECOM01,,PRD200997,1,17250.0,Cash,,2024-07-21 14:35:00
TXN90006919,ST02,CUST104305,PRD201080,-2,6250.0,Cash,MP645876916,2024-09-08 10:48:00
TXN90006920,ST14,CUST103399,PRD200307,4,UGX65000,Airtel Money,AUTH22144,2024-10-18 04:21:00
TXN90006921,ST10,CUST100525,PRD201163,1,3900.0,Airtel Money,CASH-3315,2024-09-14 05:30:00
TXN90006922,ECOM01,CUST102108,PRD200383,2,5500.0,Cash,,2024-08-08 04:59:00
TXN90006923,ST23,CUST104077,PRD200415,1,11000.0,Airtel Money,MP765828718,2024-09-29 16:28:00
TXN90006924,ECOM01,CUST102594,PRD200210,2,5500.0,AirtelMoney,MP769650403,2024-08-18 16:00:00
TXN90006925,ST04,CUST102515,PRD200551,1,6750.0,MTN MoMo,AM436919990,2024-10-05 01:22:00
TXN90006926,ST15,CUST100642,PRD200809,2,5850.0,Card,MP506938441,21/09/2024 04:09
TXN90006927,ST22,,PRD200340,2,18750.0,Cash,AM422242251,2024-12-16 13:22:00
TXN90006928,ST20,CUST102010,PRD200821,2,9603.04,MTN MoMo,MP742643980,2024-08-08 06:30:00
TXN90006929,ST21,CUST101092,PRD201114,4,6750.0,Airtel Money,AM620360511,2024-07-16 00:47:00
TXN90006930,ST10,CUST100881,PRD201110,2,5175.0,Cash,AUTH17311,2024-07-03 12:07:00
TXN90006931,ECOM01,CUST101036,PRD200598,-2,862.5,MTN MoMo,CASH-6158,2024-10-02 03:06:00
TXN90006932,ECOM01,CUST101470,PRD200152,1,30000.0,CASH,MP962085909,17/12/2024 16:08
TXN90006933,ECOM01,CUST103171,PRD200262,4,600.0,CASH,CASH-9739,2024-07-08 22:31:00
TXN90006934,ECOM01,CUST100315,PRD200977,1,8250.0,Cash,MP690922503,12/08/2024 17:21
TXN90006935,ST23,CUST101756,PRD201047,1,5400.0,MTN MoMo,CASH-8880,2024-11-28 14:23:00
TXN90006936,ST19,CUST101315,PRD200474,1,2200.0,Airtel Money,,08/11/2024 02:03
TXN90006937,ST22,CUST103957,PRD200392,1,7500.0,MTN MoMo,AUTH32443,2024-12-14 16:02:00
TXN90006938,ST06,CUST102636,PRD201048,1,90000.0,MTN MoMo,,13/08/2024 10:38
TXN90006939,ECOM01,CUST103028,PRD200980,3,625.0,MTN MoMo,AM209274257,2024-09-08 04:01:00
TXN90006940,ST18,CUST100333,PRD200856,1,19500.0,AirtelMoney,AUTH49785,16/08/2024 20:43
TXN90006941,ST02,CUST101239,PRD200075,1,15000.0,Airtel Money,CASH-1919,2024-07-07 19:11:00
TXN90006942,ST18,CUST101775,PRD200606,1,43750.0,MTN MoMo,,2024-11-13 13:21:00
TXN90006943,ST03,CUST100562,PRD200200,2,62500.0,AirtelMoney,AUTH13869,2024-11-10 08:32:00
TXN90006944,ECOM01,CUST100059,PRD200498,1,625,Card,CASH-7432,2024-07-21 07:11:00
TXN90006945,ST05,CUST100112,PRD201140,-1,5850.0,MTN MoMo,CASH-9123,29/09/2024 14:14
TXN90006946,ECOM01,CUST101470,PRD200863,2,27000.0,Cash,AUTH66566,2024-11-12 19:05:00
TXN90006947,ST05,CUST104971,PRD200339,2,682.36,Airtel Money,CASH-3767,2024-12-06 08:59:00
TXN90006948,ST09,CUST104215,PRD200386,3,62500.0,MTN MoMo,CASH-4195,06/12/2024 11:26
TXN90006949,ECOM01,,PRD200077,1,2250.0,Cash,CASH-8927,2024-07-17 19:19:00
TXN90006950,ST15,CUST103891,PRD200801,1,9000.0,Airtel Money,CASH-9959,2024-08-31 01:33:00
TXN90006951,ST06,CUST100670,PRD200660,1,62500.0,MTN Mobile Money,AM501186704,12/11/2024 23:15
TXN90006952,ECOM01,CUST103257,PRD200180,1,5400.0,MTN MoMo,MP740521463,2024-12-22 21:24:00
TXN90006953,ST21,CUST100491,PRD200767,1,937.5,MTN Mobile Money,CASH-3893,2024-09-26 05:38:00
TXN90006954,ECOM01,CUST104104,PRD200627,2,55000.0,Cash,AM416504603,2024-09-30 12:02:00
TXN90006955,ST18,CUST103800,PRD201146,-2,23000.0,MTN MoMo,AM802982709,2024-07-21 21:20:00
TXN90006956,ST19,CUST103252,PRD200684,3,6750.0,Card,MP891356787,2024-07-16 08:03:00
TXN90006957,ST23,CUST102047,PRD200900,1,750.0,AirtelMoney,MP469741212,2024-09-03 14:52:00
TXN90006958,ECOM01,,PRD200872,2,1950.0,MTN MoMo,AUTH92356,2024-09-04 22:34:00
TXN90006959,ST15,CUST101463,PRD200239,3,1350.0,MTN Mobile Money,AM553547308,2024-11-20 07:10:00
TXN90006960,ECOM01,CUST103503,PRD200917,1,UGX3450,Cash,CASH-7038,2024-09-03 09:16:00
TXN90006961,ECOM01,,PRD200066,1,1250.0,Airtel Money,AUTH20532,2024-08-16 13:23:00
TXN90006962,ST07,CUST101295,PRD200961,1,4500.0,MTN Mobile Money,CASH-7948,2024-10-08 16:22:00
TXN90006963,ST07,CUST104323,PRD200403,3,4950.0,MTN MoMo,AUTH22798,2024-08-11 11:10:00
TXN90006964,ST04,CUST102646,PRD200725,2,3750.0,Card,AUTH63217,20/09/2024 08:12
TXN90006965,ST18,CUST101666,PRD200664,1,1725.0,CASH,CASH-6494,2024-10-24 04:37:00
TXN90006966,ST21,CUST104933,PRD200094,1,43750.0,MTN MoMo,MP804928221,2024-11-08 06:08:00
TXN90006967,ECOM01,CUST101936,PRD201115,1,"UGX 3,000",Cash,CASH-2733,2024-09-13 13:28:00
TXN90006968,ST23,,PRD200825,1,550.0,Airtel Money,AUTH83151,2024-10-20 17:06:00
TXN90006969,ST07,CUST103592,PRD200101,1,3750.0,Cash,MP473962051,2024-07-11 00:30:00
TXN90006970,ST21,CUST100798,PRD200183,1,4500.0,MTN Mobile Money,AUTH26869,2024-11-02 19:59:00
TXN90006971,ST02,CUST101486,PRD201080,3,6250.0,momo,AM972497015,2024-11-08 12:58:00
TXN90006972,ST22,CUST100236,PRD200379,1,900.0,Cash,AUTH43214,2024-09-04 03:45:00
TXN90006973,ST21,CUST100379,PRD200003,2,9375.0,MTN MoMo,,2024-08-14 04:50:00
TXN90006974,ECOM01,CUST100548,PRD200422,1,8100.0,MTN Mobile Money,,2024-07-06 02:38:00
TXN90006975,ST12,,PRD200461,3,9000.0,Airtel Money,CASH-8652,2024-12-12 11:59:00
TXN90006976,ST11,CUST103782,PRD200861,2,1500.0,momo,,2024-08-25 04:36:00
TXN90006977,ECOM01,CUST102745,PRD200594,1,22000.0,Airtel Money,CASH-6474,2024-10-03 00:15:00
TXN90006978,ST09,CUST103878,PRD200824,1,3250.0,Cash,MP816583002,2024-10-05 10:54:00
TXN90006979,ST02,CUST101290,PRD200903,3,90000.0,Cash,AM897570246,2024-11-22 11:14:00
TXN90006980,ST03,CUST104879,PRD200243,2,600.0,Airtel Money,MP599329828,22/09/2024 10:48
TXN90006981,ST20,CUST104991,PRD200990,2,52500.0,Cash,CASH-5724,2024-08-17 21:43:00
TXN90006982,ST12,CUST103182,PRD201013,4,5750.0,MTN MoMo,AUTH12602,2024-08-04 05:39:00
TXN90006983,ST19,CUST102795,PRD200166,2,11000.0,AirtelMoney,CASH-2989,2024-11-05 08:15:00
TXN90006984,ST18,CUST104905,PRD201066,3,57500.0,Airtel Money,MP499842529,2024-10-21 02:38:00
TXN90006985,ECOM01,CUST103516,PRD200252,4,937.5,MTN Mobile Money,MP807757446,2024-12-07 09:15:00
TXN90006986,ST20,CUST103270,PRD201066,1,57500.0,MTN Mobile Money,MP174590052,2024-10-17 23:14:00
TXN90006987,ST17,CUST103344,PRD201004,1,"3,250",Cash,AUTH76436,2024-10-11 15:47:00
TXN90006988,ST09,CUST103321,PRD200746,1,1650.0,MTN Mobile Money,CASH-3685,01/08/2024 21:21
TXN90006989,ST14,CUST103103,PRD201150,1,25000.0,MTN MoMo,MP113896967,2024-10-06 07:29:00
TXN90006990,ST04,CUST103090,PRD200102,3,1200.0,CASH,MP310987955,2024-12-18 20:35:00
TXN90006991,ST14,CUST100003,PRD200387,2,"6,750",Cash,MP368335335,2024-09-20 21:49:00
TXN90006992,ECOM01,CUST103889,PRD200602,2,6000.0,Cash,AM247550840,2024-10-14 22:40:00
TXN90006993,ST12,CUST104407,PRD200400,4,5625.0,Airtel Money,MP515756307,2024-09-11 08:08:00
TXN90006994,ECOM01,CUST104418,PRD200268,1,25000.0,CASH,AM353354021,2024-11-25 06:48:00
TXN90006995,ST14,CUST102340,PRD200342,3,6750.0,MTN MoMo,CASH-1866,2024-12-12 04:35:00
TXN90006996,ST08,CUST102892,PRD200105,-2,"25,000",CASH,AM196115321,2024-07-02 08:36:00
TXN90006997,ST05,CUST102881,PRD200692,1,UGX23000,Cash,,12/08/2024 10:41
TXN90006998,ST14,CUST102018,PRD200696,1,5500.0,Card,MP945689681,2024-08-24 01:29:00
TXN90006999,ST15,CUST102994,PRD200125,2,1800.0,MTN MoMo,AUTH10337,2024-11-04 21:42:00
TXN90007000,ST06,CUST101295,PRD200988,3,1800.0,AirtelMoney,AM585046364,2024-10-15 15:01:00
TXN90007001,ST12,CUST101395,PRD200675,2,57500.0,Cash,CASH-2166,2024-07-01 22:01:00
TXN90007002,ST15,CUST100770,PRD200969,1,4500.0,MTN MoMo,AM397621351,2024-07-18 16:02:00
TXN90007003,ST16,CUST101774,PRD200655,3,2250.0,CASH,AM135270345,10/12/2024 03:35
TXN90007004,ST22,CUST103519,PRD200190,5,60000.0,CASH,AUTH81057,03/12/2024 09:59
TXN90007005,ECOM01,CUST101970,PRD200041,1,11500.0,MTN MoMo,AM593733606,2024-07-15 19:22:00
TXN90007006,ST21,CUST102578,PRD200719,1,UGX1300,MTN Mobile Money,AM763771055,2024-08-30 14:25:00
TXN90007007,ST20,CUST100328,PRD200317,-2,45500.0,AirtelMoney,AM367436865,2024-07-18 06:15:00
TXN90007008,ECOM01,CUST100657,PRD200275,2,8625.0,MTN MoMo,AM904238688,2024-11-25 01:49:00
TXN90007009,ST14,,PRD200654,1,22000.0,momo,AM904468088,2024-10-12 06:46:00
TXN90007010,ECOM01,,PRD201155,2,2750.0,MTN MoMo,AM226054642,2024-10-29 08:04:00
TXN90007011,ST19,CUST100301,PRD200728,1,1958.36,momo,AM872812620,01/08/2024 08:03
TXN90007012,ST23,CUST102947,PRD200140,1,23000.0,MTN MoMo,AUTH39302,2024-08-31 12:40:00
TXN90007013,ST03,CUST104559,PRD200374,4,19500.0,MTN MoMo,MP224341841,2024-08-06 09:36:00
TXN90007014,ST12,,PRD200198,4,3000.0,Cash,AUTH10092,2024-09-07 15:32:00
TXN90007015,ST22,CUST104367,PRD201109,1,8100.0,CASH,MP764284021,2024-11-15 00:12:00
TXN90007016,ST04,CUST104844,PRD200178,1,9375.0,AirtelMoney,AUTH44964,2024-08-18 00:19:00
TXN90007017,ST23,CUST103338,PRD200151,1,11000.0,AirtelMoney,,2024-09-04 22:32:00
TXN90007018,ST06,CUST101923,PRD200124,1,2875.0,MTN MoMo,,2024-11-23 11:06:00
TXN90007019,ST10,CUST100195,PRD201151,3,23000.0,momo,AM251210387,2024-07-01 02:14:00
TXN90007020,ECOM01,,PRD200874,1,6000.0,momo,,2024-08-30 01:43:00
TXN90007021,ST07,CUST104610,PRD200692,2,23000.0,Cash,AUTH27452,2024-10-05 04:15:00
TXN90007022,ST17,CUST102852,PRD200743,3,575.0,MTN MoMo,AUTH87781,2024-10-23 05:09:00
TXN90007023,ST04,CUST103920,PRD200072,1,5850.0,Cash,MP101912164,2024-11-03 16:21:00
TXN90007024,ST13,CUST104696,PRD200699,3,15000.0,CASH,AUTH60307,2024-11-28 06:30:00
TXN90007025,ECOM01,CUST102538,PRD200509,4,9375.0,MTN MoMo,AUTH14759,2024-11-25 09:05:00
TXN90007026,ECOM01,,PRD200730,4,6750.0,AirtelMoney,,11/08/2024 13:46
TXN90007027,ST05,CUST103318,PRD200129,1,1350.0,MTN MoMo,,2024-09-02 02:35:00
TXN90007028,ST19,CUST104985,PRD200056,1,40250.0,CASH,MP575893557,2024-09-03 07:41:00
TXN90007029,ST11,CUST104305,PRD200606,3,43750.0,MTN Mobile Money,CASH-6382,2024-07-31 09:52:00
TXN90007030,ECOM01,CUST104933,PRD200972,1,UGX12000,MTN Mobile Money,MP844707458,2024-08-24 16:22:00
TXN90007031,ST01,CUST101401,PRD200335,4,52500.0,MTN MoMo,AM584084744,2024-07-09 08:14:00
TXN90007032,ECOM01,CUST102388,PRD200201,4,22000.0,Cash,AUTH17991,2024-09-02 04:09:00
TXN90007033,ST20,CUST100444,PRD200685,-2,1150.0,CASH,AM670509109,2024-08-26 09:42:00
TXN90007034,ECOM01,CUST100498,PRD200287,2,4500.0,MTN Mobile Money,CASH-8140,2024-08-09 16:49:00
TXN90007035,ST07,CUST102165,PRD200718,2,UGX2300,Cash,AUTH34854,15/08/2024 21:50
TXN90007036,ST23,CUST104120,PRD200877,3,650.0,Airtel Money,AUTH74021,14/07/2024 04:45
TXN90007037,ST16,,PRD200482,2,25000.0,momo,AM784887549,2024-08-03 05:22:00
TXN90007038,ST02,CUST103011,PRD200114,1,13500.0,AirtelMoney,MP428122444,2024-08-24 02:01:00
TXN90007039,ST22,CUST102662,PRD201105,-2,15000.0,AirtelMoney,MP382496726,02/08/2024 12:57
TXN90007040,ST16,CUST102234,PRD200370,1,38500.0,MTN Mobile Money,AM840147531,2024-07-21 18:57:00
TXN90007041,ST18,CUST102072,PRD200682,1,3300.0,MTN MoMo,AUTH74080,2024-08-12 09:06:00
TXN90007042,ST07,CUST101922,PRD200883,2,4500.0,AirtelMoney,MP125883017,2024-09-19 07:59:00
TXN90007043,ST22,CUST102598,PRD200620,2,75000.0,Cash,CASH-7856,2024-08-08 10:51:00
TXN90007044,ST07,CUST104663,PRD200556,2,63000.0,MTN MoMo,CASH-8003,2024-08-10 06:49:00
TXN90007045,ST20,CUST101846,PRD200557,1,19500.0,MTN Mobile Money,AUTH63637,2024-11-13 21:56:00
TXN90007046,ECOM01,CUST101473,PRD200893,2,3250.0,MTN Mobile Money,,2024-09-09 10:45:00
TXN90007047,ST10,CUST102448,PRD200509,1,9375.0,Airtel Money,CASH-4967,2024-08-18 02:19:00
TXN90007048,ST09,CUST102640,PRD200301,2,1250.0,Airtel Money,MP761707547,2024-07-11 14:47:00
TXN90007049,ECOM01,CUST103830,PRD200971,2,8100.0,Card,CASH-7476,2024-09-25 18:04:00
TXN90007050,ECOM01,CUST100648,PRD201034,5,36000.0,MTN MoMo,MP459297036,2024-07-30 00:38:00
TXN90007051,ECOM01,CUST103883,PRD200276,1,575.0,CASH,AUTH27837,2024-08-19 19:49:00
TXN90007052,ST13,CUST100952,PRD200927,2,600.0,MTN Mobile Money,AM398644425,2024-08-12 12:59:00
TXN90007053,ST22,CUST100738,PRD201021,2,18000.0,momo,AM756846553,2024-09-13 04:11:00
TXN90007054,ST07,CUST103361,PRD200532,2,"19,500",Airtel Money,MP575458221,23/08/2024 17:33
TXN90007055,ECOM01,CUST100862,PRD200645,3,8388.73,MTN MoMo,AM831363820,2024-09-24 06:53:00
TXN90007056,ST12,CUST103634,PRD200112,1,3313.64,Card,MP650023852,2024-10-29 11:07:00
TXN90007057,ST03,CUST102945,PRD200763,1,UGX27000,Airtel Money,,2024-10-26 06:33:00
TXN90007058,ST01,CUST100904,PRD200281,1,25000.0,Cash,MP988399000,2024-07-13 18:09:00
TXN90007059,ECOM01,,PRD200743,1,575.0,CASH,MP517470827,2024-10-10 09:29:00
TXN90007060,ECOM01,,PRD200253,3,9750.0,Airtel Money,CASH-9300,2024-10-02 08:00:00
TXN90007061,ST18,CUST100738,PRD200315,1,6250.0,MTN MoMo,MP335112490,2024-07-21 09:08:00
TXN90007062,ST07,,PRD201092,4,11250.0,MTN Mobile Money,CASH-8897,2024-07-08 06:55:00
TXN90007063,ST10,CUST101365,PRD200201,1,22000.0,CASH,AUTH25832,2024-08-06 23:32:00
TXN90007064,ST17,CUST100133,PRD200687,1,60000.0,Airtel Money,AM367520387,2024-10-24 12:39:00
TXN90007065,ST05,CUST100193,PRD200467,5,10690.04,MTN MoMo,AM329461674,2024-09-29 05:49:00
TXN90007066,ST10,CUST102524,PRD200531,3,5625.0,MTN MoMo,CASH-7619,2024-09-23 22:34:00
TXN90007067,ECOM01,CUST101209,PRD200481,2,1250.0,MTN Mobile Money,AM512296603,2024-12-11 06:47:00
TXN90007068,ST20,CUST104443,PRD200938,1,3900.0,MTN MoMo,MP683305974,2024-08-31 14:06:00
TXN90007069,ECOM01,CUST102466,PRD201054,1,5175.0,Cash,MP616947664,2024-12-15 07:28:00
TXN90007070,ECOM01,CUST104163,PRD200939,1,18750.0,AirtelMoney,CASH-4300,2024-07-21 18:40:00
TXN90007071,ST21,CUST103903,PRD200316,3,1800.0,MTN MoMo,AUTH52062,2024-07-25 01:11:00
TXN90007072,ECOM01,CUST101431,PRD200467,2,10690.04,Airtel Money,MP568642283,2024-10-24 00:34:00
TXN90007073,ST18,CUST102173,PRD200394,1,3600.0,AirtelMoney,AUTH65823,2024-08-16 05:03:00
TXN90007074,ST13,CUST102888,PRD200603,-1,6250.0,MTN MoMo,MP462591383,2024-11-07 05:31:00
TXN90007075,ST08,CUST104637,PRD200710,1,UGX75000,AirtelMoney,,2024-08-01 08:46:00
TXN90007076,ST19,CUST104152,PRD200497,2,600.0,Cash,CASH-9451,2024-08-13 09:33:00
TXN90007077,ST12,CUST101527,PRD200405,1,45500.0,MTN MoMo,AM952008628,2024-10-02 07:52:00
TXN90007078,ST07,CUST100808,PRD200227,4,550.0,AirtelMoney,AUTH14563,29/08/2024 18:03
TXN90007079,ECOM01,CUST102192,PRD200141,1,5175.0,CASH,CASH-7099,2024-09-29 20:30:00
TXN90007080,ST04,CUST102922,PRD200332,1,6250.0,MTN MoMo,CASH-2284,2024-08-19 17:18:00
TXN90007081,ST19,CUST103888,PRD200713,1,1500.0,Airtel Money,CASH-7405,05/12/2024 21:24
TXN90007082,ST02,CUST102182,PRD200171,2,24000.0,Airtel Money,MP408857388,2024-07-04 21:19:00
TXN90007083,ST04,CUST100950,PRD200230,3,2200.0,MTN MoMo,,22/11/2024 09:58
TXN90007084,ST14,CUST100379,PRD200267,1,900.0,AirtelMoney,MP719400912,18/09/2024 07:56
TXN90007085,ST14,CUST100773,PRD200207,3,25000.0,AirtelMoney,MP898158366,2024-07-24 08:42:00
TXN90007086,ST14,CUST100587,PRD200432,4,57500.0,Cash,AM744284669,30/11/2024 05:00
TXN90007087,ECOM01,CUST102043,PRD200747,-1,"UGX 2,300",MTN MoMo,CASH-4232,2024-10-03 12:17:00
TXN90007088,ST13,,PRD200502,1,2250.0,MTN Mobile Money,CASH-2185,2024-12-26 04:55:00
TXN90007089,ST16,CUST103048,PRD200609,3,900.0,Cash,MP496394390,2024-11-15 00:13:00
TXN90007090,ST03,CUST104815,PRD200093,1,19500.0,momo,AUTH81726,2024-08-07 03:07:00
TXN90007091,ST17,CUST102114,PRD201064,3,19500.0,MTN MoMo,MP508695161,2024-08-10 04:07:00
TXN90007092,ST10,CUST101463,PRD201141,2,"UGX 36,000",MTN Mobile Money,CASH-2961,04/08/2024 12:10
TXN90007093,ST12,,PRD200894,3,3125.0,Airtel Money,AUTH35137,2024-11-11 16:50:00
TXN90007094,ST03,CUST101298,PRD200213,3,11000.0,Cash,AM445018735,2024-09-01 00:25:00
TXN90007095,ECOM01,CUST101728,PRD200489,3,3600.0,MTN MoMo,AUTH90450,2024-12-11 14:17:00
TXN90007096,ST15,CUST103235,PRD201099,1,2750.0,CASH,,2024-07-21 07:10:00
TXN90007097,ST06,CUST104440,PRD201099,5,"2,750",Cash,MP675741024,2024-10-09 12:43:00
TXN90007098,ST13,CUST102089,PRD200425,1,43750.0,MTN MoMo,MP217780227,28/07/2024 17:25
TXN90007099,ST10,CUST101778,PRD200453,3,9750.0,MTN Mobile Money,AM173099546,2024-11-27 03:46:00
TXN90007100,ST21,CUST102025,PRD200594,1,22000.0,Card,MP874783084,2024-10-01 03:58:00
TXN90007101,ST18,CUST104135,PRD200771,1,1950.0,MTN Mobile Money,AM143830992,2024-11-03 12:45:00
TXN90007102,ST08,CUST102878,PRD200325,1,825.0,Card,AM299259090,2024-11-10 14:26:00
TXN90007103,ST21,CUST101061,PRD200346,2,45500.0,MTN MoMo,MP241132017,2024-09-26 10:05:00
TXN90007104,ST18,CUST102000,PRD200099,1,7500.0,MTN MoMo,MP517139813,2024-08-30 03:08:00
TXN90007105,ECOM01,CUST100438,PRD201128,1,1950.0,AirtelMoney,AUTH86844,2024-08-23 07:04:00
TXN90007106,ST17,CUST104901,PRD200553,1,900.0,MTN MoMo,MP772637028,2024-12-24 07:42:00
TXN90007107,ST16,CUST100240,PRD200214,1,65000.0,MTN MoMo,AM983863397,2024-10-18 11:53:00
TXN90007108,ST01,,PRD200740,1,65000.0,MTN MoMo,,2024-08-08 07:46:00
TXN90007109,ST22,CUST101444,PRD200269,1,60000.0,MTN Mobile Money,AUTH81340,2024-09-07 19:41:00
TXN90007110,ST08,CUST101213,PRD200458,1,40250.0,Airtel Money,CASH-7400,2024-10-05 09:20:00
TXN90007111,ECOM01,CUST101027,PRD200844,1,1300.0,Cash,CASH-4951,09/11/2024 13:59
TXN90007112,ECOM01,CUST103905,PRD200029,2,3300.0,AirtelMoney,MP167952942,2024-11-08 05:51:00
TXN90007113,ECOM01,CUST101430,PRD201156,2,90000.0,momo,,12/10/2024 07:53
TXN90007114,ST20,CUST103757,PRD200475,1,43750.0,momo,MP729697216,2024-09-11 04:30:00
TXN90007115,ST08,CUST104274,PRD200019,1,6500.0,Cash,CASH-7256,2024-09-15 18:57:00
TXN90007116,ECOM01,CUST101329,PRD200032,4,4060.52,Cash,AM904785616,2024-08-16 01:43:00
TXN90007117,ST07,CUST101795,PRD200626,4,18000.0,Airtel Money,AM943712068,2024-08-04 16:51:00
TXN90007118,ST18,CUST104699,PRD200219,1,4500.0,CASH,AUTH14449,02/08/2024 13:03
TXN90007119,ST09,CUST101577,PRD200004,1,1150.0,Cash,AUTH32910,2024-11-05 23:13:00
TXN90007120,ECOM01,CUST102013,PRD200584,4,5175.0,CASH,AUTH73569,2024-09-06 07:39:00
TXN90007121,ST12,CUST100582,PRD200885,2,3600.0,momo,AUTH53311,2024-07-07 13:14:00
TXN90007122,ST19,CUST101710,PRD201159,1,550.0,AirtelMoney,MP181927952,2024-07-08 01:29:00
TXN90007123,ST06,CUST103413,PRD200219,2,4500.0,Airtel Money,AUTH25027,2024-08-10 16:59:00
TXN90007124,ST11,CUST102155,PRD200169,3,1950.0,MTN MoMo,AM656089510,2024-10-06 08:49:00
TXN90007125,ST06,CUST101142,PRD201119,3,18000.0,Airtel Money,CASH-9010,2024-07-15 10:51:00
TXN90007126,ST22,CUST101404,PRD200786,4,13500.0,Airtel Money,MP290173003,2024-07-24 04:46:00
TXN90007127,ST17,CUST102043,PRD200220,3,5400.0,Cash,CASH-2228,2024-07-08 01:22:00
TXN90007128,ST16,CUST101217,PRD200247,4,1800.0,MTN MoMo,AM699944057,2024-12-13 23:04:00
TXN90007129,ST01,CUST103968,PRD200931,1,9750.0,CASH,CASH-6926,2024-09-29 10:58:00
TXN90007130,ST07,CUST103073,PRD200108,1,1200.0,MTN Mobile Money,AUTH34954,2024-10-28 22:09:00
TXN90007131,ST21,CUST103021,PRD200059,2,40250.0,Cash,AUTH72679,2024-08-23 02:35:00
TXN90007132,ST09,CUST100261,PRD200420,3,2250.0,MTN MoMo,AUTH21552,2024-07-23 02:52:00
TXN90007133,ST12,,PRD200599,1,7172.65,CASH,CASH-7260,2024-07-29 14:17:00
TXN90007134,ST05,CUST102813,PRD200078,5,893.67,Card,AM488099269,2024-11-26 00:18:00
TXN90007135,ST21,CUST103813,PRD200842,1,3450.0,Airtel Money,AM588404754,2024-10-19 09:20:00
TXN90007136,ECOM01,CUST100337,PRD201055,1,62500.0,momo,MP659464376,2024-07-13 02:54:00
TXN90007137,ST15,CUST104450,PRD200769,1,8250.0,MTN MoMo,AUTH61917,2024-12-16 03:46:00
TXN90007138,ST23,CUST101538,PRD200772,1,13000.0,MTN MoMo,MP264967099,06/12/2024 18:23
TXN90007139,ECOM01,CUST102009,PRD200993,3,1500.0,MTN Mobile Money,,2024-11-04 06:15:00
TXN90007140,ST12,CUST103181,PRD200108,2,1200.0,MTN Mobile Money,AUTH38016,2024-10-16 15:21:00
TXN90007141,ECOM01,CUST104076,PRD200842,3,3450.0,Airtel Money,,2024-07-11 21:21:00
TXN90007142,ST22,CUST100170,PRD201080,1,6250.0,MTN Mobile Money,AUTH49195,2024-08-14 06:38:00
TXN90007143,ST21,CUST104942,PRD200176,2,5750.0,Airtel Money,CASH-8152,2024-07-16 14:37:00
TXN90007144,ST09,CUST101332,PRD201133,4,650.0,MTN MoMo,MP251628140,2024-11-07 14:06:00
TXN90007145,ST04,CUST100531,PRD200869,3,2700.0,Airtel Money,CASH-7399,2024-08-15 07:25:00
TXN90007146,ST11,CUST102527,PRD200991,-2,975.0,AirtelMoney,MP582425658,2024-11-03 12:21:00
TXN90007147,ST01,CUST104176,PRD200107,4,1800.0,MTN Mobile Money,AM116004279,2024-09-13 08:44:00
TXN90007148,ST07,CUST100707,PRD201063,3,600.0,CASH,AM700343182,2024-07-11 12:19:00
TXN90007149,ST12,,PRD200078,1,893.67,AirtelMoney,AUTH21460,2024-11-07 15:48:00
TXN90007150,ST04,CUST103089,PRD200284,2,16500.0,MTN MoMo,CASH-1319,2024-09-10 18:41:00
TXN90007151,ST13,CUST103886,PRD200886,2,1300.0,CASH,MP701539410,2024-11-19 02:06:00
TXN90007152,ST04,CUST103010,PRD200959,1,2200.0,AirtelMoney,AUTH49004,2024-11-10 03:58:00
TXN90007153,ST15,CUST104447,PRD200190,1,60000.0,momo,MP795284961,2024-08-05 02:53:00
TXN90007154,ST06,CUST101368,PRD201158,2,36000.0,MTN MoMo,CASH-6212,18/10/2024 20:21
TXN90007155,ST19,CUST104597,PRD200198,1,3000.0,momo,MP454860278,19/07/2024 14:12
TXN90007156,ECOM01,CUST102508,PRD200867,1,4500.0,Cash,AM324318474,2024-09-08 09:43:00
TXN90007157,ST15,CUST102415,PRD200342,1,6750.0,momo,AUTH75353,2024-08-26 01:50:00
TXN90007158,ST23,CUST102030,PRD200050,2,900.0,MTN Mobile Money,AUTH41207,2024-11-05 23:52:00
TXN90007159,ST13,CUST101296,PRD200142,1,4197.32,MTN MoMo,AM440686941,2024-08-21 08:36:00
TXN90007160,ECOM01,CUST101606,PRD201052,5,16500.0,MTN MoMo,AUTH76133,2024-08-06 03:22:00
TXN90007161,ST12,CUST104784,PRD200490,2,9000.0,MTN MoMo,AM407003379,2024-12-04 01:15:00
TXN90007162,ST21,CUST103371,PRD200442,2,3750.0,MTN MoMo,AM667158635,2024-12-26 00:13:00
TXN90007163,ECOM01,CUST103640,PRD200750,1,3600.0,Cash,AUTH67024,2024-08-01 16:20:00
TXN90007164,ST10,CUST100298,PRD201001,1,900.0,Cash,AM704888912,2024-08-17 19:48:00
TXN90007165,ST14,CUST102078,PRD200247,1,1800.0,Airtel Money,AM930339162,2024-10-23 16:28:00
TXN90007166,ST11,CUST104432,PRD200891,2,40250.0,Airtel Money,AM925661018,2024-08-22 16:00:00
TXN90007167,ST08,CUST100509,PRD200708,1,2500.0,MTN MoMo,MP857054078,2024-08-18 23:03:00
TXN90007168,ST09,CUST101187,PRD201023,2,57500.0,Cash,AUTH88398,12/07/2024 00:35
TXN90007169,ECOM01,CUST104555,PRD200419,1,1800.0,AirtelMoney,AUTH30095,2024-08-01 20:00:00
TXN90007170,ST03,CUST101218,PRD200902,2,937.5,Cash,MP582188775,2024-07-10 09:50:00
TXN90007171,ECOM01,CUST104911,PRD201047,1,5400.0,MTN MoMo,AM316565969,2024-08-04 07:19:00
TXN90007172,ST02,CUST102127,PRD200685,1,1150.0,Airtel Money,AM146909987,2024-11-20 09:54:00
TXN90007173,ST11,CUST101545,PRD201065,1,13500.0,MTN MoMo,,2024-09-03 20:03:00
TXN90007174,ST20,CUST104237,PRD200303,2,"43,750",Cash,MP652035380,2024-11-17 14:56:00
TXN90007175,ST04,CUST103274,PRD200669,4,40250.0,AirtelMoney,MP466386615,2024-11-25 10:39:00
TXN90007176,ST09,CUST103414,PRD200247,5,1800.0,MTN Mobile Money,CASH-8844,2024-09-30 23:10:00
TXN90007177,ECOM01,CUST102162,PRD200366,1,5400.0,MTN Mobile Money,,2024-11-30 08:01:00
TXN90007178,ST13,CUST101425,PRD200307,1,65000.0,MTN MoMo,AM621914276,2024-07-07 02:59:00
TXN90007179,ST10,CUST101112,PRD200881,4,63000.0,MTN MoMo,CASH-7020,2024-10-28 04:09:00
TXN90007180,ST20,CUST104293,PRD200237,1,52500.0,MTN MoMo,,2024-08-20 01:02:00
TXN90007181,ECOM01,CUST100455,PRD200995,1,550.0,Airtel Money,AUTH43481,2024-10-20 19:07:00
TXN90007182,ST19,CUST103911,PRD200006,2,750.0,MTN Mobile Money,CASH-3800,14/10/2024 06:40
TXN90007183,ECOM01,CUST101768,PRD200247,3,1800.0,Cash,,2024-09-22 05:22:00
TXN90007184,ST22,CUST101067,PRD200241,1,6750.0,Airtel Money,MP561479278,17/09/2024 15:29
TXN90007185,ST13,CUST101399,PRD200262,1,600.0,momo,CASH-5596,2024-10-13 09:12:00
TXN90007186,ST21,CUST104116,PRD200744,3,975.0,Cash,AUTH36937,2024-08-04 09:53:00
TXN90007187,ST19,CUST104168,PRD200150,1,25000.0,MTN MoMo,MP786624135,2024-10-15 16:52:00
TXN90007188,ST10,CUST100945,PRD200628,1,"3,750",MTN MoMo,AUTH99428,2024-09-23 08:03:00
TXN90007189,ECOM01,CUST101243,PRD200540,1,11000.0,Airtel Money,CASH-7018,2024-07-03 07:31:00
TXN90007190,ST14,CUST104272,PRD200834,1,8100.0,Cash,AM152946569,21/12/2024 20:36
TXN90007191,ST16,CUST104400,PRD200672,1,23000.0,Cash,AUTH82597,2024-08-07 08:59:00
TXN90007192,ST17,CUST103823,PRD200561,1,5750.0,Airtel Money,CASH-5013,2024-08-16 17:01:00
TXN90007193,ST12,CUST100687,PRD200809,1,5850.0,Airtel Money,CASH-3526,2024-09-12 22:35:00
TXN90007194,ST16,CUST100958,PRD200656,2,1250.0,MTN MoMo,AM670947487,2024-10-05 17:17:00
TXN90007195,ECOM01,CUST104514,PRD200679,1,937.5,MTN MoMo,,2024-07-06 15:12:00
TXN90007196,ST12,CUST103620,PRD201045,1,1800.0,Cash,MP787903583,2024-09-26 18:12:00
TXN90007197,ST16,CUST102260,PRD201017,1,1131.6,Cash,AM399598704,2024-09-17 18:29:00
TXN90007198,ST17,CUST104283,PRD200394,-1,3600.0,MTN Mobile Money,AUTH48956,2024-08-15 14:14:00
TXN90007199,ECOM01,CUST100012,PRD200611,2,2600.0,Cash,AM838503004,2024-11-02 17:45:00
TXN90007200,ST21,CUST101123,PRD200273,3,2700.0,MTN MoMo,MP710550379,2024-08-13 08:34:00
TXN90007201,ECOM01,,PRD200309,3,7637.88,Airtel Money,,2024-08-02 04:20:00
TXN90007202,ST21,CUST101911,PRD200744,1,975.0,Cash,CASH-6346,08/12/2024 21:39
TXN90007203,ST20,CUST103534,PRD200767,1,937.5,momo,CASH-1592,2024-09-08 00:43:00
TXN90007204,ST18,CUST104364,PRD201013,1,5750.0,CASH,AUTH97027,2024-12-19 07:09:00
TXN90007205,ST06,CUST102290,PRD201080,1,6250.0,MTN MoMo,AUTH10485,2024-09-03 12:26:00
TXN90007206,ECOM01,CUST100738,PRD201138,2,"UGX 5,596",momo,AM732077946,2024-07-28 11:55:00
TXN90007207,ST02,CUST101032,PRD200650,2,90000.0,CASH,CASH-3420,2024-07-01 05:28:00
TXN90007208,ECOM01,CUST103883,PRD200257,1,1867.74,MTN Mobile Money,MP617102187,08/08/2024 14:32
TXN90007209,ST17,CUST101811,PRD200233,2,937.5,MTN Mobile Money,CASH-8937,2024-10-01 20:16:00
TXN90007210,ST22,CUST100762,PRD200218,1,650.0,MTN MoMo,AM774481373,26/08/2024 03:24
TXN90007211,ST12,CUST100668,PRD200867,1,4500.0,MTN MoMo,,2024-11-26 20:34:00
TXN90007212,ST23,CUST104441,PRD200812,4,1800.0,AirtelMoney,AUTH93625,2024-12-25 03:42:00
TXN90007213,ECOM01,,PRD200988,1,1800.0,MTN MoMo,AUTH82839,2024-07-25 11:17:00
TXN90007214,ST20,CUST101883,PRD200091,1,62500.0,momo,CASH-1467,2024-07-04 07:29:00
TXN90007215,ST18,CUST104894,PRD200794,2,2300.0,Airtel Money,MP502017303,2024-11-26 12:05:00
TXN90007216,ST08,CUST104483,PRD200727,3,550.0,momo,AUTH23892,2024-09-16 15:10:00
TXN90007217,ST22,CUST100322,PRD200627,2,55000.0,MTN MoMo,CASH-1041,2024-11-10 22:00:00
TXN90007218,ST04,CUST100576,PRD200747,3,2300.0,Airtel Money,AUTH30071,2024-07-31 02:31:00
TXN90007219,ECOM01,CUST100232,PRD200444,3,2300.0,MTN Mobile Money,,2024-07-26 13:41:00
TXN90007220,ST07,CUST102733,PRD200681,2,11000.0,Cash,MP323103727,09/09/2024 10:59
TXN90007221,ST14,CUST104916,PRD201099,2,2750.0,MTN Mobile Money,AM732542110,2024-11-08 15:50:00
TXN90007222,ST03,,PRD200239,1,1350.0,MTN MoMo,MP457758267,2024-07-03 14:24:00
TXN90007223,ST17,CUST100796,PRD200855,-2,2750.0,Cash,MP445927857,2024-07-11 09:28:00
TXN90007224,ST18,CUST104452,PRD201055,2,62500.0,Airtel Money,MP927855599,2024-10-12 10:04:00
TXN90007225,ST03,CUST104082,PRD200224,4,5850.0,momo,AUTH38920,2024-10-04 19:33:00
TXN90007226,ECOM01,CUST100901,PRD200212,1,22000.0,Cash,AUTH99664,16/10/2024 04:01
TXN90007227,ST02,CUST104301,PRD201091,4,11500.0,Card,,11/07/2024 11:18
TXN90007228,ST21,CUST103847,PRD201055,2,62500.0,AirtelMoney,AUTH89470,2024-11-25 11:59:00
TXN90007229,ST07,CUST102391,PRD201061,4,862.5,momo,AUTH92273,2024-09-18 15:50:00
TXN90007230,ECOM01,CUST101628,PRD200828,1,13000.0,MTN MoMo,CASH-9297,2024-11-28 10:06:00
TXN90007231,ST11,CUST102917,PRD200848,1,57500.0,MTN MoMo,MP607163743,2024-12-21 01:07:00
TXN90007232,ST08,CUST100159,PRD200234,1,"63,000",momo,MP198150073,2024-11-18 09:11:00
TXN90007233,ST22,CUST101448,PRD201109,1,8100.0,Cash,,2024-12-11 04:55:00
TXN90007234,ST07,CUST101810,PRD200399,-2,900.0,Cash,AUTH51155,2024-10-26 03:29:00
TXN90007235,ECOM01,,PRD200619,1,75000.0,Cash,AM688015443,2024-08-20 19:27:00
TXN90007236,ECOM01,CUST104012,PRD200978,2,40250.0,Airtel Money,AM175634937,2024-07-27 08:07:00
TXN90007237,ST01,CUST103644,PRD200515,3,45500.0,MTN MoMo,MP612853308,2024-07-20 03:14:00
TXN90007238,ST23,CUST104384,PRD201134,1,1200.0,AirtelMoney,,2024-12-07 06:21:00
TXN90007239,ST15,CUST101754,PRD200748,2,2600.0,MTN Mobile Money,MP696142823,2024-12-11 03:09:00
TXN90007240,ECOM01,CUST101819,PRD201077,3,900.0,MTN Mobile Money,,2024-08-23 07:51:00
TXN90007241,ST13,CUST100741,PRD200331,2,43750.0,Cash,CASH-1414,2024-09-14 03:57:00
TXN90007242,ST03,CUST103855,PRD200532,1,19500.0,MTN Mobile Money,CASH-5443,2024-08-28 05:02:00
TXN90007243,ECOM01,CUST103748,PRD200188,1,38500.0,MTN MoMo,,2024-08-14 05:41:00
TXN90007244,ST06,CUST100260,PRD200723,1,1725.0,Cash,,2024-09-01 08:22:00
TXN90007245,ST14,CUST100333,PRD200982,1,1125.0,AirtelMoney,,16/10/2024 22:18
TXN90007246,ST01,CUST104371,PRD200458,2,40250.0,MTN MoMo,CASH-9428,2024-08-10 06:28:00
TXN90007247,ST22,CUST102623,PRD200436,1,6750.0,Cash,AUTH19766,07/12/2024 02:28
TXN90007248,ST13,CUST103787,PRD200535,4,UGX3600,Cash,AM856325299,2024-07-31 10:26:00
TXN90007249,ST06,CUST100212,PRD200019,1,6500.0,Airtel Money,AUTH11211,2024-08-17 14:47:00
TXN90007250,ST12,CUST101928,PRD200347,1,11250.0,AirtelMoney,AM664292901,2024-09-04 10:25:00
TXN90007251,ECOM01,CUST100395,PRD200916,2,550.0,MTN Mobile Money,AUTH99119,2024-11-07 18:27:00
TXN90007252,ST17,CUST102037,PRD200061,1,18750.0,momo,MP739308100,2024-09-17 22:38:00
TXN90007253,ST03,CUST100858,PRD200783,3,"57,500",MTN MoMo,,2024-10-09 00:23:00
TXN90007254,ST01,CUST101406,PRD200582,1,1250.0,Cash,AUTH79473,2024-09-13 03:25:00
TXN90007255,ST04,CUST104747,PRD200119,2,18000.0,CASH,CASH-6209,2024-09-16 10:25:00
TXN90007256,ST11,CUST100364,PRD200842,-1,3450.0,MTN MoMo,CASH-4842,2024-10-19 13:31:00
TXN90007257,ECOM01,CUST102878,PRD200013,2,8250.0,Card,MP294112169,2024-11-03 00:37:00
TXN90007258,ST19,CUST102103,PRD200049,1,2875.0,MTN Mobile Money,AM444562568,30/09/2024 06:24
TXN90007259,ECOM01,CUST104490,PRD200768,4,5400.0,AirtelMoney,,2024-08-29 06:47:00
TXN90007260,ECOM01,CUST103704,PRD201057,1,825.0,Airtel Money,AM335942129,2024-11-11 09:55:00
TXN90007261,ST07,CUST103967,PRD200752,1,825.0,Cash,,2024-07-08 13:38:00
TXN90007262,ST23,CUST101518,PRD200866,3,2700.0,Cash,AM699620959,2024-08-04 03:47:00
TXN90007263,ST10,CUST103695,PRD200614,2,22500.0,Airtel Money,CASH-9645,2024-11-01 00:22:00
TXN90007264,ST22,CUST100482,PRD200533,2,8250.0,MTN MoMo,CASH-3451,2024-07-17 20:06:00
TXN90007265,ST19,CUST104077,PRD200378,1,3300.0,MTN MoMo,MP422446172,2024-08-15 01:22:00
TXN90007266,ST12,,PRD200896,3,30000.0,CASH,AUTH51904,2024-10-09 05:40:00
TXN90007267,ST06,CUST100975,PRD200415,1,11000.0,CASH,CASH-5710,2024-08-24 03:12:00
TXN90007268,ST01,CUST101867,PRD201076,2,9375.0,Cash,MP902007853,2024-10-13 06:41:00
TXN90007269,ST02,CUST100081,PRD200612,1,UGX12000,AirtelMoney,CASH-7649,2024-07-08 23:58:00
TXN90007270,ST09,CUST102630,PRD200485,3,60000.0,MTN MoMo,,2024-10-27 10:54:00
TXN90007271,ST13,CUST100253,PRD200749,2,2250.0,AirtelMoney,,2024-08-11 03:10:00
TXN90007272,ST08,CUST104682,PRD201111,1,650.0,MTN MoMo,AM930390835,2024-07-27 18:56:00
TXN90007273,ST15,CUST102499,PRD200250,1,8100.0,MTN MoMo,,2024-11-30 20:46:00
TXN90007274,ST07,CUST104819,PRD200238,1,43750.0,CASH,,2024-09-22 02:32:00
TXN90007275,ST03,CUST101424,PRD200668,5,2069.59,CASH,,2024-07-30 00:17:00
TXN90007276,ST08,CUST101024,PRD200466,1,8625.0,Cash,MP946865574,2024-10-06 05:51:00
TXN90007277,ST02,,PRD201152,3,2250.0,Cash,CASH-5694,2024-10-23 16:37:00
TXN90007278,ST10,CUST104470,PRD200974,2,1800.0,MTN Mobile Money,MP552992510,2024-09-16 06:57:00
TXN90007279,ST13,CUST102525,PRD200609,1,900.0,Cash,MP159760677,2024-10-31 08:19:00
TXN90007280,ST15,CUST100796,PRD201064,2,19500.0,AirtelMoney,AM569776268,2024-08-29 13:25:00
TXN90007281,ECOM01,,PRD200007,4,63000.0,Cash,AM224076346,2024-08-04 02:46:00
TXN90007282,ST20,CUST100976,PRD201036,1,1500.0,MTN MoMo,AM695234323,2024-08-13 11:16:00
TXN90007283,ST21,CUST100765,PRD200580,2,3300.0,Cash,AM642733053,30/09/2024 16:34
TXN90007284,ST11,CUST100744,PRD200936,1,"63,000",Airtel Money,AM697926258,2024-12-25 20:52:00
TXN90007285,ECOM01,CUST103163,PRD200913,2,43750.0,AirtelMoney,,2024-12-19 12:03:00
TXN90007286,ST07,CUST104012,PRD200757,1,825.0,Cash,MP768403082,2024-09-07 02:44:00
TXN90007287,ST13,CUST104428,PRD200137,1,900.0,Airtel Money,MP221920953,2024-08-29 16:50:00
TXN90007288,ST20,CUST100248,PRD200089,1,3125.0,MTN MoMo,MP613166642,2024-09-20 14:26:00
TXN90007289,ST23,CUST102014,PRD200632,1,1125.0,AirtelMoney,AM637781108,23/11/2024 08:37
TXN90007290,ST18,CUST100539,PRD200334,1,600.0,MTN Mobile Money,AM900482116,03/11/2024 13:12
TXN90007291,ST12,CUST101537,PRD200645,3,8388.73,AirtelMoney,CASH-3897,2024-12-23 12:03:00
TXN90007292,ST09,CUST102541,PRD200009,5,5500.0,momo,MP295208445,2024-10-26 18:52:00
TXN90007293,ST01,CUST100782,PRD200902,1,937.5,MTN MoMo,AM893927132,2024-09-08 15:04:00
TXN90007294,ST10,CUST101272,PRD200705,2,9000.0,MTN MoMo,,2024-08-25 15:50:00
TXN90007295,ST18,CUST103892,PRD200278,2,1350.0,MTN MoMo,CASH-8886,2024-12-16 21:32:00
TXN90007296,ST14,CUST104115,PRD200183,-2,"UGX 4,500",Airtel Money,AM962508904,24/10/2024 05:44
TXN90007297,ST12,CUST104788,PRD200302,4,UGX8625,MTN Mobile Money,AM462181624,19/08/2024 04:52
TXN90007298,ST01,CUST103928,PRD201035,1,2250.0,Card,MP582936355,2024-08-23 02:05:00
TXN90007299,ST10,CUST102407,PRD200425,2,43750.0,MTN MoMo,AUTH46817,2024-08-25 12:40:00
TXN90007300,ST15,CUST103659,PRD200911,2,22000.0,MTN Mobile Money,CASH-8145,2024-09-25 06:27:00
TXN90007301,ST17,CUST104462,PRD201095,2,5175.0,momo,MP527336603,2024-09-17 17:20:00
TXN90007302,ST06,CUST103527,PRD201022,2,19500.0,Airtel Money,,2024-08-22 16:02:00
TXN90007303,ECOM01,CUST102495,PRD200812,3,1800.0,Cash,AM448013185,2024-11-16 17:00:00
TXN90007304,ST19,CUST100654,PRD200339,3,682.36,Cash,CASH-6312,26/12/2024 06:48
TXN90007305,ST21,,PRD200105,2,25000.0,Airtel Money,AUTH28447,19/09/2024 02:25
TXN90007306,ST05,CUST100125,PRD201130,1,8100.0,Airtel Money,AM972916253,2024-07-27 13:42:00
TXN90007307,ST23,CUST103150,PRD200718,4,2300.0,Cash,CASH-2583,2024-08-15 17:11:00
TXN90007308,ST09,CUST104909,PRD200233,3,937.5,MTN MoMo,AUTH60103,2024-08-21 04:40:00
TXN90007309,ECOM01,,PRD200504,2,5400.0,MTN MoMo,CASH-5023,2024-08-13 18:43:00
TXN90007310,ST05,CUST100441,PRD201027,1,5850.0,MTN MoMo,MP461146230,11/10/2024 21:59
TXN90007311,ST19,,PRD200414,1,11250.0,MTN MoMo,MP268369197,2024-09-08 13:34:00
TXN90007312,ST01,CUST103916,PRD200440,1,428.94,Cash,MP405024635,2024-07-09 11:20:00
TXN90007313,ST19,,PRD200709,2,1800.0,momo,AUTH62933,2024-10-21 19:25:00
TXN90007314,ST03,CUST103977,PRD200726,1,1800.0,momo,AM572245278,11/09/2024 05:41
TXN90007315,ST02,CUST101266,PRD200306,2,8250.0,MTN Mobile Money,AM544326266,2024-08-02 19:47:00
TXN90007316,ST12,CUST102451,PRD200604,4,26000.0,MTN MoMo,AUTH55405,2024-10-24 06:17:00
TXN90007317,ST06,CUST101764,PRD200468,3,15000.0,MTN Mobile Money,,2024-07-04 09:29:00
TXN90007318,ECOM01,CUST102900,PRD200736,2,18000.0,Airtel Money,AM412854608,2024-09-28 14:03:00
TXN90007319,ST03,CUST101742,PRD200699,1,15000.0,Airtel Money,CASH-7593,2024-08-29 18:58:00
TXN90007320,ST15,CUST101434,PRD200165,1,1350.0,MTN MoMo,AUTH53952,2024-07-21 16:09:00
TXN90007321,ST23,CUST103096,PRD200729,3,38500.0,MTN MoMo,AUTH77414,2024-10-14 18:28:00
TXN90007322,ECOM01,CUST103314,PRD200034,1,12500.0,MTN MoMo,AM536081630,07/10/2024 04:11
TXN90007323,ST04,CUST101817,PRD200662,2,60000.0,Cash,AM628719955,31/10/2024 17:28
TXN90007324,ST02,CUST103582,PRD200435,4,2300.0,MTN MoMo,,2024-07-11 09:48:00
TXN90007325,ST22,CUST102857,PRD200635,1,6750.0,Cash,AUTH48166,2024-07-05 12:08:00
TXN90007326,ST13,CUST104430,PRD200311,2,930.53,MTN MoMo,AUTH38034,2024-10-09 10:50:00
TXN90007327,ST11,CUST104418,PRD200932,1,12500.0,Airtel Money,AUTH26693,2024-09-23 12:22:00
TXN90007328,ST04,CUST100073,PRD200389,3,15000.0,Airtel Money,AUTH12838,2024-12-01 23:15:00
TXN90007329,ST01,,PRD200303,5,43750.0,MTN MoMo,CASH-9699,2024-08-19 21:10:00
TXN90007330,ST09,CUST100959,PRD200344,2,2300.0,MTN Mobile Money,,2024-08-16 16:11:00
TXN90007331,ST23,CUST104737,PRD200920,1,11250.0,AirtelMoney,CASH-2173,2024-11-20 22:33:00
TXN90007332,ST12,CUST100953,PRD200008,2,27000.0,momo,CASH-9256,2024-07-09 11:34:00
TXN90007333,ECOM01,CUST104427,PRD200379,1,900.0,MTN MoMo,AUTH89786,2024-08-15 22:58:00
TXN90007334,ST08,CUST101476,PRD200015,2,862.5,Card,MP199778054,2024-07-13 04:32:00
TXN90007335,ST13,CUST104851,PRD201002,3,11250.0,CASH,AM848561407,14/07/2024 07:43
TXN90007336,ST16,CUST101753,PRD201025,1,4500.0,MTN Mobile Money,AUTH70973,2024-09-18 03:08:00
TXN90007337,ECOM01,CUST103405,PRD200891,3,40250.0,MTN MoMo,AUTH70753,2024-10-13 02:03:00
TXN90007338,ST05,,PRD200064,2,23000.0,MTN Mobile Money,AUTH12144,2024-09-19 07:36:00
TXN90007339,ST09,CUST100864,PRD200560,2,18000.0,Airtel Money,AUTH21257,2024-09-02 05:53:00
TXN90007340,ST18,CUST103680,PRD200115,2,60000.0,MTN MoMo,CASH-7836,2024-10-16 22:51:00
TXN90007341,ECOM01,CUST101866,PRD200372,1,900.0,AirtelMoney,AUTH43126,2024-10-04 03:33:00
TXN90007342,ST07,CUST102713,PRD201056,2,UGX63000,MTN MoMo,CASH-4566,2024-07-27 16:53:00
TXN90007343,ST12,CUST103471,PRD200532,2,19500.0,MTN Mobile Money,MP525980086,2024-07-05 20:25:00
TXN90007344,ST05,CUST104906,PRD200248,2,8100.0,Card,,2024-08-25 19:10:00
TXN90007345,ST15,CUST101222,PRD200948,2,825.0,MTN Mobile Money,AM656223723,2024-09-18 15:47:00
TXN90007346,ST16,CUST104219,PRD200672,4,23000.0,MTN Mobile Money,AM751854345,2024-10-27 01:35:00
TXN90007347,ST05,,PRD200440,1,428.94,momo,MP410682558,2024-11-18 19:24:00
TXN90007348,ST03,CUST103208,PRD201007,2,4500.0,AirtelMoney,MP375096995,2024-09-16 17:28:00
TXN90007349,ECOM01,CUST100493,PRD200510,5,12000.0,AirtelMoney,CASH-3084,2024-11-01 16:03:00
TXN90007350,ECOM01,CUST103719,PRD200083,1,40250.0,AirtelMoney,AM521239719,27/12/2024 00:21
TXN90007351,ST08,CUST100777,PRD200210,2,5500.0,MTN MoMo,CASH-9806,2024-10-25 13:26:00
TXN90007352,ST13,CUST104198,PRD200669,1,40250.0,Airtel Money,,2024-10-25 16:05:00
TXN90007353,ST15,CUST103714,PRD201126,4,2875.0,Airtel Money,AM479741402,2024-11-02 10:52:00
TXN90007354,ECOM01,CUST101870,PRD200330,2,63000.0,MTN MoMo,MP811658690,2024-07-21 18:54:00
TXN90007355,ST17,CUST100312,PRD200268,2,25000.0,momo,AUTH31263,2024-10-09 19:34:00
TXN90007356,ST22,CUST101085,PRD201042,1,2750.0,Airtel Money,AUTH75409,2024-10-19 10:56:00
TXN90007357,ST02,CUST104219,PRD200907,2,3600.0,MTN Mobile Money,AUTH85560,2024-12-19 16:05:00
TXN90007358,ST17,CUST103212,PRD200602,1,"UGX 6,000",MTN Mobile Money,MP714097711,2024-11-03 08:34:00
TXN90007359,ST18,CUST102152,PRD200092,2,1500.0,Cash,AM540770730,2024-07-06 06:51:00
TXN90007360,ST23,CUST104728,PRD200744,1,975.0,Cash,AM681272567,2024-08-07 14:30:00
TXN90007361,ST13,CUST102831,PRD200201,4,22000.0,Airtel Money,AM888656719,2024-08-17 00:40:00
TXN90007362,ST08,CUST102364,PRD200690,3,UGX5750,AirtelMoney,CASH-4905,2024-07-09 05:56:00
TXN90007363,ST01,CUST100167,PRD200404,1,2250.0,AirtelMoney,CASH-9197,2024-09-06 16:25:00
TXN90007364,ST15,CUST103932,PRD201124,1,43750.0,momo,AUTH22557,2024-11-06 17:12:00
TXN90007365,ST11,CUST103623,PRD200274,2,11500.0,MTN MoMo,CASH-3739,2024-07-07 22:13:00
TXN90007366,ECOM01,CUST104706,PRD200761,1,1350.0,MTN Mobile Money,,2024-10-15 01:14:00
TXN90007367,ST17,CUST101872,PRD200489,1,3600.0,Cash,MP930350949,2024-08-07 15:49:00
TXN90007368,ST17,CUST102613,PRD200071,3,26000.0,MTN MoMo,MP896394032,2024-10-22 04:11:00
TXN90007369,ST02,CUST100909,PRD200128,1,5400.0,momo,MP910957289,2024-07-03 01:53:00
TXN90007370,ST19,CUST102567,PRD200051,1,42000.0,Airtel Money,MP503773416,14/12/2024 14:00
TXN90007371,ST07,CUST100074,PRD200689,4,900.0,MTN MoMo,AM334638281,2024-09-07 06:26:00
TXN90007372,ST09,CUST103698,PRD200978,4,40250.0,Airtel Money,AM605129116,2024-07-13 09:01:00
TXN90007373,ST05,CUST102553,PRD201156,1,90000.0,AirtelMoney,,2024-10-12 03:37:00
TXN90007374,ECOM01,CUST103060,PRD200586,1,4950.0,momo,,2024-07-29 06:02:00
TXN90007375,ST03,CUST101981,PRD200549,2,650.0,AirtelMoney,AM930070595,2024-10-03 22:23:00
TXN90007376,ST04,CUST103349,PRD200820,2,8100.0,MTN Mobile Money,AM752789389,2024-10-22 19:36:00
TXN90007377,ST02,,PRD200842,1,3450.0,Airtel Money,MP106920933,16/12/2024 22:26
TXN90007378,ST17,CUST102134,PRD200436,1,6750.0,MTN Mobile Money,CASH-4969,2024-11-06 01:07:00
TXN90007379,ECOM01,,PRD200361,1,1200.0,AirtelMoney,CASH-1134,2024-08-08 10:14:00
TXN90007380,ST13,CUST100494,PRD200025,2,1875.0,Cash,,2024-09-17 07:49:00
TXN90007381,ST16,CUST102080,PRD200837,1,90000.0,MTN Mobile Money,AM206086371,2024-09-18 04:14:00
TXN90007382,ST17,CUST100310,PRD200831,3,17250.0,Card,AUTH86713,2024-08-24 02:18:00
TXN90007383,ST17,CUST102439,PRD200910,1,3750.0,Cash,AUTH32173,10/08/2024 17:33
TXN90007384,ECOM01,CUST100394,PRD200309,1,7637.88,AirtelMoney,,2024-09-13 01:18:00
TXN90007385,ST21,CUST100147,PRD200688,3,36000.0,Airtel Money,CASH-4418,2024-10-02 13:12:00
TXN90007386,ST11,CUST100388,PRD200787,2,3250.0,momo,AM139205121,2024-09-19 20:07:00
TXN90007387,ECOM01,CUST100245,PRD201051,2,2700.0,MTN MoMo,AM931878709,2024-10-11 15:47:00
TXN90007388,ECOM01,CUST101305,PRD201066,3,57500.0,Card,AUTH41128,2024-09-27 11:10:00
TXN90007389,ST23,CUST100773,PRD201037,4,36000.0,CASH,MP724759004,2024-09-14 10:14:00
TXN90007390,ST18,CUST103406,PRD200770,-1,2700.0,Airtel Money,AM340861166,26/07/2024 11:58
TXN90007391,ECOM01,CUST100180,PRD200996,1,26000.0,MTN MoMo,AM627250271,2024-12-20 03:24:00
TXN90007392,ST08,CUST100357,PRD201100,2,65000.0,MTN MoMo,MP643599026,2024-10-17 20:40:00
TXN90007393,ECOM01,CUST103728,PRD200230,1,2200.0,AirtelMoney,CASH-4489,19/07/2024 03:01
TXN90007394,ST02,CUST100584,PRD200398,1,40250.0,MTN Mobile Money,AUTH21152,2024-07-06 20:36:00
TXN90007395,ST09,CUST104733,PRD201111,1,650.0,CASH,AM620914400,2024-10-06 04:00:00
TXN90007396,ST17,CUST102375,PRD200699,1,15000.0,CASH,AUTH94111,17/10/2024 22:45
TXN90007397,ECOM01,CUST102927,PRD200710,1,75000.0,CASH,MP827015896,2024-09-23 20:08:00
TXN90007398,ST02,CUST101676,PRD200875,4,4036.94,CASH,MP571389150,2024-12-26 04:14:00
TXN90007399,ST06,CUST104266,PRD200179,1,6750.0,MTN MoMo,AUTH32233,28/08/2024 13:28
TXN90007400,ST17,CUST104812,PRD200629,3,575.0,MTN Mobile Money,MP197603616,2024-09-12 00:05:00
TXN90007401,ST16,CUST101472,PRD200574,1,550.0,CASH,CASH-5367,2024-09-21 01:20:00
TXN90007402,ST09,CUST104438,PRD200151,2,11000.0,MTN MoMo,MP393721184,27/08/2024 21:45
TXN90007403,ST22,CUST101532,PRD200973,3,1125.0,Cash,MP662668326,2024-10-05 16:15:00
TXN90007404,ST11,CUST102092,PRD200470,1,42000.0,Airtel Money,AUTH65025,2024-09-25 16:23:00
TXN90007405,ST05,CUST103401,PRD200583,1,23000.0,momo,AM341364563,2024-11-03 08:49:00
TXN90007406,ST13,CUST100265,PRD200382,2,2600.0,momo,MP423455161,2024-08-14 23:09:00
TXN90007407,ST20,,PRD200802,1,5400.0,MTN Mobile Money,AUTH59076,2024-10-10 16:22:00
TXN90007408,ST19,CUST104495,PRD201135,1,23000.0,AirtelMoney,AM566766036,2024-10-09 22:42:00
TXN90007409,ST22,CUST101927,PRD200651,1,12000.0,AirtelMoney,CASH-5119,2024-09-05 13:55:00
TXN90007410,ST11,CUST103824,PRD200997,3,17250.0,Cash,MP515608005,2024-08-14 03:02:00
TXN90007411,ST08,CUST100835,PRD200913,5,43750.0,AirtelMoney,AM953688372,17/12/2024 01:32
TXN90007412,ST03,CUST104431,PRD200038,1,4500.0,CASH,MP381592415,09/09/2024 01:42
TXN90007413,ST23,CUST104803,PRD201155,4,2750.0,Cash,MP930023102,2024-10-12 09:26:00
TXN90007414,ST05,CUST101753,PRD200261,1,52500.0,MTN MoMo,MP586319824,2024-10-09 12:50:00
TXN90007415,ST06,CUST104230,PRD200271,1,5625.0,MTN Mobile Money,MP908095092,2024-09-19 19:33:00
TXN90007416,ST12,,PRD200836,1,7500.0,MTN MoMo,MP885557054,2024-12-08 08:24:00
TXN90007417,ST16,CUST102330,PRD200762,2,18750.0,Airtel Money,AUTH13805,2024-12-19 10:01:00
TXN90007418,ST17,CUST100594,PRD200870,2,1800.0,Cash,AUTH65546,2024-08-19 07:16:00
TXN90007419,ECOM01,CUST104509,PRD201064,3,19500.0,Airtel Money,MP614910591,2024-08-04 05:00:00
TXN90007420,ECOM01,CUST100482,PRD200312,1,1350.0,AirtelMoney,MP843305385,2024-08-24 02:40:00
TXN90007421,ST20,CUST104997,PRD200572,1,3750.0,AirtelMoney,AUTH84626,2024-08-10 10:30:00
TXN90007422,ST04,CUST102844,PRD201000,3,2200.0,momo,,2024-07-08 13:20:00
TXN90007423,ECOM01,CUST102298,PRD200005,1,1200.0,AirtelMoney,MP119680077,2024-12-20 07:13:00
TXN90007424,ST23,CUST100924,PRD200507,2,"UGX 2,700",Cash,MP504689023,2024-07-22 01:25:00
TXN90007425,ST10,CUST103010,PRD200092,1,1500.0,MTN MoMo,AUTH29412,2024-07-12 21:16:00
TXN90007426,ST19,CUST100632,PRD201039,1,19500.0,Cash,AUTH96444,29/08/2024 00:48
TXN90007427,ECOM01,CUST103325,PRD200956,1,5500.0,MTN Mobile Money,CASH-4934,2024-11-27 21:52:00
TXN90007428,ST20,CUST100476,PRD200237,2,52500.0,MTN MoMo,MP881487765,2024-07-22 11:10:00
TXN90007429,ST18,CUST102002,PRD200386,2,"62,500",Cash,AUTH32408,2024-07-04 04:36:00
TXN90007430,ECOM01,CUST100253,PRD200236,1,"UGX 22,500",MTN Mobile Money,MP152583100,2024-10-24 02:47:00
TXN90007431,ST17,CUST104166,PRD200675,3,57500.0,MTN Mobile Money,CASH-5352,2024-12-16 07:53:00
TXN90007432,ST23,CUST100801,PRD200249,2,650.0,Cash,CASH-7829,13/10/2024 23:39
TXN90007433,ECOM01,,PRD200816,1,9000.0,AirtelMoney,CASH-8356,2024-11-11 19:11:00
TXN90007434,ST12,CUST101481,PRD200858,1,2300.0,MTN MoMo,,2024-10-28 10:37:00
TXN90007435,ST04,CUST100724,PRD200394,1,3600.0,AirtelMoney,MP869058398,2024-11-15 14:17:00
TXN90007436,ST23,CUST101270,PRD201009,1,25000.0,Airtel Money,CASH-9896,2024-12-27 12:58:00
TXN90007437,ST16,CUST100755,PRD200581,4,3750.0,Airtel Money,MP467469911,2024-09-07 08:29:00
TXN90007438,ST10,CUST101552,PRD200987,4,30000.0,MTN MoMo,CASH-2953,2024-11-30 14:46:00
TXN90007439,ST12,CUST102824,PRD200622,1,75000.0,MTN MoMo,MP168225380,19/07/2024 01:40
TXN90007440,ST15,CUST100250,PRD200095,1,5400.0,MTN MoMo,AUTH34709,2024-08-11 23:51:00
TXN90007441,ST20,CUST101791,PRD200579,1,600.0,momo,AM293533486,2024-11-09 20:35:00
TXN90007442,ST10,CUST101557,PRD200509,2,9375.0,MTN Mobile Money,CASH-6169,2024-10-18 17:55:00
TXN90007443,ST09,CUST101138,PRD200123,2,3750.0,Airtel Money,MP292493281,2024-12-15 18:21:00
TXN90007444,ST05,CUST100130,PRD200873,1,1300.0,Airtel Money,MP998021140,2024-08-30 08:04:00
TXN90007445,ST14,CUST104339,PRD200782,1,52500.0,Airtel Money,AUTH90588,2024-09-21 13:15:00
TXN90007446,ST06,CUST102815,PRD200071,2,26000.0,Cash,CASH-9824,2024-10-27 08:08:00
TXN90007447,ST03,CUST101662,PRD200196,2,5536.64,Airtel Money,AM430899306,2024-10-04 15:33:00
TXN90007448,ST21,,PRD200666,2,4500.0,Airtel Money,AM622944752,2024-07-24 14:40:00
TXN90007449,ST09,CUST103622,PRD200555,1,4500.0,AirtelMoney,MP492022111,2024-08-31 04:15:00
TXN90007450,ST17,CUST102404,PRD200813,2,"UGX 3,000",MTN MoMo,AM811540815,2024-08-03 17:13:00
TXN90007451,ST19,,PRD200116,1,1201.24,Cash,AM847498476,2024-08-28 17:29:00
TXN90007452,ST05,CUST100650,PRD200124,3,2875.0,MTN MoMo,MP280437191,2024-11-05 17:53:00
TXN90007453,ST08,CUST100061,PRD200311,3,930.53,CASH,AUTH68713,2024-12-24 12:03:00
TXN90007454,ST15,CUST102502,PRD200877,-1,650.0,MTN MoMo,AUTH72347,2024-12-16 17:02:00
TXN90007455,ST15,CUST103586,PRD200454,1,22500.0,MTN MoMo,MP948882721,2024-10-19 21:18:00
TXN90007456,ST03,CUST102462,PRD201100,-1,"65,000",MTN MoMo,AM509708933,2024-07-09 04:33:00
TXN90007457,ST20,CUST104466,PRD200083,5,40250.0,MTN MoMo,AUTH84355,2024-09-18 08:03:00
TXN90007458,ST07,CUST104802,PRD200939,2,18750.0,Cash,CASH-6320,2024-09-12 08:15:00
TXN90007459,ST12,CUST102328,PRD200665,2,1500.0,Airtel Money,AM743292665,2024-10-12 23:25:00
TXN90007460,ECOM01,CUST104085,PRD200964,1,9000.0,Cash,AUTH92035,2024-12-04 04:39:00
TXN90007461,ST04,CUST100313,PRD200069,3,9000.0,momo,AUTH11875,2024-12-02 19:03:00
TXN90007462,ST18,CUST103170,PRD200356,1,1250.0,MTN Mobile Money,CASH-8671,21/07/2024 08:09
TXN90007463,ECOM01,CUST103306,PRD201147,1,2300.0,MTN MoMo,AUTH69438,2024-12-25 09:57:00
TXN90007464,ST01,CUST104336,PRD200928,1,24000.0,Airtel Money,MP976210603,17/10/2024 05:36
TXN90007465,ECOM01,CUST101880,PRD200997,1,17250.0,AirtelMoney,CASH-3430,2024-11-05 20:04:00
TXN90007466,ST07,CUST101719,PRD200586,3,4950.0,MTN Mobile Money,CASH-2124,2024-11-21 05:45:00
TXN90007467,ST22,CUST101191,PRD200687,5,UGX60000,momo,MP627247797,2024-11-11 05:04:00
TXN90007468,ST09,CUST102354,PRD200424,1,9375.0,MTN Mobile Money,CASH-3694,2024-11-13 05:06:00
TXN90007469,ST04,CUST101610,PRD200311,1,930.53,momo,,12/08/2024 21:45
TXN90007470,ECOM01,CUST101182,PRD200026,1,12500.0,MTN Mobile Money,CASH-3979,2024-07-12 15:02:00
TXN90007471,ECOM01,CUST101896,PRD200325,1,825.0,Airtel Money,CASH-8926,2024-08-01 16:38:00
TXN90007472,ST17,CUST103850,PRD200898,1,"UGX 11,500",MTN MoMo,MP257036889,2024-12-16 13:43:00
TXN90007473,ST03,CUST101119,PRD200333,5,55000.0,MTN Mobile Money,,2024-12-25 17:48:00
TXN90007474,ST05,CUST104978,PRD200941,1,36000.0,AirtelMoney,MP483227889,2024-08-26 04:53:00
TXN90007475,ECOM01,CUST101454,PRD200077,3,2250.0,AirtelMoney,,2024-09-19 04:26:00
TXN90007476,ECOM01,CUST100140,PRD200113,1,65000.0,MTN Mobile Money,CASH-7199,2024-10-12 16:34:00
TXN90007477,ST22,CUST103075,PRD200780,2,52500.0,MTN MoMo,AM761469357,2024-11-08 20:06:00
TXN90007478,ST07,CUST100679,PRD201051,3,2700.0,MTN Mobile Money,AUTH13282,2024-11-26 20:59:00
TXN90007479,ST09,CUST104928,PRD201015,5,62500.0,AirtelMoney,MP551207332,2024-10-26 14:07:00
TXN90007480,ST12,CUST103431,PRD200467,1,"10,690",Card,MP972420969,06/07/2024 05:53
TXN90007481,ST05,CUST101810,PRD201069,1,8100.0,CASH,AUTH83330,2024-07-09 11:20:00
TXN90007482,ECOM01,CUST100471,PRD200652,1,65000.0,MTN Mobile Money,AUTH63948,2024-08-20 11:12:00
TXN90007483,ST09,CUST100315,PRD200739,1,8250.0,MTN MoMo,AM911231058,2024-11-10 23:18:00
TXN90007484,ST20,CUST103472,PRD200508,1,4500.0,MTN MoMo,CASH-4736,2024-08-02 10:25:00
TXN90007485,ST08,CUST104033,PRD200604,1,"26,000",CASH,CASH-8432,2024-10-21 01:58:00
TXN90007486,ST23,CUST103257,PRD200327,5,5400.0,Cash,AM200119841,2024-11-26 17:59:00
TXN90007487,ECOM01,CUST104715,PRD200688,-2,36000.0,MTN MoMo,AUTH25308,2024-11-02 19:45:00
TXN90007488,ST18,CUST104069,PRD200983,1,1725.0,AirtelMoney,AM683561287,13/12/2024 03:02
TXN90007489,ST18,CUST103885,PRD200608,1,8250.0,Cash,,2024-09-02 03:27:00
TXN90007490,ST13,CUST101463,PRD200641,1,52500.0,MTN MoMo,MP538027332,2024-08-26 22:06:00
TXN90007491,ST11,CUST101969,PRD200921,4,3750.0,AirtelMoney,AUTH38240,2024-07-14 21:29:00
TXN90007492,ST01,CUST104659,PRD200737,1,900.0,MTN Mobile Money,AM510240171,2024-07-02 00:58:00
TXN90007493,ST15,CUST104113,PRD200473,1,15000.0,Cash,CASH-4241,2024-07-25 16:50:00
TXN90007494,ST07,CUST103770,PRD201048,1,90000.0,MTN MoMo,CASH-7356,11/12/2024 20:15
TXN90007495,ST16,CUST102490,PRD200172,3,25000.0,Airtel Money,MP378116119,2024-10-23 20:28:00
TXN90007496,ECOM01,CUST102220,PRD200735,2,15000.0,momo,AM275531070,25/08/2024 19:11
TXN90007497,ST08,CUST103992,PRD200371,3,2750.0,MTN MoMo,,2024-09-01 11:33:00
TXN90007498,ECOM01,CUST103192,PRD200699,2,"15,000",Cash,AUTH96886,2024-12-20 13:59:00
TXN90007499,ECOM01,CUST101281,PRD200825,2,550.0,MTN MoMo,AM770915272,2024-07-09 10:30:00
TXN90007500,ST15,CUST104799,PRD201135,1,23000.0,CASH,AM840649896,2024-07-08 16:59:00
TXN90007501,ST22,CUST104192,PRD201099,4,2750.0,MTN Mobile Money,AUTH95012,2024-11-16 16:35:00
TXN90007502,ST12,CUST104104,PRD201163,2,3900.0,Cash,MP525147759,2024-07-25 16:28:00
TXN90007503,ST22,CUST103813,PRD200223,4,17250.0,CASH,CASH-9682,2024-07-21 21:08:00
TXN90007504,ST16,CUST102347,PRD200318,2,5175.0,MTN MoMo,AM741373137,2024-08-04 02:07:00
TXN90007505,ST17,CUST100449,PRD200806,1,62500.0,momo,CASH-5826,15/11/2024 08:28
TXN90007506,ST20,CUST103772,PRD200249,3,650.0,MTN MoMo,,2024-12-22 06:25:00
TXN90007507,ST19,CUST100819,PRD200866,3,2700.0,MTN MoMo,CASH-8340,2024-09-03 04:56:00
TXN90007508,ECOM01,CUST103919,PRD200615,1,1875.0,AirtelMoney,MP955785668,05/11/2024 00:28
TXN90007509,ST23,,PRD201145,1,16500.0,MTN MoMo,AUTH84630,2024-11-23 03:09:00
TXN90007510,ST03,CUST101772,PRD200038,3,4500.0,MTN MoMo,CASH-5980,2024-12-26 07:16:00
TXN90007511,ST16,CUST101269,PRD201004,1,3250.0,MTN MoMo,AM504036516,23/12/2024 09:15
TXN90007512,ST17,CUST101455,PRD200273,2,2700.0,MTN Mobile Money,,2024-09-28 03:19:00
TXN90007513,ST07,CUST100017,PRD200648,2,23000.0,momo,AUTH12171,2024-08-03 19:53:00
TXN90007514,ECOM01,CUST100619,PRD201095,1,5175.0,MTN MoMo,AUTH15202,2024-10-04 16:14:00
TXN90007515,ST06,CUST102593,PRD200269,2,60000.0,MTN MoMo,MP335089876,2024-09-11 19:56:00
TXN90007516,ST03,CUST103008,PRD200407,2,13000.0,Cash,,2024-07-10 13:30:00
TXN90007517,ST18,CUST103954,PRD200954,1,38500.0,AirtelMoney,CASH-9917,01/10/2024 03:21
TXN90007518,ST09,CUST101150,PRD200497,1,600.0,MTN MoMo,CASH-9408,30/08/2024 19:39
TXN90007519,ST18,CUST103730,PRD200733,1,5500.0,MTN Mobile Money,MP773344567,2024-10-08 12:51:00
TXN90007520,ST21,,PRD200089,1,3125.0,AirtelMoney,MP699065946,2024-11-19 17:04:00
TXN90007521,ST20,CUST102819,PRD200291,-2,42000.0,CASH,CASH-2814,25/12/2024 19:12
TXN90007522,ECOM01,CUST103949,PRD200230,1,2200.0,MTN Mobile Money,AUTH60975,2024-10-11 23:47:00
TXN90007523,ECOM01,CUST101161,PRD200034,2,12500.0,CASH,,2024-10-06 11:03:00
TXN90007524,ST19,CUST101156,PRD200867,1,4500.0,MTN MoMo,CASH-3702,2024-09-25 03:26:00
TXN90007525,ST07,,PRD200221,1,7500.0,MTN MoMo,MP679699492,2024-12-15 19:48:00
TXN90007526,ST19,CUST103552,PRD201054,4,5175.0,Cash,AM749023100,2024-11-23 03:53:00
TXN90007527,ECOM01,CUST104424,PRD200990,1,52500.0,Airtel Money,MP457405923,2024-07-27 11:34:00
TXN90007528,ECOM01,CUST103446,PRD200242,3,52500.0,Airtel Money,AM486643434,2024-12-07 17:44:00
TXN90007529,ST17,,PRD200815,-2,45500.0,MTN MoMo,AM598796110,2024-12-15 10:44:00
TXN90007530,ST07,CUST103129,PRD200905,2,2200.0,Cash,MP457093441,2024-12-12 00:09:00
TXN90007531,ST12,CUST104715,PRD201142,1,12500.0,Airtel Money,MP911761998,2024-10-12 17:01:00
TXN90007532,ST14,,PRD200073,5,38500.0,Airtel Money,AUTH64943,2024-08-01 15:23:00
TXN90007533,ST16,CUST102590,PRD200086,2,900.0,MTN Mobile Money,AUTH84706,2024-10-25 23:20:00
TXN90007534,ST07,CUST104447,PRD200844,5,1300.0,MTN Mobile Money,CASH-3045,2024-08-24 17:54:00
TXN90007535,ST19,,PRD200209,1,5500.0,AirtelMoney,AUTH77841,20/11/2024 12:35
TXN90007536,ST02,CUST102891,PRD200583,2,UGX23000,AirtelMoney,AUTH51715,2024-12-21 01:38:00
TXN90007537,ST03,CUST104866,PRD200618,2,90000.0,Cash,AM792633364,2024-10-17 22:48:00
TXN90007538,ST15,CUST104616,PRD200606,4,43750.0,MTN Mobile Money,,11/09/2024 22:53
TXN90007539,ST14,CUST100527,PRD201131,2,13000.0,AirtelMoney,AUTH37589,2024-07-20 18:42:00
TXN90007540,ST19,CUST102171,PRD200931,1,9750.0,momo,AM418410703,2024-09-28 11:23:00
TXN90007541,ST18,,PRD201148,3,900.0,MTN MoMo,CASH-1445,2024-11-13 16:46:00
TXN90007542,ST10,CUST104170,PRD200083,2,40250.0,MTN MoMo,CASH-3949,2024-07-11 11:09:00
TXN90007543,ST21,CUST103304,PRD200077,1,2250.0,MTN Mobile Money,CASH-6210,2024-12-27 00:15:00
TXN90007544,ST11,CUST102170,PRD200841,4,575.0,momo,AUTH27883,2024-09-09 06:17:00
TXN90007545,ST05,CUST101218,PRD200175,2,18000.0,MTN MoMo,,2024-09-28 11:51:00
TXN90007546,ST12,CUST102699,PRD200699,4,15000.0,Cash,AM248429417,2024-08-21 03:18:00
TXN90007547,ST20,CUST103874,PRD200575,3,3600.0,Cash,,2024-09-24 09:40:00
TXN90007548,ST04,CUST100309,PRD200748,1,2600.0,Cash,MP833138757,2024-11-13 07:27:00
TXN90007549,ST11,CUST103273,PRD200116,2,1201.24,Cash,AUTH85552,2024-08-04 12:24:00
TXN90007550,ST08,CUST104814,PRD200599,1,7172.65,MTN MoMo,CASH-5075,2024-10-24 01:14:00
TXN90007551,ST12,CUST102532,PRD200245,4,4500.0,Airtel Money,AUTH26173,2024-07-11 16:44:00
TXN90007552,ECOM01,CUST101212,PRD200814,3,2490.01,MTN MoMo,CASH-9189,2024-11-19 05:31:00
TXN90007553,ECOM01,CUST100604,PRD200959,1,2200.0,AirtelMoney,MP114798820,22/09/2024 19:50
TXN90007554,ST23,CUST102365,PRD200826,4,18000.0,MTN MoMo,AM887912166,2024-09-22 21:09:00
TXN90007555,ECOM01,CUST100389,PRD200040,2,52500.0,MTN Mobile Money,MP552918280,2024-07-30 23:27:00
TXN90007556,ST21,,PRD200665,2,1500.0,Cash,CASH-6063,2024-08-18 18:23:00
TXN90007557,ST03,CUST102477,PRD200247,1,1800.0,MTN Mobile Money,AM188267197,01/09/2024 08:57
TXN90007558,ST22,CUST100854,PRD200055,4,6500.0,momo,AUTH43194,2024-12-07 20:26:00
TXN90007559,ST09,CUST103464,PRD200643,1,21927.6,MTN Mobile Money,AM804468965,2024-07-20 13:09:00
TXN90007560,ST12,CUST103474,PRD201014,1,3250.0,momo,AM618163621,16/11/2024 19:04
TXN90007561,ST08,CUST101124,PRD200797,4,39122.92,CASH,AUTH97743,2024-07-29 20:23:00
TXN90007562,ST19,CUST102390,PRD200046,4,367.06,momo,CASH-3124,2024-10-30 18:51:00
TXN90007563,ST06,CUST100970,PRD200525,1,6250.0,Airtel Money,AUTH58292,2024-07-29 16:17:00
TXN90007564,ST03,CUST103005,PRD200750,1,3600.0,MTN MoMo,AM331442539,2024-11-01 09:11:00
TXN90007565,ST14,CUST102055,PRD200334,1,600.0,momo,MP915254593,2024-08-26 00:22:00
TXN90007566,ECOM01,CUST104114,PRD200008,3,27000.0,Cash,AUTH88558,2024-07-06 08:26:00
TXN90007567,ST22,CUST100500,PRD201036,1,1500.0,momo,AUTH66179,2024-09-02 15:22:00
TXN90007568,ECOM01,CUST102690,PRD200395,4,36000.0,MTN MoMo,AM930074588,2024-09-02 10:04:00
TXN90007569,ST19,CUST102460,PRD200567,3,75000.0,MTN MoMo,CASH-1853,2024-07-28 05:45:00
TXN90007570,ST13,CUST101433,PRD200739,1,8250.0,momo,AUTH85679,2024-11-28 03:02:00
TXN90007571,ECOM01,CUST102769,PRD200573,1,42000.0,Airtel Money,AM566878008,2024-11-14 22:44:00
TXN90007572,ST07,CUST101270,PRD200723,1,1725.0,MTN Mobile Money,AUTH33349,2024-08-07 07:11:00
TXN90007573,ST15,CUST101416,PRD201130,1,8100.0,Cash,AUTH10722,2024-07-13 15:17:00
TXN90007574,ST08,CUST100886,PRD200622,2,UGX75000,MTN Mobile Money,CASH-4422,2024-08-20 11:28:00
TXN90007575,ST08,CUST102038,PRD200078,4,893.67,Airtel Money,CASH-4056,2024-08-11 15:33:00
TXN90007576,ST13,CUST100524,PRD200473,1,15000.0,MTN Mobile Money,MP298706783,2024-11-25 11:02:00
TXN90007577,ST22,CUST103538,PRD200913,1,43750.0,AirtelMoney,AM564783048,2024-11-10 20:37:00
TXN90007578,ST02,CUST101008,PRD200840,2,1500.0,Cash,MP752835421,14/12/2024 23:59
TXN90007579,ST08,,PRD200827,1,90000.0,Cash,MP822081356,2024-09-06 19:47:00
TXN90007580,ST11,CUST100770,PRD200066,4,1250.0,MTN Mobile Money,AUTH27174,2024-08-23 01:31:00
TXN90007581,ST05,CUST104582,PRD201122,1,6750.0,MTN MoMo,MP952683606,2024-08-12 05:43:00
TXN90007582,ST02,CUST101481,PRD200353,1,1875.0,AirtelMoney,MP652396345,2024-07-07 14:17:00
TXN90007583,ST20,,PRD200496,1,750.0,MTN MoMo,CASH-3359,2024-10-09 02:42:00
TXN90007584,ST10,CUST103808,PRD200448,1,2750.0,AirtelMoney,AUTH92674,2024-11-05 01:12:00
TXN90007585,ST15,CUST102174,PRD200309,-1,7637.88,Airtel Money,AUTH91779,2024-08-09 01:19:00
TXN90007586,ECOM01,CUST101437,PRD200891,3,40250.0,MTN Mobile Money,CASH-8461,2024-11-25 21:20:00
TXN90007587,ST13,CUST103157,PRD200596,1,1974.41,MTN MoMo,MP608678477,2024-07-08 13:14:00
TXN90007588,ST19,CUST103928,PRD200337,2,25000.0,MTN MoMo,CASH-2228,28/11/2024 01:40
TXN90007589,ST15,CUST103080,PRD200020,4,40250.0,MTN Mobile Money,AM967036490,2024-07-14 01:50:00
TXN90007590,ST19,CUST104691,PRD200518,2,3900.0,MTN MoMo,AM437631603,2024-07-01 11:12:00
TXN90007591,ST09,CUST104821,PRD200916,1,550.0,CASH,AUTH82460,2024-07-01 04:58:00
TXN90007592,ECOM01,CUST101212,PRD200819,1,90000.0,AirtelMoney,AUTH54870,2024-07-07 20:59:00
TXN90007593,ST13,CUST102502,PRD201054,1,5175.0,Cash,CASH-2766,2024-08-06 17:23:00
TXN90007594,ECOM01,CUST100191,PRD201053,1,4427.05,Cash,CASH-7435,19/08/2024 00:47
TXN90007595,ST20,CUST101962,PRD200331,2,43750.0,MTN MoMo,,2024-11-24 05:10:00
TXN90007596,ST21,CUST102105,PRD200950,2,63000.0,Cash,AUTH67809,2024-07-17 11:41:00
TXN90007597,ST10,CUST100757,PRD200582,2,1250.0,Airtel Money,MP558958199,2024-08-15 22:59:00
TXN90007598,ST03,CUST101371,PRD200149,2,900.0,MTN Mobile Money,,2024-12-07 23:54:00
TXN90007599,ST08,CUST102888,PRD201040,2,19500.0,MTN MoMo,MP436853322,2024-10-24 03:17:00
TXN90007600,ST20,CUST100969,PRD200221,-2,7500.0,Cash,MP295901803,2024-09-04 03:26:00
TXN90007601,ECOM01,CUST102194,PRD200516,1,1500.0,CASH,AUTH41958,27/09/2024 13:34
TXN90007602,ST09,CUST100242,PRD200860,4,9000.0,momo,AUTH71781,20/12/2024 18:08
TXN90007603,ST02,CUST100761,PRD200066,1,1250.0,Cash,,2024-08-05 09:47:00
TXN90007604,ST18,,PRD200507,1,2700.0,Cash,MP344682593,2024-09-13 03:20:00
TXN90007605,ECOM01,,PRD200404,3,2250.0,Airtel Money,AUTH15009,09/12/2024 17:29
TXN90007606,ST18,CUST103902,PRD200395,2,36000.0,MTN Mobile Money,CASH-3944,2024-09-22 17:25:00
TXN90007607,ST08,CUST100511,PRD200623,1,12500.0,Airtel Money,AUTH97834,2024-08-24 21:09:00
TXN90007608,ST01,CUST102461,PRD200201,5,22000.0,momo,CASH-9644,2024-10-24 10:30:00
TXN90007609,ECOM01,CUST100158,PRD200250,1,8100.0,CASH,,2024-11-22 00:17:00
TXN90007610,ECOM01,CUST100775,PRD200366,1,5400.0,MTN MoMo,AM973648447,2024-08-19 18:26:00
TXN90007611,ST21,CUST102044,PRD200055,2,6500.0,MTN Mobile Money,CASH-2665,2024-10-29 03:53:00
TXN90007612,ST12,CUST103393,PRD200331,2,43750.0,Cash,AUTH96642,2024-12-13 12:20:00
TXN90007613,ST08,CUST102425,PRD200280,4,3630.88,MTN MoMo,AM996336920,2024-11-02 19:13:00
TXN90007614,ECOM01,CUST104565,PRD200581,1,3750.0,AirtelMoney,AM384971105,2024-12-09 14:54:00
TXN90007615,ECOM01,CUST102776,PRD200729,-2,38500.0,Card,MP230026865,2024-07-04 14:02:00
TXN90007616,ST18,CUST104979,PRD200081,1,4500.0,MTN MoMo,AUTH65363,2024-09-29 11:28:00
TXN90007617,ST21,CUST102474,PRD200775,3,1950.0,MTN MoMo,AM112094539,2024-11-05 04:35:00
TXN90007618,ST13,CUST103440,PRD200162,2,40250.0,Airtel Money,,12/07/2024 04:36
TXN90007619,ST02,CUST101687,PRD200045,1,15000.0,momo,AUTH56372,2024-09-16 12:42:00
TXN90007620,ST23,CUST101957,PRD200960,1,15000.0,AirtelMoney,,2024-09-26 07:58:00
TXN90007621,ST08,CUST100422,PRD200868,4,12500.0,CASH,CASH-7970,2024-09-15 10:55:00
TXN90007622,ECOM01,CUST103868,PRD200205,5,6250.0,Airtel Money,CASH-5408,2024-09-25 06:39:00
TXN90007623,ST05,CUST104037,PRD200046,3,367.06,MTN Mobile Money,CASH-2696,30/08/2024 18:51
TXN90007624,ECOM01,CUST104621,PRD200374,2,19500.0,Cash,MP150823568,2024-10-28 02:06:00
TXN90007625,ECOM01,,PRD200320,2,43750.0,AirtelMoney,CASH-1648,2024-07-03 09:56:00
TXN90007626,ST15,CUST100079,PRD200716,1,1725.0,AirtelMoney,AM767740480,2024-11-26 21:49:00
TXN90007627,ST19,CUST102567,PRD200343,2,1500.0,Airtel Money,AUTH10756,2024-09-11 11:56:00
TXN90007628,ECOM01,CUST103063,PRD200414,3,11250.0,AirtelMoney,AM794423400,2024-07-11 15:16:00
TXN90007629,ST12,CUST100213,PRD200548,1,5400.0,momo,AM576790384,24/10/2024 05:04
TXN90007630,ST01,CUST103308,PRD200278,1,1350.0,Airtel Money,CASH-7555,31/10/2024 13:36
TXN90007631,ST14,CUST100412,PRD200478,1,3750.0,MTN Mobile Money,AUTH13140,15/08/2024 07:28
TXN90007632,ST16,CUST104500,PRD200182,2,1883.72,momo,MP983543694,2024-09-28 08:45:00
TXN90007633,ST09,CUST104520,PRD200867,3,4500.0,Airtel Money,,21/12/2024 09:49
TXN90007634,ECOM01,CUST104972,PRD201014,2,3250.0,MTN MoMo,CASH-1237,2024-09-04 03:38:00
TXN90007635,ECOM01,CUST102780,PRD200071,1,26000.0,MTN Mobile Money,MP744766404,2024-09-21 07:20:00
TXN90007636,ECOM01,CUST101400,PRD200309,1,7637.88,MTN MoMo,MP349633112,07/08/2024 16:45
TXN90007637,ST22,CUST104138,PRD201070,3,1500.0,MTN MoMo,,2024-10-22 09:33:00
TXN90007638,ST15,CUST101323,PRD200043,-1,12500.0,MTN Mobile Money,AUTH63874,2024-07-24 10:54:00
TXN90007639,ST17,CUST100383,PRD200850,1,1200.0,MTN Mobile Money,AM185619958,2024-10-19 18:07:00
TXN90007640,ST10,CUST104040,PRD200948,2,825.0,MTN MoMo,CASH-8516,2024-09-05 06:38:00
TXN90007641,ECOM01,CUST101697,PRD200189,1,3000.0,Cash,CASH-7604,2024-08-10 09:11:00
TXN90007642,ST10,CUST100670,PRD200031,1,1300.0,Cash,MP977351416,08/12/2024 18:08
TXN90007643,ST17,CUST102132,PRD200250,3,8100.0,Cash,CASH-8217,2024-08-27 14:34:00
TXN90007644,ST13,CUST100530,PRD200861,1,1500.0,AirtelMoney,CASH-4650,2024-07-08 18:35:00
TXN90007645,ST11,CUST104289,PRD201046,1,2700.0,AirtelMoney,AM287917312,2024-09-01 04:15:00
TXN90007646,ECOM01,CUST103208,PRD200217,1,5750.0,MTN MoMo,CASH-4001,2024-12-17 02:41:00
TXN90007647,ST11,CUST102000,PRD200003,1,9375.0,Cash,,11/09/2024 06:05
TXN90007648,ST21,CUST100804,PRD200351,2,52500.0,AirtelMoney,AUTH74827,2024-12-17 01:50:00
TXN90007649,ST23,CUST103010,PRD201145,1,16500.0,AirtelMoney,AM980541087,2024-07-04 11:12:00
TXN90007650,ST01,CUST103596,PRD200978,1,40250.0,MTN Mobile Money,AUTH12340,01/12/2024 16:50
TXN90007651,ECOM01,CUST101369,PRD200351,2,52500.0,MTN Mobile Money,,2024-10-13 01:26:00
TXN90007652,ST02,CUST104205,PRD200603,4,6250.0,AirtelMoney,AM769733079,2024-10-26 10:18:00
TXN90007653,ECOM01,CUST102225,PRD200910,4,3750.0,Card,AM954348013,2024-09-22 02:50:00
TXN90007654,ST23,CUST104522,PRD200572,1,3750.0,MTN MoMo,AUTH27962,2024-07-10 00:21:00
TXN90007655,ECOM01,,PRD200768,1,5400.0,Airtel Money,MP804783137,2024-11-29 16:28:00
TXN90007656,ST12,CUST102930,PRD200837,4,90000.0,MTN MoMo,MP736788303,2024-09-08 05:46:00
TXN90007657,ST17,CUST100548,PRD200951,1,8625.0,MTN Mobile Money,MP702647951,2024-10-17 05:49:00
TXN90007658,ST01,CUST103341,PRD200242,2,52500.0,momo,MP893768694,2024-10-18 00:44:00
TXN90007659,ST15,CUST102215,PRD200202,1,42000.0,MTN Mobile Money,MP551550429,11/07/2024 16:51
TXN90007660,ST01,CUST102739,PRD200931,4,9750.0,MTN Mobile Money,,2024-09-24 02:15:00
TXN90007661,ST01,CUST102684,PRD200815,1,"45,500",Airtel Money,AUTH66056,2024-10-03 12:46:00
TXN90007662,ST09,CUST104668,PRD201149,1,12000.0,momo,AUTH91091,2024-11-21 21:09:00
TXN90007663,ST05,CUST101515,PRD201022,-1,19500.0,Cash,,2024-11-16 13:06:00
TXN90007664,ST05,,PRD200375,3,3051.54,MTN MoMo,AUTH12216,2024-12-22 12:16:00
TXN90007665,ST10,CUST100060,PRD200802,2,"UGX 5,400",MTN MoMo,,2024-10-04 12:40:00
TXN90007666,ST18,CUST102088,PRD200072,3,UGX5850,Airtel Money,MP588609141,29/10/2024 18:03
TXN90007667,ST01,CUST100944,PRD200040,1,52500.0,Cash,MP261429093,2024-08-07 09:39:00
TXN90007668,ST16,,PRD200676,2,16500.0,Airtel Money,AM548115060,2024-08-05 15:28:00
TXN90007669,ST17,CUST102721,PRD200372,-1,900,MTN MoMo,MP132977468,12/09/2024 14:45
TXN90007670,ST15,CUST100023,PRD200375,1,"UGX 3,052",Card,CASH-1248,2024-08-27 15:01:00
TXN90007671,ST17,CUST102780,PRD200028,1,UGX27000,MTN MoMo,AM100956994,2024-10-06 10:13:00
TXN90007672,ECOM01,CUST101879,PRD200968,1,6250.0,MTN Mobile Money,MP722922918,2024-12-18 02:46:00
TXN90007673,ST13,CUST102709,PRD200716,1,1725.0,AirtelMoney,MP934265242,2024-12-03 17:08:00
TXN90007674,ST20,,PRD200734,2,"3,754",Airtel Money,MP604358267,2024-07-11 05:47:00
TXN90007675,ECOM01,CUST101735,PRD201093,1,11250.0,momo,CASH-5061,2024-11-02 22:47:00
TXN90007676,ST07,CUST100710,PRD200038,3,4500.0,Airtel Money,AUTH87693,2024-11-02 17:01:00
TXN90007677,ECOM01,CUST101805,PRD200995,1,550.0,MTN MoMo,,2024-10-10 12:15:00
TXN90007678,ST11,CUST101924,PRD200378,1,3300.0,Airtel Money,AUTH38248,2024-07-30 19:33:00
TXN90007679,ST06,CUST104667,PRD200189,3,3000.0,Cash,AM438797682,2024-08-23 22:37:00
TXN90007680,ST20,CUST103144,PRD200190,2,60000.0,Airtel Money,AM206436831,2024-07-04 17:00:00
TXN90007681,ST20,CUST100798,PRD200210,3,5500.0,momo,CASH-6152,2024-08-02 11:28:00
TXN90007682,ST22,CUST104797,PRD201029,-2,862.5,MTN MoMo,CASH-6363,2024-08-16 11:42:00
TXN90007683,ST04,CUST102620,PRD200160,4,"UGX 2,750",MTN Mobile Money,CASH-5801,2024-11-22 21:52:00
TXN90007684,ECOM01,CUST102078,PRD200397,-2,1650.0,Cash,MP478013453,2024-07-06 14:00:00
TXN90007685,ECOM01,CUST103110,PRD201011,2,2875.0,Airtel Money,CASH-8085,2024-07-20 12:32:00
TXN90007686,ST20,CUST104360,PRD200642,1,5500.0,AirtelMoney,AUTH65510,24/09/2024 17:12
TXN90007687,ECOM01,,PRD200036,4,22000.0,CASH,CASH-8092,2024-09-01 15:32:00
TXN90007688,ST18,CUST103632,PRD200514,1,825.0,MTN MoMo,CASH-7193,2024-07-21 16:01:00
TXN90007689,ST07,,PRD200062,2,6250.0,MTN Mobile Money,AUTH77923,2024-10-22 12:33:00
TXN90007690,ECOM01,CUST100239,PRD200397,3,1650.0,MTN Mobile Money,MP772944437,2024-12-27 08:18:00
TXN90007691,ST02,CUST102142,PRD200952,2,2875.0,MTN Mobile Money,AUTH32235,2024-12-25 18:40:00
TXN90007692,ST23,CUST104491,PRD200912,2,12000.0,Airtel Money,MP436144234,2024-07-24 03:58:00
TXN90007693,ECOM01,CUST104169,PRD200612,3,12000.0,MTN Mobile Money,AM961031065,2024-09-07 07:42:00
TXN90007694,ST11,CUST104115,PRD200186,2,15000.0,Airtel Money,CASH-2669,2024-09-30 20:46:00
TXN90007695,ST03,CUST102971,PRD200354,1,2700.0,Airtel Money,AM827167807,2024-11-02 12:52:00
TXN90007696,ST02,CUST100482,PRD201164,2,19500.0,momo,AUTH11593,2024-08-10 11:36:00
TXN90007697,ST21,CUST102107,PRD200305,1,3750.0,Card,MP563861909,2024-11-11 01:09:00
TXN90007698,ST15,CUST103484,PRD200385,1,8625.0,MTN MoMo,MP859251320,2024-09-27 23:25:00
TXN90007699,ST15,CUST100759,PRD200278,1,1350.0,AirtelMoney,,2024-09-07 14:30:00
TXN90007700,ST03,CUST103867,PRD200249,1,650.0,momo,CASH-4380,2024-09-18 12:51:00
TXN90007701,ST17,CUST102358,PRD200682,1,3300.0,Airtel Money,MP966586556,2024-10-30 02:36:00
TXN90007702,ST08,CUST102629,PRD200187,1,937.5,CASH,AM567525535,09/08/2024 06:53
TXN90007703,ECOM01,CUST102449,PRD200702,4,625.0,Cash,AUTH96772,2024-07-02 23:36:00
TXN90007704,ST07,CUST104994,PRD200085,2,3750.0,MTN MoMo,AM360423422,2024-11-19 20:36:00
TXN90007705,ST04,CUST104104,PRD200485,1,UGX60000,MTN MoMo,AM648893810,2024-07-24 17:27:00
TXN90007706,ST12,CUST103718,PRD200679,3,937.5,Cash,MP359397028,2024-11-26 08:49:00
TXN90007707,ST13,CUST101791,PRD200197,4,13500.0,MTN MoMo,,2024-10-04 15:09:00
TXN90007708,ST11,CUST103594,PRD200688,1,36000.0,Airtel Money,AUTH32739,2024-08-18 09:09:00
TXN90007709,ST14,CUST104473,PRD200325,2,825.0,MTN MoMo,CASH-6453,2024-08-15 04:38:00
TXN90007710,ST22,CUST100379,PRD200842,2,3450.0,Card,MP621506580,2024-12-10 12:32:00
TXN90007711,ST18,CUST100133,PRD200856,1,19500.0,MTN Mobile Money,MP768488887,2024-12-03 22:51:00
TXN90007712,ST13,CUST104845,PRD200473,1,15000.0,MTN Mobile Money,AM698683295,2024-09-20 06:36:00
TXN90007713,ST09,CUST103807,PRD201143,1,23000.0,momo,CASH-8073,2024-10-25 07:54:00
TXN90007714,ST17,CUST100196,PRD200051,5,42000.0,momo,MP973306849,2024-09-16 22:27:00
TXN90007715,ECOM01,CUST102485,PRD201111,1,650.0,Cash,MP150057036,24/11/2024 08:37
TXN90007716,ST06,,PRD200243,1,600.0,MTN MoMo,MP863722914,2024-10-26 14:08:00
TXN90007717,ST04,,PRD200599,3,7172.65,Airtel Money,MP160789589,2024-10-30 13:55:00
TXN90007718,ST13,CUST104475,PRD200993,2,1500.0,MTN MoMo,AUTH86514,2024-10-09 15:55:00
TXN90007719,ST13,CUST101081,PRD200522,3,38500.0,MTN MoMo,,2024-08-13 07:45:00
TXN90007720,ST08,CUST102985,PRD200956,-2,5500.0,AirtelMoney,AUTH87518,2024-10-15 04:00:00
TXN90007721,ST16,CUST102857,PRD201030,3,17250.0,momo,AM486474486,2024-09-01 02:35:00
TXN90007722,ECOM01,CUST103614,PRD200196,-2,5536.64,MTN Mobile Money,AM189998144,2024-11-10 09:22:00
TXN90007723,ECOM01,CUST101421,PRD200581,1,3750.0,CASH,AM843193842,2024-10-22 22:46:00
TXN90007724,ST04,CUST103345,PRD201005,2,5400.0,MTN MoMo,MP146730116,2024-11-16 22:10:00
TXN90007725,ECOM01,CUST100920,PRD200088,1,2500.0,Cash,,2024-12-15 21:53:00
TXN90007726,ST07,CUST100130,PRD200934,1,38500.0,MTN MoMo,AM756309072,2024-10-07 05:20:00
TXN90007727,ST20,,PRD200987,1,30000.0,AirtelMoney,CASH-7364,2024-08-21 01:56:00
TXN90007728,ST05,CUST104328,PRD200501,2,1125.0,MTN MoMo,AM346997946,2024-11-26 14:55:00
TXN90007729,ST14,CUST100601,PRD200210,4,5500.0,MTN MoMo,,2024-09-28 13:49:00
TXN90007730,ST16,CUST100534,PRD200993,3,1500.0,Airtel Money,CASH-7172,2024-10-19 02:04:00
TXN90007731,ECOM01,CUST101261,PRD200572,3,3750.0,Airtel Money,AM176540673,2024-11-20 22:12:00
TXN90007732,ST21,CUST101543,PRD201108,3,36000.0,MTN MoMo,MP523570848,2024-12-12 17:10:00
TXN90007733,ECOM01,CUST104843,PRD200783,3,57500.0,MTN MoMo,CASH-2355,2024-09-27 03:18:00
TXN90007734,ST12,CUST101642,PRD200575,1,3600.0,AirtelMoney,AUTH97772,2024-07-26 19:18:00
TXN90007735,ST14,CUST104578,PRD200462,4,1125.0,MTN MoMo,,2024-12-07 07:24:00
TXN90007736,ECOM01,CUST100524,PRD201022,2,19500.0,Airtel Money,,2024-12-11 23:52:00
TXN90007737,ST01,CUST102987,PRD200339,1,682.36,Airtel Money,MP671585911,2024-10-12 17:58:00
TXN90007738,ST09,CUST101222,PRD200056,2,40250.0,MTN MoMo,CASH-5988,2024-07-17 02:34:00
TXN90007739,ST21,CUST103077,PRD200375,1,3051.54,Cash,CASH-5115,2024-10-28 17:14:00
TXN90007740,ST02,CUST102025,PRD200586,2,4950.0,MTN MoMo,CASH-3436,2024-07-25 18:06:00
TXN90007741,ST01,CUST102770,PRD201008,4,8250.0,Airtel Money,AUTH77724,2024-12-10 21:59:00
TXN90007742,ST19,CUST104607,PRD200550,1,12000.0,MTN Mobile Money,AM545810964,2024-07-15 23:33:00
TXN90007743,ST18,CUST102406,PRD200482,2,25000.0,Cash,CASH-9902,2024-09-05 04:06:00
TXN90007744,ST03,CUST101464,PRD200870,1,1800.0,Airtel Money,AUTH80885,2024-11-19 04:12:00
TXN90007745,ECOM01,CUST101532,PRD200818,1,3450.0,MTN MoMo,AM526770863,2024-07-12 01:23:00
TXN90007746,ST22,CUST100278,PRD200638,-1,3000.0,AirtelMoney,,2024-07-05 00:15:00
TXN90007747,ECOM01,CUST103318,PRD200318,1,5175.0,Card,CASH-1842,2024-12-16 21:24:00
TXN90007748,ST02,CUST101171,PRD200524,1,4027.09,Cash,AUTH35260,2024-09-19 12:14:00
TXN90007749,ST04,CUST101715,PRD201113,1,63000.0,MTN Mobile Money,,2024-10-22 08:20:00
TXN90007750,ST01,CUST103220,PRD200271,1,5625.0,momo,AM354714339,20/10/2024 20:40
TXN90007751,ST01,CUST101293,PRD201123,1,4950.0,MTN MoMo,,2024-11-02 12:39:00
TXN90007752,ST13,CUST104379,PRD200739,2,8250.0,MTN MoMo,MP212073463,2024-09-11 04:20:00
TXN90007753,ECOM01,CUST102147,PRD200370,1,38500.0,AirtelMoney,AUTH24521,2024-11-13 11:57:00
TXN90007754,ST05,CUST102039,PRD200560,5,18000.0,momo,AM817365554,20/12/2024 23:13
TXN90007755,ECOM01,CUST103849,PRD200906,1,8250.0,MTN MoMo,AM201675569,2024-08-30 22:17:00
TXN90007756,ST18,CUST101945,PRD200387,-1,6750.0,Airtel Money,MP259312913,2024-10-24 01:42:00
TXN90007757,ST15,CUST101779,PRD200394,1,UGX3600,momo,AM147698266,2024-12-07 02:42:00
TXN90007758,ST21,CUST100066,PRD200922,1,55000.0,Airtel Money,AM558591217,2024-12-05 23:20:00
TXN90007759,ST04,CUST102324,PRD200327,1,5400.0,MTN Mobile Money,AUTH81400,14/07/2024 19:22
TXN90007760,ST15,CUST103938,PRD200567,2,75000.0,Airtel Money,AUTH62821,2024-07-17 22:53:00
TXN90007761,ST21,CUST103381,PRD200573,2,42000.0,MTN MoMo,CASH-6503,2024-09-06 04:54:00
TXN90007762,ST18,CUST104833,PRD200671,1,550.0,Airtel Money,MP929280636,2024-07-17 01:46:00
TXN90007763,ECOM01,CUST104097,PRD200327,1,5400.0,Airtel Money,AM171935470,2024-10-18 04:28:00
TXN90007764,ST13,CUST102319,PRD200131,3,3000.0,MTN MoMo,CASH-6383,2024-09-09 00:36:00
TXN90007765,ST07,CUST100592,PRD200470,1,42000.0,Cash,AM745353346,2024-08-20 05:24:00
TXN90007766,ST11,CUST101589,PRD200067,3,8100.0,MTN Mobile Money,CASH-9535,2024-09-22 21:19:00
TXN90007767,ST02,CUST101984,PRD200249,3,650.0,CASH,MP358016054,2024-10-02 21:46:00
TXN90007768,ST18,CUST100215,PRD200100,1,1875.0,MTN MoMo,CASH-3095,2024-07-28 22:22:00
TXN90007769,ST23,CUST102282,PRD200772,1,13000.0,MTN MoMo,AUTH35587,2024-07-31 21:49:00
TXN90007770,ST08,CUST101862,PRD200354,2,2700.0,MTN MoMo,AUTH46156,2024-10-20 21:57:00
TXN90007771,ST12,CUST101747,PRD200426,1,UGX 550,MTN Mobile Money,MP383582117,2024-09-29 14:36:00
TXN90007772,ST13,CUST104918,PRD200069,4,9000.0,Airtel Money,MP492562218,2024-09-15 20:58:00
TXN90007773,ST01,,PRD200821,5,UGX9603,AirtelMoney,MP780784939,2024-11-27 16:30:00
TXN90007774,ST20,CUST103618,PRD200256,1,975.0,momo,AUTH19759,2024-08-30 15:49:00
TXN90007775,ST16,CUST102336,PRD200678,3,30586.26,CASH,AUTH42715,2024-10-14 04:43:00
TXN90007776,ECOM01,CUST102736,PRD200291,2,42000.0,MTN MoMo,MP353452164,12/12/2024 01:13
TXN90007777,ST01,CUST100767,PRD200810,3,13500.0,momo,AUTH62877,2024-09-08 21:10:00
TXN90007778,ST13,,PRD200762,1,18750.0,Cash,MP806969752,2024-10-09 07:17:00
TXN90007779,ST10,CUST100716,PRD200908,1,3600.0,Airtel Money,AM272966621,2024-10-20 21:37:00
TXN90007780,ST03,CUST100451,PRD200211,5,1875.0,CASH,MP550290913,2024-09-06 02:06:00
TXN90007781,ST21,CUST104902,PRD200516,1,1500.0,Airtel Money,MP583980733,2024-11-17 12:42:00
TXN90007782,ST14,CUST104941,PRD200326,2,3300.0,MTN Mobile Money,AM289435887,2024-11-15 19:27:00
TXN90007783,ST09,CUST103024,PRD201058,1,1150.0,CASH,AUTH31095,2024-12-15 19:08:00
TXN90007784,ST01,CUST104425,PRD200298,3,40250.0,CASH,CASH-4305,2024-08-03 21:49:00
TXN90007785,ST07,CUST103726,PRD200163,1,7500.0,momo,CASH-8457,2024-09-12 04:00:00
TXN90007786,ST06,CUST100989,PRD200270,1,650.0,Airtel Money,CASH-5704,20/07/2024 18:34
TXN90007787,ST05,CUST101648,PRD200959,1,2200.0,Cash,AM584805974,09/10/2024 05:06
TXN90007788,ST07,CUST103846,PRD200108,1,1200.0,momo,CASH-1610,2024-08-14 09:09:00
TXN90007789,ST05,CUST104236,PRD200357,2,19500.0,Cash,MP818525835,2024-12-22 17:03:00
TXN90007790,ST12,,PRD200257,3,1867.74,MTN Mobile Money,AUTH30577,2024-09-06 16:03:00
TXN90007791,ST11,CUST103176,PRD200229,1,"16,500",Cash,MP210710340,04/11/2024 05:56
TXN90007792,ST20,,PRD200107,1,1800.0,Cash,AM223212834,2024-08-15 20:49:00
TXN90007793,ST11,,PRD200972,1,12000.0,AirtelMoney,AM448032180,2024-09-24 21:41:00
TXN90007794,ST15,CUST100984,PRD200289,3,5175.0,MTN MoMo,AUTH99581,2024-09-25 07:06:00
TXN90007795,ST11,CUST103075,PRD200291,1,42000.0,Airtel Money,MP237372870,29/11/2024 22:56
TXN90007796,ST17,CUST101684,PRD200770,1,2700.0,Cash,MP810141739,2024-12-22 10:38:00
TXN90007797,ST18,CUST103715,PRD200414,1,11250.0,MTN Mobile Money,MP998808137,2024-11-01 23:16:00
TXN90007798,ST02,CUST100163,PRD200294,3,24000.0,Card,AUTH22163,2024-07-12 02:39:00
TXN90007799,ST10,,PRD201038,1,60000.0,CASH,AM910159464,2024-08-18 00:19:00
TXN90007800,ST02,CUST101814,PRD200737,1,900.0,Airtel Money,MP823411028,2024-07-29 13:39:00
TXN90007801,ST09,CUST102071,PRD201044,2,27000.0,Airtel Money,CASH-9229,03/09/2024 10:00
TXN90007802,ST22,CUST100591,PRD200411,3,1125.0,MTN MoMo,AM568376484,08/10/2024 22:23
TXN90007803,ST07,CUST104645,PRD200208,4,900.0,AirtelMoney,AM916321079,2024-09-02 07:00:00
TXN90007804,ST15,CUST102187,PRD200164,1,5400.0,Cash,AM377081043,2024-11-30 14:30:00
TXN90007805,ST14,CUST100858,PRD200360,2,52500.0,Cash,AUTH49948,2024-07-08 22:51:00
TXN90007806,ST09,CUST103941,PRD200097,1,19500.0,MTN MoMo,CASH-7794,2024-07-12 13:08:00
TXN90007807,ECOM01,CUST100829,PRD200826,1,18000.0,MTN Mobile Money,AUTH82171,10/11/2024 01:29
TXN90007808,ST04,CUST101202,PRD200730,4,6750.0,Cash,CASH-3901,2024-07-26 02:45:00
TXN90007809,ECOM01,CUST101522,PRD201020,1,1150.0,Cash,AM821685404,2024-12-07 14:26:00
TXN90007810,ST12,CUST103629,PRD200148,2,23000.0,Cash,AM538299867,2024-07-07 23:14:00
TXN90007811,ST18,CUST104378,PRD200095,1,5400.0,Cash,CASH-4080,2024-12-27 06:06:00
TXN90007812,ECOM01,CUST103872,PRD200457,1,5175.0,Cash,CASH-1547,2024-07-23 13:25:00
TXN90007813,ECOM01,CUST102517,PRD200735,2,15000.0,MTN MoMo,AUTH98250,2024-11-17 12:31:00
TXN90007814,ECOM01,CUST101694,PRD201050,1,2500.0,MTN Mobile Money,AM750333152,21/08/2024 10:53
TXN90007815,ST05,CUST103138,PRD200562,4,2250.0,MTN MoMo,CASH-2004,2024-09-02 21:22:00
TXN90007816,ECOM01,CUST102016,PRD200386,1,62500.0,AirtelMoney,,2024-10-03 03:22:00
TXN90007817,ST16,CUST104937,PRD200404,2,2250.0,Cash,AUTH89123,2024-09-21 23:53:00
TXN90007818,ST10,CUST103525,PRD201096,1,2700.0,MTN MoMo,AUTH86770,2024-10-04 16:46:00
TXN90007819,ECOM01,CUST102554,PRD200320,1,43750.0,MTN Mobile Money,MP551967262,2024-09-28 03:22:00
TXN90007820,ECOM01,,PRD201164,2,19500.0,MTN Mobile Money,MP209314617,25/11/2024 16:55
TXN90007821,ST14,CUST104666,PRD200493,1,825.0,MTN MoMo,MP765867967,10/09/2024 21:41
TXN90007822,ECOM01,,PRD200620,1,75000.0,AirtelMoney,MP829877352,2024-11-16 23:41:00
TXN90007823,ST06,CUST101775,PRD200869,1,"UGX 2,700",MTN Mobile Money,CASH-6085,2024-08-17 21:58:00
TXN90007824,ST20,CUST101221,PRD200239,1,1350.0,MTN Mobile Money,MP887980703,2024-12-23 15:57:00
TXN90007825,ECOM01,CUST102464,PRD200601,2,18750.0,MTN MoMo,MP948872752,2024-11-21 05:01:00
TXN90007826,ST02,CUST101584,PRD200371,4,2750.0,Airtel Money,AUTH98585,2024-08-25 16:13:00
TXN90007827,ST06,CUST103883,PRD201058,2,1150.0,MTN MoMo,,2024-09-29 05:47:00
TXN90007828,ST16,CUST104068,PRD200899,5,900.0,MTN Mobile Money,AM646984417,2024-08-29 16:07:00
TXN90007829,ST12,CUST102493,PRD200024,1,2600.0,AirtelMoney,AUTH77001,2024-08-23 20:38:00
TXN90007830,ST22,CUST104800,PRD200976,3,8100.0,AirtelMoney,AUTH65237,2024-07-08 23:58:00
TXN90007831,ST18,CUST103290,PRD201137,1,"12,500",MTN MoMo,,2024-11-16 00:33:00
TXN90007832,ECOM01,CUST104917,PRD200778,4,937.5,Airtel Money,AM917710966,2024-12-22 13:30:00
TXN90007833,ST23,CUST100435,PRD200548,1,5400.0,momo,CASH-8635,2024-07-31 08:23:00
TXN90007834,ST12,CUST102052,PRD200251,2,3250.0,momo,AM269907713,2024-11-25 15:52:00
TXN90007835,ECOM01,CUST101859,PRD200854,1,4950.0,AirtelMoney,AM752699423,2024-10-10 21:25:00
TXN90007836,ST23,,PRD200163,1,7500.0,MTN Mobile Money,MP349913864,2024-09-04 08:41:00
TXN90007837,ST02,CUST101462,PRD200200,3,62500.0,MTN MoMo,,2024-10-05 22:56:00
TXN90007838,ST02,CUST100958,PRD200485,-2,60000.0,Cash,MP348656694,2024-07-29 16:20:00
TXN90007839,ST07,,PRD200433,2,11000.0,Airtel Money,MP878309649,2024-07-25 20:35:00
TXN90007840,ST15,CUST103485,PRD200739,2,8250.0,MTN Mobile Money,CASH-7371,2024-10-14 08:31:00
TXN90007841,ST08,CUST100679,PRD200830,2,36000.0,AirtelMoney,AUTH90418,2024-08-17 23:59:00
TXN90007842,ST03,CUST101088,PRD200810,1,13500.0,momo,,2024-10-16 14:04:00
TXN90007843,ST02,CUST103044,PRD200379,2,900.0,momo,,2024-09-04 10:51:00
TXN90007844,ECOM01,CUST102920,PRD200888,3,3750.0,MTN MoMo,,2024-12-18 21:47:00
TXN90007845,ST06,CUST102466,PRD200025,2,1875.0,AirtelMoney,,2024-07-18 19:09:00
TXN90007846,ST15,CUST100212,PRD200366,1,5400.0,CASH,AM368188967,2024-12-24 05:26:00
TXN90007847,ST13,CUST102410,PRD200155,2,625.0,MTN Mobile Money,CASH-3017,2024-08-14 13:30:00
TXN90007848,ECOM01,CUST101185,PRD200657,2,1500.0,MTN Mobile Money,MP996777351,2024-09-03 10:50:00
TXN90007849,ST01,CUST101717,PRD200728,1,1958.36,Cash,MP143001366,2024-10-26 13:19:00
TXN90007850,ST05,,PRD200402,1,6750.0,Airtel Money,AM834290047,2024-09-08 10:17:00
TXN90007851,ST03,CUST101364,PRD200827,1,90000.0,MTN Mobile Money,AM892832859,01/07/2024 08:33
TXN90007852,ST20,CUST102864,PRD200950,2,63000.0,MTN Mobile Money,AUTH15735,2024-12-13 02:31:00
TXN90007853,ST20,CUST103270,PRD200431,1,2200.0,momo,MP408436847,2024-09-11 11:45:00
TXN90007854,ST17,CUST101716,PRD201028,2,3900.0,MTN MoMo,CASH-5178,2024-12-03 05:11:00
TXN90007855,ST14,CUST101725,PRD201164,2,19500.0,momo,AUTH64645,2024-11-03 09:20:00
TXN90007856,ST13,CUST104685,PRD200321,1,975.0,Cash,CASH-2478,17/10/2024 14:55
TXN90007857,ST08,CUST103240,PRD200838,1,UGX11000,MTN Mobile Money,AM164148465,2024-08-13 16:21:00
TXN90007858,ST13,CUST104935,PRD201112,4,575.0,AirtelMoney,,2024-11-13 14:17:00
TXN90007859,ST07,,PRD200066,-1,1250.0,AirtelMoney,CASH-1255,2024-12-26 00:11:00
TXN90007860,ST12,CUST101281,PRD200926,4,38500.0,Airtel Money,CASH-5361,2024-11-03 02:11:00
TXN90007861,ST05,CUST102084,PRD200936,1,63000.0,MTN Mobile Money,MP262600912,2024-10-08 21:21:00
TXN90007862,ST05,CUST104633,PRD201162,2,18000.0,momo,CASH-9488,2024-12-02 08:52:00
TXN90007863,ST14,CUST104460,PRD200222,4,43750.0,Airtel Money,CASH-7556,2024-10-30 09:11:00
TXN90007864,ECOM01,CUST104044,PRD200661,1,18750.0,MTN MoMo,AUTH61586,2024-09-18 22:01:00
TXN90007865,ECOM01,CUST100935,PRD201094,2,13000.0,Card,AM640083936,2024-08-01 23:50:00
TXN90007866,ST20,CUST103670,PRD201054,1,5175.0,Airtel Money,AM520417735,2024-08-07 05:57:00
TXN90007867,ECOM01,CUST102550,PRD200433,1,11000.0,CASH,AM171665012,15/11/2024 13:11
TXN90007868,ST13,CUST100469,PRD200912,1,12000.0,Airtel Money,MP682707901,16/11/2024 20:48
TXN90007869,ST10,CUST104432,PRD200065,1,36000.0,MTN Mobile Money,AUTH83522,2024-12-06 16:30:00
TXN90007870,ECOM01,CUST100667,PRD200977,1,8250.0,Airtel Money,MP784864840,2024-10-14 23:10:00
TXN90007871,ST07,CUST100751,PRD200621,2,9000.0,MTN Mobile Money,AUTH39244,2024-12-14 16:14:00
TXN90007872,ST18,CUST102889,PRD200012,2,4500.0,MTN Mobile Money,MP980569784,2024-08-13 00:05:00
TXN90007873,ECOM01,CUST104107,PRD200909,2,3000.0,Cash,CASH-3902,2024-12-01 17:27:00
TXN90007874,ECOM01,CUST104340,PRD200172,1,25000.0,momo,,2024-07-19 03:39:00
TXN90007875,ECOM01,CUST101029,PRD200760,1,UGX6000,Card,AUTH87980,22/12/2024 17:52
TXN90007876,ST17,CUST100127,PRD200609,1,900.0,Cash,MP722447601,2024-12-13 00:17:00
TXN90007877,ST01,CUST101942,PRD200199,2,"UGX 4,163",Airtel Money,,2024-11-17 14:13:00
TXN90007878,ST14,CUST101272,PRD200077,1,"2,250",MTN MoMo,CASH-1850,2024-11-29 06:26:00
TXN90007879,ST01,,PRD200631,3,3000.0,AirtelMoney,AUTH81959,2024-07-15 16:08:00
TXN90007880,ST17,CUST102754,PRD201087,1,2250.0,MTN Mobile Money,CASH-9760,20/07/2024 00:21
TXN90007881,ST14,CUST103556,PRD200781,1,"25,000",MTN MoMo,AM418253539,2024-10-17 01:09:00
TXN90007882,ST16,CUST101698,PRD200604,1,26000.0,Cash,AUTH29859,2024-12-18 19:50:00
TXN90007883,ECOM01,CUST100192,PRD200458,3,40250.0,MTN Mobile Money,CASH-4682,2024-07-12 21:55:00
TXN90007884,ST07,CUST102934,PRD200146,2,1803.16,MTN MoMo,AUTH61329,2024-11-26 06:10:00
TXN90007885,ST06,CUST102700,PRD200786,1,13500.0,Cash,MP646011624,2024-12-09 07:34:00
TXN90007886,ST01,CUST102679,PRD201089,1,1250.0,Airtel Money,AUTH77463,2024-07-12 22:45:00
TXN90007887,ECOM01,,PRD200172,1,UGX25000,momo,AM705544483,2024-12-11 22:19:00
TXN90007888,ST20,,PRD200435,2,2300.0,momo,AUTH96326,2024-11-16 15:53:00
TXN90007889,ST04,CUST100752,PRD200263,2,4950.0,Cash,,2024-11-06 03:29:00
TXN90007890,ST15,CUST104267,PRD200595,1,1300.0,CASH,MP136256631,2024-08-25 02:24:00
TXN90007891,ST21,CUST100248,PRD200084,3,1725.0,Cash,,2024-08-03 06:05:00
TXN90007892,ST17,,PRD200685,4,1150.0,Cash,,12/11/2024 22:31
TXN90007893,ST13,CUST102271,PRD200793,1,2200.0,MTN Mobile Money,,2024-10-04 07:53:00
TXN90007894,ST14,CUST103757,PRD200251,2,3250.0,AirtelMoney,CASH-7017,2024-07-27 21:15:00
TXN90007895,ST08,CUST104488,PRD200193,-1,36000.0,momo,CASH-8240,2024-11-01 16:45:00
TXN90007896,ECOM01,CUST103459,PRD200737,1,900.0,MTN Mobile Money,AUTH87107,2024-10-18 22:56:00
TXN90007897,ECOM01,CUST101187,PRD200962,1,"6,250",Cash,AUTH89982,2024-08-17 13:36:00
TXN90007898,ST18,CUST101664,PRD200733,1,5500.0,MTN MoMo,MP279161877,2024-10-16 17:19:00
TXN90007899,ST18,,PRD200516,5,1500.0,momo,MP908482091,2024-09-10 05:44:00
TXN90007900,ST18,CUST100559,PRD200662,3,60000.0,MTN Mobile Money,MP437318527,2024-09-07 02:26:00
TXN90007901,ECOM01,CUST102669,PRD200023,2,3600.0,Airtel Money,AUTH15414,2024-12-03 21:21:00
TXN90007902,ST20,CUST100118,PRD201083,1,12000.0,MTN MoMo,MP410035845,2024-11-27 13:13:00
TXN90007903,ST04,CUST101199,PRD200546,1,5175.0,MTN MoMo,CASH-5072,2024-11-13 12:06:00
TXN90007904,ST13,CUST101574,PRD200208,2,900.0,momo,AUTH47680,2024-09-20 01:36:00
TXN90007905,ST15,CUST101390,PRD200255,2,24000.0,momo,CASH-7267,12/08/2024 10:20
TXN90007906,ST01,CUST103911,PRD201104,3,3300.0,AirtelMoney,AM819611940,2024-11-18 06:33:00
TXN90007907,ST04,CUST100345,PRD200046,-1,367.06,momo,AM258218603,19/08/2024 17:45
TXN90007908,ST10,CUST103730,PRD200595,4,1300.0,MTN MoMo,AUTH32251,2024-10-05 12:30:00
TXN90007909,ST02,CUST103447,PRD200265,3,27000.0,AirtelMoney,MP798988300,2024-12-24 12:09:00
TXN90007910,ST07,CUST100797,PRD200651,2,12000.0,MTN MoMo,AUTH13671,2024-08-12 21:35:00
TXN90007911,ST04,CUST103205,PRD200886,1,1300.0,momo,AM653826901,2024-09-09 03:30:00
TXN90007912,ST09,CUST101410,PRD200430,1,8250.0,momo,MP841311740,2024-10-21 01:50:00
TXN90007913,ECOM01,CUST104942,PRD200936,2,63000.0,Airtel Money,,2024-10-24 00:35:00
TXN90007914,ST17,CUST104109,PRD200868,3,12500.0,Cash,CASH-4060,2024-10-12 04:30:00
TXN90007915,ST06,CUST104477,PRD200461,1,9000.0,MTN MoMo,,2024-07-19 10:37:00
TXN90007916,ST18,,PRD200828,3,13000.0,Airtel Money,CASH-3840,2024-09-08 20:58:00
TXN90007917,ST12,CUST103318,PRD200891,1,40250.0,CASH,AM853214889,2024-07-27 15:11:00
TXN90007918,ST20,CUST104824,PRD200803,1,862.5,Card,CASH-2970,2024-07-11 02:43:00
TXN90007919,ST11,CUST103911,PRD200892,5,UGX26000,MTN MoMo,MP906694659,21/11/2024 02:42
TXN90007920,ST07,CUST100717,PRD200625,2,9000.0,MTN MoMo,AUTH98867,24/11/2024 21:28
TXN90007921,ST10,CUST102904,PRD200588,1,5500.0,AirtelMoney,AM292385246,2024-07-27 10:23:00
TXN90007922,ST08,CUST103770,PRD200914,1,16500.0,MTN MoMo,MP945209604,17/07/2024 09:53
TXN90007923,ST06,CUST103331,PRD200382,1,2600.0,Cash,MP184032484,2024-10-17 19:08:00
TXN90007924,ST12,CUST101357,PRD200679,1,937.5,Airtel Money,AUTH91922,2024-09-11 01:21:00
TXN90007925,ST18,CUST104911,PRD200551,3,6750.0,momo,CASH-1896,2024-09-11 05:45:00
TXN90007926,ST22,CUST102520,PRD200751,1,26539.61,Airtel Money,,2024-09-18 22:45:00
TXN90007927,ST07,CUST100388,PRD200419,2,1800.0,MTN MoMo,CASH-6140,2024-09-07 12:32:00
TXN90007928,ST22,CUST104971,PRD200949,1,2500.0,Card,MP845618609,2024-07-05 02:47:00
TXN90007929,ST14,CUST100970,PRD200455,3,575.0,Cash,CASH-1796,2024-09-23 21:45:00
TXN90007930,ST02,CUST104384,PRD200572,5,UGX3750,Airtel Money,MP859109097,2024-11-25 07:55:00
TXN90007931,ST02,CUST100346,PRD200860,1,9000.0,MTN Mobile Money,AM529056995,2024-12-13 02:41:00
TXN90007932,ST04,CUST103712,PRD201102,2,3750.0,momo,,03/11/2024 03:10
TXN90007933,ST05,CUST104314,PRD200820,1,8100.0,MTN Mobile Money,MP588841343,2024-12-02 08:43:00
TXN90007934,ST11,,PRD200170,1,4500.0,momo,CASH-3239,2024-08-31 20:51:00
TXN90007935,ST01,CUST101975,PRD200762,1,18750.0,MTN Mobile Money,AM397745447,2024-07-15 12:18:00
TXN90007936,ECOM01,CUST104102,PRD200349,2,63000.0,AirtelMoney,AUTH75327,22/12/2024 13:14
TXN90007937,ST22,CUST102230,PRD200496,1,750.0,AirtelMoney,AUTH63100,04/12/2024 05:48
TXN90007938,ST23,CUST102115,PRD200387,4,6750.0,MTN MoMo,MP411419927,2024-12-07 02:59:00
TXN90007939,ST08,CUST101979,PRD200581,2,3750.0,momo,MP669872519,15/08/2024 11:18
TXN90007940,ECOM01,CUST103261,PRD200534,1,8250.0,MTN MoMo,AM101388165,23/11/2024 03:21
TXN90007941,ST06,CUST102555,PRD200607,1,920.33,Airtel Money,AUTH83386,2024-11-13 19:04:00
TXN90007942,ST06,CUST100833,PRD200252,2,UGX938,MTN MoMo,AM351892600,2024-10-29 15:30:00
TXN90007943,ST10,,PRD200540,1,11000.0,MTN MoMo,MP704692158,12/09/2024 12:02
TXN90007944,ST17,CUST102330,PRD201115,1,3000.0,Cash,AUTH80350,2024-12-12 21:17:00
TXN90007945,ECOM01,CUST102523,PRD200596,1,1974.41,Airtel Money,MP944529719,2024-09-08 23:35:00
TXN90007946,ST18,CUST102612,PRD200790,3,1800.0,CASH,MP162717162,2024-11-09 17:18:00
TXN90007947,ST15,CUST101873,PRD200544,2,18750.0,MTN MoMo,AUTH13952,24/10/2024 03:05
TXN90007948,ST03,CUST104986,PRD200082,1,9000.0,MTN Mobile Money,AM626442864,2024-11-20 11:06:00
TXN90007949,ST23,CUST104120,PRD200505,3,1125.0,momo,AUTH11531,2024-07-04 02:28:00
TXN90007950,ST11,CUST102512,PRD200324,-1,27000.0,Airtel Money,MP554790151,2024-09-04 22:20:00
TXN90007951,ST04,CUST104552,PRD200897,1,11250.0,Cash,AUTH53765,2024-08-21 09:20:00
TXN90007952,ST23,CUST103735,PRD200096,5,18000.0,Cash,CASH-8921,2024-08-12 08:56:00
TXN90007953,ST15,CUST104447,PRD200240,1,8100.0,AirtelMoney,MP903054288,2024-09-28 06:47:00
TXN90007954,ST06,CUST102855,PRD200628,4,UGX3750,MTN MoMo,MP834907076,2024-09-16 00:33:00
TXN90007955,ECOM01,CUST101156,PRD201106,1,9000.0,MTN MoMo,AUTH48768,2024-12-17 22:47:00
TXN90007956,ST05,CUST102038,PRD200806,3,62500.0,CASH,AM850223698,2024-08-13 13:14:00
TXN90007957,ST08,CUST103715,PRD200960,1,15000.0,Cash,CASH-6119,2024-10-27 12:03:00
TXN90007958,ST07,CUST100658,PRD200889,1,UGX9000,CASH,CASH-6981,2024-07-09 14:49:00
TXN90007959,ST05,CUST100813,PRD201061,2,UGX862,AirtelMoney,AM824049169,27/12/2024 01:42
TXN90007960,ST21,CUST100610,PRD200119,4,18000.0,Airtel Money,AM583550257,2024-10-02 01:10:00
TXN90007961,ST06,CUST100716,PRD200717,3,62500.0,Cash,AM830236955,2024-09-03 05:19:00
TXN90007962,ST09,CUST103358,PRD201145,2,16500.0,MTN MoMo,AM822764264,2024-09-08 02:09:00
TXN90007963,ST23,CUST102476,PRD200732,2,2300.0,Cash,CASH-9395,2024-07-12 03:45:00
TXN90007964,ST22,CUST102084,PRD200396,2,3000.0,Airtel Money,,2024-08-01 16:45:00
TXN90007965,ST23,CUST100016,PRD200547,2,"UGX 8,100",Cash,AUTH56280,2024-10-30 20:42:00
TXN90007966,ECOM01,,PRD200541,4,3900.0,MTN MoMo,CASH-7214,2024-07-02 14:04:00
TXN90007967,ECOM01,CUST103053,PRD201080,1,6250.0,MTN Mobile Money,MP718987567,2024-07-14 19:24:00
TXN90007968,ST23,CUST102267,PRD200328,5,3750.0,MTN Mobile Money,,2024-12-15 19:38:00
TXN90007969,ST12,CUST101925,PRD200003,2,9375.0,Card,AM110066587,2024-11-22 18:02:00
TXN90007970,ST22,CUST101908,PRD200716,2,1725.0,CASH,CASH-3751,2024-09-23 01:15:00
TXN90007971,ST04,CUST104114,PRD200108,2,1200.0,momo,AM102314915,2024-12-08 14:42:00
TXN90007972,ST01,CUST101767,PRD200208,1,900.0,AirtelMoney,MP619371968,2024-10-19 07:05:00
TXN90007973,ST12,CUST102756,PRD200899,1,900.0,MTN MoMo,AUTH88345,2024-07-21 00:59:00
TXN90007974,ECOM01,CUST102778,PRD200483,3,4500.0,momo,MP470537121,2024-10-26 20:44:00
TXN90007975,ST10,CUST100061,PRD201088,4,57500.0,MTN Mobile Money,MP793091746,2024-07-29 09:22:00
TXN90007976,ST01,CUST101130,PRD200885,1,3600.0,MTN MoMo,CASH-8863,07/09/2024 02:01
TXN90007977,ECOM01,CUST104918,PRD200274,1,UGX11500,MTN MoMo,CASH-3253,2024-12-14 10:34:00
TXN90007978,ST10,CUST100270,PRD200814,1,2490.01,momo,MP441325157,2024-10-14 14:25:00
TXN90007979,ECOM01,CUST102055,PRD200858,4,2300.0,MTN MoMo,CASH-2516,2024-08-31 11:16:00
TXN90007980,ECOM01,CUST104479,PRD200657,3,1500.0,Airtel Money,AM787477328,2024-08-08 18:05:00
TXN90007981,ST15,CUST102711,PRD200512,1,4500.0,Cash,MP956814667,2024-08-02 20:34:00
TXN90007982,ECOM01,CUST104904,PRD201048,2,90000.0,MTN Mobile Money,MP309789369,2024-09-14 10:55:00
TXN90007983,ST04,CUST104128,PRD200772,4,13000.0,Cash,AM203561927,2024-10-25 05:51:00
TXN90007984,ST06,CUST104009,PRD200407,2,13000.0,MTN Mobile Money,AM402132362,2024-11-04 02:07:00
TXN90007985,ST01,CUST104360,PRD200398,1,40250.0,MTN MoMo,AM799106927,2024-08-01 20:06:00
TXN90007986,ST01,CUST102516,PRD200106,3,2875.0,MTN MoMo,AUTH68297,2024-11-19 09:10:00
TXN90007987,ST12,,PRD200315,1,6250.0,momo,CASH-7879,2024-08-27 13:49:00
TXN90007988,ST09,CUST104461,PRD200809,1,5850.0,MTN MoMo,AM303037766,2024-09-16 00:34:00
TXN90007989,ECOM01,,PRD200195,2,9000.0,MTN Mobile Money,AM130624131,2024-07-19 18:54:00
TXN90007990,ST01,CUST103823,PRD200655,2,2250.0,MTN MoMo,,2024-11-14 12:16:00
TXN90007991,ST05,CUST100986,PRD201128,1,1950.0,Cash,AM108869325,2024-07-27 01:09:00
TXN90007992,ST02,CUST103821,PRD200853,1,3125.0,AirtelMoney,,2024-09-20 04:08:00
TXN90007993,ST15,CUST102843,PRD200351,1,52500.0,MTN Mobile Money,,2024-11-06 13:41:00
TXN90007994,ECOM01,CUST102786,PRD200345,1,3750.0,Cash,AM831767832,2024-07-31 01:47:00
TXN90007995,ST07,CUST103428,PRD200606,-1,43750.0,MTN Mobile Money,AM608799501,2024-11-24 20:33:00
TXN90007996,ST12,CUST101259,PRD200167,3,24000.0,AirtelMoney,AM472924764,13/09/2024 03:26
TXN90007997,ST07,CUST100840,PRD200904,4,650.0,AirtelMoney,AUTH90468,25/08/2024 09:34
TXN90007998,ST06,CUST100591,PRD200074,3,6000.0,Card,AUTH31221,2024-12-15 11:01:00
TXN90007999,ECOM01,CUST103094,PRD200185,3,600.0,momo,MP669413893,2024-10-28 14:05:00
TXN90008000,ECOM01,CUST100168,PRD200112,1,3313.64,CASH,,2024-09-01 20:54:00
TXN90008001,ECOM01,CUST101262,PRD200452,2,6812.54,MTN Mobile Money,CASH-5065,2024-10-28 23:49:00
TXN90008002,ST20,CUST103142,PRD200163,2,7500.0,MTN MoMo,MP841354650,2024-07-18 01:57:00
TXN90008003,ST16,CUST104239,PRD201083,2,12000.0,Cash,CASH-4741,2024-09-08 07:22:00
TXN90008004,ST20,CUST103645,PRD200727,3,550,Cash,AUTH40330,21/10/2024 18:24
TXN90008005,ECOM01,CUST104353,PRD201065,-2,13500.0,MTN MoMo,MP918672578,2024-11-28 10:02:00
TXN90008006,ECOM01,CUST103866,PRD201012,2,2400.0,Cash,MP427039125,2024-08-05 22:29:00
TXN90008007,ST08,CUST100444,PRD201045,2,1800.0,MTN MoMo,MP442348372,2024-11-09 22:37:00
TXN90008008,ST08,CUST100464,PRD200346,1,45500.0,MTN Mobile Money,AUTH58719,2024-08-13 02:46:00
TXN90008009,ECOM01,CUST101012,PRD200889,1,9000.0,Airtel Money,AM771043668,21/09/2024 21:39
TXN90008010,ST09,CUST102004,PRD201012,3,2400.0,CASH,MP703798223,30/07/2024 12:16
TXN90008011,ST14,CUST103648,PRD200318,1,"5,175",MTN MoMo,MP276172369,2024-08-19 20:20:00
TXN90008012,ST16,CUST104681,PRD200052,4,2400.0,MTN Mobile Money,AUTH88777,21/07/2024 10:33
TXN90008013,ST08,CUST101885,PRD200638,-1,3000.0,Airtel Money,AM464742848,08/09/2024 03:18
TXN90008014,ST13,CUST100780,PRD200533,1,8250.0,Cash,AUTH45580,2024-08-10 02:07:00
TXN90008015,ST04,CUST101457,PRD201114,2,6750.0,momo,,2024-09-22 15:36:00
TXN90008016,ST14,CUST102848,PRD200502,-2,2250.0,Airtel Money,,2024-11-08 04:46:00
TXN90008017,ECOM01,CUST103674,PRD200762,2,18750.0,Cash,,2024-08-15 18:49:00
TXN90008018,ECOM01,CUST103173,PRD200742,1,3000.0,Cash,AUTH74295,29/07/2024 04:58
TXN90008019,ST09,CUST103171,PRD200941,1,36000.0,Airtel Money,CASH-5255,2024-08-31 11:33:00
TXN90008020,ST04,CUST100905,PRD200242,1,52500.0,CASH,MP674195817,2024-10-08 19:37:00
TXN90008021,ST23,CUST102402,PRD200412,1,15000.0,Cash,AM217342751,2024-10-28 04:05:00
TXN90008022,ST12,CUST101574,PRD201104,3,3300.0,MTN MoMo,CASH-3817,2024-08-18 07:12:00
TXN90008023,ST14,CUST104027,PRD200078,5,893.67,CASH,AM741833996,2024-08-06 03:04:00
TXN90008024,ST11,CUST102746,PRD200153,1,900.0,MTN MoMo,,2024-12-04 00:29:00
TXN90008025,ST13,CUST104541,PRD200197,3,13500.0,MTN MoMo,,16/07/2024 13:44
TXN90008026,ST19,CUST100441,PRD200843,1,3450.0,momo,AUTH34876,2024-10-04 07:53:00
TXN90008027,ST20,CUST103155,PRD200366,4,5400.0,MTN MoMo,AM759816740,2024-08-08 20:31:00
TXN90008028,ECOM01,CUST102071,PRD200267,2,900.0,MTN Mobile Money,CASH-6294,24/12/2024 05:50
TXN90008029,ST23,CUST100943,PRD200308,1,3000.0,Cash,AUTH95814,2024-07-01 14:16:00
TXN90008030,ST21,CUST100981,PRD200889,1,9000.0,Airtel Money,CASH-8083,2024-09-16 17:01:00
TXN90008031,ST13,CUST102875,PRD200189,1,3000.0,Card,MP783197740,2024-07-03 10:11:00
TXN90008032,ST02,CUST100598,PRD200070,3,1100.0,momo,MP643679261,2024-08-27 02:44:00
TXN90008033,ECOM01,CUST100454,PRD200578,1,937.5,AirtelMoney,AM248110356,2024-09-17 05:56:00
TXN90008034,ST05,CUST100393,PRD200010,4,2300.0,Card,,2024-09-11 09:51:00
TXN90008035,ST14,CUST101029,PRD200833,2,27000.0,Airtel Money,AM187527732,2024-08-26 07:49:00
TXN90008036,ECOM01,CUST100466,PRD200360,1,52500.0,MTN MoMo,,2024-09-15 14:20:00
TXN90008037,ST21,CUST101009,PRD200573,1,UGX42000,CASH,CASH-2678,2024-07-10 17:16:00
TXN90008038,ST08,CUST100464,PRD201109,2,8100.0,MTN MoMo,AM439783613,2024-08-02 08:01:00
TXN90008039,ST18,CUST102294,PRD200231,3,22500.0,Cash,AUTH91166,04/12/2024 02:00
TXN90008040,ECOM01,CUST103720,PRD200386,1,62500.0,Card,CASH-7367,14/07/2024 07:11
TXN90008041,ECOM01,CUST104241,PRD201138,1,5595.96,MTN MoMo,CASH-6076,2024-11-15 16:35:00
TXN90008042,ST04,CUST104126,PRD200288,1,5750.0,Airtel Money,,2024-11-21 06:24:00
TXN90008043,ST06,,PRD200368,2,8100.0,MTN MoMo,CASH-4295,2024-11-01 03:23:00
TXN90008044,ST10,CUST103644,PRD200297,-1,3750.0,MTN MoMo,AUTH30932,2024-10-25 12:19:00
TXN90008045,ST02,CUST100211,PRD200667,3,36000.0,Airtel Money,AUTH50053,2024-09-30 16:59:00
TXN90008046,ECOM01,CUST103204,PRD200959,-2,2200.0,Card,AUTH33976,2024-09-02 13:04:00
TXN90008047,ST11,CUST103662,PRD200700,5,8100.0,MTN MoMo,AUTH80744,2024-09-09 18:54:00
TXN90008048,ST17,CUST100735,PRD200162,2,UGX40250,Cash,MP948807547,27/07/2024 04:34
TXN90008049,ST22,CUST100769,PRD200605,3,30000.0,MTN MoMo,AM852226966,2024-08-01 02:40:00
TXN90008050,ST16,CUST101402,PRD200911,2,22000.0,Airtel Money,AUTH78120,20/09/2024 00:45
TXN90008051,ST08,CUST101372,PRD201035,1,2250.0,Airtel Money,CASH-6728,2024-10-18 02:23:00
TXN90008052,ST20,CUST104891,PRD200120,1,625.0,momo,AM314742310,2024-11-21 06:25:00
TXN90008053,ST17,CUST104495,PRD200079,3,5850.0,Cash,AM998988540,2024-07-19 01:30:00
TXN90008054,ST12,CUST102029,PRD200932,2,12500.0,MTN MoMo,CASH-2286,2024-09-18 11:16:00
TXN90008055,ST12,CUST103198,PRD200133,1,13000.0,momo,CASH-6377,18/12/2024 17:04
TXN90008056,ST18,CUST100274,PRD200391,2,3000.0,MTN MoMo,AUTH77018,2024-11-04 23:11:00
TXN90008057,ST06,CUST101187,PRD200579,1,600.0,Cash,CASH-1464,2024-10-31 05:08:00
TXN90008058,ST04,CUST101268,PRD200733,1,5500.0,Airtel Money,AM717442968,12/08/2024 08:19
TXN90008059,ECOM01,CUST102856,PRD200504,1,5400.0,momo,MP313264100,2024-12-21 15:32:00
TXN90008060,ST19,CUST104328,PRD200750,1,"UGX 3,600",MTN MoMo,AM188709079,2024-11-09 07:41:00
TXN90008061,ECOM01,CUST103135,PRD200295,3,2875.0,momo,MP556358792,2024-08-08 21:19:00
TXN90008062,ECOM01,CUST103647,PRD200633,1,2700.0,Airtel Money,AUTH43506,2024-10-04 16:29:00
TXN90008063,ECOM01,CUST102712,PRD201154,2,55000.0,MTN MoMo,AM863257326,2024-12-12 07:49:00
TXN90008064,ST13,CUST100061,PRD200355,2,975.0,Cash,AM217320113,2024-07-17 03:16:00
TXN90008065,ST15,CUST103742,PRD200516,2,1500.0,AirtelMoney,AM609700861,2024-12-21 19:59:00
TXN90008066,ST20,CUST103070,PRD200443,-2,27000.0,MTN MoMo,AUTH75929,2024-08-14 15:59:00
TXN90008067,ST09,CUST102417,PRD200031,4,1300.0,Airtel Money,CASH-6373,2024-09-30 05:55:00
TXN90008068,ST08,CUST103875,PRD200582,2,1250.0,Airtel Money,MP796741974,2024-09-02 14:01:00
TXN90008069,ST11,CUST101884,PRD201111,1,650.0,MTN Mobile Money,AUTH36028,2024-10-15 02:51:00
TXN90008070,ST20,CUST102174,PRD200686,1,5400.0,MTN MoMo,MP875526017,2024-10-08 14:16:00
TXN90008071,ST06,CUST100898,PRD200720,-1,3125.0,Card,AUTH91753,2024-09-13 22:29:00
TXN90008072,ST19,CUST101836,PRD200641,1,52500.0,MTN MoMo,MP789608353,2024-08-13 03:21:00
TXN90008073,ST23,CUST101166,PRD200490,1,9000.0,MTN MoMo,MP340172583,2024-09-22 09:15:00
TXN90008074,ECOM01,CUST102445,PRD200518,2,"3,900",Airtel Money,CASH-6107,2024-12-03 23:01:00
TXN90008075,ECOM01,CUST101134,PRD200945,1,"3,558",MTN MoMo,AM880824817,2024-09-15 18:51:00
TXN90008076,ST11,CUST103581,PRD200397,1,1650.0,CASH,CASH-2088,2024-09-21 06:33:00
TXN90008077,ST11,CUST101061,PRD200628,1,3750.0,MTN MoMo,CASH-6659,2024-08-29 17:05:00
TXN90008078,ST19,CUST100568,PRD200567,3,75000.0,Airtel Money,AM528486823,2024-10-14 15:28:00
TXN90008079,ST03,CUST104148,PRD201046,2,2700.0,MTN Mobile Money,AM699811340,2024-09-22 02:05:00
TXN90008080,ST16,CUST101100,PRD200426,3,550.0,MTN MoMo,AM807138105,2024-08-19 03:21:00
TXN90008081,ST06,CUST101598,PRD200538,1,57500.0,MTN Mobile Money,AM591081386,26/11/2024 17:33
TXN90008082,ST04,CUST102693,PRD200567,1,75000.0,Airtel Money,MP731637117,2024-07-01 17:50:00
TXN90008083,ECOM01,CUST100959,PRD200194,1,25000.0,CASH,AUTH46061,2024-10-18 13:18:00
TXN90008084,ECOM01,CUST102203,PRD201145,2,16500.0,MTN MoMo,,2024-10-22 06:47:00
TXN90008085,ST12,CUST103434,PRD200052,4,2400.0,MTN MoMo,CASH-1284,2024-12-17 09:11:00
TXN90008086,ST11,CUST104900,PRD200323,3,4950.0,Card,MP931209157,2024-08-07 20:17:00
TXN90008087,ECOM01,CUST101430,PRD200904,5,650.0,MTN MoMo,CASH-8561,2024-09-09 23:07:00
TXN90008088,ST12,CUST100171,PRD200146,1,1803.16,MTN MoMo,MP414903234,2024-10-30 18:07:00
TXN90008089,ST15,CUST102068,PRD201057,2,825.0,Card,AUTH34194,2024-09-15 18:12:00
TXN90008090,ST18,CUST103033,PRD200504,3,5400.0,MTN MoMo,AUTH59183,2024-08-23 00:40:00
TXN90008091,ST13,CUST103150,PRD200532,1,19500.0,CASH,CASH-7372,2024-08-10 08:59:00
TXN90008092,ST08,CUST101925,PRD201052,3,16500.0,MTN Mobile Money,MP592935723,2024-08-20 22:01:00
TXN90008093,ST14,CUST104009,PRD200294,2,24000.0,Cash,MP592264120,20/10/2024 18:31
TXN90008094,ST02,CUST103279,PRD200652,5,65000.0,Cash,CASH-8168,2024-12-07 01:07:00
TXN90008095,ECOM01,CUST104629,PRD200729,1,38500.0,momo,AM868655209,05/09/2024 07:05
TXN90008096,ECOM01,CUST104409,PRD200029,2,3300.0,MTN MoMo,,2024-09-01 06:49:00
TXN90008097,ST14,CUST103756,PRD200713,3,1500.0,MTN MoMo,CASH-1691,2024-07-27 04:06:00
TXN90008098,ECOM01,CUST102125,PRD200463,1,36000.0,Airtel Money,,21/09/2024 08:09
TXN90008099,ST12,CUST102962,PRD200444,4,2300.0,MTN MoMo,AUTH37746,2024-07-02 01:42:00
TXN90008100,ST01,CUST102946,PRD200446,1,2400.0,MTN MoMo,MP480908104,2024-08-11 17:09:00
TXN90008101,ST05,CUST102226,PRD200689,1,900.0,Airtel Money,MP460429168,2024-12-05 22:46:00
TXN90008102,ST03,CUST100376,PRD201125,4,1950.0,Airtel Money,MP852532715,2024-09-03 05:39:00
TXN90008103,ST22,CUST104886,PRD200147,2,52500.0,MTN Mobile Money,,2024-09-19 04:53:00
TXN90008104,ST05,CUST102466,PRD200723,-1,1725.0,MTN MoMo,MP789613678,27/10/2024 01:20
TXN90008105,ST20,,PRD200169,1,1950.0,MTN Mobile Money,MP242743845,2024-07-07 01:56:00
TXN90008106,ST16,CUST100015,PRD201044,4,27000.0,Airtel Money,AM901062160,2024-11-17 09:35:00
TXN90008107,ST03,CUST104311,PRD200146,2,1803.16,MTN Mobile Money,AM114683445,2024-08-27 08:19:00
TXN90008108,ECOM01,CUST102697,PRD200807,2,5175.0,CASH,CASH-6307,2024-11-08 10:45:00
TXN90008109,ST19,CUST104755,PRD200426,1,550.0,MTN Mobile Money,,2024-10-03 04:19:00
TXN90008110,ST02,CUST102678,PRD200989,2,17250.0,Cash,CASH-3445,2024-09-12 10:16:00
TXN90008111,ECOM01,CUST103576,PRD200481,1,1250.0,Airtel Money,MP703785239,2024-11-15 07:29:00
TXN90008112,ST03,CUST102077,PRD200151,1,"UGX 11,000",Airtel Money,AUTH92390,2024-07-29 11:36:00
TXN90008113,ST03,CUST101491,PRD200551,1,6750.0,MTN Mobile Money,AUTH91231,2024-12-03 21:09:00
TXN90008114,ST11,CUST100090,PRD201131,1,13000.0,momo,,09/10/2024 00:27
TXN90008115,ST09,CUST100180,PRD200663,2,750.0,Cash,,10/12/2024 02:45
TXN90008116,ST09,CUST102436,PRD200314,4,3600.0,CASH,AUTH94602,2024-09-15 01:41:00
TXN90008117,ECOM01,CUST102006,PRD200349,5,63000.0,CASH,AUTH93744,2024-12-22 16:32:00
TXN90008118,ST16,CUST102338,PRD200124,1,2875.0,Cash,MP216784707,2024-09-01 07:24:00
TXN90008119,ST05,CUST104500,PRD200180,2,5400.0,Airtel Money,AUTH93688,2024-10-17 22:32:00
TXN90008120,ST03,CUST103942,PRD200743,3,575.0,Airtel Money,MP585729400,2024-12-18 10:49:00
TXN90008121,ST07,CUST102438,PRD200359,3,2200.0,Cash,MP326274322,2024-09-25 00:32:00
TXN90008122,ST12,CUST100692,PRD200329,1,23000.0,Airtel Money,AUTH84224,2024-07-09 12:20:00
TXN90008123,ST07,CUST102350,PRD200390,2,2700.0,Airtel Money,MP737822972,2024-11-01 08:43:00
TXN90008124,ST17,CUST100855,PRD200763,2,27000.0,MTN MoMo,CASH-8606,2024-11-29 13:47:00
TXN90008125,ST18,CUST101068,PRD200026,1,"12,500",MTN MoMo,AM718179384,2024-09-11 10:05:00
TXN90008126,ECOM01,CUST104313,PRD200592,1,3750.0,Airtel Money,AM105994655,2024-11-17 22:40:00
TXN90008127,ST13,,PRD201164,2,19500.0,Cash,CASH-4035,2024-09-08 05:46:00
TXN90008128,ST08,CUST102086,PRD200165,1,1350.0,momo,AM742110535,2024-09-05 16:18:00
TXN90008129,ST02,CUST104593,PRD201107,1,18750.0,Cash,CASH-6509,2024-11-18 03:24:00
TXN90008130,ST11,CUST101145,PRD201135,-2,23000.0,MTN MoMo,AUTH48064,2024-09-16 05:24:00
TXN90008131,ST17,CUST104229,PRD200974,1,1800.0,CASH,AUTH18470,2024-09-14 17:25:00
TXN90008132,ST16,CUST101344,PRD200472,2,24000.0,CASH,MP747035774,2024-10-27 11:37:00
TXN90008133,ST12,CUST100830,PRD200764,2,1725.0,AirtelMoney,CASH-9710,2024-08-25 07:01:00
TXN90008134,ECOM01,CUST100055,PRD200273,1,"2,700",momo,AM401001049,2024-07-05 01:18:00
TXN90008135,ST20,CUST101952,PRD200363,1,4500.0,CASH,AM522888997,2024-12-27 18:33:00
TXN90008136,ECOM01,CUST102828,PRD200222,1,43750.0,Airtel Money,,2024-10-04 12:05:00
TXN90008137,ECOM01,CUST103913,PRD200239,3,1350.0,Card,CASH-8715,06/10/2024 14:20
TXN90008138,ECOM01,CUST103415,PRD200186,4,15000.0,MTN Mobile Money,CASH-4703,2024-11-18 18:56:00
TXN90008139,ECOM01,CUST100423,PRD200322,2,UGX9000,Airtel Money,AUTH66719,25/09/2024 16:51
TXN90008140,ST21,CUST102075,PRD200037,3,27000.0,MTN Mobile Money,MP256343304,04/12/2024 20:11
TXN90008141,ST08,CUST101424,PRD200202,1,42000.0,Airtel Money,MP122352239,21/11/2024 11:56
TXN90008142,ECOM01,CUST101065,PRD200579,-2,600.0,MTN MoMo,,2024-11-05 09:07:00
TXN90008143,ST01,CUST103629,PRD200258,1,18000.0,MTN Mobile Money,MP771853473,2024-07-29 20:31:00
TXN90008144,ST11,CUST100064,PRD200962,1,6250.0,Airtel Money,AUTH71089,2024-12-03 14:54:00
TXN90008145,ST15,CUST104517,PRD200524,1,4027.09,MTN MoMo,CASH-8691,2024-11-30 07:32:00
TXN90008146,ECOM01,CUST102872,PRD201073,1,550,AirtelMoney,MP831715731,2024-12-24 10:48:00
TXN90008147,ST13,CUST104542,PRD200612,4,12000.0,Cash,AUTH95476,09/12/2024 06:00
TXN90008148,ST13,CUST101471,PRD200872,1,1950.0,Airtel Money,MP547227736,2024-11-01 23:06:00
TXN90008149,ST14,CUST104965,PRD200983,2,1725.0,Card,AM662783984,2024-08-01 06:01:00
TXN90008150,ST05,CUST104477,PRD200957,1,4950.0,MTN MoMo,AM401908426,2024-09-18 02:09:00
TXN90008151,ST02,CUST103833,PRD200266,4,2500.0,MTN Mobile Money,AM291222758,2024-07-11 20:33:00
TXN90008152,ST10,CUST100437,PRD201020,2,1150.0,MTN Mobile Money,AUTH56923,2024-11-27 09:25:00
TXN90008153,ST12,CUST100811,PRD200541,1,3900.0,CASH,MP635936961,2024-12-06 20:18:00
TXN90008154,ST07,CUST101614,PRD200195,2,9000.0,momo,AUTH27650,2024-07-19 19:20:00
TXN90008155,ECOM01,CUST101673,PRD200964,5,9000.0,Cash,MP889885721,2024-10-09 23:59:00
TXN90008156,ST01,CUST100160,PRD200755,1,8100.0,Airtel Money,AUTH38158,2024-09-26 02:07:00
TXN90008157,ST13,CUST101603,PRD200260,1,3900.0,MTN MoMo,CASH-5973,2024-08-18 07:18:00
TXN90008158,ST12,,PRD200054,4,1125.0,momo,CASH-2696,2024-08-09 21:29:00
TXN90008159,ST14,CUST103899,PRD200663,1,750.0,Cash,AUTH96925,2024-08-08 04:34:00
TXN90008160,ST04,CUST100317,PRD200767,1,937.5,momo,AUTH24762,2024-12-24 09:40:00
TXN90008161,ECOM01,,PRD200429,4,24000.0,MTN MoMo,AUTH82625,2024-12-18 10:09:00
TXN90008162,ST09,CUST102562,PRD200832,1,3900.0,Cash,MP633011554,2024-08-04 22:33:00
TXN90008163,ST02,CUST102744,PRD200244,3,17250.0,AirtelMoney,,2024-07-12 03:06:00
TXN90008164,ST22,CUST102054,PRD200500,1,26469.75,Airtel Money,AM508033107,2024-10-10 13:23:00
TXN90008165,ST10,CUST104639,PRD200276,3,575.0,Cash,AUTH33832,2024-09-29 04:53:00
TXN90008166,ST15,CUST101178,PRD200436,1,6750.0,AirtelMoney,MP142283256,2024-09-14 00:54:00
TXN90008167,ECOM01,CUST100848,PRD200891,2,40250.0,Airtel Money,,2024-10-15 15:26:00
TXN90008168,ST19,CUST101852,PRD200219,1,4500.0,CASH,,2024-08-21 15:58:00
TXN90008169,ST14,CUST102414,PRD200899,1,900.0,AirtelMoney,AUTH59994,2024-08-09 06:30:00
TXN90008170,ST18,CUST100946,PRD200110,2,13000.0,Card,CASH-7972,2024-09-22 20:37:00
TXN90008171,ST04,CUST104036,PRD200790,3,1800.0,MTN MoMo,AM954321621,2024-09-12 20:21:00
TXN90008172,ST22,CUST103092,PRD200516,2,1500.0,Airtel Money,AUTH38404,2024-09-28 07:19:00
TXN90008173,ST11,CUST104584,PRD201126,1,"2,875",MTN Mobile Money,AUTH65116,2024-09-30 21:31:00
TXN90008174,ST08,CUST100770,PRD200633,1,UGX2700,CASH,MP430058930,25/11/2024 04:24
TXN90008175,ST07,CUST103373,PRD200783,1,57500.0,MTN MoMo,CASH-7593,01/07/2024 08:53
TXN90008176,ECOM01,,PRD200910,1,3750.0,MTN MoMo,AUTH16246,2024-12-24 07:10:00
TXN90008177,ECOM01,CUST100196,PRD200226,1,32225.43,AirtelMoney,AUTH60149,2024-10-24 15:28:00
TXN90008178,ST01,CUST102180,PRD200996,1,26000.0,AirtelMoney,AM375102399,14/09/2024 03:36
TXN90008179,ST12,CUST101560,PRD201097,5,UGX1650,Airtel Money,,25/11/2024 11:55
TXN90008180,ST09,CUST102610,PRD200017,1,326.93,Airtel Money,MP106303138,2024-11-04 11:41:00
TXN90008181,ECOM01,CUST102387,PRD200719,1,1300.0,MTN MoMo,AM664683995,24/10/2024 00:21
TXN90008182,ECOM01,CUST103144,PRD200469,1,4950.0,CASH,AM686175074,2024-07-16 22:08:00
TXN90008183,ST03,CUST100283,PRD200955,2,1500.0,Airtel Money,AM926683324,2024-12-17 15:17:00
TXN90008184,ECOM01,CUST104073,PRD200266,1,2500.0,Card,AUTH40857,2024-10-17 23:31:00
TXN90008185,ECOM01,CUST100831,PRD200954,1,38500.0,momo,AM101975986,2024-08-20 19:37:00
TXN90008186,ST03,CUST100481,PRD200345,1,3750.0,Airtel Money,CASH-7127,2024-08-04 00:47:00
TXN90008187,ST08,CUST103102,PRD201042,3,2750.0,Airtel Money,AM470185179,2024-09-25 05:10:00
TXN90008188,ST22,CUST103895,PRD200083,2,40250.0,MTN MoMo,,2024-07-25 01:23:00
TXN90008189,ST15,CUST100414,PRD200838,4,11000.0,MTN MoMo,,20/11/2024 20:56
TXN90008190,ST14,CUST102382,PRD200304,3,1950.0,Airtel Money,CASH-6846,2024-10-26 18:19:00
TXN90008191,ECOM01,CUST102897,PRD200389,2,15000.0,MTN MoMo,AM156504912,2024-10-28 02:12:00
TXN90008192,ST13,,PRD200992,2,3000.0,MTN Mobile Money,MP749163859,2024-09-07 00:25:00
TXN90008193,ST17,CUST103180,PRD200361,1,1200.0,AirtelMoney,MP906459608,31/07/2024 23:03
TXN90008194,ST07,CUST100320,PRD200691,1,1500.0,CASH,AUTH28038,18/10/2024 13:51
TXN90008195,ST02,CUST100345,PRD200372,3,900.0,MTN Mobile Money,AUTH33046,2024-10-13 15:39:00
TXN90008196,ST16,CUST104912,PRD200958,3,2600.0,CASH,,2024-07-26 22:45:00
TXN90008197,ST23,CUST102754,PRD200071,1,26000.0,AirtelMoney,,28/08/2024 07:22
TXN90008198,ST14,CUST101670,PRD200205,1,6250.0,MTN Mobile Money,AUTH13600,2024-09-29 19:59:00
TXN90008199,ST20,CUST101278,PRD200680,4,7500.0,Card,AM117057684,2024-08-08 04:07:00
TXN90008200,ST13,CUST104521,PRD200765,2,6366.89,momo,AUTH38079,2024-09-20 12:07:00
TXN90008201,ECOM01,,PRD200819,1,90000.0,MTN MoMo,CASH-5868,2024-12-17 10:31:00
TXN90008202,ST05,CUST103023,PRD200118,1,7500.0,MTN MoMo,MP863322060,2024-12-10 01:38:00
TXN90008203,ST16,CUST102572,PRD200323,1,4950.0,MTN Mobile Money,AUTH40047,2024-09-11 10:22:00
TXN90008204,ST10,CUST102436,PRD200713,2,1500.0,MTN Mobile Money,CASH-2264,30/11/2024 21:38
TXN90008205,ST10,CUST103173,PRD201007,2,4500.0,MTN MoMo,AM725120891,2024-10-18 08:10:00
TXN90008206,ST16,CUST100679,PRD200918,3,1800.0,MTN MoMo,MP104237816,2024-08-09 23:23:00
TXN90008207,ST14,CUST103902,PRD200400,1,5625.0,MTN Mobile Money,CASH-1447,2024-12-03 04:29:00
TXN90008208,ECOM01,CUST100335,PRD200672,3,23000.0,Airtel Money,AM646401535,2024-10-09 04:12:00
TXN90008209,ST09,CUST101139,PRD200865,3,650.0,Card,AM109822095,2024-10-28 21:36:00
TXN90008210,ST18,CUST104728,PRD200254,4,2837.78,Airtel Money,CASH-6383,2024-08-22 13:53:00
TXN90008211,ECOM01,,PRD201097,2,1650.0,AirtelMoney,MP141064502,2024-10-23 22:30:00
TXN90008212,ST07,CUST103932,PRD200164,1,5400.0,MTN Mobile Money,MP191259837,2024-12-27 00:43:00
TXN90008213,ECOM01,CUST100222,PRD201138,4,5595.96,MTN Mobile Money,AM147090215,2024-10-17 04:23:00
TXN90008214,ECOM01,CUST103706,PRD200395,4,36000.0,Airtel Money,CASH-1221,2024-09-20 23:53:00
TXN90008215,ST05,CUST103272,PRD200046,1,367.06,CASH,AUTH11588,2024-10-20 20:42:00
TXN90008216,ECOM01,CUST103852,PRD200434,1,16500.0,CASH,MP614589532,25/12/2024 11:18
TXN90008217,ST21,CUST103337,PRD200490,1,9000.0,Cash,AUTH69728,2024-11-24 14:19:00
TXN90008218,ECOM01,CUST102659,PRD200316,1,1800.0,MTN Mobile Money,AUTH83350,2024-07-15 21:41:00
TXN90008219,ST12,CUST101462,PRD200299,2,13500.0,MTN MoMo,MP142256320,2024-09-12 01:39:00
TXN90008220,ST02,CUST102231,PRD200314,3,3600.0,MTN MoMo,CASH-9376,2024-11-20 17:27:00
TXN90008221,ST07,CUST102443,PRD200032,1,4060.52,MTN MoMo,CASH-8049,05/08/2024 09:37
TXN90008222,ECOM01,CUST104106,PRD200137,2,900.0,Airtel Money,AM106760019,05/09/2024 01:16
TXN90008223,ST12,CUST102073,PRD200942,1,18000.0,MTN MoMo,CASH-7852,2024-11-19 01:41:00
TXN90008224,ECOM01,,PRD200778,-1,937.5,Card,MP452499768,05/10/2024 11:16
TXN90008225,ECOM01,CUST101440,PRD200137,1,900.0,MTN Mobile Money,,06/11/2024 06:56
TXN90008226,ST17,CUST104634,PRD201018,2,9750.0,MTN MoMo,AM770777470,2024-09-30 08:01:00
TXN90008227,ST11,CUST102179,PRD200468,1,15000.0,Cash,CASH-3586,2024-11-02 22:37:00
TXN90008228,ST18,CUST100090,PRD201062,-1,3750.0,MTN MoMo,CASH-2444,2024-08-06 14:22:00
TXN90008229,ST05,CUST100211,PRD200921,1,3750.0,momo,CASH-3397,2024-09-22 16:51:00
TXN90008230,ST07,CUST101570,PRD200757,3,825.0,MTN Mobile Money,CASH-4429,01/10/2024 06:32
TXN90008231,ST08,CUST103643,PRD200440,1,428.94,MTN MoMo,MP112537752,2024-08-30 22:28:00
TXN90008232,ST21,CUST103059,PRD200140,2,23000.0,momo,CASH-7593,2024-08-27 14:08:00
TXN90008233,ST23,CUST102483,PRD200984,1,4950.0,MTN Mobile Money,MP160543119,2024-08-19 15:38:00
TXN90008234,ST01,CUST104391,PRD200326,1,3300.0,CASH,AM727109088,2024-08-08 10:55:00
TXN90008235,ST09,CUST100236,PRD201093,1,11250.0,CASH,MP154454165,2024-08-07 13:52:00
TXN90008236,ECOM01,CUST104914,PRD200976,-1,"8,100",MTN Mobile Money,AM299030325,2024-11-15 19:26:00
TXN90008237,ST07,CUST104261,PRD200069,2,9000.0,MTN MoMo,AM341217050,2024-08-27 23:03:00
TXN90008238,ST23,,PRD200895,2,1250.0,MTN MoMo,AUTH21337,2024-08-07 13:31:00
TXN90008239,ST05,CUST100820,PRD201041,1,3600.0,MTN MoMo,AM749232681,2024-12-13 06:32:00
TXN90008240,ST07,CUST104762,PRD200235,2,825.0,momo,,2024-09-07 00:59:00
TXN90008241,ECOM01,CUST104405,PRD200263,2,4950.0,Airtel Money,AUTH77378,2024-11-28 20:00:00
TXN90008242,ST11,CUST103301,PRD200307,-2,65000.0,Airtel Money,AM271923503,2024-10-09 18:33:00
TXN90008243,ST19,,PRD200821,2,9603.04,AirtelMoney,CASH-9788,2024-09-15 17:01:00
TXN90008244,ST14,CUST104457,PRD200891,2,40250.0,Cash,AUTH41592,2024-08-07 02:26:00
TXN90008245,ECOM01,CUST103923,PRD201027,1,5850.0,Airtel Money,MP838249912,2024-12-08 11:04:00
TXN90008246,ST03,CUST104432,PRD200931,4,9750.0,Airtel Money,AM119726136,2024-12-24 00:41:00
TXN90008247,ST02,CUST100526,PRD200451,2,975.0,Airtel Money,MP778039165,2024-11-09 11:34:00
TXN90008248,ST10,CUST104452,PRD200275,2,8625.0,AirtelMoney,AM357039489,2024-07-26 06:21:00
TXN90008249,ECOM01,CUST103000,PRD200223,2,17250.0,MTN Mobile Money,AUTH15588,2024-12-16 11:09:00
TXN90008250,ECOM01,CUST100829,PRD200802,1,5400.0,Airtel Money,CASH-1389,2024-10-01 23:36:00
TXN90008251,ST23,CUST102414,PRD200145,2,2250.0,Cash,AM357814782,2024-09-03 18:52:00
TXN90008252,ST15,CUST102090,PRD201148,3,900.0,MTN MoMo,AUTH74953,2024-08-31 08:29:00
TXN90008253,ST15,CUST101487,PRD200300,3,5400.0,momo,CASH-4110,2024-10-15 07:23:00
TXN90008254,ST15,CUST100342,PRD200015,4,UGX862,Airtel Money,CASH-1108,2024-07-13 03:37:00
TXN90008255,ST12,CUST100086,PRD200540,1,11000.0,MTN Mobile Money,AM151848544,2024-12-15 05:49:00
TXN90008256,ECOM01,CUST104965,PRD200155,1,625.0,AirtelMoney,AUTH69313,06/07/2024 11:58
TXN90008257,ST19,CUST101581,PRD200762,1,18750.0,CASH,MP882557969,2024-08-14 09:29:00
TXN90008258,ST14,CUST101289,PRD200645,-2,"8,389",Airtel Money,,2024-07-23 17:35:00
TXN90008259,ECOM01,CUST103677,PRD200437,2,13000.0,Card,AUTH24763,2024-10-09 00:51:00
TXN90008260,ST10,CUST100109,PRD201036,1,1500.0,Cash,AUTH25212,2024-07-07 04:22:00
TXN90008261,ST14,CUST100421,PRD200060,3,2875.0,CASH,,2024-07-28 08:09:00
TXN90008262,ST18,CUST100801,PRD200293,1,3450.0,momo,AM219677332,2024-09-10 23:18:00
TXN90008263,ST10,CUST103977,PRD200813,-1,3000.0,MTN MoMo,MP291750760,2024-10-21 08:22:00
TXN90008264,ST03,CUST101372,PRD201058,5,1150.0,MTN MoMo,AUTH26779,2024-10-24 02:30:00
TXN90008265,ST17,CUST104701,PRD200691,1,1500.0,MTN MoMo,AUTH80996,2024-08-31 02:50:00
TXN90008266,ST10,CUST101191,PRD200999,4,5175.0,MTN MoMo,,27/09/2024 19:05
TXN90008267,ST16,CUST100543,PRD200447,3,90000.0,AirtelMoney,AM816824201,2024-12-16 16:50:00
TXN90008268,ECOM01,,PRD200866,4,2700.0,AirtelMoney,AUTH90972,2024-07-19 13:51:00
TXN90008269,ECOM01,CUST100427,PRD200796,2,2750.0,MTN MoMo,,2024-08-08 07:06:00
TXN90008270,ST10,CUST100847,PRD200789,3,625.0,Card,AM819087027,2024-11-09 19:59:00
TXN90008271,ECOM01,CUST101965,PRD200939,1,18750.0,AirtelMoney,AM877022076,2024-11-10 17:47:00
TXN90008272,ST04,CUST101084,PRD200251,5,3250.0,MTN MoMo,MP761282048,07/10/2024 16:06
TXN90008273,ECOM01,CUST101753,PRD200293,-1,3450.0,MTN MoMo,MP205352945,06/08/2024 17:09
TXN90008274,ST01,CUST100586,PRD200099,1,7500.0,Cash,,25/11/2024 03:31
TXN90008275,ST08,,PRD200251,2,3250.0,MTN Mobile Money,AM808732611,2024-09-16 11:56:00
TXN90008276,ST05,,PRD200027,1,2250.0,MTN MoMo,MP749106331,2024-08-13 03:50:00
TXN90008277,ECOM01,CUST103189,PRD200557,4,19500.0,AirtelMoney,AM703173542,2024-12-04 00:27:00
TXN90008278,ST23,CUST101725,PRD200326,1,3300.0,AirtelMoney,MP160611668,2024-10-02 18:05:00
TXN90008279,ST21,CUST100815,PRD200272,1,42000.0,Cash,CASH-6236,2024-10-26 15:35:00
TXN90008280,ST12,CUST101705,PRD200759,5,8625.0,CASH,CASH-4546,24/07/2024 14:18
TXN90008281,ST14,CUST100479,PRD200414,1,11250.0,MTN MoMo,AM345493375,2024-12-19 15:54:00
TXN90008282,ST21,CUST101975,PRD200794,3,2300.0,MTN MoMo,CASH-7564,2024-11-11 05:58:00
TXN90008283,ST19,CUST103861,PRD200046,4,367.06,Cash,MP270931419,2024-07-06 19:04:00
TXN90008284,ECOM01,,PRD200381,2,22000.0,AirtelMoney,AM992966014,2024-10-18 06:48:00
TXN90008285,ST09,CUST102044,PRD200890,-1,2600.0,MTN MoMo,AUTH86787,2024-07-28 13:09:00
TXN90008286,ST06,,PRD200469,1,4950.0,MTN MoMo,CASH-1303,2024-09-03 09:03:00
TXN90008287,ST16,CUST101687,PRD200845,1,1800.0,MTN MoMo,AUTH68606,10/07/2024 19:39
TXN90008288,ECOM01,CUST103002,PRD200629,-2,575.0,MTN Mobile Money,CASH-4919,2024-11-10 05:52:00
TXN90008289,ST14,CUST100466,PRD200733,3,5500.0,AirtelMoney,MP525908893,2024-12-13 02:42:00
TXN90008290,ST18,CUST103218,PRD200199,1,4163.37,CASH,AUTH60336,2024-08-31 21:27:00
TXN90008291,ST17,CUST101007,PRD200697,1,60000.0,AirtelMoney,MP390708911,2024-08-28 13:11:00
TXN90008292,ST02,CUST104954,PRD200335,2,52500.0,Airtel Money,AUTH77878,2024-07-26 03:38:00
TXN90008293,ECOM01,CUST101667,PRD200180,1,5400.0,Cash,AM847115272,2024-07-08 02:21:00
TXN90008294,ST10,CUST103618,PRD200186,1,15000.0,MTN Mobile Money,AM674827964,2024-10-26 21:37:00
TXN90008295,ST06,CUST101823,PRD200538,2,57500.0,Airtel Money,CASH-9194,2024-09-25 16:15:00
TXN90008296,ST02,CUST100753,PRD200869,2,2700.0,CASH,,06/12/2024 17:44
TXN90008297,ST04,CUST101403,PRD201123,4,4950.0,Airtel Money,AM105724818,2024-10-17 14:32:00
TXN90008298,ST19,CUST100852,PRD200904,3,650.0,MTN Mobile Money,AM747606590,2024-11-16 22:45:00
TXN90008299,ST07,CUST103638,PRD200918,1,1800.0,MTN MoMo,AUTH81110,22/11/2024 18:36
TXN90008300,ST09,CUST102962,PRD200956,1,UGX5500,momo,AUTH43984,2024-09-07 13:41:00
TXN90008301,ST07,CUST101472,PRD201059,2,1300.0,momo,MP526288849,2024-07-12 10:58:00
TXN90008302,ST21,CUST100624,PRD200290,1,12000.0,momo,AM373952032,2024-07-23 18:57:00
TXN90008303,ST22,CUST100268,PRD200123,1,3750.0,AirtelMoney,MP963263600,2024-10-10 05:10:00
TXN90008304,ST23,CUST103658,PRD200312,2,1350.0,AirtelMoney,CASH-3823,2024-10-14 17:54:00
TXN90008305,ST23,CUST104330,PRD200303,2,43750.0,Airtel Money,,21/09/2024 18:47
TXN90008306,ST16,CUST104572,PRD200501,1,1125.0,Cash,CASH-1910,2024-08-12 01:47:00
TXN90008307,ST07,CUST102753,PRD200971,1,8100.0,Airtel Money,AM541646858,2024-07-28 04:31:00
TXN90008308,ST12,,PRD201019,3,1875.0,Airtel Money,AM921021355,2024-09-11 22:13:00
TXN90008309,ST10,CUST103650,PRD200371,-2,2750.0,Cash,CASH-2768,2024-11-03 12:40:00
TXN90008310,ST21,CUST103581,PRD201090,3,13000.0,AirtelMoney,MP644941533,30/11/2024 01:15
TXN90008311,ST16,CUST104077,PRD200380,-2,4500.0,AirtelMoney,MP131937462,2024-07-06 03:18:00
TXN90008312,ST14,CUST101238,PRD200064,2,23000.0,Card,AM895733688,2024-10-25 11:19:00
TXN90008313,ST17,CUST103131,PRD200975,1,36000.0,momo,,2024-09-21 18:22:00
TXN90008314,ST13,CUST101423,PRD200373,1,18750.0,MTN MoMo,CASH-2110,12/08/2024 23:46
TXN90008315,ST16,CUST101933,PRD200350,1,11500.0,MTN Mobile Money,CASH-9387,2024-11-22 13:51:00
TXN90008316,ST18,CUST102944,PRD200129,1,1350.0,Cash,CASH-5061,2024-08-28 10:14:00
TXN90008317,ST01,CUST103034,PRD200449,4,2250.0,MTN Mobile Money,AM148895858,2024-11-10 17:38:00
TXN90008318,ECOM01,CUST104092,PRD201024,1,6250.0,MTN MoMo,,2024-11-04 11:38:00
TXN90008319,ST06,CUST104837,PRD200139,1,3750.0,momo,MP231568065,2024-10-18 09:57:00
TXN90008320,ECOM01,,PRD200271,1,5625.0,Airtel Money,,2024-08-14 16:34:00
TXN90008321,ST23,CUST104380,PRD200918,1,1800.0,MTN MoMo,MP571255541,2024-07-16 18:13:00
TXN90008322,ECOM01,CUST102531,PRD200649,2,36000.0,MTN MoMo,AM349542328,2024-09-28 11:22:00
TXN90008323,ECOM01,CUST103440,PRD200199,2,4163.37,MTN MoMo,AM764246784,2024-11-03 18:03:00
TXN90008324,ST19,CUST104152,PRD200008,1,27000.0,momo,AM423473268,08/10/2024 00:05
TXN90008325,ST04,CUST102381,PRD200356,2,1250.0,MTN MoMo,AM356933238,2024-07-17 01:05:00
TXN90008326,ST23,CUST100416,PRD201065,1,13500.0,MTN MoMo,AUTH85898,2024-08-30 13:27:00
TXN90008327,ST21,CUST101271,PRD200634,-1,63000.0,MTN MoMo,MP318777592,16/07/2024 12:21
TXN90008328,ST12,CUST101825,PRD200499,2,600.0,MTN Mobile Money,,2024-08-15 16:10:00
TXN90008329,ST08,,PRD200941,3,36000.0,Cash,AM935858722,2024-11-04 02:57:00
TXN90008330,ST10,,PRD200399,1,UGX900,AirtelMoney,CASH-4644,2024-10-04 16:26:00
TXN90008331,ST18,CUST102812,PRD200937,1,13000.0,MTN MoMo,MP975565889,2024-11-03 09:14:00
TXN90008332,ST01,,PRD200415,2,11000.0,momo,,2024-07-26 22:19:00
TXN90008333,ECOM01,CUST104117,PRD200600,5,671.99,CASH,AUTH85867,2024-08-25 00:33:00
TXN90008334,ECOM01,CUST104210,PRD200898,3,11500.0,MTN Mobile Money,CASH-8968,2024-07-02 10:44:00
TXN90008335,ST08,CUST102795,PRD200630,1,575.0,MTN Mobile Money,AM552350007,2024-10-05 17:48:00
TXN90008336,ST06,CUST102620,PRD200453,1,9750.0,MTN MoMo,CASH-8111,07/11/2024 21:05
TXN90008337,ST21,CUST104113,PRD200654,1,22000.0,MTN MoMo,AUTH16738,2024-12-08 12:55:00
TXN90008338,ST11,CUST103541,PRD200721,1,"UGX 8,625",MTN MoMo,AUTH28653,2024-11-30 04:21:00
TXN90008339,ST13,,PRD200543,5,2750.0,MTN Mobile Money,MP977622955,2024-10-12 19:23:00
TXN90008340,ST19,CUST101577,PRD200836,1,7500.0,momo,AM892601214,2024-09-04 20:07:00
TXN90008341,ECOM01,CUST104376,PRD201126,1,2875.0,AirtelMoney,MP415557342,2024-12-20 09:55:00
TXN90008342,ST19,CUST104848,PRD200812,1,1800.0,Airtel Money,,2024-09-05 06:19:00
TXN90008343,ST09,CUST101629,PRD201040,1,19500.0,MTN MoMo,CASH-6807,14/07/2024 11:14
TXN90008344,ST12,CUST101973,PRD200765,1,6366.89,MTN Mobile Money,MP616842605,2024-12-09 15:03:00
TXN90008345,ST08,CUST104094,PRD200737,-2,900.0,Airtel Money,MP395730337,2024-10-07 01:33:00
TXN90008346,ST12,CUST103848,PRD200430,3,8250.0,AirtelMoney,CASH-1724,2024-12-27 04:07:00
TXN90008347,ECOM01,CUST100035,PRD200634,1,63000.0,MTN Mobile Money,AM437282164,2024-09-23 22:50:00
TXN90008348,ST12,CUST103357,PRD200589,1,3250.0,MTN MoMo,MP372540078,2024-07-18 04:48:00
TXN90008349,ST04,CUST101828,PRD200735,1,15000.0,CASH,AUTH89974,2024-08-16 01:16:00
TXN90008350,ECOM01,,PRD200038,1,4500.0,Airtel Money,MP863195617,2024-12-04 22:38:00
TXN90008351,ST15,CUST104682,PRD200577,1,2400.0,AirtelMoney,MP918261159,2024-09-06 10:31:00
TXN90008352,ECOM01,CUST100040,PRD200419,3,1800.0,MTN MoMo,MP520376951,2024-10-23 16:47:00
TXN90008353,ST17,CUST103648,PRD200578,3,937.5,CASH,MP882280909,2024-08-10 19:21:00
TXN90008354,ST15,,PRD200158,2,672.1,MTN MoMo,MP196083274,2024-07-06 23:45:00
TXN90008355,ST17,CUST104848,PRD200951,4,8625.0,MTN MoMo,AM305319727,2024-09-18 13:06:00
TXN90008356,ST09,CUST104720,PRD200935,3,42000.0,Cash,,2024-07-20 12:42:00
TXN90008357,ST18,CUST102012,PRD200502,1,2250.0,MTN MoMo,AM448097017,2024-08-01 04:22:00
TXN90008358,ECOM01,CUST102287,PRD200902,1,937.5,Card,MP243987846,2024-10-11 07:39:00
TXN90008359,ST20,CUST101685,PRD200049,1,2875.0,momo,AUTH20482,2024-12-21 10:44:00
TXN90008360,ST22,CUST103500,PRD200383,2,5500.0,CASH,CASH-2937,2024-09-24 02:36:00
TXN90008361,ST21,CUST103308,PRD200131,1,3000.0,momo,AUTH21028,2024-10-22 08:59:00
TXN90008362,ST15,CUST104661,PRD200197,1,13500.0,Airtel Money,AM845590799,2024-08-26 17:41:00
TXN90008363,ST22,CUST103307,PRD201157,4,600.0,MTN Mobile Money,AUTH36528,2024-11-10 04:21:00
TXN90008364,ST13,CUST101707,PRD200614,4,22500.0,MTN Mobile Money,AM473792858,2024-12-05 23:21:00
TXN90008365,ST04,CUST104350,PRD200461,2,9000.0,Cash,AM714825992,2024-12-23 11:39:00
TXN90008366,ST20,,PRD200805,1,"UGX 8,100",momo,MP461293765,2024-10-21 04:04:00
TXN90008367,ST08,CUST101478,PRD200342,5,6750.0,Airtel Money,CASH-7825,2024-08-14 10:39:00
TXN90008368,ECOM01,CUST100860,PRD200436,1,6750.0,Cash,AUTH10179,2024-10-01 04:58:00
TXN90008369,ST10,CUST102744,PRD201155,2,2750.0,Cash,AUTH44921,2024-12-01 15:19:00
TXN90008370,ECOM01,CUST100165,PRD200741,2,32051.24,Airtel Money,AM404750940,2024-08-24 15:11:00
TXN90008371,ST21,CUST103599,PRD201015,1,62500.0,momo,MP127189281,2024-12-09 02:06:00
TXN90008372,ST03,CUST103910,PRD200494,4,25000.0,MTN Mobile Money,CASH-9124,21/07/2024 08:47
TXN90008373,ST11,CUST104463,PRD200547,3,8100.0,AirtelMoney,CASH-1734,2024-09-08 11:07:00
TXN90008374,ST11,CUST103393,PRD200124,3,2875.0,MTN Mobile Money,MP912240663,2024-07-16 23:52:00
TXN90008375,ECOM01,CUST102517,PRD201026,1,1100.0,Airtel Money,AUTH60537,2024-08-27 12:36:00
TXN90008376,ST16,CUST104405,PRD200144,2,3900.0,Cash,CASH-3159,2024-07-21 01:00:00
TXN90008377,ST13,CUST103416,PRD200180,3,5400.0,MTN MoMo,MP418834654,2024-07-03 20:56:00
TXN90008378,ST08,CUST102206,PRD200041,1,11500.0,MTN MoMo,AM302657015,2024-11-12 13:07:00
TXN90008379,ST02,CUST102394,PRD200638,1,3000.0,CASH,CASH-3316,2024-09-04 06:46:00
TXN90008380,ST21,CUST101105,PRD200462,-1,1125.0,AirtelMoney,AM772002103,2024-10-20 16:06:00
TXN90008381,ECOM01,CUST104294,PRD200905,1,2200.0,CASH,,2024-07-01 10:07:00
TXN90008382,ST13,CUST104621,PRD201061,4,862.5,MTN MoMo,AM274738537,2024-11-02 00:25:00
TXN90008383,ST21,CUST100227,PRD200007,2,63000.0,MTN MoMo,CASH-9329,26/07/2024 04:23
TXN90008384,ST20,CUST101632,PRD200506,1,600.0,MTN Mobile Money,AM367419621,20/09/2024 13:19
TXN90008385,ECOM01,CUST102357,PRD200741,1,32051.24,Cash,AUTH20351,2024-07-09 14:26:00
TXN90008386,ST11,CUST103848,PRD200527,1,575.0,Airtel Money,CASH-1429,2024-10-02 02:18:00
TXN90008387,ST15,CUST102030,PRD200964,4,9000.0,Airtel Money,MP497691078,2024-08-31 18:09:00
TXN90008388,ST20,CUST103347,PRD200637,2,"22,000",Airtel Money,MP289595080,2024-08-06 04:44:00
TXN90008389,ST07,CUST103489,PRD200354,1,2700.0,Card,CASH-9116,2024-11-15 10:11:00
TXN90008390,ST12,,PRD200649,3,36000.0,Airtel Money,MP584084392,26/11/2024 14:07
TXN90008391,ST19,CUST103697,PRD200405,2,45500.0,MTN MoMo,,2024-08-28 12:25:00
TXN90008392,ST12,CUST103192,PRD200999,2,5175.0,MTN MoMo,AM989691644,2024-10-24 04:24:00
TXN90008393,ECOM01,CUST104188,PRD200954,1,"38,500",CASH,AUTH35019,2024-09-06 06:10:00
TXN90008394,ST19,CUST100521,PRD200655,1,2250.0,Cash,MP182977293,07/09/2024 09:33
TXN90008395,ECOM01,CUST104598,PRD201058,-2,1150.0,AirtelMoney,,2024-07-22 01:15:00
TXN90008396,ST14,CUST101187,PRD201084,1,25000.0,CASH,CASH-8286,10/10/2024 01:07
TXN90008397,ECOM01,CUST103898,PRD200712,1,543.51,MTN Mobile Money,CASH-6919,2024-07-28 05:44:00
TXN90008398,ST07,CUST104824,PRD200223,2,17250.0,Cash,MP326841327,2024-08-06 00:46:00
TXN90008399,ECOM01,CUST100339,PRD200938,1,3900.0,MTN MoMo,MP742553825,2024-07-10 03:46:00
TXN90008400,ST11,CUST102337,PRD200441,1,825.0,Cash,AUTH70433,2024-10-19 22:20:00
TXN90008401,ST10,CUST102880,PRD200128,2,5400.0,MTN MoMo,AUTH48813,2024-09-03 07:16:00
TXN90008402,ST20,CUST101142,PRD200729,1,38500.0,MTN MoMo,AM873729438,2024-11-26 04:43:00
TXN90008403,ST20,CUST102909,PRD200306,1,8250.0,MTN Mobile Money,CASH-6639,2024-12-04 07:28:00
TXN90008404,ST06,CUST102178,PRD201056,1,63000.0,AirtelMoney,CASH-6968,2024-12-26 11:53:00
TXN90008405,ECOM01,CUST100771,PRD200261,2,52500.0,Airtel Money,MP222166039,2024-08-10 15:07:00
TXN90008406,ST10,CUST102072,PRD200057,2,"3,125",Cash,AM677600184,2024-09-09 20:43:00
TXN90008407,ECOM01,,PRD200189,4,3000.0,momo,CASH-2856,2024-08-29 00:45:00
TXN90008408,ST10,CUST101063,PRD200003,4,9375.0,Cash,MP133861499,2024-07-31 22:21:00
TXN90008409,ST02,CUST102369,PRD200367,1,600.0,MTN MoMo,,2024-11-22 03:41:00
TXN90008410,ST09,CUST102741,PRD200967,2,UGX4500,MTN MoMo,,2024-09-10 13:12:00
TXN90008411,ST19,CUST104760,PRD200793,2,2200.0,MTN MoMo,,2024-09-13 15:28:00
TXN90008412,ECOM01,CUST101158,PRD200036,1,22000.0,MTN Mobile Money,CASH-7209,2024-12-27 04:35:00
TXN90008413,ST13,CUST102020,PRD200101,2,3750.0,MTN MoMo,AM869639935,2024-11-24 00:30:00
TXN90008414,ST16,CUST102467,PRD200130,1,"UGX 14,277",Cash,MP540570493,2024-07-13 01:14:00
TXN90008415,ST10,CUST101836,PRD200152,2,30000.0,MTN MoMo,MP380141217,2024-10-27 10:03:00
TXN90008416,ST10,CUST100320,PRD200167,3,"UGX 24,000",Card,CASH-1436,2024-12-11 14:03:00
TXN90008417,ECOM01,CUST101883,PRD200989,2,17250.0,AirtelMoney,,2024-07-19 22:18:00
TXN90008418,ST02,,PRD200420,1,2250.0,Airtel Money,AM631391565,29/10/2024 06:42
TXN90008419,ST05,CUST103851,PRD200273,1,2700.0,AirtelMoney,MP775885282,05/10/2024 14:13
TXN90008420,ST08,CUST102417,PRD200612,2,12000.0,MTN MoMo,MP804792174,2024-10-11 12:57:00
TXN90008421,ST09,CUST101397,PRD200685,1,1150.0,Cash,AM840614466,2024-08-19 03:54:00
TXN90008422,ECOM01,CUST102845,PRD200050,1,900.0,Cash,,2024-11-09 12:33:00
TXN90008423,ST07,CUST100689,PRD200170,1,4500.0,Airtel Money,AM916050996,2024-10-08 01:51:00
TXN90008424,ST19,CUST100948,PRD200835,2,23000.0,AirtelMoney,AM734147356,29/09/2024 20:42
TXN90008425,ST23,CUST100518,PRD200563,-1,17250.0,Cash,AUTH87240,2024-11-18 20:51:00
TXN90008426,ST09,CUST101202,PRD200647,1,"UGX 13,000",MTN MoMo,MP840333027,2024-12-08 03:25:00
TXN90008427,ST01,CUST102835,PRD200190,-1,60000.0,MTN Mobile Money,,2024-09-24 12:55:00
TXN90008428,ST17,CUST103555,PRD200791,2,8100.0,MTN Mobile Money,,2024-09-04 13:50:00
TXN90008429,ECOM01,CUST101431,PRD201140,4,5850.0,Airtel Money,AUTH13063,2024-09-01 16:18:00
TXN90008430,ST09,CUST100870,PRD200114,3,13500.0,Airtel Money,AUTH88760,2024-09-28 16:48:00
TXN90008431,ST17,CUST103105,PRD200592,1,3750.0,Cash,AUTH33179,2024-11-28 18:02:00
TXN90008432,ST01,CUST101904,PRD200404,2,2250.0,MTN Mobile Money,AM341564478,2024-10-30 11:10:00
TXN90008433,ST19,CUST103832,PRD200872,2,1950.0,momo,AM457986871,2024-10-01 23:39:00
TXN90008434,ST06,CUST100452,PRD201037,1,"36,000",Cash,MP624415083,2024-07-20 10:27:00
TXN90008435,ST11,CUST101086,PRD200242,3,52500.0,Airtel Money,,2024-09-25 14:41:00
TXN90008436,ST07,,PRD200090,2,1897.03,Cash,AM243075093,2024-08-11 14:22:00
TXN90008437,ST02,CUST104825,PRD200701,5,26000.0,AirtelMoney,MP131749405,2024-10-07 23:40:00
TXN90008438,ECOM01,CUST103977,PRD200793,1,2200.0,momo,CASH-2144,2024-07-01 23:43:00
TXN90008439,ST14,CUST103326,PRD200406,1,2250.0,MTN Mobile Money,AM727140966,2024-08-29 00:28:00
TXN90008440,ST05,CUST102804,PRD200983,2,1725.0,momo,CASH-2715,2024-11-11 12:27:00
TXN90008441,ST21,CUST102452,PRD200766,2,36000.0,momo,CASH-9942,01/08/2024 01:34
TXN90008442,ST07,CUST101240,PRD200548,2,5400.0,Airtel Money,CASH-4313,2024-10-31 13:33:00
TXN90008443,ST10,CUST101868,PRD201005,1,5400.0,Cash,MP233245998,2024-11-11 23:16:00
TXN90008444,ST21,CUST102732,PRD200813,4,3000.0,MTN Mobile Money,AUTH80934,2024-08-30 19:42:00
TXN90008445,ST14,CUST103389,PRD200882,3,550.0,Cash,AUTH15660,2024-07-15 00:53:00
TXN90008446,ST10,CUST100111,PRD200945,1,"3,558",CASH,MP627314896,22/12/2024 11:11
TXN90008447,ST01,CUST103675,PRD200777,1,42000.0,MTN MoMo,,2024-10-24 13:52:00
TXN90008448,ST21,CUST102836,PRD200040,4,52500.0,Cash,AUTH50289,07/11/2024 00:34
TXN90008449,ST01,CUST101423,PRD200296,2,3750.0,MTN MoMo,CASH-7927,2024-07-04 07:04:00
TXN90008450,ECOM01,CUST104855,PRD200371,1,2750.0,AirtelMoney,MP222700228,2024-09-25 08:49:00
TXN90008451,ST05,CUST101116,PRD200371,2,2750.0,MTN MoMo,MP471749360,2024-08-09 01:08:00
TXN90008452,ST23,CUST104318,PRD200506,2,600.0,Airtel Money,MP424761658,2024-12-22 03:15:00
TXN90008453,ST10,CUST103611,PRD200436,2,6750.0,CASH,AM106913105,2024-07-02 10:35:00
TXN90008454,ST16,,PRD200406,5,2250.0,CASH,CASH-5150,2024-07-09 00:37:00
TXN90008455,ST02,CUST103500,PRD200447,1,90000.0,MTN MoMo,MP874009008,2024-07-09 15:37:00
TXN90008456,ST11,CUST103054,PRD200466,1,8625.0,CASH,CASH-4433,2024-09-06 21:53:00
TXN90008457,ST17,CUST102906,PRD200268,1,25000.0,Airtel Money,AUTH94928,2024-10-18 07:17:00
TXN90008458,ECOM01,CUST103651,PRD201122,3,6750.0,MTN Mobile Money,CASH-1353,2024-09-10 19:50:00
TXN90008459,ECOM01,CUST104486,PRD200340,4,18750.0,Cash,MP603109532,2024-12-06 12:58:00
TXN90008460,ECOM01,CUST100311,PRD200393,1,5750.0,MTN MoMo,CASH-5197,2024-08-19 02:58:00
TXN90008461,ST14,CUST100430,PRD200046,2,367.06,MTN MoMo,CASH-7250,2024-10-21 16:46:00
TXN90008462,ST14,CUST103770,PRD200671,3,550.0,momo,MP336691585,2024-08-01 07:48:00
TXN90008463,ST09,CUST104726,PRD200247,2,1800.0,Airtel Money,MP168927809,10/12/2024 15:11
TXN90008464,ST10,CUST103943,PRD200307,-1,65000.0,Cash,MP938458085,2024-11-19 20:10:00
TXN90008465,ST15,CUST102718,PRD200362,2,3450.0,AirtelMoney,AUTH65138,2024-11-15 22:34:00
TXN90008466,ST22,CUST101796,PRD200962,1,6250.0,MTN MoMo,AUTH68399,2024-09-02 11:16:00
TXN90008467,ST03,CUST103301,PRD200448,2,2750.0,Airtel Money,AUTH17039,2024-10-04 12:48:00
TXN90008468,ST20,CUST104829,PRD200470,1,42000.0,Cash,CASH-8666,08/10/2024 23:22
TXN90008469,ST02,,PRD200097,1,19500.0,MTN MoMo,CASH-1738,2024-12-10 00:46:00
TXN90008470,ST11,CUST104744,PRD200255,1,24000.0,Airtel Money,MP721382565,2024-09-11 22:55:00
TXN90008471,ST09,CUST101704,PRD200865,1,650.0,MTN Mobile Money,AUTH38580,2024-07-28 04:37:00
TXN90008472,ECOM01,CUST101073,PRD200219,1,4500.0,MTN MoMo,CASH-7552,2024-07-29 17:19:00
TXN90008473,ECOM01,CUST104224,PRD200875,2,4036.94,Cash,MP986128421,2024-12-21 08:54:00
TXN90008474,ECOM01,CUST103235,PRD200036,2,22000.0,MTN Mobile Money,,2024-07-03 18:35:00
TXN90008475,ST07,CUST100970,PRD200351,1,52500.0,momo,CASH-8892,2024-08-02 01:35:00
TXN90008476,ST07,CUST104971,PRD200007,1,63000.0,Airtel Money,AM975825833,2024-08-01 01:54:00
TXN90008477,ST17,CUST100006,PRD200456,3,11500.0,Cash,AUTH64770,2024-09-15 17:04:00
TXN90008478,ST12,CUST102355,PRD200745,1,90000.0,MTN MoMo,AM281212477,2024-09-09 03:08:00
TXN90008479,ST06,CUST102496,PRD200419,1,1800.0,momo,AUTH12189,2024-11-08 05:49:00
TXN90008480,ST08,CUST104747,PRD200995,3,550.0,AirtelMoney,CASH-8417,2024-08-21 12:47:00
TXN90008481,ST06,CUST102743,PRD200930,2,8625.0,Cash,MP571182313,2024-11-03 08:13:00
TXN90008482,ECOM01,CUST103083,PRD200204,4,40250.0,MTN MoMo,CASH-8224,2024-07-08 17:17:00
TXN90008483,ST14,CUST102417,PRD200150,1,25000.0,MTN MoMo,MP898302922,2024-10-15 20:38:00
TXN90008484,ST05,CUST100549,PRD201015,1,"62,500",Cash,CASH-5987,2024-08-05 08:11:00
TXN90008485,ST12,CUST100764,PRD200464,1,6000.0,Cash,CASH-4985,2024-07-31 20:39:00
TXN90008486,ST15,CUST101785,PRD200066,3,1250.0,momo,CASH-7004,2024-11-25 08:53:00
TXN90008487,ST07,CUST101562,PRD200298,4,40250.0,MTN MoMo,MP707928918,2024-08-15 11:10:00
TXN90008488,ST19,CUST103650,PRD200751,4,26539.61,Card,AM915773435,04/08/2024 10:36
TXN90008489,ST03,CUST104132,PRD200452,1,6812.54,Airtel Money,AUTH53102,2024-10-17 08:53:00
TXN90008490,ST04,CUST103929,PRD201060,3,UGX9750,Airtel Money,AUTH12636,2024-10-13 12:39:00
TXN90008491,ST03,CUST104971,PRD200022,5,3900.0,AirtelMoney,MP666347308,2024-12-13 12:03:00
TXN90008492,ST14,CUST102818,PRD200777,1,42000.0,MTN Mobile Money,AM610809019,2024-09-01 01:33:00
TXN90008493,ST23,CUST103448,PRD201164,1,19500.0,MTN MoMo,CASH-4480,2024-10-09 15:14:00
TXN90008494,ST11,CUST100180,PRD200683,1,1950.0,MTN Mobile Money,AUTH39196,21/12/2024 12:31
TXN90008495,ST19,,PRD200535,4,3600.0,Cash,AM515267072,2024-07-05 17:51:00
TXN90008496,ST11,CUST100690,PRD200348,3,2400.0,MTN MoMo,CASH-6244,2024-09-23 09:36:00
TXN90008497,ECOM01,CUST103593,PRD200915,1,12500.0,Card,MP630128295,2024-11-11 02:06:00
TXN90008498,ST06,CUST104095,PRD201160,2,3750.0,Cash,AM263208753,2024-10-05 12:44:00
TXN90008499,ST07,CUST103089,PRD200773,-1,2500.0,momo,CASH-6108,2024-10-17 04:31:00
TXN90008500,ECOM01,CUST104803,PRD200752,1,825.0,MTN MoMo,,2024-07-09 20:01:00
TXN90008501,ST13,CUST100878,PRD200748,1,2600.0,Cash,AM286002539,08/09/2024 00:59
TXN90008502,ST08,CUST104101,PRD200142,3,4197.32,AirtelMoney,AM997089374,2024-08-16 11:16:00
TXN90008503,ST11,CUST103277,PRD200903,1,90000.0,MTN Mobile Money,CASH-7651,2024-07-06 01:39:00
TXN90008504,ST16,CUST102998,PRD200027,1,2250.0,MTN MoMo,CASH-5103,2024-11-24 20:04:00
TXN90008505,ST15,CUST100914,PRD200968,1,6250.0,AirtelMoney,AUTH34879,2024-12-07 00:39:00
TXN90008506,ST11,,PRD200954,5,38500.0,CASH,,2024-08-26 23:54:00
TXN90008507,ECOM01,,PRD200790,1,1800.0,Cash,MP348408105,2024-10-28 23:14:00
TXN90008508,ST01,CUST104456,PRD201097,1,1650.0,AirtelMoney,AUTH84248,2024-11-26 23:37:00
TXN90008509,ST18,CUST100262,PRD200676,1,16500.0,MTN MoMo,AUTH30576,2024-08-20 14:25:00
TXN90008510,ST04,CUST104099,PRD200395,1,36000.0,MTN MoMo,CASH-7953,2024-07-07 17:47:00
TXN90008511,ECOM01,CUST101326,PRD200251,3,3250.0,Cash,MP578141080,2024-09-28 20:38:00
TXN90008512,ST21,CUST102426,PRD200226,1,"32,225",CASH,CASH-9860,2024-12-04 10:57:00
TXN90008513,ST15,CUST104975,PRD200830,2,36000.0,Cash,AM898814004,2024-09-04 15:05:00
TXN90008514,ST23,CUST102847,PRD200341,3,40250.0,MTN MoMo,,13/09/2024 01:06
TXN90008515,ST03,CUST104819,PRD200857,3,625.0,Cash,AM434417766,2024-08-10 18:23:00
TXN90008516,ECOM01,CUST102959,PRD200338,3,5400.0,Cash,AM879349250,2024-09-19 23:08:00
TXN90008517,ST12,CUST102602,PRD200927,1,600.0,MTN Mobile Money,CASH-2294,2024-12-02 05:17:00
TXN90008518,ST10,CUST101806,PRD200525,1,6250.0,MTN MoMo,AUTH65504,2024-09-22 15:36:00
TXN90008519,ST01,CUST100397,PRD200560,4,18000.0,MTN Mobile Money,MP226791928,2024-09-18 04:41:00
TXN90008520,ST20,CUST100838,PRD200941,3,UGX36000,momo,CASH-7226,2024-10-17 14:35:00
TXN90008521,ST01,CUST104571,PRD200463,2,36000.0,Cash,CASH-5920,2024-11-08 04:07:00
TXN90008522,ST16,CUST103125,PRD200436,1,6750.0,MTN Mobile Money,AUTH21472,2024-11-07 22:55:00
TXN90008523,ST04,,PRD200315,1,6250.0,MTN MoMo,AUTH44421,2024-11-10 18:24:00
TXN90008524,ECOM01,CUST104876,PRD200752,4,825.0,MTN MoMo,AM342116400,12/07/2024 19:36
TXN90008525,ST14,CUST104903,PRD201065,3,13500.0,momo,,06/11/2024 19:16
TXN90008526,ST23,CUST102237,PRD200819,1,90000.0,Cash,MP659664278,14/09/2024 14:03
TXN90008527,ST08,CUST102943,PRD200685,1,1150.0,Airtel Money,CASH-3962,2024-08-23 12:32:00
TXN90008528,ST18,CUST102345,PRD200550,-1,"UGX 12,000",AirtelMoney,MP455557743,2024-09-04 02:22:00
TXN90008529,ST16,CUST100923,PRD200987,2,30000.0,MTN Mobile Money,CASH-5886,2024-11-13 03:00:00
TXN90008530,ECOM01,CUST100122,PRD200400,1,UGX5625,Card,AM867191149,2024-07-30 13:07:00
TXN90008531,ST22,CUST104214,PRD201093,1,11250.0,MTN MoMo,AUTH74081,2024-08-21 16:00:00
TXN90008532,ST19,CUST101471,PRD200551,2,6750.0,MTN Mobile Money,,2024-09-14 00:38:00
TXN90008533,ST19,CUST104936,PRD200815,1,45500.0,MTN Mobile Money,AM660063877,2024-11-07 04:08:00
TXN90008534,ST13,CUST101513,PRD200485,3,60000.0,Cash,MP292162486,2024-12-12 18:19:00
TXN90008535,ST06,,PRD200502,1,2250.0,MTN MoMo,MP800043623,28/09/2024 19:10
TXN90008536,ST12,CUST101748,PRD200665,4,1500.0,MTN MoMo,AM620408359,2024-10-28 02:59:00
TXN90008537,ST17,CUST102591,PRD200823,-1,2600.0,Airtel Money,AUTH11450,08/07/2024 14:59
TXN90008538,ST13,CUST100883,PRD200795,1,862.5,CASH,AM356260839,2024-11-02 12:31:00
TXN90008539,ST13,CUST102885,PRD200558,1,5500.0,Cash,MP955449179,2024-10-18 12:47:00
TXN90008540,ST18,CUST103133,PRD200464,2,6000.0,MTN Mobile Money,CASH-7721,2024-10-03 12:47:00
TXN90008541,ST14,CUST103711,PRD200406,1,2250.0,MTN MoMo,AM309262921,2024-10-08 09:21:00
TXN90008542,ECOM01,CUST102015,PRD200909,2,3000.0,AirtelMoney,,2024-07-06 01:53:00
TXN90008543,ST12,CUST103577,PRD200999,1,"5,175",MTN MoMo,MP139321518,2024-07-28 18:43:00
TXN90008544,ST15,CUST102182,PRD200776,3,60000.0,CASH,AM184331139,2024-08-05 01:46:00
TXN90008545,ST17,CUST102706,PRD200615,1,1875.0,AirtelMoney,CASH-4559,2024-08-09 17:26:00
TXN90008546,ST20,CUST104283,PRD200951,2,8625.0,momo,AUTH45477,2024-11-08 19:08:00
TXN90008547,ST21,CUST104185,PRD200935,1,42000.0,MTN MoMo,,28/11/2024 00:31
TXN90008548,ST17,CUST100922,PRD200185,3,600.0,momo,MP311043693,2024-11-19 23:59:00
TXN90008549,ST14,CUST100522,PRD200774,1,6000.0,MTN Mobile Money,AUTH61897,2024-11-18 10:12:00
TXN90008550,ECOM01,CUST101612,PRD200420,1,2250.0,CASH,MP981913406,2024-08-06 09:26:00
TXN90008551,ECOM01,CUST103464,PRD200198,2,3000.0,AirtelMoney,MP633078957,2024-08-26 03:52:00
TXN90008552,ST01,CUST100042,PRD200207,1,"UGX 25,000",Card,MP372355308,2024-11-06 01:45:00
TXN90008553,ECOM01,CUST103458,PRD200691,1,1500.0,momo,AM665661117,2024-07-25 05:27:00
TXN90008554,ST19,CUST100795,PRD200512,1,4500.0,MTN MoMo,CASH-6914,2024-12-04 08:10:00
TXN90008555,ST11,,PRD200806,2,62500.0,Cash,AM870614202,2024-08-10 03:25:00
TXN90008556,ECOM01,CUST103419,PRD200178,2,"UGX 9,375",MTN MoMo,AUTH17185,2024-07-16 01:22:00
TXN90008557,ECOM01,CUST101138,PRD200882,2,550.0,Cash,AUTH88289,2024-09-06 04:20:00
TXN90008558,ECOM01,CUST103013,PRD201112,1,575.0,AirtelMoney,CASH-5068,2024-09-26 07:52:00
TXN90008559,ST08,CUST102815,PRD200461,2,9000.0,MTN MoMo,AM196096540,2024-10-23 21:03:00
TXN90008560,ST23,CUST103135,PRD200621,1,9000.0,MTN MoMo,,2024-10-28 10:48:00
TXN90008561,ST17,CUST104441,PRD200676,3,16500.0,MTN MoMo,CASH-5617,2024-07-16 09:50:00
TXN90008562,ST23,CUST100583,PRD200937,3,13000.0,MTN MoMo,AUTH83011,2024-08-10 21:20:00
TXN90008563,ST13,CUST103825,PRD200567,2,75000.0,MTN MoMo,AUTH63337,2024-12-22 06:30:00
TXN90008564,ST14,,PRD200303,5,43750.0,momo,AM567726593,2024-09-09 09:14:00
TXN90008565,ST10,CUST102710,PRD200146,5,1803.16,MTN MoMo,,2024-08-17 20:19:00
TXN90008566,ST12,CUST103256,PRD200105,-2,25000.0,AirtelMoney,AUTH88708,2024-12-03 03:00:00
TXN90008567,ST15,CUST102963,PRD200013,2,8250.0,Cash,AM289786259,2024-08-19 04:11:00
TXN90008568,ST23,CUST103470,PRD200526,2,45500.0,Cash,,2024-08-15 05:10:00
TXN90008569,ST11,CUST104066,PRD200664,1,1725.0,MTN MoMo,CASH-1597,2024-12-01 08:16:00
TXN90008570,ST05,CUST103478,PRD200064,5,23000.0,Airtel Money,AM958484814,26/11/2024 14:19
TXN90008571,ECOM01,CUST102772,PRD201046,1,2700.0,Airtel Money,,2024-08-24 10:22:00
TXN90008572,ST14,CUST102154,PRD200366,2,5400.0,Cash,AUTH25037,2024-07-24 01:50:00
TXN90008573,ECOM01,CUST100433,PRD201144,1,2700.0,CASH,CASH-1079,2024-11-02 00:05:00
TXN90008574,ST15,CUST100329,PRD200479,1,1950.0,MTN Mobile Money,CASH-5217,2024-09-30 08:42:00
TXN90008575,ST20,CUST101184,PRD200999,1,5175.0,MTN MoMo,CASH-9070,2024-07-19 13:32:00
TXN90008576,ST21,CUST103441,PRD200890,3,2600.0,MTN MoMo,AM982189839,2024-11-22 18:35:00
TXN90008577,ECOM01,CUST104314,PRD200763,-1,27000.0,Airtel Money,CASH-1889,2024-11-07 17:28:00
TXN90008578,ST08,CUST100378,PRD200362,1,3450.0,Airtel Money,MP552204095,2024-11-27 05:44:00
TXN90008579,ST19,CUST104136,PRD200581,3,3750.0,MTN MoMo,AM819279125,2024-10-24 12:43:00
TXN90008580,ST23,CUST101918,PRD200444,2,2300.0,momo,AM626024532,28/10/2024 01:36
TXN90008581,ECOM01,CUST100668,PRD200017,-1,326.93,Airtel Money,MP730967349,2024-12-07 11:03:00
TXN90008582,ST10,CUST101441,PRD201153,1,"UGX 9,750",MTN MoMo,AM749151639,2024-09-11 23:26:00
TXN90008583,ST11,CUST104427,PRD200446,1,2400.0,AirtelMoney,CASH-4545,09/11/2024 14:42
TXN90008584,ECOM01,CUST104946,PRD200310,-1,38500.0,Airtel Money,AUTH23535,2024-11-16 08:54:00
TXN90008585,ST10,CUST100648,PRD200216,4,16500.0,MTN MoMo,CASH-1460,2024-10-17 10:31:00
TXN90008586,ST03,CUST103481,PRD200606,2,43750.0,MTN MoMo,MP284706133,2024-08-17 19:52:00
TXN90008587,ECOM01,CUST102379,PRD200669,1,40250.0,Cash,AM604834906,2024-07-23 01:33:00
TXN90008588,ST20,CUST104429,PRD200235,3,825.0,Airtel Money,MP497612236,2024-12-12 08:57:00
TXN90008589,ST13,,PRD200896,1,30000.0,Cash,CASH-9371,2024-12-12 02:28:00
TXN90008590,ST03,CUST100183,PRD200055,1,6500.0,Cash,AUTH73130,04/07/2024 12:42
TXN90008591,ECOM01,CUST104365,PRD200682,2,3300.0,MTN MoMo,MP434646080,04/08/2024 22:10
TXN90008592,ST19,CUST103401,PRD201059,-2,1300.0,Airtel Money,CASH-9983,2024-09-26 20:01:00
TXN90008593,ST03,CUST102752,PRD200770,2,2700.0,CASH,,2024-09-08 03:34:00
TXN90008594,ST12,CUST102210,PRD200614,3,"UGX 22,500",MTN MoMo,AM750405410,2024-07-09 13:40:00
TXN90008595,ST03,CUST102948,PRD200401,2,5625.0,Airtel Money,AM130930603,2024-08-04 15:25:00
TXN90008596,ST04,CUST103366,PRD200053,3,9000.0,MTN Mobile Money,CASH-8168,2024-12-15 22:56:00
TXN90008597,ST18,CUST104272,PRD200926,1,38500.0,MTN MoMo,AUTH12865,2024-08-13 20:37:00
TXN90008598,ST02,CUST104934,PRD200388,1,3452.78,Cash,AM198831236,26/09/2024 11:12
TXN90008599,ECOM01,CUST104852,PRD200716,1,1725.0,Cash,MP503543040,2024-12-14 21:28:00
TXN90008600,ST20,CUST102546,PRD201162,2,18000.0,CASH,CASH-7350,2024-08-05 09:44:00
TXN90008601,ST10,CUST103528,PRD200466,2,8625.0,Airtel Money,AUTH27531,2024-09-14 09:09:00
TXN90008602,ST01,CUST102820,PRD200004,-2,"UGX 1,150",Airtel Money,AUTH20573,2024-10-15 06:55:00
TXN90008603,ST01,CUST101610,PRD200641,2,52500.0,MTN Mobile Money,AM166152153,28/09/2024 21:19
TXN90008604,ST19,CUST103351,PRD200619,1,75000.0,MTN Mobile Money,MP804890963,2024-12-05 20:13:00
TXN90008605,ST09,CUST104493,PRD200528,1,625.0,CASH,AM145396717,21/09/2024 12:31
TXN90008606,ST13,CUST102143,PRD200624,1,23000.0,MTN MoMo,CASH-1777,2024-10-04 08:15:00
TXN90008607,ST01,CUST102527,PRD200681,3,11000.0,MTN MoMo,CASH-3316,2024-12-20 03:44:00
TXN90008608,ECOM01,CUST103893,PRD200337,2,25000.0,CASH,AM652117723,2024-08-25 14:27:00
TXN90008609,ST09,CUST103927,PRD200750,2,3600.0,momo,CASH-7477,2024-10-22 10:59:00
TXN90008610,ECOM01,CUST101352,PRD200285,1,625.0,Cash,AUTH15385,2024-12-16 10:16:00
TXN90008611,ST06,CUST104525,PRD200061,1,18750.0,Airtel Money,CASH-3458,2024-10-22 14:20:00
TXN90008612,ST11,CUST102508,PRD200694,1,11000.0,CASH,CASH-3732,2024-08-21 11:22:00
TXN90008613,ST02,CUST103215,PRD200169,2,1950.0,MTN Mobile Money,MP975925928,2024-10-10 08:08:00
TXN90008614,ST20,CUST103169,PRD201015,2,62500.0,MTN MoMo,AM956021491,2024-10-17 02:25:00
TXN90008615,ST02,CUST100786,PRD200739,2,8250.0,MTN Mobile Money,AUTH33036,2024-08-26 16:17:00
TXN90008616,ST23,CUST101338,PRD200948,3,825.0,Airtel Money,AUTH77362,2024-09-03 04:17:00
TXN90008617,ST03,CUST103946,PRD200468,1,15000.0,MTN Mobile Money,AUTH55014,2024-07-14 03:52:00
TXN90008618,ST19,CUST101774,PRD200118,1,7500.0,Airtel Money,AUTH85692,16/11/2024 04:20
TXN90008619,ST05,,PRD201024,-1,6250.0,Cash,AM416503586,2024-08-07 04:29:00
TXN90008620,ST02,CUST100856,PRD200438,5,1150.0,MTN MoMo,,2024-12-11 18:05:00
TXN90008621,ST17,CUST100555,PRD200729,1,38500.0,AirtelMoney,AUTH64213,2024-11-12 23:26:00
TXN90008622,ST21,,PRD200459,3,42000.0,AirtelMoney,,2024-11-27 15:11:00
TXN90008623,ST05,CUST103497,PRD200811,1,1350.0,CASH,MP466495047,2024-10-26 13:37:00
TXN90008624,ST20,,PRD200473,1,15000.0,momo,MP449192770,2024-10-25 19:29:00
TXN90008625,ST01,,PRD200683,-2,1950.0,MTN MoMo,AUTH58630,2024-09-13 16:46:00
TXN90008626,ST20,CUST102199,PRD201069,-1,UGX8100,Airtel Money,AM128188489,2024-09-11 21:38:00
TXN90008627,ST14,CUST102433,PRD200708,3,2500.0,MTN Mobile Money,MP177832667,2024-08-24 22:27:00
TXN90008628,ECOM01,,PRD200865,1,650.0,MTN Mobile Money,,2024-08-29 15:24:00
TXN90008629,ST03,CUST104231,PRD200232,2,9375.0,Cash,MP863525985,2024-12-10 20:23:00
TXN90008630,ST07,CUST102504,PRD200960,1,15000.0,Airtel Money,,2024-10-16 11:38:00
TXN90008631,ST02,CUST104302,PRD200433,4,11000.0,MTN MoMo,,2024-08-04 19:42:00
TXN90008632,ST13,CUST100295,PRD200720,1,3125.0,Airtel Money,AUTH35025,03/07/2024 08:59
TXN90008633,ST07,,PRD200775,1,1950.0,Airtel Money,AM564857335,2024-08-26 01:30:00
TXN90008634,ST04,CUST104552,PRD200232,1,9375.0,MTN Mobile Money,MP306703436,2024-12-06 22:26:00
TXN90008635,ECOM01,CUST100075,PRD200286,2,19500.0,AirtelMoney,MP829271686,2024-12-13 16:59:00
TXN90008636,ST23,CUST104698,PRD200739,2,8250.0,MTN MoMo,AUTH60326,2024-08-17 01:53:00
TXN90008637,ST10,CUST103629,PRD200674,3,22000.0,MTN MoMo,CASH-7725,2024-08-18 02:31:00
TXN90008638,ST16,CUST100662,PRD200707,1,8100.0,Airtel Money,AM967955740,2024-11-07 01:48:00
TXN90008639,ST19,CUST104191,PRD200921,1,3750.0,momo,CASH-6175,2024-07-01 22:35:00
TXN90008640,ECOM01,CUST102031,PRD200222,1,43750.0,Cash,MP388479144,2024-12-03 17:57:00
TXN90008641,ECOM01,CUST102413,PRD200062,2,6250.0,Cash,CASH-6715,2024-10-14 04:08:00
TXN90008642,ST02,CUST102807,PRD200471,1,2500.0,Airtel Money,MP402356927,2024-07-25 17:14:00
TXN90008643,ST05,CUST103417,PRD200617,1,38500.0,momo,CASH-6058,2024-10-07 06:14:00
TXN90008644,ST09,CUST101362,PRD200390,5,2700.0,MTN MoMo,MP830448557,2024-12-04 10:24:00
TXN90008645,ST23,CUST104934,PRD200746,1,1650.0,MTN MoMo,AM694983590,2024-08-26 18:19:00
TXN90008646,ST10,CUST102143,PRD200444,2,2300.0,CASH,AM819938459,2024-07-27 14:42:00
TXN90008647,ST01,CUST101304,PRD200997,2,UGX17250,momo,AM368197581,2024-11-14 08:22:00
TXN90008648,ST09,CUST104178,PRD200042,1,75000.0,momo,MP770065029,2024-09-24 19:18:00
TXN90008649,ST16,CUST104428,PRD200919,2,5400.0,Card,CASH-9290,2024-10-07 16:51:00
TXN90008650,ST02,CUST103643,PRD200739,1,8250.0,Cash,AM745246725,2024-07-29 22:06:00
TXN90008651,ST22,CUST103473,PRD200938,4,3900.0,Card,MP439093034,2024-09-08 04:22:00
TXN90008652,ST11,CUST100115,PRD201005,2,UGX5400,momo,CASH-3430,2024-09-23 21:28:00
TXN90008653,ECOM01,CUST100987,PRD201018,1,9750.0,MTN Mobile Money,,2024-08-24 14:47:00
TXN90008654,ST13,CUST100681,PRD200156,3,26000.0,Cash,CASH-6473,2024-11-09 21:07:00
TXN90008655,ST13,CUST104769,PRD200681,3,11000.0,MTN MoMo,CASH-5044,2024-07-26 08:00:00
TXN90008656,ST18,CUST100366,PRD200508,2,4500.0,CASH,AM418225945,2024-11-16 19:02:00
TXN90008657,ECOM01,CUST103973,PRD201012,2,2400.0,MTN MoMo,MP405297713,2024-07-27 01:33:00
TXN90008658,ECOM01,CUST104289,PRD200232,2,9375.0,MTN MoMo,MP820415419,10/10/2024 10:27
TXN90008659,ST05,CUST102492,PRD200043,1,12500.0,MTN MoMo,AUTH72304,28/07/2024 11:02
TXN90008660,ST05,CUST102196,PRD201093,2,11250.0,Cash,AUTH54249,2024-09-25 13:20:00
TXN90008661,ST18,CUST102490,PRD200215,2,36165.21,MTN MoMo,CASH-6738,2024-09-18 02:16:00
TXN90008662,ST02,CUST102329,PRD200027,1,2250.0,MTN MoMo,AM862096515,2024-10-02 21:05:00
TXN90008663,ST23,CUST102288,PRD200276,1,575.0,Cash,AUTH41152,2024-11-04 02:49:00
TXN90008664,ST22,CUST100625,PRD200523,1,825.0,MTN MoMo,AUTH48306,18/09/2024 02:36
TXN90008665,ECOM01,CUST104492,PRD201111,4,650.0,MTN Mobile Money,CASH-9201,2024-07-04 07:02:00
TXN90008666,ST06,,PRD200336,1,43750.0,Cash,,2024-12-18 00:01:00
TXN90008667,ST06,CUST101229,PRD200966,1,1200.0,CASH,AUTH27064,2024-07-23 07:52:00
TXN90008668,ST05,CUST101497,PRD200692,2,23000.0,Cash,CASH-6392,2024-10-11 06:57:00
TXN90008669,ST16,CUST104057,PRD200485,-1,60000.0,MTN MoMo,AUTH58359,2024-08-23 11:11:00
TXN90008670,ST22,CUST103591,PRD200760,2,6000.0,MTN MoMo,AM496232624,2024-11-30 23:20:00
TXN90008671,ST21,CUST103914,PRD200691,1,"UGX 1,500",Airtel Money,MP106060024,2024-08-28 02:35:00
TXN90008672,ST07,CUST104589,PRD200807,1,5175.0,AirtelMoney,AM506731369,2024-07-06 09:09:00
TXN90008673,ECOM01,CUST101045,PRD200196,2,"5,537",Airtel Money,MP737472132,23/12/2024 14:52
TXN90008674,ECOM01,CUST103006,PRD200673,5,6000.0,Airtel Money,AUTH37258,2024-12-26 01:45:00
TXN90008675,ST09,CUST101299,PRD200111,1,63000.0,MTN MoMo,AUTH81906,2024-12-26 08:06:00
TXN90008676,ECOM01,CUST104956,PRD200120,1,625.0,MTN MoMo,MP797240911,2024-11-02 11:45:00
TXN90008677,ST06,CUST101131,PRD201016,1,16500.0,MTN MoMo,CASH-5907,2024-07-10 01:02:00
TXN90008678,ST05,CUST100719,PRD200827,2,90000.0,MTN Mobile Money,,26/11/2024 08:09
TXN90008679,ST23,CUST104253,PRD200608,1,8250.0,MTN MoMo,AM908333861,2024-07-24 18:46:00
TXN90008680,ST19,CUST104076,PRD200104,2,36000.0,CASH,AM176927533,12/09/2024 15:06
TXN90008681,ST07,CUST100140,PRD200170,2,4500.0,AirtelMoney,MP344083223,29/08/2024 06:15
TXN90008682,ECOM01,CUST101709,PRD200108,3,1200.0,MTN MoMo,AUTH28354,2024-08-07 05:05:00
TXN90008683,ST11,CUST101069,PRD200167,2,24000.0,Airtel Money,MP653974150,30/07/2024 11:22
TXN90008684,ST12,CUST104671,PRD200349,5,63000.0,Airtel Money,,25/11/2024 03:38
TXN90008685,ECOM01,CUST104303,PRD200470,1,UGX42000,momo,CASH-3596,2024-11-07 18:46:00
TXN90008686,ST03,CUST104008,PRD201041,1,"3,600",Airtel Money,,2024-09-01 16:43:00
TXN90008687,ST15,CUST104341,PRD200801,1,9000.0,Cash,MP832355064,2024-10-21 17:33:00
TXN90008688,ST09,CUST102712,PRD200348,1,2400.0,Card,AUTH62631,2024-08-10 17:16:00
TXN90008689,ST08,CUST104314,PRD200397,2,UGX1650,momo,MP489309016,2024-07-22 13:03:00
TXN90008690,ST23,CUST104436,PRD200992,1,3000.0,MTN MoMo,AUTH63417,2024-10-07 10:43:00
TXN90008691,ST01,CUST100702,PRD200450,1,2700.0,Airtel Money,AUTH66768,2024-08-10 06:18:00
TXN90008692,ST08,CUST102784,PRD200726,1,1800.0,Airtel Money,AUTH86484,2024-12-11 16:01:00
TXN90008693,ECOM01,CUST104688,PRD200585,2,12000.0,AirtelMoney,MP782016276,2024-09-26 06:03:00
TXN90008694,ECOM01,CUST102405,PRD200546,1,5175.0,MTN MoMo,AUTH56664,30/11/2024 04:17
TXN90008695,ST16,CUST104036,PRD201128,1,1950.0,momo,MP449648034,2024-09-01 20:05:00
TXN90008696,ST07,CUST104213,PRD200968,3,6250.0,MTN MoMo,AUTH57744,2024-12-27 04:21:00
TXN90008697,ST09,CUST103712,PRD200674,3,22000.0,Card,,2024-11-17 14:19:00
TXN90008698,ST01,CUST104608,PRD200986,1,5175.0,AirtelMoney,CASH-7707,2024-11-09 23:26:00
TXN90008699,ECOM01,CUST102930,PRD200925,5,62500.0,AirtelMoney,AM783143335,2024-10-20 19:43:00
TXN90008700,ST02,CUST101024,PRD201029,1,862,MTN Mobile Money,,11/12/2024 18:15
TXN90008701,ST16,CUST104593,PRD200505,3,1125.0,MTN MoMo,,2024-07-27 22:58:00
TXN90008702,ST09,CUST102814,PRD200029,1,3300.0,MTN Mobile Money,CASH-1010,2024-08-26 19:02:00
TXN90008703,ECOM01,CUST102151,PRD200433,4,11000.0,Airtel Money,,2024-12-05 20:58:00
TXN90008704,ST12,,PRD200632,1,1125.0,Airtel Money,CASH-2870,2024-07-23 12:31:00
TXN90008705,ST22,CUST101335,PRD200875,-1,4036.94,Airtel Money,CASH-6877,09/09/2024 06:47
TXN90008706,ECOM01,CUST102128,PRD201142,2,12500.0,Airtel Money,CASH-8342,2024-09-11 00:44:00
TXN90008707,ST03,CUST102061,PRD201148,1,900.0,Cash,AM902439996,08/12/2024 18:43
TXN90008708,ST23,CUST104091,PRD200684,1,"UGX 6,750",Airtel Money,CASH-5432,2024-10-24 01:16:00
TXN90008709,ST11,CUST104667,PRD200231,1,22500.0,MTN MoMo,CASH-2915,08/07/2024 23:00
TXN90008710,ST07,CUST100360,PRD200306,1,"8,250",MTN Mobile Money,AM352000742,23/07/2024 20:59
TXN90008711,ST23,CUST101980,PRD200537,2,1001.0,AirtelMoney,AUTH11415,2024-11-11 10:35:00
TXN90008712,ST05,CUST103432,PRD201017,2,1131.6,Airtel Money,MP271187777,2024-11-02 19:48:00
TXN90008713,ST23,CUST104716,PRD200569,1,4950.0,MTN MoMo,MP767872238,2024-10-19 17:52:00
TXN90008714,ST05,CUST102593,PRD200128,4,5400.0,Cash,CASH-7439,2024-07-22 15:27:00
TXN90008715,ST10,CUST103543,PRD200255,2,24000.0,AirtelMoney,AUTH99875,2024-11-07 00:02:00
TXN90008716,ECOM01,CUST103775,PRD200636,2,3600.0,MTN MoMo,CASH-8941,2024-07-15 23:37:00
TXN90008717,ST03,CUST100569,PRD200809,1,5850.0,CASH,AM562128882,2024-12-08 09:38:00
TXN90008718,ST03,CUST104690,PRD200742,3,3000.0,Airtel Money,MP293175703,2024-08-16 05:36:00
TXN90008719,ST05,CUST104347,PRD200384,1,2600.0,Cash,AM168949987,2024-10-27 01:33:00
TXN90008720,ST11,CUST103182,PRD200727,1,550.0,Airtel Money,AUTH49245,09/08/2024 19:22
TXN90008721,ECOM01,CUST102463,PRD200027,4,2250.0,Airtel Money,CASH-5495,2024-08-24 00:56:00
TXN90008722,ST18,,PRD200249,3,650.0,MTN MoMo,AM868893860,2024-12-05 04:58:00
TXN90008723,ST10,,PRD200866,1,2700.0,Airtel Money,AUTH56770,2024-12-22 07:44:00
TXN90008724,ST15,CUST103087,PRD200151,3,11000.0,MTN MoMo,,2024-09-28 21:59:00
TXN90008725,ST17,CUST100840,PRD201084,1,25000.0,MTN Mobile Money,AUTH42858,2024-09-09 21:26:00
TXN90008726,ST17,CUST102919,PRD200629,2,575.0,MTN Mobile Money,MP466109660,2024-10-23 21:07:00
TXN90008727,ST03,CUST103476,PRD201042,1,2750.0,MTN MoMo,MP804238894,2024-07-08 21:21:00
TXN90008728,ST23,CUST101250,PRD200867,2,4500.0,AirtelMoney,CASH-9785,2024-11-22 23:20:00
TXN90008729,ECOM01,CUST101153,PRD201104,1,3300.0,AirtelMoney,CASH-8083,2024-09-06 12:34:00
TXN90008730,ECOM01,CUST101008,PRD200070,1,1100.0,Cash,MP441071036,2024-08-09 20:28:00
TXN90008731,ECOM01,CUST104861,PRD201063,1,600.0,MTN MoMo,AM986859478,2024-10-23 11:45:00
TXN90008732,ECOM01,CUST101450,PRD200232,1,9375.0,MTN MoMo,CASH-8264,2024-09-09 20:17:00
TXN90008733,ST09,CUST103049,PRD200167,4,24000.0,MTN Mobile Money,AM297695547,2024-12-16 18:44:00
TXN90008734,ST17,CUST104375,PRD200419,1,1800.0,momo,CASH-1944,2024-08-12 01:19:00
TXN90008735,ST09,CUST102783,PRD200498,2,625.0,MTN MoMo,AUTH79353,2024-07-17 16:06:00
TXN90008736,ECOM01,CUST103906,PRD200406,1,2250.0,MTN MoMo,AUTH93440,2024-09-29 19:48:00
TXN90008737,ECOM01,CUST102240,PRD200314,1,3600.0,Airtel Money,AUTH18313,2024-12-13 05:28:00
TXN90008738,ECOM01,CUST102041,PRD200379,2,900,AirtelMoney,,2024-08-21 05:34:00
TXN90008739,ST04,CUST101624,PRD200705,-1,9000.0,Airtel Money,MP141503147,2024-12-06 13:38:00
TXN90008740,ST19,CUST101413,PRD200515,2,45500.0,MTN MoMo,AUTH52934,2024-09-17 16:29:00
TXN90008741,ECOM01,CUST103570,PRD200889,1,9000.0,Airtel Money,,2024-10-11 13:24:00
TXN90008742,ECOM01,CUST103485,PRD201070,3,1500.0,Airtel Money,MP671526635,2024-09-14 11:22:00
TXN90008743,ECOM01,CUST100326,PRD200794,2,2300.0,Cash,AUTH99705,2024-07-23 08:59:00
TXN90008744,ECOM01,CUST100550,PRD200139,1,3750.0,MTN Mobile Money,MP484222183,25/08/2024 20:27
TXN90008745,ST05,CUST100761,PRD201106,3,9000.0,AirtelMoney,CASH-3066,30/10/2024 00:32
TXN90008746,ECOM01,CUST104909,PRD200769,2,8250.0,Cash,CASH-3963,2024-07-24 19:19:00
TXN90008747,ST12,CUST101391,PRD201146,1,"23,000",MTN MoMo,MP613841892,2024-08-19 11:08:00
TXN90008748,ST02,,PRD200001,1,60000.0,MTN MoMo,AM282857066,2024-09-24 23:00:00
TXN90008749,ST19,CUST103674,PRD200122,2,18000.0,AirtelMoney,,17/08/2024 12:49
TXN90008750,ST08,CUST100604,PRD200839,4,65000.0,MTN Mobile Money,AM970284709,2024-11-04 13:51:00
TXN90008751,ECOM01,CUST103759,PRD200580,1,3300.0,CASH,,17/12/2024 21:23
TXN90008752,ST15,CUST103950,PRD201044,2,27000.0,Cash,MP168671326,2024-09-03 17:42:00
TXN90008753,ECOM01,CUST102862,PRD200335,1,52500.0,Airtel Money,CASH-3080,08/08/2024 16:39
TXN90008754,ECOM01,,PRD200709,1,1800.0,Airtel Money,AM943083383,2024-10-14 17:24:00
TXN90008755,ST06,CUST103076,PRD200059,2,40250.0,Cash,MP105464201,2024-12-25 22:08:00
TXN90008756,ST07,CUST102624,PRD200601,-1,18750.0,AirtelMoney,MP799090369,2024-12-21 18:23:00
TXN90008757,ST22,CUST103660,PRD200090,1,1897.03,AirtelMoney,MP933389422,2024-07-18 11:14:00
TXN90008758,ST07,CUST102800,PRD201130,1,8100.0,MTN MoMo,CASH-7897,2024-12-05 16:27:00
TXN90008759,ST19,CUST103499,PRD200256,2,975.0,Cash,AUTH66364,2024-09-14 00:27:00
TXN90008760,ECOM01,CUST103151,PRD200642,5,5500.0,MTN MoMo,AM275109954,2024-11-27 00:32:00
TXN90008761,ST13,CUST100139,PRD200738,1,63000.0,Card,,2024-10-22 17:23:00
TXN90008762,ST22,CUST101248,PRD200343,1,1500.0,AirtelMoney,AM191830997,2024-07-14 05:16:00
TXN90008763,ST08,CUST104417,PRD200579,1,600.0,MTN MoMo,MP553965734,2024-10-05 15:11:00
TXN90008764,ECOM01,CUST101431,PRD201024,3,6250.0,MTN MoMo,,2024-10-16 16:54:00
TXN90008765,ST11,CUST104785,PRD201043,1,900.0,Airtel Money,AM185227745,2024-12-08 08:18:00
TXN90008766,ECOM01,CUST102441,PRD200323,2,4950.0,Cash,AUTH79627,2024-09-24 02:54:00
TXN90008767,ST01,CUST100763,PRD200390,2,2700.0,Card,MP391565243,12/12/2024 15:03
TXN90008768,ST19,CUST101343,PRD200459,5,42000.0,Cash,AUTH91295,2024-09-28 19:07:00
TXN90008769,ST19,,PRD200339,1,682.36,CASH,CASH-5031,02/12/2024 00:52
TXN90008770,ST07,CUST101996,PRD200961,1,4500.0,MTN MoMo,MP394779536,2024-08-20 20:46:00
TXN90008771,ST04,CUST101765,PRD200282,1,5175.0,MTN MoMo,,2024-11-19 16:19:00
TXN90008772,ST21,CUST104070,PRD200643,1,21927.6,Airtel Money,AUTH66547,2024-11-23 19:49:00
TXN90008773,ECOM01,CUST101024,PRD200986,1,5175.0,MTN MoMo,MP175564606,2024-08-04 12:38:00
TXN90008774,ST08,CUST102031,PRD200260,2,3900.0,MTN Mobile Money,AUTH94448,2024-08-30 05:15:00
TXN90008775,ST09,CUST104874,PRD200112,1,3313.64,MTN MoMo,AM302110685,2024-09-30 21:12:00
TXN90008776,ST06,,PRD200613,2,36000.0,Card,AUTH95846,2024-07-29 02:05:00
TXN90008777,ST09,CUST100132,PRD200735,1,15000.0,Cash,AUTH34771,2024-10-28 18:41:00
TXN90008778,ST14,,PRD200553,1,900.0,Airtel Money,CASH-5926,2024-10-02 18:24:00
TXN90008779,ST21,CUST101522,PRD200123,2,3750.0,MTN MoMo,AUTH38213,2024-11-15 23:59:00
TXN90008780,ST14,CUST102535,PRD200865,1,650.0,AirtelMoney,AM786871357,18/07/2024 09:17
TXN90008781,ST13,CUST100900,PRD200840,2,1500.0,Airtel Money,CASH-5619,2024-11-09 12:15:00
TXN90008782,ST01,CUST100050,PRD200641,4,52500.0,Cash,MP747378040,2024-10-19 23:33:00
TXN90008783,ST05,CUST101622,PRD200607,1,920.33,Airtel Money,AM804240507,2024-10-23 12:06:00
TXN90008784,ST20,,PRD200604,3,"26,000",Cash,,2024-10-31 08:09:00
TXN90008785,ST07,CUST102814,PRD200699,3,15000.0,MTN Mobile Money,CASH-8973,2024-10-06 09:55:00
TXN90008786,ECOM01,CUST102651,PRD201132,3,2400.0,Cash,CASH-8281,2024-07-02 23:36:00
TXN90008787,ST14,CUST102894,PRD200422,3,8100.0,Airtel Money,AM497284950,02/12/2024 02:55
TXN90008788,ST11,CUST100418,PRD200795,2,862.5,MTN Mobile Money,CASH-5286,2024-08-21 09:29:00
TXN90008789,ST10,CUST103148,PRD200066,2,UGX1250,AirtelMoney,MP281570485,18/11/2024 23:16
TXN90008790,ECOM01,,PRD201109,1,8100.0,CASH,,2024-08-02 02:12:00
TXN90008791,ECOM01,CUST103582,PRD200358,2,8100.0,AirtelMoney,,2024-07-12 22:35:00
TXN90008792,ST04,CUST101903,PRD200996,1,26000.0,MTN MoMo,AM749435204,16/07/2024 07:09
TXN90008793,ST10,CUST104107,PRD200920,-1,11250.0,momo,CASH-9587,2024-08-17 16:39:00
TXN90008794,ST10,,PRD200408,2,19500.0,AirtelMoney,CASH-6003,09/07/2024 19:15
TXN90008795,ST10,CUST104613,PRD200742,1,3000.0,MTN MoMo,CASH-8963,2024-09-01 08:24:00
TXN90008796,ECOM01,CUST104407,PRD200804,2,5400.0,MTN Mobile Money,CASH-8960,2024-11-03 06:47:00
TXN90008797,ST12,CUST100284,PRD201105,4,"UGX 15,000",Card,AM968957246,2024-07-12 13:03:00
TXN90008798,ST20,CUST100513,PRD200677,4,12500.0,Airtel Money,CASH-3159,2024-10-05 01:08:00
TXN90008799,ECOM01,CUST100165,PRD200232,2,9375.0,MTN Mobile Money,MP448071310,2024-08-22 02:39:00
TXN90008800,ST11,,PRD200325,2,825.0,MTN MoMo,CASH-9605,2024-09-20 16:17:00
TXN90008801,ST20,CUST104814,PRD201072,1,27000.0,AirtelMoney,CASH-8538,2024-12-27 01:09:00
TXN90008802,ST23,CUST100108,PRD200443,2,27000.0,MTN MoMo,CASH-7536,2024-07-11 17:29:00
TXN90008803,ST22,CUST103753,PRD200141,3,5175.0,momo,AUTH77474,28/10/2024 00:29
TXN90008804,ST23,CUST100524,PRD201094,2,"UGX 13,000",Airtel Money,AUTH58624,2024-08-06 05:56:00
TXN90008805,ECOM01,CUST104294,PRD200578,3,937.5,momo,AM513800097,2024-09-21 03:23:00
TXN90008806,ST04,CUST101788,PRD200669,3,40250.0,momo,AUTH45932,2024-08-31 03:53:00
TXN90008807,ST09,CUST103211,PRD200947,1,937.5,Card,AUTH60895,2024-11-23 12:22:00
TXN90008808,ST05,,PRD200745,1,90000.0,MTN MoMo,MP769453853,2024-08-15 20:37:00
TXN90008809,ST05,CUST100392,PRD200858,1,2300.0,Cash,,2024-09-16 20:39:00
TXN90008810,ECOM01,CUST104093,PRD200644,5,3000.0,Cash,CASH-5373,2024-07-25 08:46:00
TXN90008811,ST17,CUST101473,PRD200107,1,1800.0,MTN Mobile Money,MP472491328,2024-10-19 13:45:00
TXN90008812,ST23,CUST100384,PRD200856,5,19500.0,Card,AUTH30141,2024-11-29 09:01:00
TXN90008813,ST03,CUST103344,PRD200853,1,"3,125",MTN MoMo,MP794290798,2024-11-30 10:52:00
TXN90008814,ST01,CUST102972,PRD200895,2,1250.0,MTN MoMo,CASH-2206,2024-10-24 04:59:00
TXN90008815,ST17,CUST103861,PRD201010,2,"UGX 18,750",AirtelMoney,AM570805146,2024-11-16 09:23:00
TXN90008816,ST09,CUST101759,PRD200914,4,16500.0,Cash,AM427710807,2024-10-14 11:15:00
TXN90008817,ST23,CUST100004,PRD201050,1,2500.0,Airtel Money,MP487338323,2024-09-08 14:18:00
TXN90008818,ST23,CUST100757,PRD200747,2,2300.0,MTN MoMo,,2024-07-25 16:27:00
TXN90008819,ST18,CUST101047,PRD200443,4,27000.0,momo,AUTH93055,2024-10-07 01:46:00
TXN90008820,ST19,CUST102083,PRD200727,1,550.0,Cash,CASH-1964,2024-07-16 18:47:00
TXN90008821,ST15,CUST102565,PRD200041,3,11500.0,momo,AM540298670,2024-11-09 23:09:00
TXN90008822,ST10,CUST104464,PRD200014,1,3750.0,momo,AM435246026,2024-11-12 09:34:00
TXN90008823,ST17,CUST100958,PRD200312,1,1350.0,MTN Mobile Money,AUTH30619,2024-09-12 23:22:00
TXN90008824,ST07,CUST102139,PRD201135,1,23000.0,momo,CASH-7816,11/07/2024 04:12
TXN90008825,ST01,,PRD200539,3,5625.0,Airtel Money,CASH-5472,2024-07-28 13:01:00
TXN90008826,ST16,CUST104234,PRD200438,1,1150.0,MTN MoMo,AM887605363,2024-12-27 08:52:00
TXN90008827,ECOM01,CUST100253,PRD200859,1,6000.0,Cash,AUTH13777,2024-07-02 10:03:00
TXN90008828,ECOM01,CUST104011,PRD200803,1,862.5,MTN Mobile Money,,2024-12-16 03:31:00
TXN90008829,ST12,CUST102022,PRD200699,-1,15000.0,MTN MoMo,AUTH74397,2024-11-24 07:42:00
TXN90008830,ST09,CUST103430,PRD201078,1,12500.0,MTN MoMo,AM527653009,2024-07-28 20:05:00
TXN90008831,ST03,CUST103781,PRD200977,4,8250.0,MTN MoMo,AM224664166,13/07/2024 05:54
TXN90008832,ST05,CUST102032,PRD200106,1,2875.0,MTN MoMo,AM646074735,2024-07-18 02:39:00
TXN90008833,ST03,CUST104110,PRD200613,4,36000.0,Cash,AM395935042,2024-07-06 18:19:00
TXN90008834,ECOM01,CUST100263,PRD200758,4,"9,000",Airtel Money,MP591657459,2024-10-05 09:36:00
TXN90008835,ECOM01,,PRD201000,2,2200.0,Cash,AUTH40593,2024-09-12 02:32:00
TXN90008836,ST06,CUST100945,PRD201027,4,5850.0,Cash,AUTH91255,2024-09-26 01:40:00
TXN90008837,ST19,CUST104786,PRD200840,2,1500.0,MTN Mobile Money,AUTH35491,2024-07-03 00:01:00
TXN90008838,ST04,CUST103115,PRD200650,2,90000.0,MTN Mobile Money,CASH-4948,2024-12-06 12:32:00
TXN90008839,ST06,CUST100344,PRD200314,2,UGX3600,MTN MoMo,AUTH28964,2024-08-22 22:06:00
TXN90008840,ECOM01,CUST103661,PRD200791,1,8100.0,MTN Mobile Money,CASH-3031,2024-10-11 04:08:00
TXN90008841,ST14,CUST103140,PRD200481,-2,1250.0,Card,,2024-10-25 21:28:00
TXN90008842,ST14,CUST104535,PRD201111,3,650.0,MTN Mobile Money,CASH-7832,2024-10-02 14:51:00
TXN90008843,ST20,,PRD200832,3,UGX3900,MTN MoMo,,27/07/2024 18:19
TXN90008844,ST22,CUST101293,PRD200935,4,42000.0,MTN Mobile Money,MP956855969,2024-08-08 01:46:00
TXN90008845,ST15,CUST102609,PRD200753,3,5625.0,Airtel Money,CASH-6676,2024-10-30 15:58:00
TXN90008846,ST12,CUST101028,PRD200402,4,6750.0,MTN MoMo,,2024-09-22 01:51:00
TXN90008847,ST05,CUST104817,PRD200877,4,UGX650,Airtel Money,CASH-3430,2024-12-04 19:48:00
TXN90008848,ECOM01,CUST101252,PRD200474,2,"UGX 2,200",momo,CASH-9298,2024-08-04 05:21:00
TXN90008849,ST04,CUST104735,PRD200521,3,1100.0,MTN MoMo,MP304226958,03/08/2024 07:14
TXN90008850,ST19,CUST103931,PRD200735,1,15000.0,MTN MoMo,AM573085418,2024-12-17 15:09:00
TXN90008851,ST20,CUST101726,PRD200344,2,2300.0,Airtel Money,AUTH71823,04/10/2024 02:46
TXN90008852,ST06,CUST101236,PRD200634,1,63000.0,Card,AM381291712,2024-08-16 03:15:00
TXN90008853,ECOM01,,PRD200342,1,6750.0,Cash,MP457433579,2024-11-09 05:02:00
TXN90008854,ST22,CUST101336,PRD200737,3,900.0,MTN MoMo,CASH-9401,2024-07-06 00:04:00
TXN90008855,ST08,CUST102815,PRD200057,3,3125.0,MTN Mobile Money,CASH-9152,2024-11-30 08:24:00
TXN90008856,ECOM01,CUST104818,PRD200381,1,22000.0,MTN MoMo,AUTH77526,28/10/2024 20:14
TXN90008857,ST18,CUST102873,PRD200590,1,30000.0,MTN Mobile Money,AM335284845,2024-12-04 21:53:00
TXN90008858,ST14,CUST102786,PRD201019,1,1875.0,Airtel Money,CASH-9349,2024-11-28 15:49:00
TXN90008859,ST20,,PRD200036,4,22000.0,momo,AM854856534,2024-08-06 14:03:00
TXN90008860,ST15,,PRD200372,1,900.0,MTN MoMo,MP686516937,2024-07-28 10:23:00
TXN90008861,ECOM01,CUST102968,PRD201147,1,2300.0,Cash,MP277179018,2024-10-30 04:42:00
TXN90008862,ST07,CUST101725,PRD200744,1,975,MTN MoMo,,24/08/2024 10:02
TXN90008863,ST03,CUST102906,PRD200141,1,5175.0,AirtelMoney,AM548249403,2024-09-10 03:44:00
TXN90008864,ST23,CUST100698,PRD200289,1,5175.0,MTN MoMo,CASH-1352,2024-08-31 16:14:00
TXN90008865,ST17,,PRD200994,2,17250.0,Cash,MP750470249,2024-09-04 07:01:00
TXN90008866,ECOM01,,PRD200861,1,1500.0,MTN MoMo,AM909725678,2024-12-14 15:47:00
TXN90008867,ST05,,PRD200778,1,937.5,MTN MoMo,AUTH34872,2024-08-19 06:43:00
TXN90008868,ST01,CUST100709,PRD200821,1,9603.04,momo,AM291486686,2024-08-14 05:35:00
TXN90008869,ST01,CUST104721,PRD200435,2,2300.0,MTN Mobile Money,MP885173687,2024-11-17 17:55:00
TXN90008870,ECOM01,,PRD200073,3,38500.0,MTN Mobile Money,CASH-3498,2024-07-25 05:58:00
TXN90008871,ST17,,PRD200528,2,625.0,Cash,CASH-8939,2024-08-09 21:47:00
TXN90008872,ECOM01,,PRD200447,3,90000.0,Cash,MP860928102,2024-12-27 18:23:00
TXN90008873,ST02,CUST104578,PRD200105,5,25000.0,MTN Mobile Money,MP226623122,30/09/2024 17:09
TXN90008874,ST09,,PRD200605,-2,30000.0,Airtel Money,,05/09/2024 08:38
TXN90008875,ST22,CUST104407,PRD200574,1,550.0,CASH,CASH-6197,2024-10-17 21:18:00
TXN90008876,ST14,CUST102799,PRD200885,1,3600.0,Cash,MP963312153,27/12/2024 20:18
TXN90008877,ECOM01,CUST101794,PRD200907,3,3600.0,Card,,2024-07-17 05:38:00
TXN90008878,ST12,CUST100451,PRD200067,2,8100.0,MTN Mobile Money,AUTH59513,2024-08-31 20:12:00
TXN90008879,ECOM01,CUST102104,PRD201060,3,9750.0,Cash,CASH-8849,2024-08-02 09:40:00
TXN90008880,ST07,CUST103802,PRD201061,1,862.5,Card,CASH-8518,2024-09-23 04:19:00
TXN90008881,ST15,CUST103309,PRD200476,1,11500.0,Airtel Money,AUTH23440,29/08/2024 17:55
TXN90008882,ST01,CUST100841,PRD200602,1,6000.0,momo,CASH-3420,11/08/2024 02:06
TXN90008883,ST04,CUST102328,PRD201150,2,25000.0,MTN Mobile Money,AM461289132,2024-07-12 11:31:00
TXN90008884,ST06,CUST102103,PRD200215,2,36165.21,Cash,MP818305758,2024-09-13 23:45:00
TXN90008885,ST22,,PRD200982,1,1125.0,Airtel Money,AUTH26591,2024-09-23 22:16:00
TXN90008886,ST22,,PRD200298,3,40250.0,AirtelMoney,AM896824549,2024-11-30 01:52:00
TXN90008887,ST05,CUST103027,PRD200996,1,26000.0,MTN MoMo,AM629674199,2024-09-19 00:12:00
TXN90008888,ST16,CUST101081,PRD200878,1,18000.0,MTN MoMo,,2024-07-28 15:18:00
TXN90008889,ST17,CUST102472,PRD201034,2,"UGX 36,000",MTN Mobile Money,CASH-3395,2024-11-27 07:54:00
TXN90008890,ECOM01,,PRD200435,2,2300.0,Airtel Money,MP313314122,2024-11-12 18:46:00
TXN90008891,ECOM01,CUST100108,PRD200106,2,2875.0,MTN Mobile Money,CASH-1133,2024-08-09 10:33:00
TXN90008892,ST17,CUST101697,PRD200649,3,36000.0,AirtelMoney,MP692925481,30/09/2024 17:10
TXN90008893,ST04,CUST103081,PRD200806,5,62500.0,MTN Mobile Money,AUTH87759,2024-07-10 18:16:00
TXN90008894,ST20,,PRD200281,1,25000.0,momo,CASH-3580,2024-11-07 12:24:00
TXN90008895,ST18,CUST103932,PRD200848,1,57500.0,MTN MoMo,MP136251812,04/12/2024 08:26
TXN90008896,ST02,CUST104561,PRD201014,1,3250.0,CASH,AM643152891,2024-10-29 06:45:00
TXN90008897,ST15,CUST100032,PRD200176,4,5750.0,Cash,,2024-12-01 05:02:00
TXN90008898,ST22,CUST102941,PRD200125,4,1800.0,MTN Mobile Money,AM533693100,2024-10-27 17:34:00
TXN90008899,ST23,CUST100962,PRD200657,2,1500.0,Cash,AM631320164,2024-08-28 11:44:00
TXN90008900,ST03,CUST100071,PRD200734,3,3754.2,MTN MoMo,AUTH13089,2024-09-16 03:21:00
TXN90008901,ECOM01,CUST104851,PRD201122,1,6750.0,MTN Mobile Money,CASH-7696,2024-07-18 14:31:00
TXN90008902,ST14,CUST104941,PRD201124,1,43750.0,Airtel Money,AM843400912,2024-07-18 15:37:00
TXN90008903,ST18,CUST103328,PRD200960,2,15000.0,MTN MoMo,AUTH24445,2024-07-01 06:21:00
TXN90008904,ECOM01,CUST101992,PRD200316,1,1800.0,AirtelMoney,CASH-5462,2024-08-17 11:40:00
TXN90008905,ST23,CUST103958,PRD200275,3,8625.0,momo,,2024-09-21 02:18:00
TXN90008906,ST14,CUST101887,PRD200915,2,12500.0,Cash,MP404971935,07/11/2024 15:40
TXN90008907,ST20,CUST104140,PRD200737,3,900.0,MTN MoMo,AUTH84821,2024-07-19 05:45:00
TXN90008908,ST07,CUST101580,PRD200572,2,3750.0,MTN MoMo,MP571743196,2024-12-27 20:29:00
TXN90008909,ST18,CUST100689,PRD200066,5,1250.0,MTN MoMo,CASH-1809,2024-11-22 20:26:00
TXN90008910,ECOM01,CUST104120,PRD200519,1,3750.0,momo,AM783357926,2024-12-22 07:00:00
TXN90008911,ST15,CUST103832,PRD200074,5,6000.0,Airtel Money,AUTH12851,2024-12-01 20:50:00
TXN90008912,ECOM01,CUST101862,PRD200885,1,3600.0,MTN MoMo,MP226217593,2024-11-15 14:59:00
TXN90008913,ST11,CUST100878,PRD201098,1,75000.0,MTN MoMo,AM165346727,2024-07-11 12:23:00
TXN90008914,ST01,CUST101868,PRD200402,2,6750.0,MTN Mobile Money,AM227481712,2024-10-22 00:27:00
TXN90008915,ST02,CUST101324,PRD200732,-2,2300.0,Cash,MP123405922,2024-11-21 07:31:00
TXN90008916,ST03,CUST101110,PRD201022,3,19500.0,Airtel Money,MP448796783,2024-10-10 12:41:00
TXN90008917,ST16,CUST104126,PRD201045,1,"1,800",CASH,CASH-2037,2024-08-27 21:51:00
TXN90008918,ST11,CUST100646,PRD200388,2,3452.78,Cash,AUTH77981,2024-11-18 08:31:00
TXN90008919,ST09,CUST102617,PRD200550,2,12000.0,Airtel Money,CASH-8876,2024-09-03 07:00:00
TXN90008920,ST19,CUST101660,PRD200448,2,2750.0,Card,MP577109648,26/11/2024 10:32
TXN90008921,ST07,CUST102698,PRD200032,2,"UGX 4,061",Airtel Money,AUTH19759,2024-11-15 22:50:00
TXN90008922,ST10,CUST104845,PRD200779,1,25000.0,MTN MoMo,,2024-12-13 14:13:00
TXN90008923,ECOM01,CUST102085,PRD201093,1,11250.0,MTN Mobile Money,,12/07/2024 02:51
TXN90008924,ST20,CUST103756,PRD200681,3,11000.0,MTN MoMo,AM537263175,03/07/2024 22:09
TXN90008925,ST19,CUST100173,PRD201087,4,UGX2250,AirtelMoney,CASH-2746,2024-08-05 12:06:00
TXN90008926,ST08,CUST102870,PRD200872,3,1950.0,Airtel Money,AM124466045,2024-09-05 16:26:00
TXN90008927,ST23,CUST104779,PRD200242,1,52500.0,MTN MoMo,AM599504315,2024-08-08 18:14:00
TXN90008928,ST18,CUST100727,PRD201162,3,18000.0,Cash,CASH-2071,2024-07-12 05:54:00
TXN90008929,ST10,CUST102187,PRD200091,2,62500.0,MTN MoMo,AM520994482,2024-09-27 06:22:00
TXN90008930,ST06,CUST102086,PRD200480,1,13000.0,MTN Mobile Money,AUTH45268,2024-12-12 00:27:00
TXN90008931,ECOM01,CUST102102,PRD200416,1,9375.0,MTN MoMo,AM304689495,2024-09-19 23:08:00
TXN90008932,ST16,CUST101225,PRD200937,1,13000.0,MTN MoMo,AM638697780,2024-12-12 17:22:00
TXN90008933,ST18,CUST100335,PRD201028,2,3900.0,momo,MP500348563,2024-07-14 00:18:00
TXN90008934,ST10,CUST102401,PRD200716,1,1725.0,MTN MoMo,CASH-2304,2024-09-08 10:06:00
TXN90008935,ST05,CUST101441,PRD200602,4,6000.0,Cash,MP346795894,2024-09-27 15:53:00
TXN90008936,ST07,CUST104016,PRD201139,2,23000.0,MTN Mobile Money,AM319926577,2024-09-19 16:41:00
TXN90008937,ECOM01,CUST102579,PRD201089,1,1250.0,Cash,MP744910231,2024-09-07 03:12:00
TXN90008938,ST14,CUST100090,PRD201077,1,900.0,AirtelMoney,MP155881240,2024-08-13 01:35:00
TXN90008939,ST19,CUST103145,PRD200052,1,2400.0,MTN Mobile Money,AM851763585,04/11/2024 00:04
TXN90008940,ST07,CUST101274,PRD200994,1,17250.0,MTN Mobile Money,CASH-5414,2024-10-16 08:00:00
TXN90008941,ST18,CUST100027,PRD200875,2,"UGX 4,037",AirtelMoney,CASH-6493,2024-10-31 05:18:00
TXN90008942,ECOM01,CUST102056,PRD200130,4,14276.88,AirtelMoney,AM271127796,2024-07-26 22:07:00
TXN90008943,ECOM01,,PRD200325,1,UGX 825,MTN MoMo,CASH-7758,2024-10-27 17:20:00
TXN90008944,ST16,CUST102680,PRD200727,1,550.0,Cash,CASH-4287,16/11/2024 02:56
TXN90008945,ST02,CUST104053,PRD200831,4,17250.0,Cash,,2024-07-29 12:02:00
TXN90008946,ST06,,PRD200682,2,3300.0,Cash,MP686530031,2024-11-01 05:49:00
TXN90008947,ECOM01,CUST100225,PRD200172,2,25000.0,Airtel Money,AM948861791,2024-07-16 14:01:00
TXN90008948,ST20,CUST100166,PRD200501,1,1125.0,Cash,MP785791804,2024-08-05 09:29:00
TXN90008949,ST04,CUST101926,PRD201123,2,4950.0,MTN MoMo,CASH-1654,2024-08-29 18:51:00
TXN90008950,ST11,,PRD200172,1,25000.0,MTN Mobile Money,MP189848946,2024-10-03 14:54:00
TXN90008951,ST19,CUST103457,PRD200564,1,15000.0,AirtelMoney,AUTH18804,2024-08-28 19:04:00
TXN90008952,ST09,CUST100242,PRD200097,1,19500.0,MTN Mobile Money,MP912828045,2024-12-24 06:46:00
TXN90008953,ECOM01,,PRD201071,1,3300.0,Cash,AUTH35342,2024-08-03 05:22:00
TXN90008954,ST16,CUST104929,PRD200318,4,5175.0,CASH,AM102063048,2024-11-30 08:41:00
TXN90008955,ST16,CUST104162,PRD200353,5,1875.0,AirtelMoney,AM195345162,2024-11-13 02:19:00
TXN90008956,ST19,CUST102229,PRD200919,4,5400.0,AirtelMoney,AM853217505,2024-07-15 00:31:00
TXN90008957,ST06,CUST102494,PRD200531,2,5625.0,Airtel Money,AM444072810,2024-07-21 17:44:00
TXN90008958,ST02,CUST104914,PRD200224,1,5850.0,AirtelMoney,MP255769746,2024-08-06 07:00:00
TXN90008959,ST23,CUST102738,PRD200817,1,63000.0,Cash,AUTH17665,2024-11-02 09:23:00
TXN90008960,ECOM01,CUST100694,PRD200077,3,2250.0,CASH,,2024-11-30 13:23:00
TXN90008961,ST16,CUST100249,PRD200039,1,4500.0,AirtelMoney,AUTH37158,06/07/2024 05:33
TXN90008962,ST17,CUST104023,PRD200364,-2,9375.0,MTN MoMo,MP775197065,2024-08-27 05:48:00
TXN90008963,ST12,CUST102506,PRD200828,3,13000.0,MTN MoMo,MP791765249,14/11/2024 12:20
TXN90008964,ECOM01,CUST102063,PRD200135,2,6500.0,MTN MoMo,AM386701529,2024-07-16 06:29:00
TXN90008965,ECOM01,CUST100127,PRD200915,2,12500.0,Cash,,2024-11-07 07:40:00
TXN90008966,ST10,CUST103258,PRD200514,1,825.0,AirtelMoney,CASH-6245,2024-10-11 15:34:00
TXN90008967,ST18,CUST104030,PRD200654,2,22000.0,MTN MoMo,AUTH13407,01/08/2024 18:18
TXN90008968,ST09,CUST103337,PRD201141,1,36000.0,MTN Mobile Money,AM964020164,2024-10-24 09:34:00
TXN90008969,ST19,CUST101614,PRD200219,2,4500.0,Card,MP271098228,2024-12-19 06:21:00
TXN90008970,ECOM01,CUST101769,PRD201059,4,"UGX 1,300",momo,AUTH90317,2024-12-11 17:03:00
TXN90008971,ECOM01,CUST100778,PRD200153,1,900.0,Cash,AM691370597,2024-11-25 01:48:00
TXN90008972,ST12,CUST103472,PRD200686,2,5400.0,MTN MoMo,CASH-2297,2024-09-11 21:04:00
TXN90008973,ST03,CUST101900,PRD200890,1,2600.0,AirtelMoney,AUTH62745,2024-08-19 21:44:00
TXN90008974,ECOM01,CUST100425,PRD200015,1,862.5,Cash,CASH-4604,2024-08-31 20:33:00
TXN90008975,ECOM01,,PRD200868,2,12500.0,MTN Mobile Money,AUTH89353,2024-07-09 08:35:00
TXN90008976,ECOM01,CUST101618,PRD200450,1,2700.0,MTN MoMo,AUTH59802,2024-11-23 23:38:00
TXN90008977,ST15,CUST101143,PRD200722,2,65000.0,CASH,MP106790706,2024-11-28 15:35:00
TXN90008978,ST06,CUST101432,PRD200631,-2,3000.0,Cash,AM343563477,2024-08-19 21:46:00
TXN90008979,ST16,CUST101162,PRD200086,2,900.0,AirtelMoney,MP822815494,2024-12-25 02:27:00
TXN90008980,ST08,CUST101000,PRD200339,2,682.36,MTN MoMo,MP171173139,2024-08-29 03:12:00
TXN90008981,ST07,CUST103096,PRD200178,-2,9375.0,MTN Mobile Money,CASH-4455,2024-07-15 02:29:00
TXN90008982,ST15,CUST102595,PRD200680,3,7500.0,Card,CASH-5984,04/11/2024 01:21
TXN90008983,ST10,CUST101212,PRD200961,2,4500.0,MTN MoMo,AM796137832,2024-09-17 00:09:00
TXN90008984,ECOM01,CUST103380,PRD200398,1,40250.0,Cash,CASH-7861,2024-07-03 21:16:00
TXN90008985,ST19,CUST102061,PRD200044,2,8625.0,Airtel Money,CASH-9797,2024-11-07 07:56:00
TXN90008986,ST20,CUST102380,PRD200526,-1,45500.0,Card,MP498444205,2024-07-28 08:33:00
TXN90008987,ST05,CUST103387,PRD201101,3,8625.0,Airtel Money,AM897623678,2024-09-06 17:35:00
TXN90008988,ST01,CUST100072,PRD200714,5,7500.0,MTN MoMo,CASH-7975,2024-10-15 04:43:00
TXN90008989,ST12,CUST101358,PRD200241,2,6750.0,MTN MoMo,MP795240399,2024-10-24 08:45:00
TXN90008990,ST06,CUST104098,PRD200140,1,23000.0,MTN Mobile Money,,2024-11-10 14:26:00
TXN90008991,ECOM01,CUST103383,PRD200648,3,23000.0,Cash,CASH-5153,2024-08-09 17:06:00
TXN90008992,ST11,CUST104601,PRD201163,1,3900.0,MTN Mobile Money,CASH-2182,2024-07-30 13:58:00
TXN90008993,ST12,,PRD200551,2,6750.0,Cash,AUTH53632,16/12/2024 08:21
TXN90008994,ST08,CUST103539,PRD201012,4,2400.0,Card,AUTH57348,28/07/2024 15:43
TXN90008995,ST06,CUST102963,PRD200471,4,2500.0,MTN MoMo,MP196613016,2024-10-25 05:36:00
TXN90008996,ST14,CUST100676,PRD200218,1,650.0,MTN Mobile Money,AUTH42631,2024-09-14 17:45:00
TXN90008997,ST22,CUST103667,PRD200360,3,52500.0,Cash,AM982217125,24/10/2024 00:50
TXN90008998,ST19,CUST103367,PRD200857,2,625.0,Airtel Money,AM928804543,2024-08-17 02:35:00
TXN90008999,ECOM01,CUST104484,PRD200441,1,825.0,Airtel Money,MP321937206,2024-09-04 15:17:00
TXN90009000,ECOM01,CUST101807,PRD200873,2,1300.0,Cash,AUTH25447,06/08/2024 16:10
TXN90009001,ST04,CUST104986,PRD200737,4,900.0,momo,MP562985630,2024-11-03 11:44:00
TXN90009002,ST23,,PRD200136,2,90000.0,MTN MoMo,AUTH47610,10/12/2024 03:34
TXN90009003,ECOM01,CUST104001,PRD200696,1,5500.0,AirtelMoney,CASH-5812,2024-07-12 16:11:00
TXN90009004,ST08,CUST102958,PRD200142,-1,4197.32,Airtel Money,MP756451478,2024-11-25 16:22:00
TXN90009005,ST02,CUST104820,PRD200401,3,"UGX 5,625",Airtel Money,MP755183655,2024-12-15 09:24:00
TXN90009006,ST15,CUST103660,PRD200103,5,UGX12474,Airtel Money,AUTH27518,08/07/2024 03:28
TXN90009007,ECOM01,,PRD200422,1,"8,100",MTN MoMo,AUTH87235,2024-11-03 02:44:00
TXN90009008,ST06,CUST104569,PRD201064,2,19500.0,Cash,AUTH23796,2024-09-06 17:31:00
TXN90009009,ST21,CUST100326,PRD200067,2,8100.0,CASH,AM346700998,2024-08-08 04:25:00
TXN90009010,ST16,CUST104207,PRD200281,2,25000.0,MTN Mobile Money,MP846832845,2024-11-10 08:59:00
TXN90009011,ECOM01,CUST102432,PRD200045,1,15000.0,MTN MoMo,AM164276715,2024-10-05 10:00:00
TXN90009012,ST15,CUST102929,PRD200835,1,23000.0,MTN MoMo,MP772048310,2024-10-01 11:27:00
TXN90009013,ST09,CUST104198,PRD200375,1,3051.54,Card,CASH-7516,2024-09-18 00:59:00
TXN90009014,ST06,CUST104535,PRD200171,3,24000.0,Airtel Money,AM485214442,2024-08-03 12:09:00
TXN90009015,ST07,CUST100191,PRD200430,3,8250.0,Airtel Money,AUTH50128,2024-12-11 00:10:00
TXN90009016,ST16,CUST100042,PRD200307,-1,"UGX 65,000",MTN MoMo,MP495844330,2024-12-09 02:00:00
TXN90009017,ECOM01,CUST101340,PRD200390,1,2700.0,MTN MoMo,CASH-2287,2024-10-18 15:37:00
TXN90009018,ST12,,PRD200365,1,23000.0,Airtel Money,CASH-7046,13/09/2024 22:13
TXN90009019,ST22,CUST102426,PRD201105,1,15000.0,Airtel Money,CASH-1429,2024-12-19 19:26:00
TXN90009020,ECOM01,CUST101326,PRD200214,1,65000.0,AirtelMoney,MP499522604,2024-10-02 10:33:00
TXN90009021,ST22,CUST104023,PRD200554,4,8625.0,MTN MoMo,MP798396011,2024-10-01 17:42:00
TXN90009022,ST03,CUST100605,PRD201115,3,3000.0,Card,MP584933768,14/12/2024 10:23
TXN90009023,ST20,CUST104811,PRD200649,1,36000.0,MTN Mobile Money,AM553997912,2024-07-28 17:56:00
TXN90009024,ST20,CUST102084,PRD200942,2,18000.0,MTN Mobile Money,CASH-5757,2024-07-08 06:04:00
TXN90009025,ST19,CUST104806,PRD200466,3,8625.0,AirtelMoney,AUTH18219,02/10/2024 22:20
TXN90009026,ST23,CUST103813,PRD200207,2,25000.0,MTN Mobile Money,MP972620935,2024-09-30 15:46:00
TXN90009027,ST03,CUST100427,PRD200074,1,6000.0,MTN MoMo,AM340485753,16/10/2024 05:28
TXN90009028,ST17,CUST102645,PRD200060,1,2875.0,Cash,AUTH63204,2024-11-10 04:09:00
TXN90009029,ST16,CUST103116,PRD200524,1,4027.09,Airtel Money,MP753077572,2024-12-01 01:35:00
TXN90009030,ST16,CUST102341,PRD200585,1,12000.0,AirtelMoney,CASH-7233,2024-10-11 07:12:00
TXN90009031,ST05,CUST104240,PRD200570,1,38500.0,MTN Mobile Money,,2024-08-04 10:12:00
TXN90009032,ST19,CUST104028,PRD201097,4,1650.0,CASH,MP843310581,2024-10-25 01:24:00
TXN90009033,ST20,CUST100141,PRD200612,2,12000.0,MTN MoMo,AUTH32722,2024-09-15 19:21:00
TXN90009034,ST22,CUST100116,PRD201001,1,900.0,MTN MoMo,MP715585588,2024-11-15 02:09:00
TXN90009035,ST06,CUST102890,PRD201091,1,11500.0,CASH,MP449076824,2024-07-07 12:03:00
TXN90009036,ST09,,PRD200432,1,57500.0,AirtelMoney,AM199271536,2024-11-22 08:14:00
TXN90009037,ST22,CUST102229,PRD200895,3,UGX1250,Cash,CASH-8207,2024-07-02 13:14:00
TXN90009038,ST10,CUST102092,PRD200642,-1,5500.0,Cash,AUTH22393,27/07/2024 16:28
TXN90009039,ST12,CUST103062,PRD200532,1,19500.0,Airtel Money,CASH-5248,2024-10-20 02:07:00
TXN90009040,ECOM01,CUST103651,PRD200842,3,3450.0,CASH,MP349936250,26/08/2024 15:48
TXN90009041,ST18,CUST102783,PRD200386,2,62500.0,Card,CASH-5292,2024-11-16 17:52:00
TXN90009042,ST09,CUST104143,PRD200281,1,25000.0,Airtel Money,MP727999940,2024-08-17 13:09:00
TXN90009043,ECOM01,CUST103595,PRD200439,1,17250.0,AirtelMoney,AM561050782,18/08/2024 06:57
TXN90009044,ECOM01,CUST100347,PRD200783,2,57500.0,Cash,MP301297846,2024-09-11 11:30:00
TXN90009045,ST19,CUST103313,PRD200273,2,"2,700",Airtel Money,CASH-3948,10/11/2024 12:03
TXN90009046,ST18,CUST104465,PRD200503,3,4500.0,MTN Mobile Money,MP872422138,2024-10-24 17:38:00
TXN90009047,ECOM01,CUST100873,PRD200208,1,900.0,AirtelMoney,,2024-11-16 19:27:00
TXN90009048,ST23,CUST104776,PRD200363,1,4500.0,MTN Mobile Money,MP513092617,2024-10-04 01:50:00
TXN90009049,ST18,CUST103309,PRD200053,5,9000.0,MTN MoMo,MP543996257,2024-09-20 12:02:00
TXN90009050,ECOM01,CUST102225,PRD200927,2,600.0,MTN MoMo,MP559533249,2024-11-01 00:26:00
TXN90009051,ECOM01,CUST101414,PRD200371,1,2750.0,MTN Mobile Money,CASH-9411,18/11/2024 10:44
TXN90009052,ECOM01,CUST101524,PRD200631,2,"3,000",MTN Mobile Money,AM324896303,2024-11-01 21:21:00
TXN90009053,ST21,,PRD200068,-1,1200.0,momo,CASH-3527,2024-08-13 12:21:00
TXN90009054,ST14,CUST103051,PRD201107,1,18750.0,MTN MoMo,MP788497545,2024-12-04 14:55:00
TXN90009055,ST06,CUST101008,PRD200867,1,4500.0,CASH,CASH-5093,2024-11-10 23:03:00
TXN90009056,ST23,CUST101657,PRD200963,-1,1200.0,Cash,AUTH94909,2024-12-06 16:40:00
TXN90009057,ST07,CUST104143,PRD200128,2,5400.0,Cash,MP252225249,2024-07-11 15:54:00
TXN90009058,ECOM01,CUST102508,PRD200872,5,1950.0,Cash,AUTH75459,2024-07-14 10:00:00
TXN90009059,ST09,CUST104722,PRD200749,1,2250.0,MTN Mobile Money,CASH-4454,2024-08-05 18:37:00
TXN90009060,ST04,CUST104076,PRD201027,2,5850.0,momo,AUTH61882,2024-08-07 22:50:00
TXN90009061,ST08,CUST100212,PRD200654,4,22000.0,Airtel Money,AUTH56234,2024-12-18 22:34:00
TXN90009062,ST19,CUST103063,PRD200883,4,4500.0,Cash,CASH-2597,2024-11-19 09:28:00
TXN90009063,ST08,CUST104385,PRD201076,1,9375.0,Cash,MP429489852,2024-09-09 06:52:00
TXN90009064,ST20,CUST100769,PRD200999,1,5175.0,MTN Mobile Money,MP157874930,2024-10-17 09:24:00
TXN90009065,ST14,CUST101618,PRD201156,2,90000.0,Card,MP907722215,2024-10-01 13:59:00
TXN90009066,ST07,CUST101588,PRD200821,4,9603.04,MTN MoMo,AM869431720,2024-09-02 19:25:00
TXN90009067,ST01,CUST104984,PRD200434,1,16500.0,Cash,CASH-9380,2024-08-03 23:43:00
TXN90009068,ST17,CUST104870,PRD200835,3,23000.0,MTN MoMo,CASH-1562,2024-09-25 10:30:00
TXN90009069,ECOM01,CUST102249,PRD200874,1,6000.0,Airtel Money,MP457792025,2024-12-05 06:32:00
TXN90009070,ST01,,PRD201119,-1,18000.0,CASH,MP363747236,2024-12-19 00:09:00
TXN90009071,ST15,CUST104644,PRD200762,3,18750.0,Cash,,23/07/2024 09:18
TXN90009072,ST16,CUST104080,PRD200034,2,12500.0,AirtelMoney,AUTH17550,2024-08-21 04:38:00
TXN90009073,ST16,CUST104909,PRD200007,2,63000.0,momo,,2024-07-19 16:21:00
TXN90009074,ECOM01,CUST104157,PRD200850,-2,1200.0,Card,MP697941498,2024-11-29 05:39:00
TXN90009075,ST07,CUST104753,PRD200222,1,UGX43750,Airtel Money,CASH-8401,2024-11-10 08:42:00
TXN90009076,ST10,CUST100928,PRD200888,3,3750.0,Cash,MP549631400,2024-08-04 19:13:00
TXN90009077,ECOM01,CUST102608,PRD201074,1,65000.0,MTN MoMo,,22/07/2024 20:07
TXN90009078,ST01,CUST100412,PRD200049,2,2875.0,Airtel Money,AUTH11996,27/09/2024 03:25
TXN90009079,ST06,CUST101474,PRD200861,2,1500.0,MTN MoMo,CASH-7136,2024-07-11 21:54:00
TXN90009080,ST03,CUST103419,PRD200223,2,17250.0,AirtelMoney,AM556322701,2024-12-06 05:17:00
TXN90009081,ST20,,PRD201119,1,18000.0,Airtel Money,MP123813587,2024-08-30 18:02:00
TXN90009082,ST04,CUST102016,PRD201006,1,5750.0,AirtelMoney,CASH-7452,2024-09-11 09:37:00
TXN90009083,ST13,CUST103298,PRD200703,1,4500.0,Airtel Money,AM490763294,2024-07-08 19:11:00
TXN90009084,ST22,CUST102311,PRD200115,1,60000.0,momo,CASH-7796,2024-09-01 10:59:00
TXN90009085,ECOM01,CUST100163,PRD200254,5,2837.78,Airtel Money,AUTH76667,2024-11-25 06:44:00
TXN90009086,ECOM01,CUST102941,PRD200706,1,5500.0,Card,MP885520319,2024-08-28 05:57:00
TXN90009087,ST04,,PRD200721,1,8625.0,AirtelMoney,AUTH63385,2024-07-15 05:35:00
TXN90009088,ST14,,PRD200845,1,1800.0,MTN Mobile Money,AM451512910,2024-08-03 06:18:00
TXN90009089,ECOM01,CUST104985,PRD200846,1,"8,100",Airtel Money,CASH-7293,2024-09-13 06:03:00
TXN90009090,ST19,CUST101684,PRD200478,1,3750.0,momo,AUTH38313,2024-08-24 11:20:00
TXN90009091,ST09,CUST104794,PRD200473,1,15000.0,MTN MoMo,CASH-4931,2024-11-04 00:13:00
TXN90009092,ST23,CUST102527,PRD200635,3,6750.0,MTN Mobile Money,AUTH23858,2024-12-21 09:32:00
TXN90009093,ST11,CUST102709,PRD200524,1,4027.09,Airtel Money,AM792417205,2024-12-15 21:53:00
TXN90009094,ST12,CUST101128,PRD201034,3,36000.0,AirtelMoney,AUTH82887,2024-12-21 21:57:00
TXN90009095,ST13,CUST101995,PRD200468,4,15000.0,AirtelMoney,AUTH41165,2024-12-06 04:00:00
TXN90009096,ECOM01,CUST102691,PRD201100,3,65000.0,Card,MP716905340,2024-11-27 08:51:00
TXN90009097,ST22,CUST101770,PRD200686,1,5400.0,Card,AUTH50417,2024-08-11 02:55:00
TXN90009098,ST15,CUST103073,PRD201029,1,862.5,MTN MoMo,CASH-1800,2024-08-11 15:09:00
TXN90009099,ST12,,PRD200298,2,UGX40250,MTN MoMo,,23/08/2024 11:42
TXN90009100,ECOM01,CUST102840,PRD201157,2,UGX 600,MTN MoMo,MP847696536,04/09/2024 22:17
TXN90009101,ST21,CUST101826,PRD200453,1,9750.0,MTN MoMo,AM415956757,2024-08-19 20:40:00
TXN90009102,ST12,CUST100595,PRD200216,1,16500.0,AirtelMoney,MP827265605,2024-09-16 11:25:00
TXN90009103,ST21,CUST103922,PRD200450,3,2700.0,Airtel Money,AM957851716,2024-11-17 08:21:00
TXN90009104,ST18,CUST102329,PRD200948,1,825.0,MTN MoMo,AUTH13411,2024-07-22 23:24:00
TXN90009105,ST21,CUST103546,PRD201090,1,13000.0,Cash,AUTH27867,2024-09-01 14:34:00
TXN90009106,ECOM01,CUST102189,PRD200696,2,5500.0,MTN Mobile Money,,2024-07-14 13:39:00
TXN90009107,ST13,,PRD200732,5,2300.0,MTN Mobile Money,AUTH13430,2024-08-25 02:30:00
TXN90009108,ST09,CUST101184,PRD200655,1,2250.0,MTN MoMo,AUTH43525,2024-07-10 12:32:00
TXN90009109,ST21,CUST102281,PRD200798,2,2400.0,MTN MoMo,MP637521778,08/12/2024 11:02
TXN90009110,ST08,CUST104099,PRD200073,2,38500.0,MTN Mobile Money,,2024-10-03 17:54:00
TXN90009111,ST09,CUST104822,PRD201162,1,UGX18000,MTN MoMo,AM706781706,2024-09-02 13:32:00
TXN90009112,ECOM01,CUST104043,PRD200419,4,1800.0,MTN MoMo,MP597340320,22/11/2024 16:36
TXN90009113,ST21,CUST101004,PRD200600,2,671.99,Card,AM585849883,2024-07-26 20:27:00
TXN90009114,ST16,CUST103743,PRD200122,2,18000.0,MTN Mobile Money,AUTH47883,2024-12-22 12:27:00
TXN90009115,ST16,CUST104941,PRD201067,1,1665.27,AirtelMoney,AUTH96302,2024-07-18 21:22:00
TXN90009116,ECOM01,,PRD200452,-1,6812.54,MTN MoMo,AUTH84090,2024-08-10 13:04:00
TXN90009117,ST23,CUST100248,PRD200236,1,22500.0,Cash,MP972406556,2024-09-04 04:36:00
TXN90009118,ST14,,PRD200377,1,1950.0,momo,MP855565631,21/12/2024 17:41
TXN90009119,ST07,CUST104501,PRD200266,-2,2500.0,MTN MoMo,AUTH72801,03/10/2024 17:44
TXN90009120,ST09,CUST101369,PRD200699,5,15000.0,Cash,MP429959641,2024-12-07 06:22:00
TXN90009121,ST16,CUST103396,PRD201063,1,UGX 600,Airtel Money,AM946398465,2024-09-30 09:43:00
TXN90009122,ECOM01,CUST101408,PRD200558,2,5500.0,MTN MoMo,AUTH67469,2024-12-11 19:26:00
TXN90009123,ECOM01,CUST102899,PRD200775,2,1950.0,Cash,CASH-3849,2024-07-22 03:02:00
TXN90009124,ST16,CUST100682,PRD200609,1,900.0,Airtel Money,AM629489776,2024-11-09 06:12:00
TXN90009125,ECOM01,CUST102240,PRD200830,1,36000.0,MTN Mobile Money,AUTH72149,2024-12-07 11:16:00
TXN90009126,ST15,CUST104798,PRD200650,1,90000.0,MTN Mobile Money,AM784610712,2024-08-20 13:00:00
TXN90009127,ST22,CUST103602,PRD200206,1,18000.0,MTN MoMo,AM465022546,16/08/2024 22:42
TXN90009128,ST23,CUST102424,PRD200033,1,2300.0,AirtelMoney,AM239744943,2024-12-17 02:44:00
TXN90009129,ST14,CUST100863,PRD200497,4,600.0,MTN MoMo,,2024-08-17 10:40:00
TXN90009130,ST17,CUST100029,PRD200354,1,2700.0,Cash,CASH-5639,2024-08-02 12:06:00
TXN90009131,ECOM01,CUST102573,PRD200158,3,672.1,MTN MoMo,AUTH71765,2024-07-22 21:28:00
TXN90009132,ECOM01,CUST100926,PRD200990,1,52500.0,MTN Mobile Money,AM731757625,2024-07-16 22:12:00
TXN90009133,ST13,CUST101845,PRD200486,1,900.0,AirtelMoney,AUTH41138,2024-10-22 00:58:00
TXN90009134,ST06,CUST101666,PRD200109,2,975.0,Cash,,2024-12-11 16:14:00
TXN90009135,ST19,CUST101754,PRD200354,2,2700.0,MTN MoMo,AUTH49674,2024-09-20 12:18:00
TXN90009136,ST11,CUST103762,PRD200999,1,5175.0,AirtelMoney,MP102891974,2024-10-18 07:24:00
TXN90009137,ST09,CUST104644,PRD200314,2,3600.0,MTN Mobile Money,CASH-8304,26/09/2024 10:01
TXN90009138,ST09,CUST100892,PRD200166,2,11000.0,MTN MoMo,MP164066482,2024-07-04 01:17:00
TXN90009139,ST17,,PRD200266,2,2500.0,Airtel Money,CASH-5095,2024-07-05 01:18:00
TXN90009140,ST14,CUST103611,PRD200230,1,2200.0,Airtel Money,MP772164145,13/12/2024 14:21
TXN90009141,ST17,CUST103934,PRD200127,1,12500.0,MTN MoMo,,29/11/2024 09:42
TXN90009142,ECOM01,CUST100577,PRD200357,3,19500.0,Cash,AUTH98738,2024-07-30 15:44:00
TXN90009143,ST14,CUST103939,PRD200817,3,63000.0,Airtel Money,MP474833341,05/12/2024 12:55
TXN90009144,ST11,CUST104383,PRD201116,3,18000.0,Airtel Money,AUTH85066,2024-08-02 03:37:00
TXN90009145,ST06,CUST103316,PRD200650,5,90000.0,MTN MoMo,,2024-09-08 03:44:00
TXN90009146,ST20,CUST103861,PRD200132,1,6750.0,AirtelMoney,AM903534985,2024-12-04 17:27:00
TXN90009147,ECOM01,CUST101249,PRD200113,2,65000.0,AirtelMoney,AM537035845,2024-10-13 12:40:00
TXN90009148,ST16,,PRD200499,1,600.0,MTN Mobile Money,CASH-1171,2024-07-21 08:23:00
TXN90009149,ST21,CUST102516,PRD201030,1,17250.0,MTN MoMo,CASH-3876,18/09/2024 07:20
TXN90009150,ST09,CUST103405,PRD200339,4,682.36,CASH,AM114768962,2024-12-21 14:36:00
TXN90009151,ST09,CUST104410,PRD200718,1,2300.0,AirtelMoney,MP358435980,2024-08-23 10:32:00
TXN90009152,ECOM01,CUST102141,PRD200981,2,6500.0,MTN MoMo,AUTH92645,2024-08-22 04:21:00
TXN90009153,ST10,CUST100557,PRD200098,3,42000.0,Cash,AM417304795,31/07/2024 03:06
TXN90009154,ST03,CUST102975,PRD201012,1,2400.0,Cash,CASH-8906,2024-10-17 16:25:00
TXN90009155,ST23,CUST102009,PRD200729,1,38500.0,AirtelMoney,AUTH46618,2024-10-17 06:04:00
TXN90009156,ST06,CUST102636,PRD200045,-1,15000.0,Airtel Money,,2024-10-18 13:36:00
TXN90009157,ECOM01,,PRD200852,4,"UGX 4,500",MTN MoMo,CASH-3738,2024-07-19 11:45:00
TXN90009158,ECOM01,CUST102436,PRD201164,2,19500.0,MTN MoMo,,22/08/2024 07:08
TXN90009159,ST05,CUST103414,PRD200704,1,5750.0,AirtelMoney,AM899156045,06/09/2024 03:13
TXN90009160,ST12,CUST100254,PRD200117,4,3600.0,MTN MoMo,AUTH66580,2024-11-23 13:48:00
TXN90009161,ECOM01,CUST104505,PRD200035,3,11500.0,MTN MoMo,,2024-08-04 07:36:00
TXN90009162,ST20,CUST103687,PRD200592,2,3750.0,AirtelMoney,,2024-12-27 06:15:00
TXN90009163,ST06,CUST102794,PRD201039,1,19500.0,Cash,AM102819082,2024-07-16 00:59:00
TXN90009164,ST18,CUST104403,PRD200122,4,18000.0,MTN Mobile Money,AM180852794,2024-10-24 09:59:00
TXN90009165,ECOM01,CUST104647,PRD201149,1,"UGX 12,000",Cash,CASH-1191,2024-11-16 03:17:00
TXN90009166,ST17,CUST103723,PRD200371,1,2750.0,AirtelMoney,MP107693141,2024-12-12 20:18:00
TXN90009167,ECOM01,CUST104253,PRD200401,2,5625.0,MTN MoMo,MP827122739,2024-07-12 02:12:00
TXN90009168,ST21,CUST101872,PRD200881,2,63000.0,MTN MoMo,AM619913936,2024-07-10 08:51:00
TXN90009169,ST13,CUST101941,PRD201105,3,15000.0,Cash,MP849848917,2024-11-10 07:13:00
TXN90009170,ST20,CUST103978,PRD200762,3,18750.0,Airtel Money,MP947609660,2024-07-21 12:43:00
TXN90009171,ST05,CUST100256,PRD201054,1,5175.0,Cash,AUTH45762,2024-09-03 06:26:00
TXN90009172,ST12,CUST103315,PRD200881,1,63000.0,CASH,AM191860691,2024-12-26 08:32:00
TXN90009173,ST20,CUST102230,PRD201006,3,5750.0,momo,AUTH50053,2024-07-21 21:34:00
TXN90009174,ST07,,PRD200535,2,3600.0,AirtelMoney,AUTH19865,20/07/2024 21:22
TXN90009175,ST01,CUST101294,PRD200587,3,15000.0,AirtelMoney,MP951175274,2024-12-09 05:59:00
TXN90009176,ST05,CUST104690,PRD200307,2,"UGX 65,000",MTN MoMo,CASH-4350,2024-09-02 05:32:00
TXN90009177,ECOM01,CUST103896,PRD200375,2,3051.54,MTN Mobile Money,AUTH38013,2024-11-07 08:10:00
TXN90009178,ST07,CUST103792,PRD200814,1,"UGX 2,490",Cash,CASH-9499,2024-10-23 10:35:00
TXN90009179,ST13,CUST101976,PRD200976,1,8100.0,MTN MoMo,AUTH85018,2024-10-03 02:52:00
TXN90009180,ST18,CUST101989,PRD200704,1,5750.0,MTN MoMo,,2024-08-19 07:19:00
TXN90009181,ST13,,PRD201126,1,2875.0,momo,MP201749979,2024-10-07 01:11:00
TXN90009182,ECOM01,CUST102008,PRD200813,3,3000.0,AirtelMoney,AUTH56936,30/07/2024 08:23
TXN90009183,ST01,CUST100097,PRD200875,1,4036.94,Cash,AUTH21889,2024-12-24 06:52:00
TXN90009184,ST02,CUST104480,PRD200467,3,10690.04,MTN Mobile Money,AM362006188,2024-10-26 21:06:00
TXN90009185,ECOM01,CUST103187,PRD200607,1,920.33,Airtel Money,AUTH10083,06/11/2024 17:39
TXN90009186,ECOM01,,PRD200283,2,3750.0,Cash,,18/07/2024 10:54
TXN90009187,ST17,CUST103647,PRD200279,1,40250.0,Cash,AUTH16959,2024-08-17 16:41:00
TXN90009188,ST07,CUST101827,PRD200982,2,1125.0,MTN Mobile Money,AM633388297,2024-11-22 20:26:00
TXN90009189,ST16,CUST100418,PRD201066,3,57500.0,Cash,AUTH26666,15/09/2024 21:15
TXN90009190,ST10,CUST104394,PRD201068,3,2500.0,MTN MoMo,AM630107676,2024-11-09 07:44:00
TXN90009191,ECOM01,CUST102262,PRD200588,2,5500.0,Card,AM782573967,2024-09-07 12:14:00
TXN90009192,ST22,CUST101243,PRD200544,1,18750.0,Airtel Money,AM273668519,2024-11-25 22:32:00
TXN90009193,ECOM01,CUST102021,PRD200502,2,2250.0,Airtel Money,CASH-9744,2024-12-17 21:02:00
TXN90009194,ECOM01,CUST101032,PRD200686,2,5400.0,AirtelMoney,AM106314569,2024-07-22 15:35:00
TXN90009195,ST16,,PRD200211,1,1875.0,MTN Mobile Money,AM948243026,06/11/2024 07:52
TXN90009196,ST03,CUST103536,PRD200154,1,900.0,Airtel Money,AM261348479,2024-07-06 05:06:00
TXN90009197,ST21,CUST102436,PRD200462,1,1125.0,MTN Mobile Money,,2024-11-20 12:02:00
TXN90009198,ST12,CUST100741,PRD200129,1,1350.0,CASH,AM351347386,26/07/2024 22:10
TXN90009199,ST18,CUST104431,PRD200527,1,575.0,momo,AUTH60204,2024-08-28 13:22:00
TXN90009200,ST19,CUST102552,PRD200626,1,18000.0,Card,MP950617735,2024-08-13 04:17:00
TXN90009201,ST15,CUST102842,PRD200375,1,3051.54,MTN MoMo,MP607969743,2024-11-11 15:58:00
TXN90009202,ECOM01,CUST104582,PRD200840,2,1500.0,Cash,CASH-6731,2024-07-10 04:06:00
TXN90009203,ST02,CUST100583,PRD200258,1,18000.0,MTN MoMo,MP253579006,2024-09-16 18:24:00
TXN90009204,ST19,CUST103952,PRD200888,1,3750.0,MTN Mobile Money,AM145698636,2024-08-23 12:18:00
TXN90009205,ST23,CUST102648,PRD200334,2,600,MTN MoMo,AM410441435,2024-11-14 19:07:00
TXN90009206,ST17,,PRD201080,1,6250.0,Airtel Money,CASH-9902,2024-07-15 03:34:00
TXN90009207,ST07,CUST103536,PRD200422,2,8100.0,MTN Mobile Money,AM282582838,2024-08-06 04:36:00
TXN90009208,ST12,CUST104237,PRD200101,2,3750.0,momo,AUTH18075,2024-12-18 05:36:00
TXN90009209,ECOM01,CUST100053,PRD201049,1,600.0,AirtelMoney,AM502230759,2024-12-18 20:19:00
TXN90009210,ECOM01,CUST104324,PRD200552,1,11000.0,MTN Mobile Money,AM217573639,2024-08-26 04:36:00
TXN90009211,ECOM01,CUST102820,PRD200575,1,3600.0,MTN Mobile Money,,2024-09-08 10:03:00
TXN90009212,ST09,CUST101516,PRD200637,-2,22000.0,MTN Mobile Money,AM426223403,2024-10-22 23:38:00
TXN90009213,ECOM01,CUST102710,PRD200292,1,14504.57,Airtel Money,AM802291628,2024-11-24 07:02:00
TXN90009214,ST02,CUST100811,PRD200306,1,8250.0,momo,AUTH15764,2024-11-28 05:11:00
TXN90009215,ST11,CUST100300,PRD200421,1,6000.0,Cash,CASH-4750,2024-11-11 16:57:00
TXN90009216,ECOM01,CUST102159,PRD200671,1,550.0,MTN MoMo,AUTH58877,2024-10-24 13:02:00
TXN90009217,ST12,CUST101137,PRD200936,1,63000.0,MTN MoMo,CASH-5113,2024-10-09 22:41:00
TXN90009218,ST18,CUST104685,PRD200136,4,UGX90000,Card,MP811813001,2024-11-25 17:22:00
TXN90009219,ST18,CUST104506,PRD200366,1,"UGX 5,400",MTN MoMo,CASH-7904,2024-07-17 22:49:00
TXN90009220,ST05,CUST104927,PRD200021,1,5400.0,AirtelMoney,AM156707879,21/10/2024 15:11
TXN90009221,ECOM01,CUST104626,PRD200594,1,22000.0,MTN MoMo,MP178486294,2024-10-02 05:01:00
TXN90009222,ST12,CUST103422,PRD200726,3,1800.0,CASH,AUTH43480,2024-10-19 11:33:00
TXN90009223,ST11,CUST104210,PRD200176,2,5750.0,momo,CASH-8650,2024-09-20 08:21:00
TXN90009224,ST22,CUST104503,PRD200363,3,4500.0,AirtelMoney,CASH-9157,2024-08-15 00:26:00
TXN90009225,ST12,CUST102953,PRD200354,4,2700.0,Cash,,2024-09-09 20:51:00
TXN90009226,ST05,CUST100536,PRD200092,1,1500.0,Airtel Money,AM897047688,2024-11-08 20:20:00
TXN90009227,ST20,CUST103932,PRD200795,1,862.5,MTN MoMo,AUTH37086,2024-10-21 01:40:00
TXN90009228,ST08,CUST102745,PRD201039,1,19500.0,MTN MoMo,MP314119402,2024-10-22 01:43:00
TXN90009229,ST14,CUST100010,PRD200793,1,2200.0,Card,AUTH17052,2024-08-22 04:01:00
TXN90009230,ST03,CUST104015,PRD200002,1,63000.0,Cash,,2024-09-18 05:48:00
TXN90009231,ST13,CUST104923,PRD201026,1,1100.0,Airtel Money,AUTH57803,2024-10-06 20:15:00
TXN90009232,ST16,CUST104937,PRD200636,1,3600.0,MTN Mobile Money,AUTH58498,2024-12-11 14:37:00
TXN90009233,ST08,CUST102912,PRD201096,2,2700.0,Airtel Money,AM177738373,2024-10-29 03:52:00
TXN90009234,ST23,CUST102441,PRD201123,1,4950.0,MTN MoMo,MP134130784,23/10/2024 05:58
TXN90009235,ST06,CUST104182,PRD200513,1,65000.0,MTN MoMo,MP124538611,2024-11-06 23:24:00
TXN90009236,ST11,CUST102150,PRD200922,-1,55000.0,Airtel Money,AUTH94886,2024-12-25 16:48:00
TXN90009237,ST23,CUST102520,PRD200682,1,3300.0,MTN MoMo,AUTH33223,2024-12-15 13:16:00
TXN90009238,ST10,CUST101789,PRD200485,1,"60,000",Cash,AUTH42698,2024-11-03 23:31:00
TXN90009239,ST01,CUST102758,PRD200610,1,5850.0,MTN MoMo,CASH-4737,2024-10-06 04:39:00
TXN90009240,ST20,CUST102059,PRD200679,3,937.5,MTN MoMo,CASH-5177,2024-10-21 03:01:00
TXN90009241,ECOM01,CUST104190,PRD200616,3,3250.0,MTN MoMo,AM245403032,2024-12-03 12:22:00
TXN90009242,ST20,CUST100508,PRD200453,1,9750.0,Cash,AM505825296,2024-08-27 00:19:00
TXN90009243,ST18,CUST101925,PRD200342,1,6750.0,Cash,MP377058871,21/07/2024 06:19
TXN90009244,ST03,CUST101235,PRD200618,1,90000.0,Cash,MP270692902,2024-11-10 10:47:00
TXN90009245,ST22,CUST101859,PRD201008,1,8250.0,MTN MoMo,AUTH87408,2024-11-21 09:09:00
TXN90009246,ECOM01,CUST100359,PRD201156,1,90000.0,MTN Mobile Money,AM649654164,2024-11-08 05:49:00
TXN90009247,ECOM01,CUST100659,PRD200900,3,750.0,MTN MoMo,AM639157270,2024-12-02 17:38:00
TXN90009248,ST20,CUST100186,PRD200017,1,326.93,MTN MoMo,AM838625624,2024-09-22 03:28:00
TXN90009249,ST15,CUST102220,PRD200408,2,19500.0,Cash,CASH-2610,2024-09-25 16:52:00
TXN90009250,ECOM01,CUST103583,PRD200345,1,3750.0,MTN Mobile Money,MP192576496,03/08/2024 03:39
TXN90009251,ST19,CUST102480,PRD200081,2,4500.0,MTN Mobile Money,CASH-2419,2024-10-24 06:40:00
TXN90009252,ST09,CUST103561,PRD200608,1,8250.0,momo,MP642020454,2024-11-16 02:55:00
TXN90009253,ST13,CUST104191,PRD200899,3,900.0,Airtel Money,CASH-6985,2024-08-29 08:06:00
TXN90009254,ST20,,PRD200958,1,2600.0,MTN MoMo,AM173864029,2024-10-28 18:05:00
TXN90009255,ST15,CUST103868,PRD200619,2,75000.0,MTN MoMo,,2024-11-04 17:54:00
TXN90009256,ECOM01,CUST103609,PRD200987,2,30000.0,Airtel Money,AUTH29605,2024-10-05 08:16:00
TXN90009257,ECOM01,CUST103094,PRD200692,1,23000.0,Cash,MP954500082,2024-09-16 01:17:00
TXN90009258,ST08,CUST103615,PRD200155,1,625.0,AirtelMoney,MP227717129,19/07/2024 11:58
TXN90009259,ST23,CUST103155,PRD200200,2,62500.0,Cash,CASH-7940,2024-11-02 09:12:00
TXN90009260,ST14,CUST102946,PRD200138,2,4500.0,Cash,AUTH99493,2024-07-11 22:19:00
TXN90009261,ECOM01,CUST104530,PRD201073,-2,550.0,Airtel Money,CASH-1138,2024-07-22 11:55:00
TXN90009262,ST04,CUST104520,PRD200885,1,3600.0,Card,AUTH80791,10/08/2024 13:30
TXN90009263,ST22,CUST101518,PRD200564,1,15000.0,MTN MoMo,AUTH95350,2024-07-13 08:13:00
TXN90009264,ECOM01,CUST101950,PRD200777,2,42000.0,MTN MoMo,AUTH52676,2024-11-27 01:17:00
TXN90009265,ST05,CUST101155,PRD200365,1,23000.0,Airtel Money,AUTH15524,2024-11-14 12:02:00
TXN90009266,ST15,CUST101939,PRD200218,2,650.0,Airtel Money,AM614166419,2024-08-14 21:23:00
TXN90009267,ECOM01,CUST100219,PRD200811,2,1350.0,CASH,CASH-4834,2024-09-23 22:47:00
TXN90009268,ST11,CUST100888,PRD200264,2,1800.0,Airtel Money,MP850378907,2024-11-29 20:20:00
TXN90009269,ECOM01,CUST101356,PRD200700,1,8100.0,Airtel Money,AM539060572,2024-07-09 16:39:00
TXN90009270,ST21,CUST100354,PRD201037,1,36000.0,momo,AM840120938,2024-08-05 13:47:00
TXN90009271,ST22,CUST103218,PRD200308,2,3000.0,AirtelMoney,AM933869288,2024-08-08 11:55:00
TXN90009272,ST09,CUST100617,PRD201043,1,900.0,AirtelMoney,AUTH55615,2024-10-30 23:18:00
TXN90009273,ST09,,PRD200149,1,900.0,Cash,MP362394632,14/10/2024 01:08
TXN90009274,ECOM01,CUST102170,PRD200298,4,40250.0,MTN MoMo,CASH-8399,2024-10-13 14:18:00
TXN90009275,ST05,CUST101011,PRD200837,1,90000.0,Cash,,2024-09-03 02:49:00
TXN90009276,ST19,CUST100478,PRD200969,3,4500.0,Airtel Money,CASH-8439,2024-07-22 18:06:00
TXN90009277,ST21,CUST103981,PRD200662,1,60000.0,MTN MoMo,,2024-07-13 20:41:00
TXN90009278,ECOM01,CUST101802,PRD200923,2,3750.0,Airtel Money,AUTH56402,2024-08-06 23:13:00
TXN90009279,ST07,CUST104942,PRD200690,1,5750.0,MTN MoMo,MP888849399,16/11/2024 18:41
TXN90009280,ST13,CUST102521,PRD200791,-2,8100.0,Airtel Money,AUTH77714,2024-10-24 18:21:00
TXN90009281,ST19,CUST103773,PRD200619,3,75000.0,Airtel Money,MP485468458,2024-08-23 00:28:00
TXN90009282,ST08,CUST100197,PRD200451,3,975.0,Airtel Money,MP756679639,2024-09-18 03:08:00
TXN90009283,ECOM01,CUST103237,PRD201137,2,12500.0,MTN MoMo,CASH-1886,2024-08-29 10:59:00
TXN90009284,ST15,CUST101887,PRD200874,-1,6000.0,MTN Mobile Money,AM245564863,2024-08-13 13:24:00
TXN90009285,ST02,CUST104245,PRD200808,4,19500.0,MTN MoMo,AUTH71308,2024-08-16 10:21:00
TXN90009286,ECOM01,CUST100309,PRD200067,5,"UGX 8,100",Cash,AM386086387,2024-11-02 14:19:00
TXN90009287,ST06,CUST100636,PRD200756,3,900.0,MTN MoMo,AUTH21382,2024-07-27 10:27:00
TXN90009288,ECOM01,CUST101034,PRD200786,4,UGX13500,AirtelMoney,AM754649464,2024-08-19 13:45:00
TXN90009289,ECOM01,CUST103996,PRD200389,3,15000.0,MTN Mobile Money,,2024-08-02 19:11:00
TXN90009290,ST11,CUST104134,PRD201136,1,2250.0,MTN MoMo,CASH-9630,17/08/2024 01:14
TXN90009291,ECOM01,CUST100585,PRD200874,1,6000.0,CASH,AM468880829,2024-08-24 23:00:00
TXN90009292,ECOM01,CUST104468,PRD200595,4,1300.0,momo,MP208273571,2024-09-03 07:49:00
TXN90009293,ST19,CUST101882,PRD200142,2,"4,197",AirtelMoney,MP205306888,2024-12-11 18:47:00
TXN90009294,ST06,CUST102636,PRD200365,5,23000.0,MTN Mobile Money,AUTH32227,2024-07-25 04:25:00
TXN90009295,ST01,CUST104763,PRD200224,2,5850.0,Airtel Money,AUTH62158,2024-08-01 18:23:00
TXN90009296,ST04,CUST101983,PRD200341,3,40250.0,Airtel Money,MP973776811,2024-11-10 01:53:00
TXN90009297,ST04,CUST102021,PRD200887,1,18000.0,Card,,2024-09-13 21:45:00
TXN90009298,ST18,CUST101468,PRD200557,1,19500.0,Airtel Money,MP725954894,2024-10-08 03:35:00
TXN90009299,ST13,CUST100732,PRD200791,1,8100.0,Airtel Money,MP883400521,2024-12-07 05:22:00
TXN90009300,ST15,CUST104405,PRD201030,1,"UGX 17,250",MTN Mobile Money,AUTH86279,17/07/2024 12:27
TXN90009301,ST09,CUST100840,PRD200747,1,2300.0,AirtelMoney,CASH-8078,2024-09-20 12:16:00
TXN90009302,ST09,CUST103064,PRD200027,-1,2250.0,Cash,AM896124951,10/10/2024 02:01
TXN90009303,ST15,CUST103141,PRD200386,1,62500.0,MTN MoMo,CASH-2694,2024-12-26 14:44:00
TXN90009304,ST01,CUST101495,PRD200056,2,40250.0,momo,AUTH24124,2024-09-14 09:13:00
TXN90009305,ST14,CUST103023,PRD200556,-1,63000.0,Cash,AM861867879,30/08/2024 10:05
TXN90009306,ST09,CUST102682,PRD200992,1,3000.0,CASH,AM397465098,2024-11-07 02:30:00
TXN90009307,ECOM01,CUST103059,PRD201000,1,2200.0,MTN Mobile Money,CASH-8814,2024-12-15 21:37:00
TXN90009308,ECOM01,CUST102218,PRD200963,1,1200.0,MTN Mobile Money,MP695208409,2024-07-07 10:51:00
TXN90009309,ST01,CUST103159,PRD200224,2,"UGX 5,850",Airtel Money,,2024-10-22 16:06:00
TXN90009310,ST16,CUST101188,PRD200240,2,8100.0,AirtelMoney,MP257696132,2024-07-08 07:52:00
TXN90009311,ST14,CUST101261,PRD200403,1,4950.0,Cash,CASH-3474,2024-09-01 21:57:00
TXN90009312,ECOM01,CUST104012,PRD200848,1,"57,500",momo,AM470635339,2024-08-27 13:11:00
TXN90009313,ST02,CUST101932,PRD200612,4,12000.0,MTN Mobile Money,MP915062431,2024-10-19 09:55:00
TXN90009314,ST18,CUST101012,PRD200120,2,625.0,momo,AUTH43003,2024-07-22 21:39:00
TXN90009315,ST04,CUST103032,PRD200687,1,60000.0,Cash,CASH-3902,2024-09-26 22:26:00
TXN90009316,ST01,CUST100812,PRD200471,2,2500.0,momo,AUTH42749,2024-08-30 23:56:00
TXN90009317,ST12,CUST100933,PRD200216,1,16500.0,Cash,MP168640561,2024-07-18 21:44:00
TXN90009318,ST12,CUST104734,PRD200295,2,UGX2875,Airtel Money,,2024-09-02 00:21:00
TXN90009319,ST09,,PRD200935,1,"42,000",MTN MoMo,AUTH94312,2024-07-25 05:25:00
TXN90009320,ST04,,PRD200622,2,75000.0,momo,MP568769717,02/08/2024 07:39
TXN90009321,ST16,CUST102063,PRD200759,3,8625.0,Airtel Money,AUTH41405,2024-09-09 00:09:00
TXN90009322,ST02,CUST101780,PRD200448,1,2750.0,Cash,MP794724738,2024-12-12 01:40:00
TXN90009323,ST16,CUST102308,PRD200039,3,4500.0,Card,MP574682472,03/07/2024 06:56
TXN90009324,ST10,CUST102656,PRD200162,3,40250.0,Airtel Money,AUTH19727,20/09/2024 08:20
TXN90009325,ST19,CUST104617,PRD200660,1,62500.0,Card,AM432998111,2024-10-08 11:42:00
TXN90009326,ST22,CUST103279,PRD201128,2,1950.0,Cash,AUTH69993,2024-10-27 03:24:00
TXN90009327,ST15,CUST103440,PRD200851,1,1300.0,CASH,AUTH56621,27/09/2024 14:03
TXN90009328,ST22,CUST102877,PRD200179,1,6750.0,AirtelMoney,CASH-2927,2024-10-23 08:48:00
TXN90009329,ST15,CUST103581,PRD200408,1,19500.0,MTN MoMo,AM284318196,2024-07-22 20:32:00
TXN90009330,ECOM01,,PRD201078,1,12500.0,CASH,,2024-11-20 07:08:00
TXN90009331,ST22,CUST103493,PRD200986,1,5175.0,MTN MoMo,CASH-6544,2024-10-12 00:44:00
TXN90009332,ST05,CUST103623,PRD200173,1,62500.0,Cash,AM359621213,2024-08-05 14:29:00
TXN90009333,ST18,CUST101032,PRD200256,1,975.0,Airtel Money,AM464490941,2024-11-10 02:49:00
TXN90009334,ST18,CUST104389,PRD200179,1,6750.0,Airtel Money,MP965497543,2024-10-31 13:32:00
TXN90009335,ST17,CUST100292,PRD200410,4,55000.0,MTN Mobile Money,MP503285228,03/07/2024 10:43
TXN90009336,ST15,CUST101900,PRD200949,1,2500.0,momo,AM478255808,09/08/2024 10:49
TXN90009337,ST04,,PRD200019,3,6500.0,MTN Mobile Money,AUTH44797,14/12/2024 10:04
TXN90009338,ST06,CUST103683,PRD200495,1,2500.0,MTN Mobile Money,MP677303981,2024-11-10 15:42:00
TXN90009339,ECOM01,CUST101182,PRD200278,3,1350.0,Airtel Money,MP527666329,2024-08-30 16:53:00
TXN90009340,ST01,CUST102507,PRD200846,1,8100.0,Cash,AUTH84078,2024-11-11 21:09:00
TXN90009341,ST02,,PRD201113,5,63000.0,MTN MoMo,CASH-5574,2024-08-15 09:49:00
TXN90009342,ST01,CUST104540,PRD200182,1,1883.72,Airtel Money,AUTH73873,2024-09-19 00:20:00
TXN90009343,ST01,CUST102914,PRD200481,1,1250.0,Card,MP303316778,2024-08-20 22:30:00
TXN90009344,ST11,CUST102706,PRD201127,2,1950.0,Card,AUTH57284,2024-07-25 12:43:00
TXN90009345,ST05,CUST101413,PRD200034,4,12500.0,MTN MoMo,MP979437184,2024-08-22 18:18:00
TXN90009346,ST11,CUST101342,PRD200988,3,1800.0,MTN MoMo,AM814751893,28/08/2024 03:31
TXN90009347,ECOM01,CUST103642,PRD201153,1,"UGX 9,750",CASH,AM974449436,2024-11-06 07:32:00
TXN90009348,ECOM01,CUST103591,PRD200966,2,1200.0,Cash,MP906420659,2024-12-03 12:21:00
TXN90009349,ST17,CUST101854,PRD200739,2,8250.0,momo,CASH-1302,2024-07-29 19:15:00
TXN90009350,ST14,CUST100123,PRD200978,2,40250.0,MTN MoMo,AUTH39414,2024-07-09 09:43:00
TXN90009351,ST06,CUST101228,PRD201025,2,4500.0,momo,CASH-5752,2024-11-04 03:10:00
TXN90009352,ECOM01,,PRD200422,1,8100.0,Card,AM636276416,03/07/2024 21:03
TXN90009353,ST21,CUST101672,PRD201137,1,12500.0,Card,AUTH84620,2024-08-29 03:58:00
TXN90009354,ST12,CUST101382,PRD200440,3,428.94,MTN MoMo,AUTH57557,2024-11-27 23:41:00
TXN90009355,ST13,CUST101477,PRD200013,2,8250.0,MTN Mobile Money,AM721210044,2024-10-25 01:59:00
TXN90009356,ST23,CUST103183,PRD200328,4,3750.0,Cash,MP944102084,2024-10-27 20:42:00
TXN90009357,ST22,,PRD200917,1,"3,450",Cash,AUTH82110,2024-12-21 17:12:00
TXN90009358,ECOM01,CUST102825,PRD200340,1,18750.0,MTN MoMo,AM176737930,2024-10-11 02:56:00
TXN90009359,ST11,,PRD200922,1,55000.0,Airtel Money,MP451913188,22/10/2024 23:08
TXN90009360,ST10,CUST104687,PRD200963,2,1200.0,MTN MoMo,MP823855443,2024-07-16 14:36:00
TXN90009361,ECOM01,CUST100151,PRD200023,2,3600.0,Card,,08/07/2024 12:32
TXN90009362,ST07,CUST101771,PRD200953,2,11250.0,Airtel Money,MP503178407,2024-09-08 11:17:00
TXN90009363,ST19,,PRD201095,1,5175.0,Airtel Money,,2024-07-11 17:11:00
TXN90009364,ST21,CUST102238,PRD200752,-1,825.0,Airtel Money,AUTH14234,2024-09-28 04:03:00
TXN90009365,ST17,CUST103212,PRD200685,1,1150.0,Airtel Money,MP670517762,2024-09-01 23:32:00
TXN90009366,ST20,CUST101186,PRD200512,1,4500.0,AirtelMoney,AUTH41365,2024-07-10 21:00:00
TXN90009367,ST09,CUST101411,PRD201000,3,2200.0,MTN MoMo,MP106084746,2024-10-02 09:52:00
TXN90009368,ECOM01,CUST102860,PRD200937,1,"UGX 13,000",MTN MoMo,AM423738951,31/07/2024 11:08
TXN90009369,ECOM01,CUST103199,PRD201164,1,19500.0,MTN MoMo,MP127054399,2024-09-12 06:08:00
TXN90009370,ST18,CUST104853,PRD200597,1,5750.0,MTN Mobile Money,CASH-4215,09/10/2024 15:42
TXN90009371,ST12,CUST100900,PRD200651,1,12000.0,Cash,,2024-08-31 06:34:00
TXN90009372,ST02,,PRD200715,-1,6000.0,MTN Mobile Money,AUTH28077,2024-07-20 14:55:00
TXN90009373,ST07,CUST103326,PRD200882,1,550.0,AirtelMoney,AM649810898,2024-10-20 16:35:00
TXN90009374,ECOM01,CUST100070,PRD201108,1,36000.0,CASH,CASH-9286,26/09/2024 17:04
TXN90009375,ST19,CUST101179,PRD200171,2,24000.0,Card,AM725977505,15/09/2024 11:30
TXN90009376,ST23,CUST100321,PRD200992,1,3000.0,MTN MoMo,,2024-11-19 22:01:00
TXN90009377,ST01,CUST102022,PRD200468,1,UGX15000,MTN MoMo,MP672441420,2024-11-09 03:36:00
TXN90009378,ECOM01,CUST104632,PRD200048,1,650.0,Cash,CASH-8943,10/07/2024 07:07
TXN90009379,ST12,,PRD200150,1,UGX25000,momo,AM317332604,2024-08-18 10:22:00
TXN90009380,ST13,CUST103784,PRD201080,1,6250.0,Airtel Money,AM428189291,2024-07-03 07:45:00
TXN90009381,ST16,CUST101146,PRD200334,4,600.0,MTN MoMo,AUTH89039,2024-07-28 11:03:00
TXN90009382,ECOM01,CUST104513,PRD200182,1,1883.72,MTN MoMo,AUTH37447,2024-07-22 14:22:00
TXN90009383,ST09,CUST104050,PRD200009,5,5500.0,MTN Mobile Money,MP521145699,2024-08-09 17:26:00
TXN90009384,ST12,CUST103889,PRD200771,3,1950.0,MTN MoMo,AUTH33218,25/11/2024 11:49
TXN90009385,ST20,CUST104496,PRD200149,3,900.0,MTN MoMo,AM239780844,2024-07-16 21:32:00
TXN90009386,ST15,CUST101782,PRD200185,2,600.0,AirtelMoney,MP969668273,2024-12-18 06:16:00
TXN90009387,ST12,CUST104818,PRD200362,2,3450.0,CASH,CASH-2516,2024-08-27 19:11:00
TXN90009388,ST11,CUST100189,PRD200054,4,1125.0,MTN Mobile Money,AM531116887,2024-08-05 23:38:00
TXN90009389,ECOM01,CUST103447,PRD200280,-1,3630.88,MTN MoMo,CASH-2569,2024-11-15 17:57:00
TXN90009390,ST16,CUST102047,PRD200940,2,825.0,MTN MoMo,MP925187077,2024-11-25 16:15:00
TXN90009391,ECOM01,CUST100176,PRD200067,1,8100.0,MTN MoMo,AM312633651,2024-09-25 19:31:00
TXN90009392,ST21,CUST103849,PRD200023,1,3600.0,MTN Mobile Money,MP715771496,2024-10-04 03:56:00
TXN90009393,ECOM01,CUST102621,PRD200970,3,5175.0,MTN MoMo,MP357262047,28/07/2024 03:36
TXN90009394,ST14,CUST104442,PRD200273,1,2700.0,MTN MoMo,MP328544338,2024-09-26 00:00:00
TXN90009395,ECOM01,CUST102231,PRD200106,2,2875.0,MTN MoMo,CASH-7252,2024-10-10 18:03:00
TXN90009396,ST08,CUST103184,PRD200084,1,1725.0,momo,CASH-2760,2024-10-10 19:02:00
TXN90009397,ST21,CUST102316,PRD200311,2,930.53,CASH,MP756883510,08/10/2024 18:36
TXN90009398,ST16,CUST102642,PRD200866,1,2700.0,MTN MoMo,MP548017867,2024-09-28 08:27:00
TXN90009399,ST06,CUST100676,PRD200448,1,2750.0,Airtel Money,MP121723117,01/12/2024 22:17
TXN90009400,ST13,CUST100538,PRD200497,1,600.0,Cash,,2024-09-15 21:15:00
TXN90009401,ST06,CUST103103,PRD200401,-1,5625.0,Cash,AM319953709,2024-07-25 00:15:00
TXN90009402,ST09,CUST104249,PRD200059,4,40250.0,MTN MoMo,MP480766919,2024-07-16 23:11:00
TXN90009403,ST18,CUST104788,PRD200362,1,3450.0,Cash,,2024-11-23 15:49:00
TXN90009404,ST11,CUST102567,PRD200446,1,2400.0,Card,AM486759385,18/08/2024 06:46
TXN90009405,ST12,CUST104966,PRD200509,1,9375.0,Airtel Money,AUTH59021,2024-09-26 12:26:00
TXN90009406,ST15,CUST104442,PRD200498,1,625.0,momo,CASH-5028,2024-12-12 06:32:00
TXN90009407,ST10,CUST101681,PRD200215,1,36165.21,Cash,,2024-07-08 08:23:00
TXN90009408,ST15,CUST104750,PRD200453,2,9750.0,MTN Mobile Money,MP712237623,2024-12-23 19:04:00
TXN90009409,ST15,CUST104209,PRD200005,1,1200.0,Cash,AUTH55299,2024-11-14 20:32:00
TXN90009410,ST02,CUST101637,PRD200324,4,"UGX 27,000",Cash,,2024-07-07 17:55:00
TXN90009411,ST17,CUST104737,PRD200757,1,825.0,Airtel Money,CASH-9263,2024-12-05 03:58:00
TXN90009412,ECOM01,CUST101136,PRD200914,1,16500.0,MTN MoMo,AUTH15534,2024-07-29 14:53:00
TXN90009413,ST15,CUST104683,PRD200647,1,13000.0,Airtel Money,AM742130700,2024-10-31 09:27:00
TXN90009414,ST05,CUST103551,PRD200868,1,"12,500",CASH,CASH-1167,2024-10-27 15:29:00
TXN90009415,ECOM01,CUST101494,PRD201098,1,75000.0,MTN MoMo,MP615200530,2024-08-21 08:49:00
TXN90009416,ST15,CUST103646,PRD200285,3,625.0,MTN MoMo,,2024-11-05 23:56:00
TXN90009417,ST21,CUST104159,PRD200572,1,3750.0,MTN Mobile Money,AM830100001,2024-08-29 16:45:00
TXN90009418,ST09,CUST102809,PRD200612,1,12000.0,CASH,AUTH81597,2024-08-09 01:00:00
TXN90009419,ST08,CUST101001,PRD201137,3,12500.0,MTN MoMo,CASH-6046,04/09/2024 13:10
TXN90009420,ST10,CUST101461,PRD200099,1,7500.0,Airtel Money,CASH-2432,10/07/2024 16:59
TXN90009421,ST02,CUST101592,PRD200733,3,5500.0,Cash,,2024-11-16 15:41:00
TXN90009422,ST08,CUST100568,PRD201151,4,23000.0,MTN MoMo,MP912564311,02/09/2024 10:50
TXN90009423,ST17,CUST103212,PRD200035,1,11500.0,MTN MoMo,CASH-2322,2024-10-30 18:25:00
TXN90009424,ST07,,PRD200434,2,16500.0,momo,,2024-12-21 22:15:00
TXN90009425,ECOM01,CUST101504,PRD200965,1,8100.0,MTN MoMo,AUTH73069,2024-12-18 05:03:00
TXN90009426,ST17,CUST103769,PRD200607,-1,920.33,MTN MoMo,MP987704462,06/10/2024 18:11
TXN90009427,ST08,CUST100826,PRD200759,2,8625.0,MTN MoMo,CASH-7044,2024-10-19 01:06:00
TXN90009428,ST17,,PRD200794,3,2300.0,Airtel Money,AM986088588,2024-07-25 13:52:00
TXN90009429,ST14,CUST100299,PRD200156,3,26000.0,Cash,AM444401731,2024-11-08 21:28:00
TXN90009430,ST19,CUST102968,PRD200215,5,36165.21,Cash,CASH-9094,2024-08-12 17:52:00
TXN90009431,ECOM01,CUST101745,PRD200418,3,23000.0,Airtel Money,MP652989826,2024-08-25 05:32:00
TXN90009432,ST17,CUST102800,PRD200529,3,18000.0,Airtel Money,CASH-2505,2024-07-09 23:43:00
TXN90009433,ST22,CUST104389,PRD200477,3,UGX3000,Cash,AM155585626,2024-10-31 04:50:00
TXN90009434,ST06,CUST103902,PRD201119,2,18000.0,MTN MoMo,AUTH23843,2024-09-24 21:39:00
TXN90009435,ST12,CUST101201,PRD200249,1,650.0,AirtelMoney,AUTH50953,2024-10-27 11:57:00
TXN90009436,ECOM01,CUST101452,PRD200988,2,1800.0,MTN MoMo,AM667494575,2024-11-21 12:39:00
TXN90009437,ST11,CUST102887,PRD201156,1,90000.0,Airtel Money,MP473639507,27/07/2024 21:53
TXN90009438,ST18,CUST101529,PRD200584,1,5175.0,Cash,MP508382756,2024-09-14 21:13:00
TXN90009439,ST13,CUST101628,PRD200593,4,550,MTN MoMo,AM176798717,2024-08-10 07:02:00
TXN90009440,ST19,CUST102786,PRD200796,2,2750.0,Cash,AUTH88581,2024-09-14 06:15:00
TXN90009441,ST22,,PRD200132,1,6750.0,MTN Mobile Money,AUTH21332,2024-08-15 16:53:00
TXN90009442,ST07,CUST100530,PRD200450,3,2700.0,MTN Mobile Money,CASH-8088,03/08/2024 15:27
TXN90009443,ST17,CUST102904,PRD201079,5,UGX1800,Cash,,2024-10-08 01:43:00
TXN90009444,ST15,CUST101253,PRD200518,2,3900.0,momo,CASH-3394,15/09/2024 23:47
TXN90009445,ST13,CUST100254,PRD200681,2,11000.0,Cash,AM513031449,2024-07-08 12:32:00
TXN90009446,ST04,CUST101521,PRD200484,3,4500.0,Airtel Money,AM313584412,2024-10-07 05:18:00
TXN90009447,ST12,CUST104407,PRD200460,1,4500.0,MTN MoMo,AUTH32024,2024-07-13 09:16:00
TXN90009448,ST19,CUST104303,PRD200646,1,18000.0,CASH,,2024-12-19 06:56:00
TXN90009449,ST17,CUST100142,PRD200995,2,550.0,MTN MoMo,AM483560657,2024-09-15 06:22:00
TXN90009450,ECOM01,CUST102242,PRD200837,-1,90000.0,Cash,,2024-07-21 05:56:00
TXN90009451,ECOM01,CUST100700,PRD200027,2,2250.0,MTN MoMo,AUTH64157,2024-09-30 07:43:00
TXN90009452,ST03,CUST102674,PRD200659,1,5595.96,CASH,MP506522280,2024-10-28 18:25:00
TXN90009453,ST01,CUST101104,PRD200194,1,25000.0,MTN MoMo,,2024-11-13 02:52:00
TXN90009454,ST11,CUST101282,PRD200632,1,1125.0,MTN MoMo,AM521390565,2024-07-17 06:37:00
TXN90009455,ST13,CUST104429,PRD200764,4,1725.0,MTN Mobile Money,MP922115577,2024-10-01 09:46:00
TXN90009456,ST08,CUST100019,PRD200594,1,22000.0,AirtelMoney,AM356284088,2024-09-13 01:38:00
TXN90009457,ST16,CUST102713,PRD200570,1,38500.0,MTN MoMo,AM430948059,26/09/2024 11:49
TXN90009458,ST20,CUST104427,PRD201138,1,"5,596",momo,AUTH81037,2024-08-30 05:13:00
TXN90009459,ST04,CUST100889,PRD200305,-2,3750.0,MTN MoMo,AUTH38972,2024-11-17 09:50:00
TXN90009460,ST23,CUST102151,PRD200591,2,12500.0,Cash,AM983553293,25/10/2024 02:56
TXN90009461,ECOM01,CUST102015,PRD200349,3,63000.0,CASH,MP116500876,2024-11-25 20:27:00
TXN90009462,ST06,,PRD200781,1,25000.0,momo,AUTH58578,2024-09-01 19:09:00
TXN90009463,ST14,CUST104460,PRD200058,2,9375.0,MTN MoMo,CASH-2311,2024-11-27 14:54:00
TXN90009464,ST19,CUST100920,PRD200155,1,625.0,momo,CASH-8325,2024-12-12 12:42:00
TXN90009465,ST09,CUST104032,PRD200911,3,22000.0,MTN MoMo,AUTH15692,2024-12-20 07:10:00
TXN90009466,ST19,CUST100664,PRD201126,1,2875.0,MTN Mobile Money,AM969885308,2024-07-22 14:09:00
TXN90009467,ST13,CUST102703,PRD200477,1,3000.0,CASH,AM336000477,2024-07-12 21:12:00
TXN90009468,ST20,CUST104423,PRD200481,1,1250.0,Airtel Money,AUTH46489,2024-07-29 18:31:00
TXN90009469,ST17,CUST101487,PRD200394,1,3600.0,Airtel Money,,2024-08-26 21:49:00
TXN90009470,ST06,CUST102068,PRD200808,4,19500.0,Cash,,2024-07-21 09:40:00
TXN90009471,ECOM01,CUST103684,PRD200476,1,11500.0,Cash,AUTH41306,2024-11-25 04:44:00
TXN90009472,ST16,CUST104726,PRD200108,1,"UGX 1,200",MTN Mobile Money,MP695342461,2024-07-09 06:43:00
TXN90009473,ECOM01,CUST100024,PRD200004,1,UGX1150,Airtel Money,MP386744977,04/07/2024 13:50
TXN90009474,ST11,CUST104560,PRD201136,1,2250.0,MTN Mobile Money,MP953381249,2024-11-30 08:37:00
TXN90009475,ST03,CUST104216,PRD201027,2,5850.0,MTN MoMo,CASH-7202,2024-10-26 16:08:00
TXN90009476,ST12,CUST100619,PRD200211,2,1875.0,CASH,MP489312578,2024-12-21 03:41:00
TXN90009477,ECOM01,CUST104348,PRD200771,1,1950.0,Airtel Money,AUTH58757,2024-08-03 16:16:00
TXN90009478,ST23,CUST101304,PRD200799,1,1150.0,CASH,CASH-1429,2024-12-17 09:33:00
TXN90009479,ST09,CUST102558,PRD200159,1,1150.0,MTN MoMo,AUTH77399,2024-07-14 16:58:00
TXN90009480,ST23,CUST101240,PRD201019,2,1875.0,Card,AUTH97829,2024-07-02 10:24:00
TXN90009481,ECOM01,CUST104527,PRD200409,1,1950.0,MTN Mobile Money,,2024-11-23 02:30:00
TXN90009482,ECOM01,CUST101998,PRD200319,1,"UGX 2,400",MTN Mobile Money,CASH-3741,2024-10-04 17:47:00
TXN90009483,ST16,CUST104684,PRD200105,2,25000.0,MTN MoMo,AUTH48266,2024-11-27 06:48:00
TXN90009484,ECOM01,CUST102994,PRD200323,2,4950.0,MTN MoMo,CASH-3660,2024-12-08 23:48:00
TXN90009485,ECOM01,CUST104604,PRD200494,3,25000.0,Airtel Money,AUTH11412,2024-11-29 14:57:00
TXN90009486,ST08,,PRD200989,3,17250.0,Card,CASH-3766,2024-10-04 04:33:00
TXN90009487,ST10,CUST103596,PRD200731,2,3125.0,AirtelMoney,AUTH11549,2024-09-16 17:05:00
TXN90009488,ST06,CUST102546,PRD200830,1,36000.0,Cash,AM359961899,2024-07-25 20:43:00
TXN90009489,ST03,CUST101301,PRD200846,2,8100.0,MTN MoMo,AUTH57517,2024-12-27 19:45:00
TXN90009490,ST09,CUST101635,PRD200991,3,975.0,Airtel Money,,2024-12-21 08:21:00
TXN90009491,ST06,CUST102193,PRD200455,1,575.0,Airtel Money,MP794424976,21/12/2024 14:55
TXN90009492,ST22,CUST104398,PRD200966,4,1200.0,AirtelMoney,AUTH56358,2024-11-08 03:59:00
TXN90009493,ST08,CUST104789,PRD200471,1,2500.0,MTN Mobile Money,,2024-12-17 20:34:00
TXN90009494,ST05,CUST102016,PRD200180,2,5400.0,Airtel Money,AM239285537,2024-08-26 21:35:00
TXN90009495,ST16,CUST102497,PRD200366,2,5400.0,Card,MP975733447,25/12/2024 23:03
TXN90009496,ST19,CUST100101,PRD200232,2,9375.0,Airtel Money,AM578461776,2024-07-24 15:02:00
TXN90009497,ST07,,PRD200870,1,1800.0,Cash,AUTH54344,2024-07-29 09:07:00
TXN90009498,ST23,CUST100788,PRD200126,3,750.0,CASH,AUTH71815,2024-07-22 15:12:00
TXN90009499,ST11,CUST103205,PRD200980,2,625.0,Airtel Money,AUTH66237,2024-09-30 02:07:00
TXN90009500,ECOM01,CUST102006,PRD200360,1,52500.0,MTN MoMo,AUTH89978,2024-07-05 04:19:00
TXN90009501,ECOM01,,PRD200291,4,42000.0,AirtelMoney,MP731487770,2024-11-15 19:12:00
TXN90009502,ECOM01,CUST100889,PRD200495,5,2500.0,MTN MoMo,CASH-4633,2024-11-14 23:32:00
TXN90009503,ST20,CUST101615,PRD200105,1,25000.0,MTN Mobile Money,CASH-4555,2024-12-13 13:09:00
TXN90009504,ST02,CUST100818,PRD200378,2,3300.0,Cash,AUTH46669,2024-09-18 06:52:00
TXN90009505,ST22,CUST104836,PRD200271,1,5625.0,Cash,CASH-2820,2024-12-05 23:42:00
TXN90009506,ST11,CUST104783,PRD200091,1,62500.0,CASH,MP655906353,2024-07-20 09:19:00
TXN90009507,ST11,CUST104094,PRD200948,1,825.0,Cash,CASH-8936,2024-07-02 16:03:00
TXN90009508,ST21,CUST102534,PRD200442,2,3750.0,Airtel Money,AUTH93694,2024-10-27 18:50:00
TXN90009509,ECOM01,CUST100366,PRD200115,1,60000.0,MTN MoMo,,2024-11-05 03:10:00
TXN90009510,ST01,CUST104963,PRD200906,4,8250.0,Airtel Money,AM616469742,2024-11-04 03:32:00
TXN90009511,ST06,CUST103863,PRD201151,2,23000.0,Airtel Money,MP855341056,08/08/2024 06:12
TXN90009512,ST14,CUST102490,PRD200901,2,18000.0,MTN MoMo,AM924229767,2024-08-26 20:16:00
TXN90009513,ST22,CUST102043,PRD201076,1,9375.0,MTN Mobile Money,AUTH53874,2024-08-20 05:39:00
TXN90009514,ST11,CUST103771,PRD200062,3,6250.0,Airtel Money,CASH-8074,2024-10-25 05:23:00
TXN90009515,ST11,CUST104052,PRD200910,-1,3750.0,Airtel Money,CASH-9945,2024-08-22 10:57:00
TXN90009516,ST15,CUST103417,PRD200324,4,27000.0,MTN Mobile Money,AM287824723,2024-08-21 11:41:00
TXN90009517,ECOM01,CUST102945,PRD200649,2,36000.0,CASH,MP523979759,2024-11-03 13:21:00
TXN90009518,ST15,CUST100502,PRD200615,2,1875.0,MTN Mobile Money,MP681961170,2024-09-17 13:38:00
TXN90009519,ST01,CUST103660,PRD201139,1,23000.0,CASH,MP788180066,2024-08-29 01:50:00
TXN90009520,ST21,CUST102209,PRD200033,5,2300.0,momo,AM824658525,2024-11-12 02:51:00
TXN90009521,ST23,,PRD200877,1,650.0,MTN Mobile Money,,2024-10-06 04:40:00
TXN90009522,ST07,CUST102400,PRD200747,-2,2300.0,Cash,,2024-07-22 14:08:00
TXN90009523,ST12,CUST101133,PRD200869,1,2700.0,momo,AM460115852,16/09/2024 06:13
TXN90009524,ECOM01,CUST101242,PRD201156,5,90000.0,momo,,2024-10-14 07:20:00
TXN90009525,ST18,CUST103973,PRD200285,4,625.0,AirtelMoney,,2024-08-03 18:09:00
TXN90009526,ST01,,PRD200450,2,2700.0,MTN MoMo,MP206086363,2024-08-30 20:42:00
TXN90009527,ST08,CUST101709,PRD200963,1,1200.0,Cash,MP213440513,2024-12-18 13:35:00
TXN90009528,ST19,CUST101977,PRD200238,4,43750.0,AirtelMoney,,2024-10-24 14:48:00
TXN90009529,ECOM01,,PRD200235,1,825.0,MTN Mobile Money,,2024-09-23 20:36:00
TXN90009530,ST13,CUST101680,PRD200701,2,26000.0,Cash,CASH-9111,2024-12-09 16:35:00
TXN90009531,ST07,CUST103652,PRD200639,1,19500.0,AirtelMoney,AM290892821,2024-07-12 23:18:00
TXN90009532,ST17,CUST100929,PRD200670,2,8250.0,Cash,AUTH65869,2024-10-21 18:59:00
TXN90009533,ST09,CUST103896,PRD200282,1,5175.0,MTN MoMo,CASH-1902,2024-08-21 16:46:00
TXN90009534,ECOM01,CUST103068,PRD200983,3,1725.0,Cash,AUTH96032,2024-07-29 19:01:00
TXN90009535,ST19,CUST102423,PRD200186,2,"15,000",Cash,MP495966087,2024-12-13 11:39:00
TXN90009536,ST08,,PRD200453,1,9750.0,MTN MoMo,AUTH67797,2024-08-30 19:19:00
TXN90009537,ST09,CUST103205,PRD200025,1,1875.0,Airtel Money,MP266892546,2024-10-10 16:02:00
TXN90009538,ECOM01,CUST100227,PRD200019,5,6500.0,AirtelMoney,MP265824506,2024-11-19 21:12:00
TXN90009539,ST01,CUST102965,PRD201147,1,2300.0,MTN MoMo,AUTH47030,2024-09-14 21:04:00
TXN90009540,ST04,CUST104811,PRD200149,4,900.0,MTN MoMo,MP671190017,2024-12-06 13:48:00
TXN90009541,ST07,CUST104262,PRD200921,-2,3750.0,Card,CASH-4153,2024-09-18 20:38:00
TXN90009542,ECOM01,CUST101772,PRD200881,-2,63000.0,MTN Mobile Money,MP725552510,2024-10-19 20:24:00
TXN90009543,ST02,CUST101502,PRD200311,1,930.53,Airtel Money,CASH-3917,2024-12-09 20:15:00
TXN90009544,ST01,CUST104213,PRD200152,2,30000.0,MTN MoMo,CASH-6697,2024-11-14 19:59:00
TXN90009545,ST22,CUST101662,PRD200600,1,671.99,Card,MP828077566,2024-10-18 13:34:00
TXN90009546,ST09,,PRD201066,2,"UGX 57,500",MTN MoMo,MP774721755,2024-09-19 11:17:00
TXN90009547,ECOM01,CUST104980,PRD200601,1,18750.0,Cash,MP441018876,10/12/2024 03:23
TXN90009548,ST10,CUST101541,PRD201126,1,UGX2875,Card,CASH-1964,2024-09-20 15:34:00
TXN90009549,ST07,CUST101002,PRD200722,2,65000.0,Airtel Money,AUTH28115,2024-07-08 12:16:00
TXN90009550,ECOM01,CUST102087,PRD200866,3,"2,700",AirtelMoney,,2024-08-03 10:12:00
TXN90009551,ECOM01,CUST103457,PRD200454,1,22500.0,MTN MoMo,AUTH17725,25/08/2024 12:56
TXN90009552,ECOM01,CUST103267,PRD201134,2,1200.0,Airtel Money,AM491919885,2024-07-05 10:21:00
TXN90009553,ECOM01,CUST103214,PRD200735,1,15000.0,MTN Mobile Money,MP656886518,2024-11-26 06:47:00
TXN90009554,ECOM01,CUST103447,PRD201037,1,36000.0,MTN Mobile Money,,2024-10-31 00:12:00
TXN90009555,ST05,CUST100373,PRD201153,2,9750.0,momo,AUTH89211,2024-08-25 01:07:00
TXN90009556,ST07,CUST103279,PRD200323,1,4950.0,Card,CASH-8252,2024-07-09 04:17:00
TXN90009557,ST19,CUST104989,PRD200272,3,42000.0,CASH,AM553819152,2024-09-22 09:06:00
TXN90009558,ECOM01,CUST103906,PRD200842,2,3450.0,MTN MoMo,AUTH35155,2024-09-11 08:13:00
TXN90009559,ST05,CUST103933,PRD200343,-1,1500.0,CASH,AM335794210,2024-12-26 15:02:00
TXN90009560,ST10,CUST104630,PRD200617,1,38500.0,Airtel Money,,2024-12-25 15:49:00
TXN90009561,ECOM01,CUST102131,PRD200687,2,60000.0,AirtelMoney,,03/10/2024 16:17
TXN90009562,ST19,CUST103426,PRD200463,-1,36000.0,MTN MoMo,AM910861885,2024-10-17 00:52:00
TXN90009563,ST09,CUST102673,PRD200905,2,2200.0,MTN MoMo,AUTH44495,2024-10-26 15:27:00
TXN90009564,ST09,CUST102377,PRD200552,3,11000.0,CASH,AUTH32667,2024-09-20 10:21:00
TXN90009565,ST14,CUST102312,PRD201129,3,18000.0,MTN MoMo,,2024-12-21 12:52:00
TXN90009566,ST05,CUST104000,PRD200715,4,6000.0,Cash,,2024-10-13 08:59:00
TXN90009567,ST07,CUST100032,PRD201062,1,3750.0,Cash,AUTH30473,2024-07-05 16:14:00
TXN90009568,ST03,CUST104094,PRD200204,3,"UGX 40,250",Cash,CASH-2762,09/08/2024 12:21
TXN90009569,ST16,CUST103065,PRD201048,1,90000.0,MTN MoMo,MP582751740,2024-07-28 05:51:00
TXN90009570,ST10,CUST104924,PRD200109,2,975.0,Cash,AUTH50634,2024-09-12 02:51:00
TXN90009571,ECOM01,CUST102670,PRD200908,3,3600.0,CASH,CASH-2212,2024-08-18 13:32:00
TXN90009572,ECOM01,CUST100602,PRD200753,1,5625.0,momo,AUTH71282,2024-08-07 17:31:00
TXN90009573,ST04,CUST100515,PRD201033,2,63000.0,Airtel Money,CASH-1799,2024-11-16 18:46:00
TXN90009574,ECOM01,CUST100781,PRD200197,1,13500.0,MTN MoMo,CASH-4115,2024-09-03 02:21:00
TXN90009575,ST21,CUST101282,PRD201028,2,3900.0,Airtel Money,MP581270599,09/12/2024 00:04
TXN90009576,ST20,CUST100008,PRD200418,5,23000.0,Airtel Money,AUTH22726,2024-08-22 19:17:00
TXN90009577,ST14,CUST101185,PRD200805,2,8100.0,MTN MoMo,AM219116143,04/12/2024 14:58
TXN90009578,ST13,,PRD200640,1,2107.76,MTN MoMo,MP561752649,04/07/2024 06:10
TXN90009579,ST07,CUST102276,PRD200069,2,9000.0,Airtel Money,AUTH51681,2024-11-05 16:15:00
TXN90009580,ST05,CUST104095,PRD201162,4,18000.0,MTN MoMo,MP971641733,2024-07-27 05:42:00
TXN90009581,ST04,CUST103970,PRD200216,1,16500.0,MTN MoMo,AUTH52709,2024-08-04 01:02:00
TXN90009582,ST04,CUST101567,PRD200922,1,55000.0,CASH,CASH-1118,2024-08-28 09:26:00
TXN90009583,ST07,CUST102747,PRD200522,2,38500.0,AirtelMoney,MP430206501,2024-09-06 09:55:00
TXN90009584,ST12,CUST103504,PRD200111,4,63000.0,MTN MoMo,CASH-2850,2024-11-26 02:22:00
TXN90009585,ST08,CUST102819,PRD200360,3,52500.0,MTN MoMo,CASH-4935,2024-08-10 11:10:00
TXN90009586,ECOM01,,PRD200256,1,975.0,MTN MoMo,CASH-6878,2024-12-11 18:31:00
TXN90009587,ST14,CUST104230,PRD201123,3,4950.0,Airtel Money,AM773393223,2024-10-29 07:40:00
TXN90009588,ST16,CUST102928,PRD200732,5,2300.0,Card,AM523966654,2024-09-20 20:46:00
TXN90009589,ST18,CUST102223,PRD200370,1,38500.0,momo,AUTH41145,2024-10-03 11:20:00
TXN90009590,ECOM01,CUST100629,PRD200670,1,8250.0,MTN MoMo,AM459767136,22/07/2024 19:00
TXN90009591,ST13,,PRD200395,4,36000.0,Airtel Money,MP366861237,2024-12-13 06:49:00
TXN90009592,ST17,CUST104082,PRD200680,1,7500.0,AirtelMoney,CASH-4502,2024-08-07 00:06:00
TXN90009593,ST09,CUST101207,PRD201005,2,5400.0,MTN Mobile Money,CASH-5128,2024-07-08 08:44:00
TXN90009594,ECOM01,CUST103831,PRD200398,1,40250.0,MTN MoMo,MP522365160,2024-10-13 07:21:00
TXN90009595,ST02,,PRD200369,1,5400.0,Airtel Money,MP329666519,2024-10-20 13:31:00
TXN90009596,ST17,CUST101024,PRD200689,3,900.0,Cash,MP272285692,2024-10-26 05:22:00
TXN90009597,ECOM01,CUST103564,PRD201039,1,19500.0,Airtel Money,,2024-09-06 05:23:00
TXN90009598,ST07,CUST100978,PRD200672,2,23000.0,MTN MoMo,MP758627890,2024-11-26 03:29:00
TXN90009599,ST01,CUST100037,PRD200434,2,UGX16500,MTN Mobile Money,CASH-7048,2024-10-07 11:10:00
TXN90009600,ST09,CUST104416,PRD201128,3,1950.0,Airtel Money,AUTH70489,2024-09-29 15:03:00
TXN90009601,ECOM01,CUST103791,PRD200099,1,7500.0,MTN MoMo,AUTH10354,2024-10-08 07:47:00
TXN90009602,ECOM01,CUST103924,PRD201116,2,"UGX 18,000",MTN MoMo,AM466484473,2024-12-05 19:08:00
TXN90009603,ST06,CUST102125,PRD200139,2,3750.0,Cash,AM274012911,2024-12-18 16:29:00
TXN90009604,ST06,CUST100519,PRD200818,1,3450.0,Airtel Money,AUTH34031,2024-12-27 02:06:00
TXN90009605,ST23,CUST103474,PRD200468,1,15000.0,Cash,MP607330579,2024-08-09 20:17:00
TXN90009606,ECOM01,CUST104371,PRD200676,4,16500.0,Airtel Money,AM514028057,2024-08-24 13:30:00
TXN90009607,ST13,CUST103303,PRD200358,1,8100.0,CASH,AM998965891,2024-10-07 23:04:00
TXN90009608,ST01,CUST104790,PRD200634,1,63000.0,MTN MoMo,,2024-08-26 05:50:00
TXN90009609,ECOM01,CUST104980,PRD200257,3,1867.74,Cash,AM149062859,2024-11-15 02:43:00
TXN90009610,ST19,CUST102124,PRD200886,3,1300.0,MTN Mobile Money,AM543244645,2024-07-06 01:24:00
TXN90009611,ST19,CUST103143,PRD200788,2,90000.0,AirtelMoney,CASH-6621,2024-08-07 13:15:00
TXN90009612,ST02,CUST102121,PRD200480,-1,13000.0,Cash,CASH-6082,2024-08-11 03:37:00
TXN90009613,ECOM01,CUST102633,PRD200767,1,937.5,AirtelMoney,MP550554387,2024-07-15 14:54:00
TXN90009614,ST17,CUST103850,PRD200462,1,1125.0,CASH,AM689638589,2024-07-10 07:17:00
TXN90009615,ST02,CUST101063,PRD200285,3,625.0,CASH,AUTH62894,2024-12-16 17:10:00
TXN90009616,ST02,CUST100454,PRD200253,2,9750.0,Cash,AM429806133,22/10/2024 20:24
TXN90009617,ST22,CUST104425,PRD200621,2,9000.0,Cash,CASH-1573,21/08/2024 01:03
TXN90009618,ST22,CUST102961,PRD200954,3,38500.0,CASH,MP140826121,2024-09-20 15:48:00
TXN90009619,ECOM01,CUST100784,PRD200717,1,62500.0,Cash,AUTH80540,24/07/2024 04:11
TXN90009620,ST18,CUST100661,PRD200204,3,"40,250",AirtelMoney,MP173229340,2024-10-08 12:31:00
TXN90009621,ST17,CUST102269,PRD200652,1,65000.0,Airtel Money,AM123456360,2024-10-11 11:46:00
TXN90009622,ST07,CUST102818,PRD200966,1,1200.0,Airtel Money,MP671642314,2024-08-03 00:29:00
TXN90009623,ST12,,PRD200492,1,18000.0,Cash,CASH-6094,29/09/2024 18:35
TXN90009624,ST10,CUST102145,PRD200726,1,1800.0,momo,CASH-7154,2024-12-12 02:14:00
TXN90009625,ST15,CUST104344,PRD200637,2,22000.0,Cash,MP689986613,2024-08-20 08:21:00
TXN90009626,ST13,CUST104694,PRD200804,1,"5,400",CASH,AM660793234,2024-09-18 07:52:00
TXN90009627,ST01,CUST100155,PRD200875,1,4036.94,MTN MoMo,CASH-9122,2024-07-28 19:19:00
TXN90009628,ST21,CUST104115,PRD200053,1,9000.0,Cash,AM933729785,2024-07-30 07:52:00
TXN90009629,ST20,CUST103802,PRD200843,1,"UGX 3,450",Cash,AM370326611,2024-11-01 20:50:00
TXN90009630,ST03,CUST100686,PRD200612,3,12000.0,Cash,,2024-08-10 19:57:00
TXN90009631,ST10,CUST104443,PRD200306,1,8250.0,MTN MoMo,AUTH54928,31/07/2024 06:37
TXN90009632,ST11,CUST100839,PRD200119,2,UGX18000,Cash,MP451031107,2024-07-15 07:12:00
TXN90009633,ST05,CUST100319,PRD200876,1,30000.0,Airtel Money,AM404790723,23/08/2024 12:06
TXN90009634,ST11,CUST103331,PRD200567,1,75000.0,MTN Mobile Money,MP994652957,07/09/2024 03:09
TXN90009635,ECOM01,CUST102499,PRD200495,4,2500.0,MTN MoMo,MP937958841,2024-08-18 20:56:00
TXN90009636,ST02,CUST103610,PRD200523,2,825.0,Card,AM268867795,2024-11-04 07:17:00
TXN90009637,ECOM01,CUST101222,PRD200249,2,650.0,Airtel Money,CASH-3772,2024-07-02 12:31:00
TXN90009638,ECOM01,CUST103405,PRD200518,1,3900.0,MTN MoMo,,2024-12-25 05:24:00
TXN90009639,ECOM01,CUST104401,PRD200672,3,23000.0,Airtel Money,AM417634804,2024-09-03 18:17:00
TXN90009640,ST11,,PRD200740,2,65000.0,CASH,,2024-11-26 11:10:00
TXN90009641,ST18,CUST104455,PRD200264,3,1800.0,Airtel Money,AM557556795,2024-10-20 05:33:00
TXN90009642,ST04,CUST102211,PRD200568,1,1800.0,MTN Mobile Money,AUTH44836,2024-09-17 09:03:00
TXN90009643,ST13,,PRD200028,1,27000.0,Airtel Money,AUTH29165,2024-09-21 14:14:00
TXN90009644,ST07,CUST101109,PRD200375,1,3051.54,Airtel Money,MP667034226,01/07/2024 08:19
TXN90009645,ST22,,PRD200991,1,975.0,Cash,,2024-09-28 19:56:00
TXN90009646,ST23,CUST103633,PRD200673,2,6000.0,AirtelMoney,MP953553886,2024-11-16 09:25:00
TXN90009647,ECOM01,CUST102723,PRD200572,2,3750.0,Airtel Money,CASH-3431,2024-10-05 19:05:00
TXN90009648,ECOM01,CUST102465,PRD200245,4,4500.0,MTN MoMo,AUTH88845,2024-08-14 21:22:00
TXN90009649,ST07,CUST104786,PRD200644,1,UGX3000,Airtel Money,AM369813795,2024-11-20 00:26:00
TXN90009650,ST15,,PRD200686,-2,5400.0,CASH,MP659349290,2024-12-20 20:06:00
TXN90009651,ST18,CUST101993,PRD200955,2,1500.0,momo,AM356628273,29/10/2024 14:12
TXN90009652,ST21,CUST103207,PRD200649,1,36000.0,MTN MoMo,CASH-8746,2024-09-20 08:41:00
TXN90009653,ST07,CUST104875,PRD200699,1,"15,000",MTN Mobile Money,MP386812631,2024-07-28 18:46:00
TXN90009654,ST11,CUST100155,PRD200706,1,5500.0,Airtel Money,MP888666277,2024-07-21 12:34:00
TXN90009655,ST04,CUST104885,PRD200177,1,63000.0,MTN MoMo,AUTH86343,2024-07-20 05:38:00
TXN90009656,ST07,CUST101765,PRD200730,4,6750.0,Cash,AM254540462,2024-10-04 07:11:00
TXN90009657,ECOM01,CUST100946,PRD200496,1,750.0,MTN Mobile Money,MP139277298,27/11/2024 21:57
TXN90009658,ECOM01,CUST101574,PRD200782,3,52500.0,MTN Mobile Money,MP199256679,2024-09-30 23:02:00
TXN90009659,ECOM01,CUST104493,PRD200221,1,7500.0,Airtel Money,,2024-08-05 14:32:00
TXN90009660,ST20,CUST102245,PRD200246,3,22500.0,Cash,,2024-08-08 16:33:00
TXN90009661,ST17,CUST100230,PRD200409,3,1950.0,Airtel Money,AUTH31623,2024-10-10 08:24:00
TXN90009662,ST15,,PRD200739,1,8250.0,MTN Mobile Money,MP456330084,2024-09-08 14:55:00
TXN90009663,ST07,CUST104896,PRD200089,3,3125.0,MTN Mobile Money,,2024-11-30 10:40:00
TXN90009664,ST12,CUST102653,PRD200262,4,600.0,Airtel Money,AM507272324,2024-10-05 14:48:00
TXN90009665,ECOM01,CUST100507,PRD200495,1,2500.0,MTN MoMo,MP647059586,18/10/2024 09:46
TXN90009666,ECOM01,CUST101037,PRD200098,4,42000.0,Airtel Money,AM281895250,2024-11-30 17:09:00
TXN90009667,ST12,CUST104024,PRD200898,1,11500.0,Cash,AM373022718,2024-12-20 12:08:00
TXN90009668,ST11,CUST104813,PRD200506,4,600.0,Airtel Money,MP695714654,2024-07-09 19:19:00
TXN90009669,ECOM01,CUST103812,PRD200066,4,1250.0,Cash,AUTH49869,2024-11-05 05:09:00
TXN90009670,ST17,CUST104925,PRD200678,2,30586.26,Cash,AM381138373,2024-08-29 07:36:00
TXN90009671,ST13,CUST101661,PRD200319,1,2400.0,Cash,AM828792900,2024-09-13 08:24:00
TXN90009672,ST01,CUST100912,PRD200846,3,8100.0,momo,AM907327880,2024-09-11 19:20:00
TXN90009673,ST02,CUST101128,PRD200891,1,40250.0,AirtelMoney,AUTH88324,2024-12-20 18:39:00
TXN90009674,ST22,CUST102883,PRD200642,1,5500.0,Airtel Money,AM845807299,2024-09-29 04:05:00
TXN90009675,ECOM01,CUST104060,PRD200553,3,900.0,MTN Mobile Money,CASH-4749,2024-07-27 12:21:00
TXN90009676,ST15,CUST103402,PRD201098,2,75000.0,MTN MoMo,AM384545714,2024-08-03 18:35:00
TXN90009677,ECOM01,CUST102824,PRD200480,1,13000.0,MTN Mobile Money,AUTH96958,2024-07-12 13:07:00
TXN90009678,ST17,CUST101098,PRD200624,2,23000.0,MTN MoMo,AM114055590,2024-07-17 14:10:00
TXN90009679,ECOM01,CUST101391,PRD200022,-1,3900.0,Cash,CASH-1489,2024-11-13 08:33:00
TXN90009680,ST05,CUST102607,PRD200815,-1,45500.0,AirtelMoney,AUTH27895,14/11/2024 10:50
TXN90009681,ST08,CUST101694,PRD200203,-2,2300.0,momo,AUTH64229,2024-11-28 12:56:00
TXN90009682,ECOM01,CUST100624,PRD200359,1,2200.0,MTN Mobile Money,AUTH92955,2024-11-05 06:53:00
TXN90009683,ST22,CUST103558,PRD200359,-2,"2,200",MTN MoMo,AM533958341,2024-12-09 05:38:00
TXN90009684,ST03,CUST104901,PRD200050,1,900.0,MTN Mobile Money,AUTH81059,2024-07-08 08:12:00
TXN90009685,ECOM01,CUST104273,PRD200533,1,8250.0,Airtel Money,AUTH34196,09/07/2024 02:21
TXN90009686,ST16,CUST101202,PRD201006,1,5750.0,momo,CASH-4090,2024-11-28 18:52:00
TXN90009687,ST11,CUST103362,PRD200602,2,UGX6000,Cash,MP986081325,2024-11-11 17:44:00
TXN90009688,ST04,CUST101351,PRD200019,1,6500.0,Airtel Money,AUTH24518,2024-08-28 07:02:00
TXN90009689,ST21,CUST102657,PRD200202,2,42000.0,MTN Mobile Money,,2024-12-24 06:56:00
TXN90009690,ST17,CUST103408,PRD200431,1,2200.0,MTN MoMo,,2024-10-24 07:06:00
TXN90009691,ST10,CUST101317,PRD200962,1,6250.0,Airtel Money,CASH-2124,2024-07-04 09:27:00
TXN90009692,ST21,CUST103254,PRD200326,2,UGX3300,MTN MoMo,AUTH40185,2024-12-09 01:19:00
TXN90009693,ST07,CUST102344,PRD200782,3,52500.0,Cash,AM156063741,2024-10-23 00:54:00
TXN90009694,ST16,CUST104811,PRD201058,3,1150.0,AirtelMoney,MP442882510,2024-10-12 08:22:00
TXN90009695,ST18,CUST102822,PRD200636,1,"3,600",Cash,AM933743718,2024-10-18 22:22:00
TXN90009696,ST09,CUST104497,PRD200172,1,25000.0,MTN Mobile Money,AUTH20675,2024-12-25 18:39:00
TXN90009697,ST03,CUST104745,PRD200070,1,1100.0,AirtelMoney,MP197930152,2024-12-14 08:47:00
TXN90009698,ECOM01,CUST100436,PRD201136,4,2250.0,MTN Mobile Money,MP777354302,2024-07-18 19:21:00
TXN90009699,ST16,CUST102267,PRD200645,1,8388.73,MTN Mobile Money,AUTH33924,2024-11-01 18:49:00
TXN90009700,ECOM01,CUST102531,PRD200925,-1,"62,500",Card,MP238272392,2024-07-08 21:00:00
TXN90009701,ST21,CUST102808,PRD200872,2,1950.0,Cash,AM107202625,2024-08-08 17:06:00
TXN90009702,ST09,,PRD200293,2,3450.0,AirtelMoney,MP667234024,2024-09-02 14:09:00
TXN90009703,ST18,CUST102625,PRD200191,2,19500.0,MTN MoMo,AUTH59819,2024-09-07 00:43:00
TXN90009704,ST11,CUST100120,PRD200602,1,6000.0,MTN MoMo,MP497874599,2024-10-22 00:29:00
TXN90009705,ST19,,PRD200866,2,2700.0,Airtel Money,CASH-7327,2024-12-14 14:00:00
TXN90009706,ST19,CUST103339,PRD200141,1,"UGX 5,175",MTN Mobile Money,CASH-3004,2024-09-27 12:28:00
TXN90009707,ECOM01,CUST100603,PRD200316,3,1800.0,AirtelMoney,MP848031083,2024-09-23 22:38:00
TXN90009708,ST13,CUST104203,PRD200047,1,750.0,MTN Mobile Money,AUTH26948,2024-08-09 05:44:00
TXN90009709,ST03,CUST100232,PRD201163,4,3900.0,Cash,AUTH39684,24/08/2024 21:45
TXN90009710,ST03,,PRD200900,-1,750.0,MTN MoMo,CASH-9776,2024-09-04 20:51:00
TXN90009711,ECOM01,CUST102143,PRD201114,1,6750.0,Cash,MP606970032,15/12/2024 00:47
TXN90009712,ST08,CUST102508,PRD200533,2,8250.0,Airtel Money,,2024-11-09 02:54:00
TXN90009713,ST05,CUST102987,PRD200249,1,650.0,MTN Mobile Money,MP515485089,2024-12-22 14:12:00
TXN90009714,ST03,CUST100639,PRD200614,2,22500.0,MTN MoMo,AUTH40931,2024-11-01 13:14:00
TXN90009715,ST06,CUST102950,PRD200011,1,5175.0,MTN MoMo,AM900345536,2024-12-04 09:36:00
TXN90009716,ST23,CUST102659,PRD201004,2,3250.0,MTN MoMo,CASH-1391,2024-11-18 21:02:00
TXN90009717,ST22,CUST101288,PRD200151,3,11000.0,MTN Mobile Money,AUTH20365,18/09/2024 10:51
TXN90009718,ECOM01,CUST100077,PRD200401,-1,5625.0,Cash,AUTH94246,05/11/2024 06:26
TXN90009719,ST11,CUST100955,PRD200197,-1,13500.0,MTN MoMo,MP762756985,2024-12-27 02:00:00
TXN90009720,ST21,CUST104797,PRD201064,3,19500.0,momo,AUTH74047,2024-11-30 09:15:00
TXN90009721,ST04,CUST101282,PRD200365,1,23000.0,Airtel Money,AUTH77395,2024-09-19 04:55:00
TXN90009722,ECOM01,CUST101285,PRD200337,3,25000.0,MTN MoMo,MP418256515,2024-09-02 09:22:00
TXN90009723,ST01,CUST101752,PRD200717,-1,62500.0,MTN Mobile Money,MP753849825,2024-08-10 21:57:00
TXN90009724,ST14,CUST103302,PRD201032,2,5750.0,MTN MoMo,CASH-8552,2024-12-08 00:50:00
TXN90009725,ST23,CUST104951,PRD200598,1,862.5,AirtelMoney,CASH-3543,22/07/2024 02:01
TXN90009726,ST21,CUST100748,PRD200414,4,11250.0,MTN MoMo,AM197016956,2024-11-04 11:05:00
TXN90009727,ST15,CUST103351,PRD201082,3,11868.68,MTN Mobile Money,AM519997281,2024-09-04 03:23:00
TXN90009728,ECOM01,CUST101977,PRD200943,-1,575.0,CASH,MP366556348,2024-12-09 08:23:00
TXN90009729,ST15,CUST101059,PRD200913,3,43750.0,Cash,AUTH48408,2024-12-24 03:30:00
TXN90009730,ST22,CUST102589,PRD200038,2,4500.0,MTN MoMo,MP823887300,2024-09-21 21:09:00
TXN90009731,ST04,CUST100726,PRD200115,2,60000.0,MTN MoMo,AM641837857,2024-07-15 21:27:00
TXN90009732,ST06,CUST104712,PRD200785,1,862.5,MTN Mobile Money,MP741594516,23/10/2024 22:29
TXN90009733,ST17,,PRD201094,-1,13000.0,momo,,2024-08-27 20:40:00
TXN90009734,ST16,CUST104584,PRD200830,2,36000.0,MTN MoMo,CASH-6433,2024-07-06 23:58:00
TXN90009735,ST03,CUST101044,PRD201038,1,60000.0,MTN MoMo,CASH-1471,2024-08-08 12:12:00
TXN90009736,ST04,CUST103985,PRD200314,4,3600.0,AirtelMoney,,2024-07-21 17:26:00
TXN90009737,ECOM01,,PRD201164,1,19500.0,Airtel Money,AUTH79174,2024-07-09 05:26:00
TXN90009738,ECOM01,CUST101663,PRD201086,2,5625.0,momo,AM163444756,2024-09-24 03:27:00
TXN90009739,ST17,CUST103595,PRD200638,2,3000.0,MTN MoMo,CASH-2066,04/07/2024 13:22
TXN90009740,ECOM01,CUST101662,PRD200007,2,63000.0,MTN MoMo,AUTH88819,2024-08-27 07:47:00
TXN90009741,ST10,CUST102108,PRD200044,1,8625.0,MTN MoMo,CASH-7314,2024-10-26 03:04:00
TXN90009742,ST09,,PRD200688,1,36000.0,Airtel Money,AUTH65688,2024-07-28 00:36:00
TXN90009743,ST12,CUST101631,PRD200319,2,2400.0,MTN MoMo,AUTH58997,2024-11-15 03:52:00
TXN90009744,ST14,CUST101537,PRD200793,2,2200.0,Airtel Money,AM289466911,2024-08-12 04:50:00
TXN90009745,ST12,CUST100707,PRD200491,2,1650.0,MTN Mobile Money,AM349787431,04/10/2024 18:03
TXN90009746,ST23,CUST103429,PRD200958,1,2600.0,Airtel Money,AM588072759,2024-09-16 11:01:00
TXN90009747,ECOM01,CUST101747,PRD201025,3,4500.0,Airtel Money,AUTH92807,02/11/2024 15:03
TXN90009748,ST04,CUST100530,PRD200097,1,19500.0,Airtel Money,CASH-8622,2024-07-29 18:23:00
TXN90009749,ST17,CUST101056,PRD201151,1,23000.0,MTN MoMo,CASH-2417,2024-08-09 02:57:00
TXN90009750,ST11,CUST103497,PRD200722,1,65000.0,Airtel Money,CASH-8775,2024-07-30 05:59:00
TXN90009751,ST06,CUST101798,PRD200743,3,575.0,Card,,2024-08-19 04:35:00
TXN90009752,ST03,CUST102763,PRD200046,1,367.06,MTN MoMo,AUTH18311,2024-09-03 04:08:00
TXN90009753,ST14,CUST101202,PRD200893,1,3250.0,Cash,CASH-2602,2024-11-30 21:31:00
TXN90009754,ST15,CUST102466,PRD200303,1,43750.0,Airtel Money,AM786498600,2024-07-19 02:31:00
TXN90009755,ST15,CUST100021,PRD200037,2,"UGX 27,000",Airtel Money,MP267091062,2024-09-30 06:58:00
TXN90009756,ST06,CUST104849,PRD200806,1,62500.0,MTN Mobile Money,AM454838842,2024-12-19 12:18:00
TXN90009757,ST02,CUST103634,PRD200128,1,5400.0,AirtelMoney,CASH-8650,09/09/2024 00:23
TXN90009758,ST07,CUST100170,PRD201088,3,57500.0,Cash,AM883870162,2024-10-20 15:18:00
TXN90009759,ST08,CUST100007,PRD201102,-1,3750.0,AirtelMoney,AM751925829,2024-10-10 15:33:00
TXN90009760,ST11,CUST104311,PRD200426,-1,550.0,Cash,MP560323727,2024-11-08 01:56:00
TXN90009761,ECOM01,CUST104112,PRD200805,3,8100.0,momo,AM982603484,2024-09-11 15:31:00
TXN90009762,ST07,CUST104017,PRD200612,4,12000.0,Airtel Money,,08/11/2024 22:13
TXN90009763,ST17,CUST101186,PRD201152,2,2250.0,CASH,AUTH47251,2024-08-18 02:57:00
TXN90009764,ECOM01,CUST103852,PRD200688,1,36000.0,CASH,,2024-07-17 15:06:00
TXN90009765,ST14,CUST102828,PRD201040,2,19500.0,Card,MP414874301,2024-10-30 23:58:00
TXN90009766,ECOM01,CUST100988,PRD200375,1,3051.54,MTN Mobile Money,CASH-3763,2024-09-29 00:03:00
TXN90009767,ST14,CUST104640,PRD200543,1,2750.0,MTN MoMo,AUTH78751,2024-11-17 10:57:00
TXN90009768,ST14,CUST101214,PRD200342,2,6750.0,Cash,AUTH24969,2024-12-07 06:11:00
TXN90009769,ST15,CUST103956,PRD200653,1,2700.0,Cash,AUTH23335,2024-09-12 23:20:00
TXN90009770,ST12,CUST101083,PRD200508,4,4500.0,CASH,AUTH19209,2024-11-17 00:39:00
TXN90009771,ST04,CUST104355,PRD201155,1,2750.0,Airtel Money,MP630477598,2024-08-26 08:08:00
TXN90009772,ECOM01,CUST101100,PRD200168,-1,30000.0,MTN MoMo,CASH-7886,2024-07-03 16:22:00
TXN90009773,ST01,CUST101097,PRD200843,1,3450.0,Cash,CASH-5044,2024-09-12 04:03:00
TXN90009774,ST12,CUST104552,PRD201107,3,18750.0,Airtel Money,MP599700241,2024-11-20 05:12:00
TXN90009775,ECOM01,CUST101718,PRD200117,4,3600.0,MTN Mobile Money,,2024-09-14 01:55:00
TXN90009776,ST02,CUST103744,PRD200372,1,900.0,MTN Mobile Money,MP706447378,2024-09-23 18:57:00
TXN90009777,ST23,,PRD200478,4,3750.0,MTN MoMo,MP425303835,2024-09-26 10:41:00
TXN90009778,ECOM01,CUST101050,PRD200051,1,42000.0,AirtelMoney,MP640935747,2024-08-23 11:50:00
TXN90009779,ST08,CUST102999,PRD200741,2,32051.24,MTN MoMo,AM666332500,2024-10-02 05:28:00
TXN90009780,ST06,CUST103711,PRD200230,1,2200.0,MTN MoMo,AUTH10330,02/07/2024 03:21
TXN90009781,ECOM01,CUST101427,PRD200672,2,23000.0,CASH,,2024-12-15 18:07:00
TXN90009782,ST07,CUST104797,PRD200619,-2,75000.0,momo,AUTH51006,2024-10-22 17:45:00
TXN90009783,ST22,,PRD200307,1,65000.0,momo,CASH-3348,2024-11-02 07:20:00
TXN90009784,ST03,CUST103346,PRD200865,1,650.0,MTN MoMo,MP926827693,2024-09-15 00:15:00
TXN90009785,ECOM01,CUST104209,PRD200863,3,27000.0,momo,AUTH24939,2024-08-22 00:32:00
TXN90009786,ST16,CUST102647,PRD200460,1,4500.0,momo,,19/08/2024 23:26
TXN90009787,ST07,CUST102761,PRD200327,1,5400.0,Airtel Money,MP953088999,2024-07-12 12:47:00
TXN90009788,ECOM01,CUST101819,PRD201134,1,1200.0,Cash,,2024-07-29 02:09:00
TXN90009789,ST08,CUST103314,PRD200196,2,UGX5537,Airtel Money,AUTH97088,2024-10-04 00:11:00
TXN90009790,ECOM01,CUST104192,PRD200395,3,36000.0,AirtelMoney,CASH-5329,2024-10-11 05:15:00
TXN90009791,ST22,CUST103316,PRD200350,1,11500.0,Airtel Money,AUTH53551,2024-11-10 19:09:00
TXN90009792,ST09,CUST104998,PRD201139,2,23000.0,MTN Mobile Money,CASH-5730,2024-08-27 16:27:00
TXN90009793,ECOM01,CUST100200,PRD200586,1,4950.0,Cash,AM401988240,10/08/2024 12:35
TXN90009794,ST15,CUST102817,PRD200344,1,2300.0,AirtelMoney,,2024-08-12 07:27:00
TXN90009795,ST10,CUST100251,PRD201150,2,25000.0,CASH,CASH-8171,24/07/2024 17:58
TXN90009796,ST07,CUST101754,PRD201158,1,36000.0,AirtelMoney,AUTH43507,2024-09-28 19:33:00
TXN90009797,ST08,CUST104910,PRD200225,1,3600.0,Airtel Money,MP802794067,2024-08-01 10:46:00
TXN90009798,ST02,,PRD200447,1,90000.0,CASH,AUTH97749,2024-08-23 07:27:00
TXN90009799,ST10,,PRD200800,1,3600.0,MTN MoMo,MP261955471,2024-11-28 05:59:00
TXN90009800,ST14,CUST102793,PRD200717,1,62500.0,Cash,AM596771713,2024-07-27 11:18:00
TXN90009801,ECOM01,,PRD200045,3,15000.0,AirtelMoney,MP754611739,08/08/2024 22:30
TXN90009802,ST21,,PRD200332,1,6250.0,Airtel Money,CASH-9041,2024-12-05 19:39:00
TXN90009803,ST21,CUST103099,PRD200993,1,1500.0,Airtel Money,AM485339182,2024-07-30 15:43:00
TXN90009804,ST11,CUST103864,PRD201095,1,5175.0,Card,AM905473066,30/08/2024 16:37
TXN90009805,ST21,CUST103144,PRD200699,1,15000.0,MTN MoMo,AM415785124,2024-08-03 11:09:00
TXN90009806,ST19,CUST101189,PRD200741,4,32051.24,Cash,,18/09/2024 11:09
TXN90009807,ST08,CUST101794,PRD200252,1,937.5,Airtel Money,,2024-10-04 07:32:00
TXN90009808,ST11,CUST100766,PRD200521,2,1100.0,MTN MoMo,AUTH82977,2024-08-25 19:21:00
TXN90009809,ST19,CUST100453,PRD200370,5,"UGX 38,500",Cash,AUTH65783,2024-07-29 09:10:00
TXN90009810,ECOM01,CUST104202,PRD200102,1,"1,200",MTN MoMo,MP793566949,17/10/2024 08:01
TXN90009811,ECOM01,CUST104995,PRD200560,2,18000.0,Cash,CASH-5501,2024-12-06 07:56:00
TXN90009812,ST09,CUST103331,PRD200649,1,36000.0,Cash,MP102091051,27/08/2024 15:53
TXN90009813,ST04,CUST104807,PRD200071,2,26000.0,AirtelMoney,CASH-6656,2024-09-13 18:03:00
TXN90009814,ST21,CUST104628,PRD200783,1,57500.0,MTN MoMo,AUTH75788,2024-07-16 23:37:00
TXN90009815,ST06,CUST103566,PRD200403,4,4950.0,MTN Mobile Money,AM342973188,10/07/2024 09:00
TXN90009816,ST13,CUST103267,PRD200389,1,15000.0,Airtel Money,AUTH16497,2024-08-04 22:02:00
TXN90009817,ECOM01,CUST104491,PRD200479,3,1950.0,Cash,,2024-12-17 13:11:00
TXN90009818,ST04,CUST101847,PRD201085,1,22000.0,momo,AUTH57026,2024-09-25 13:51:00
TXN90009819,ST12,CUST104686,PRD200019,1,6500.0,MTN MoMo,AM885383961,2024-10-03 17:22:00
TXN90009820,ST05,CUST102496,PRD200798,1,2400.0,MTN MoMo,AM259974156,01/08/2024 19:09
TXN90009821,ST22,CUST102816,PRD200822,3,1125.0,MTN Mobile Money,CASH-6921,2024-07-01 23:09:00
TXN90009822,ST19,CUST102894,PRD200332,1,6250.0,MTN MoMo,AUTH12938,2024-10-24 02:03:00
TXN90009823,ST08,CUST102035,PRD200954,4,38500.0,MTN MoMo,AM884647087,2024-08-06 09:45:00
TXN90009824,ECOM01,CUST104776,PRD201068,3,2500.0,MTN MoMo,AM996766994,2024-08-14 09:08:00
TXN90009825,ST15,CUST102916,PRD200764,1,1725.0,Cash,MP872026971,2024-12-22 06:19:00
TXN90009826,ST22,CUST102644,PRD200904,1,650.0,Cash,CASH-4142,2024-07-01 12:44:00
TXN90009827,ST16,CUST102179,PRD201024,2,6250.0,MTN Mobile Money,,2024-08-06 11:58:00
TXN90009828,ST01,CUST103709,PRD200104,3,36000.0,MTN Mobile Money,AUTH98348,2024-10-20 22:26:00
TXN90009829,ST04,CUST104389,PRD200060,4,2875.0,MTN Mobile Money,CASH-4030,2024-11-17 23:26:00
TXN90009830,ST09,CUST104070,PRD200853,2,3125.0,Cash,AUTH57248,2024-12-06 03:29:00
TXN90009831,ST18,CUST101756,PRD200236,1,22500.0,Cash,CASH-3757,2024-09-18 01:53:00
TXN90009832,ST13,CUST101479,PRD200721,1,8625.0,Cash,CASH-6084,03/09/2024 14:05
TXN90009833,ECOM01,CUST102744,PRD200320,3,43750.0,Airtel Money,AUTH62484,2024-08-25 00:31:00
TXN90009834,ST13,CUST101236,PRD200584,3,5175.0,Cash,MP192935920,2024-08-30 23:01:00
TXN90009835,ECOM01,CUST104030,PRD201102,1,3750.0,MTN MoMo,,2024-09-02 22:38:00
TXN90009836,ST13,CUST102085,PRD200312,-2,1350.0,MTN Mobile Money,AUTH37661,2024-09-26 07:08:00
TXN90009837,ST14,CUST103368,PRD200066,3,1250.0,MTN MoMo,AUTH61921,2024-08-21 12:38:00
TXN90009838,ST08,,PRD200932,1,12500.0,MTN MoMo,AM448916819,2024-07-14 02:00:00
TXN90009839,ST14,CUST103294,PRD200453,1,9750.0,AirtelMoney,MP106108921,2024-10-26 21:14:00
TXN90009840,ST13,CUST103456,PRD200958,3,2600.0,AirtelMoney,AUTH73308,2024-07-20 14:17:00
TXN90009841,ST07,,PRD200894,2,3125.0,AirtelMoney,MP626572351,2024-12-15 10:08:00
TXN90009842,ST07,,PRD201156,3,90000.0,Airtel Money,CASH-3339,2024-08-15 15:28:00
TXN90009843,ST22,CUST103124,PRD200913,1,43750.0,AirtelMoney,AM517200834,26/08/2024 10:02
TXN90009844,ECOM01,CUST100224,PRD200657,2,1500.0,AirtelMoney,AM887637126,2024-12-07 17:09:00
TXN90009845,ST17,CUST101426,PRD200079,1,5850.0,Cash,AUTH89924,2024-09-21 01:56:00
TXN90009846,ST13,CUST102117,PRD200929,1,1650.0,AirtelMoney,AM620654030,2024-12-17 03:21:00
TXN90009847,ST22,CUST102283,PRD200819,4,90000.0,AirtelMoney,AM693650147,01/12/2024 03:52
TXN90009848,ST03,CUST100150,PRD200661,4,18750.0,AirtelMoney,AM102494706,20/07/2024 06:14
TXN90009849,ST08,CUST103778,PRD200436,1,6750.0,Cash,AM963745775,2024-07-20 02:15:00
TXN90009850,ST21,,PRD200701,1,26000.0,Airtel Money,AM298697516,2024-11-16 04:01:00
TXN90009851,ECOM01,CUST100670,PRD200589,1,3250.0,Cash,AUTH20348,2024-10-27 07:36:00
TXN90009852,ST23,CUST100505,PRD200580,5,3300.0,CASH,AUTH69305,2024-07-17 14:41:00
TXN90009853,ST07,CUST103476,PRD200536,1,24000.0,MTN MoMo,AM290107834,2024-07-07 01:13:00
TXN90009854,ST20,CUST101126,PRD200915,2,12500.0,Airtel Money,AM993176396,2024-09-30 19:43:00
TXN90009855,ST07,CUST100329,PRD200308,2,3000.0,MTN Mobile Money,MP909168405,2024-08-16 09:24:00
TXN90009856,ST09,CUST101703,PRD200617,1,38500.0,Cash,MP474997395,2024-10-20 03:14:00
TXN90009857,ECOM01,CUST104573,PRD200985,2,57500.0,AirtelMoney,CASH-4843,2024-08-24 07:32:00
TXN90009858,ECOM01,CUST101013,PRD200648,1,23000.0,Airtel Money,AM233014984,2024-11-30 17:10:00
TXN90009859,ST08,CUST104767,PRD200621,2,9000.0,MTN Mobile Money,MP821085102,2024-08-03 09:27:00
TXN90009860,ST16,CUST104849,PRD201040,2,19500.0,MTN MoMo,AM685397823,2024-12-08 19:19:00
TXN90009861,ECOM01,CUST104152,PRD200735,2,15000.0,momo,CASH-5372,13/12/2024 23:58
TXN90009862,ST19,CUST103858,PRD200035,1,11500.0,Airtel Money,AM666626330,2024-11-19 20:30:00
TXN90009863,ECOM01,CUST102254,PRD200020,1,40250.0,MTN MoMo,AUTH85709,17/07/2024 08:00
TXN90009864,ST04,CUST102621,PRD200992,2,3000.0,MTN MoMo,CASH-5966,2024-10-20 09:57:00
TXN90009865,ST01,CUST103837,PRD200577,4,2400.0,momo,AUTH40592,14/09/2024 22:12
TXN90009866,ST11,CUST103910,PRD200413,1,25000.0,MTN Mobile Money,AUTH26827,2024-10-05 04:33:00
TXN90009867,ST18,CUST104415,PRD201087,1,2250.0,CASH,MP196809011,2024-10-03 09:51:00
TXN90009868,ECOM01,CUST100783,PRD200047,1,750.0,MTN MoMo,AM130101475,2024-11-18 02:50:00
TXN90009869,ST06,CUST103420,PRD200908,3,3600.0,CASH,MP398576687,2024-12-25 08:04:00
TXN90009870,ST10,CUST102830,PRD201105,1,15000.0,AirtelMoney,AM832259045,2024-11-04 23:31:00
TXN90009871,ST06,CUST103664,PRD200934,1,38500.0,MTN Mobile Money,MP620431089,2024-09-07 04:56:00
TXN90009872,ST14,CUST100350,PRD200141,1,5175.0,MTN Mobile Money,,2024-12-08 20:42:00
TXN90009873,ST01,CUST102139,PRD200651,2,12000.0,AirtelMoney,,2024-12-23 13:06:00
TXN90009874,ST10,CUST100530,PRD200811,-2,1350.0,AirtelMoney,,2024-11-16 04:13:00
TXN90009875,ST10,CUST103532,PRD200115,1,60000.0,Card,AUTH89730,2024-09-17 18:54:00
TXN90009876,ECOM01,CUST100139,PRD200389,1,15000.0,Airtel Money,AM348704326,02/09/2024 10:32
TXN90009877,ST15,CUST103367,PRD200712,1,543.51,MTN MoMo,AM896858525,2024-12-13 15:57:00
TXN90009878,ST02,CUST101279,PRD201031,3,6500.0,AirtelMoney,AUTH95597,2024-12-17 08:06:00
TXN90009879,ST01,CUST101505,PRD200418,1,23000.0,MTN Mobile Money,MP772439798,27/07/2024 16:58
TXN90009880,ECOM01,CUST103503,PRD200571,1,2600.0,Airtel Money,MP448864085,2024-12-03 05:01:00
TXN90009881,ECOM01,CUST100303,PRD200555,2,4500.0,Airtel Money,MP702303046,2024-07-13 06:14:00
TXN90009882,ST23,CUST101964,PRD200894,1,3125.0,Cash,,2024-11-13 16:59:00
TXN90009883,ST15,CUST103307,PRD200306,1,8250.0,momo,AM302900456,2024-12-25 19:59:00
TXN90009884,ECOM01,CUST100296,PRD201126,2,2875.0,AirtelMoney,AM352276729,18/11/2024 07:58
TXN90009885,ECOM01,CUST102477,PRD200096,2,18000.0,MTN MoMo,CASH-9277,2024-09-30 17:19:00
TXN90009886,ST19,CUST102513,PRD200229,4,16500.0,AirtelMoney,AUTH46237,2024-12-10 19:34:00
TXN90009887,ST03,CUST100719,PRD200743,2,575.0,MTN MoMo,CASH-9175,2024-08-20 11:37:00
TXN90009888,ST03,CUST103652,PRD200577,1,2400.0,MTN MoMo,MP145780906,2024-07-11 21:09:00
TXN90009889,ECOM01,CUST101492,PRD200995,4,550.0,MTN MoMo,MP742618184,2024-09-16 16:45:00
TXN90009890,ST23,,PRD200706,1,5500.0,AirtelMoney,MP695846156,2024-12-23 19:26:00
TXN90009891,ST10,,PRD200768,1,5400.0,AirtelMoney,AUTH96892,2024-09-29 00:46:00
TXN90009892,ST16,CUST104075,PRD200669,2,40250.0,Airtel Money,AUTH42953,24/10/2024 03:50
TXN90009893,ST02,CUST100993,PRD200758,2,9000.0,Airtel Money,AM460643822,2024-10-15 06:23:00
TXN90009894,ST14,CUST101345,PRD200248,1,"8,100",MTN MoMo,CASH-7924,2024-11-22 09:29:00
TXN90009895,ST01,CUST101863,PRD200101,2,3750.0,Airtel Money,AUTH63566,2024-10-14 05:01:00
TXN90009896,ST21,CUST101177,PRD200831,1,17250.0,Card,AM848092480,2024-07-21 01:29:00
TXN90009897,ECOM01,CUST104808,PRD200738,2,63000.0,Airtel Money,AM887512707,2024-09-16 05:30:00
TXN90009898,ST08,CUST103026,PRD200315,1,6250.0,momo,MP848463353,2024-12-01 04:05:00
TXN90009899,ST14,CUST101637,PRD200730,1,6750.0,MTN Mobile Money,MP101603239,2024-11-09 20:20:00
TXN90009900,ST16,CUST102793,PRD200394,2,3600.0,MTN MoMo,AM126745499,2024-08-07 22:44:00
TXN90009901,ECOM01,,PRD201026,2,1100.0,Card,MP248612196,28/09/2024 14:15
TXN90009902,ST19,CUST104606,PRD200898,-1,11500.0,AirtelMoney,MP779976254,15/09/2024 09:43
TXN90009903,ST15,CUST102040,PRD200102,1,1200.0,MTN Mobile Money,MP245302543,2024-09-18 23:13:00
TXN90009904,ST04,CUST103557,PRD200156,1,26000.0,CASH,MP814295695,2024-09-06 03:36:00
TXN90009905,ST07,CUST103143,PRD200642,3,5500.0,CASH,AM495869757,2024-07-01 23:20:00
TXN90009906,ST07,CUST102946,PRD200879,1,2500.0,MTN MoMo,AUTH39708,2024-09-24 15:00:00
TXN90009907,ECOM01,CUST100611,PRD200352,1,3600.0,MTN MoMo,CASH-2180,2024-09-17 02:17:00
TXN90009908,ST10,,PRD200361,2,1200.0,AirtelMoney,AM276603218,2024-11-01 17:37:00
TXN90009909,ECOM01,,PRD200977,2,8250.0,Cash,CASH-8355,2024-07-16 03:21:00
TXN90009910,ST16,CUST101828,PRD200533,1,8250.0,MTN MoMo,,2024-10-12 10:36:00
TXN90009911,ST15,CUST102255,PRD200541,4,3900.0,momo,AM253015966,2024-08-21 11:41:00
TXN90009912,ST07,CUST102050,PRD200935,1,42000.0,MTN Mobile Money,,2024-09-07 03:02:00
TXN90009913,ST13,,PRD200783,5,57500.0,MTN Mobile Money,,2024-09-20 11:10:00
TXN90009914,ST18,CUST101775,PRD200484,3,4500.0,Airtel Money,AM851461638,2024-11-24 07:52:00
TXN90009915,ST03,CUST104607,PRD201145,4,16500.0,Airtel Money,,09/09/2024 08:56
TXN90009916,ST10,CUST103628,PRD200816,2,9000.0,Airtel Money,CASH-6202,2024-10-22 16:12:00
TXN90009917,ECOM01,CUST103524,PRD201133,1,650.0,AirtelMoney,AM144386009,2024-07-29 23:14:00
TXN90009918,ECOM01,CUST104766,PRD200288,2,5750.0,MTN MoMo,AUTH53976,2024-09-03 16:57:00
TXN90009919,ST02,CUST103653,PRD200304,2,1950.0,AirtelMoney,MP704893839,2024-11-20 21:28:00
TXN90009920,ST15,CUST100040,PRD201102,-2,3750.0,momo,CASH-8695,2024-12-17 04:56:00
TXN90009921,ST16,CUST101972,PRD200217,1,5750.0,MTN MoMo,CASH-7164,2024-09-09 15:20:00
TXN90009922,ECOM01,CUST100629,PRD200270,-2,650.0,Airtel Money,,2024-08-25 19:30:00
TXN90009923,ST10,CUST104278,PRD200765,2,6366.89,Airtel Money,MP954735709,2024-07-08 11:08:00
TXN90009924,ST09,CUST103536,PRD200581,1,3750.0,Card,MP120040653,2024-10-13 23:56:00
TXN90009925,ST15,CUST102360,PRD200476,1,11500.0,Airtel Money,MP491026870,2024-10-20 02:07:00
TXN90009926,ST11,CUST102348,PRD201085,1,22000.0,Cash,AUTH35399,2024-07-12 23:12:00
TXN90009927,ST12,CUST101166,PRD200879,4,2500.0,MTN Mobile Money,CASH-2888,2024-07-21 22:04:00
TXN90009928,ST14,CUST100423,PRD200503,1,UGX4500,CASH,CASH-1500,2024-12-19 23:18:00
TXN90009929,ST21,CUST104163,PRD200563,-1,17250.0,Cash,MP289072356,2024-10-30 19:56:00
TXN90009930,ST16,CUST101950,PRD200956,5,5500.0,Airtel Money,AUTH45698,2024-11-13 02:48:00
TXN90009931,ST22,CUST103149,PRD200844,2,1300.0,Airtel Money,MP572905839,2024-10-20 23:11:00
TXN90009932,ST23,CUST100768,PRD200776,3,60000.0,Airtel Money,MP592209321,2024-09-21 14:34:00
TXN90009933,ST21,CUST104572,PRD201141,3,36000.0,MTN Mobile Money,MP740194049,2024-12-08 04:57:00
TXN90009934,ST04,CUST101867,PRD200255,1,24000.0,MTN MoMo,CASH-5012,2024-11-17 17:28:00
TXN90009935,ST15,CUST104181,PRD200335,3,52500.0,MTN MoMo,AUTH72197,2024-11-06 17:53:00
TXN90009936,ECOM01,CUST101066,PRD200196,3,5536.64,CASH,AUTH11171,04/08/2024 14:35
TXN90009937,ST22,CUST100652,PRD200242,1,"UGX 52,500",Cash,CASH-3831,2024-12-25 04:30:00
TXN90009938,ECOM01,CUST104047,PRD200351,2,52500.0,momo,MP431693011,2024-10-10 17:30:00
TXN90009939,ST01,CUST100360,PRD200264,1,1800.0,Airtel Money,MP654155591,24/12/2024 00:35
TXN90009940,ST01,CUST104016,PRD200955,1,1500.0,Cash,CASH-3651,2024-12-19 23:30:00
TXN90009941,ECOM01,CUST104874,PRD200759,-1,8625.0,AirtelMoney,CASH-7262,2024-08-31 09:06:00
TXN90009942,ST03,CUST103935,PRD200189,2,"3,000",momo,AM689935009,2024-11-06 03:35:00
TXN90009943,ECOM01,CUST101060,PRD200633,1,2700.0,MTN Mobile Money,CASH-3151,2024-10-05 09:32:00
TXN90009944,ST12,CUST104313,PRD200825,5,550.0,Airtel Money,AM857374922,2024-09-04 05:38:00
TXN90009945,ST16,CUST102140,PRD200337,2,"UGX 25,000",MTN MoMo,AM718588088,2024-10-19 04:49:00
TXN90009946,ECOM01,CUST104818,PRD200821,2,9603.04,Airtel Money,MP300094981,2024-08-04 01:52:00
TXN90009947,ST09,CUST103705,PRD200321,2,975.0,MTN MoMo,AUTH87028,13/07/2024 14:12
TXN90009948,ECOM01,CUST103472,PRD200741,2,32051.24,Card,MP524589695,2024-10-06 15:41:00
TXN90009949,ST18,CUST104732,PRD200338,1,5400.0,Airtel Money,MP490146253,2024-07-15 14:53:00
TXN90009950,ST20,CUST102778,PRD201120,1,90000.0,Card,AUTH25215,2024-09-13 08:34:00
TXN90009951,ST03,,PRD200069,1,9000.0,MTN MoMo,AUTH75847,2024-09-27 21:50:00
TXN90009952,ST17,CUST103291,PRD200070,2,1100.0,Cash,AUTH54058,2024-09-04 17:44:00
TXN90009953,ST15,CUST100662,PRD200872,3,1950.0,MTN MoMo,MP424800633,2024-07-27 09:18:00
TXN90009954,ST08,CUST101656,PRD200183,2,4500.0,Cash,MP396197342,2024-12-22 06:54:00
TXN90009955,ST02,CUST101265,PRD200975,3,36000.0,MTN MoMo,MP679864950,2024-10-25 18:07:00
TXN90009956,ST11,CUST100366,PRD201083,1,12000.0,AirtelMoney,AM862423482,2024-08-01 17:01:00
TXN90009957,ST16,CUST102129,PRD200697,1,60000.0,Cash,CASH-8141,2024-08-01 18:42:00
TXN90009958,ST06,CUST101443,PRD200718,3,2300.0,AirtelMoney,MP751222699,09/07/2024 21:44
TXN90009959,ST04,CUST102311,PRD201161,3,21927.6,momo,AM703531264,2024-07-04 14:52:00
TXN90009960,ST17,CUST101928,PRD200721,4,8625.0,MTN MoMo,MP462867935,2024-10-02 16:25:00
TXN90009961,ECOM01,CUST102264,PRD200865,2,650.0,Airtel Money,AM173182314,2024-08-20 21:14:00
TXN90009962,ST18,CUST103136,PRD200755,1,"UGX 8,100",momo,AUTH67814,2024-07-05 04:05:00
TXN90009963,ECOM01,CUST100644,PRD201088,1,57500.0,MTN MoMo,MP435280885,2024-11-26 12:21:00
TXN90009964,ECOM01,CUST104179,PRD201025,2,4500.0,MTN MoMo,AUTH57769,2024-10-30 01:45:00
TXN90009965,ECOM01,CUST103699,PRD201162,2,18000.0,Airtel Money,MP435738311,2024-10-08 01:18:00
TXN90009966,ST17,CUST104913,PRD200113,1,65000.0,Cash,CASH-5150,2024-08-19 08:47:00
TXN90009967,ST15,CUST100835,PRD200963,2,1200.0,MTN MoMo,AM516301325,08/10/2024 23:11
TXN90009968,ST17,CUST101879,PRD200763,5,27000.0,Airtel Money,MP661788161,2024-08-27 05:50:00
TXN90009969,ST10,CUST103008,PRD200020,3,40250.0,Airtel Money,MP919959444,2024-08-05 06:38:00
TXN90009970,ECOM01,CUST104553,PRD200299,2,13500.0,MTN MoMo,CASH-3388,2024-10-19 20:12:00
TXN90009971,ST12,CUST104511,PRD200195,3,9000.0,MTN Mobile Money,AUTH72443,27/08/2024 14:51
TXN90009972,ECOM01,CUST103007,PRD200664,4,1725.0,Cash,AM667843490,27/08/2024 01:55
TXN90009973,ST16,CUST101633,PRD200763,5,27000.0,MTN MoMo,MP961016470,2024-10-09 21:50:00
TXN90009974,ECOM01,CUST103239,PRD200337,3,25000.0,MTN MoMo,AUTH20426,29/09/2024 14:14
TXN90009975,ECOM01,CUST101789,PRD200832,1,3900.0,MTN MoMo,CASH-3528,07/07/2024 09:43
TXN90009976,ST17,,PRD200642,4,5500.0,MTN MoMo,,2024-11-18 00:40:00
TXN90009977,ECOM01,CUST101283,PRD201041,1,3600.0,MTN Mobile Money,CASH-7415,2024-07-10 11:12:00
TXN90009978,ST15,CUST101001,PRD200616,1,3250.0,Airtel Money,MP909662693,2024-11-16 13:32:00
TXN90009979,ST23,CUST104326,PRD201155,1,2750.0,Airtel Money,CASH-6962,2024-09-29 15:32:00
TXN90009980,ST08,CUST102188,PRD200525,1,6250.0,Cash,CASH-2020,2024-08-22 07:49:00
TXN90009981,ST19,CUST101971,PRD200932,1,12500.0,MTN Mobile Money,AM762429466,2024-09-29 11:02:00
TXN90009982,ST02,CUST101080,PRD201090,1,"UGX 13,000",AirtelMoney,,2024-09-13 03:11:00
TXN90009983,ST22,CUST102765,PRD200566,1,2300.0,MTN Mobile Money,MP303233863,11/08/2024 14:30
TXN90009984,ST03,CUST102175,PRD200171,2,24000.0,Card,AUTH64728,13/08/2024 19:52
TXN90009985,ST04,CUST102760,PRD201035,1,2250.0,momo,AUTH36630,2024-09-23 14:39:00
TXN90009986,ST12,CUST103564,PRD200985,2,57500.0,CASH,CASH-6376,2024-08-17 05:51:00
TXN90009987,ST16,,PRD200602,1,6000.0,Cash,,2024-10-21 23:11:00
TXN90009988,ST10,CUST101090,PRD200471,1,2500.0,MTN Mobile Money,AUTH12831,2024-08-25 20:29:00
TXN90009989,ST21,CUST103879,PRD200166,1,11000.0,Airtel Money,MP730799189,2024-09-11 14:59:00
TXN90009990,ST14,CUST102226,PRD200874,3,6000.0,MTN Mobile Money,CASH-2951,2024-09-30 19:46:00
TXN90009991,ECOM01,CUST102288,PRD200629,1,575.0,Cash,AUTH99897,2024-12-13 06:17:00
TXN90009992,ST10,CUST104377,PRD200617,3,38500.0,MTN MoMo,AM173307776,2024-08-17 11:40:00
TXN90009993,ST17,CUST102375,PRD200820,3,"UGX 8,100",Airtel Money,MP245137883,2024-10-11 02:20:00
TXN90009994,ST17,CUST101816,PRD200738,1,63000.0,Card,AUTH11703,2024-09-22 17:40:00
TXN90009995,ST12,CUST103627,PRD200622,1,75000.0,CASH,AM218912104,2024-07-11 02:04:00
TXN90009996,ST22,CUST102552,PRD200854,3,4950.0,MTN MoMo,MP185672895,2024-10-07 22:45:00
TXN90009997,ST18,CUST102776,PRD201088,1,57500.0,Airtel Money,MP908618709,30/10/2024 07:17
TXN90009998,ECOM01,CUST104895,PRD200223,1,17250.0,MTN MoMo,AUTH84485,24/08/2024 02:29
TXN90009999,ECOM01,CUST103480,PRD200309,3,7637.88,MTN MoMo,AM192083098,2024-09-15 17:17:00
TXN90010000,ST23,,PRD201085,1,22000.0,MTN MoMo,AUTH33129,09/07/2024 11:02
