customer_id,full_name,phone_number,email,district,registration_date,gender,phone_number_raw,phone_e164,phone_status,district_raw,district_std,district_status,registration_date_raw,registration_date_iso,date_format_original,gender_raw,gender_std,gender_status,merged_customer_ids,stewardship_flag
CUST100001,Ssempebwa Wasswa,+256723699332,ssempebwa.wasswa@srg.co.ug,Gulu,2023-09-21,M,256723699332,+256723699332,valid,Gulu City,Gulu,exact,21/09/2023,2023-09-21,%d/%m/%Y,Male,M,mapped,CUST101280;CUST103810,
CUST100002,Robert Kyebambe,,robertkyebambe18@yahoo.com,Lyantonde,2022-05-06,M,,,missing,Lyantonde,Lyantonde,exact,06/05/2022,2022-05-06,%d/%m/%Y,Male,M,mapped,CUST100671;CUST104089,
CUST100003,Nabirye Katusiime,+256786681581,nabirye.katusiime@outlook.com,Hoima,2025-04-01,F,256786681581,+256786681581,valid,Hoima,Hoima,exact,2025-04-01,2025-04-01,%Y-%m-%d,Female,F,mapped,,
CUST100004,Samuel Munezero,+256797638652,samuel.munezero@mail.com,Entebbe,2021-02-07,M,797638652,+256797638652,valid,Entebbe,Entebbe,exact,2021-02-07,2021-02-07,%Y-%m-%d,Male,M,mapped,,
CUST100005,Okello Kibirige,+256720075953,okello.kibirige@outlook.com,Wakiso,2022-01-21,M,+256720075953,+256720075953,valid,Wakiso District,Wakiso,variant_mapped,21-01-2022,2022-01-21,%d-%m-%Y,M,M,mapped,CUST104580,
CUST100006,Patrick Namubiru,+256772187379,patricknamubiru@yahoo.com,Jinja,2025-02-11,,+256772187379,+256772187379,valid,Jinja,Jinja,exact,2025-02-11,2025-02-11,%Y-%m-%d,,,missing,CUST102503,
CUST100007,Kyomuhendo Ssempebwa,+256720326876,kyomuhendo.ssempebwa@outlook.com,Luwero,2025-05-10,,256720326876,+256720326876,valid,luwero,Luwero,exact,2025-05-10,2025-05-10,%Y-%m-%d,,,missing,CUST101677;CUST104002,
CUST100008,Ronald Atim,+256721191430,ronald.atim@srg.co.ug,Kayunga,2024-07-02,M,+256721191430,+256721191430,valid,kayunga,Kayunga,exact,2024-07-02,2024-07-02,%Y-%m-%d,M,M,mapped,,
CUST100009,Peter Nsereko,+256738120945,peter.nsereko@outlook.com,Kiboga,2021-05-27,M,256738120945,+256738120945,valid,Kiboga,Kiboga,exact,2021-05-27,2021-05-27,%Y-%m-%d,Male,M,mapped,,
CUST100010,Kibirige Isaac,+256750759965,kibirige.isaac@gmail.com,Kampala,2021-09-14,F,0750759965,+256750759965,valid,Kampala ,Kampala,exact,2021-09-14,2021-09-14,%Y-%m-%d,Female,F,mapped,,
CUST100011,Kambale Nabirye,+256748580703,,Wakiso,2023-04-19,F,+256 74 858 0703,+256748580703,valid,Wakiso,Wakiso,exact,2023-04-19,2023-04-19,%Y-%m-%d,Female,F,mapped,CUST101571,
CUST100012,Collins Nalubega,+256755177979,collins.nalubega@srg.co.ug,Mukono,2025-04-13,F,0755177979,+256755177979,valid,Mukko,Mukono,variant_mapped,13/04/2025,2025-04-13,%d/%m/%Y,Female ,F,mapped,CUST100076,
CUST100013,Juliet Guma,+256721662011,julietguma69@gmail.com,Entebbe,2024-07-30,F,256721662011,+256721662011,valid,Entebbe,Entebbe,exact,30/07/2024,2024-07-30,%d/%m/%Y,F,F,mapped,CUST104668,
CUST100014,Esther Namubiru,+256774740782,esther.namubiru@hotmail.com,Jinja,2022-11-07,M,256774740782,+256774740782,valid,Jinja,Jinja,exact,07-11-2022,2022-11-07,%d-%m-%Y,Male,M,mapped,,
CUST100015,Atukunda Atim,+256748919333,atukunda.atim@gmail.com,Wakiso,2023-11-10,F,748919333,+256748919333,valid,Wakiso,Wakiso,exact,2023-11-10,2023-11-10,%Y-%m-%d,Female,F,mapped,CUST102544,
CUST100016,Wanyama Nabirye,+256723823176,wanyama.nabirye@yahoo.com,Wakiso,2025-03-16,F,072-382-3176,+256723823176,valid,Wakiso,Wakiso,exact,2025-03-16,2025-03-16,%Y-%m-%d,Female,F,mapped,CUST102931,
CUST100017,Alexander Kyomuhendo,+256744541543,alexanderkyomuhendo77@hotmail.com,Mbarara,2022-11-02,F,256744541543,+256744541543,valid,Mbarara,Mbarara,exact,02/11/2022,2022-11-02,%d/%m/%Y,Female,F,mapped,CUST100376,
CUST100018,Ssimbwa Kyomuhendo,+256721777026,ssimbwa.kyomuhendo@srg.co.ug,Mbarara,2023-05-27,,+256 72 177 7026,+256721777026,valid,Mbarara,Mbarara,exact,2023-05-27,2023-05-27,%Y-%m-%d,,,missing,CUST104710,
CUST100019,Ninsiima Esther,+256724808997,ninsiima.esther@yahoo,Wakiso,2023-10-22,,+256 72 480 8997,+256724808997,valid,Wakiso,Wakiso,exact,22-10-2023,2023-10-22,%d-%m-%Y,,,missing,CUST100703,
CUST100020,Kyomuhendo Nankya,+256705837677,kyomuhendo.nankya@hotmail.com,Mityana,2024-07-22,F,0705837677,+256705837677,valid,Mityana,Mityana,exact,2024-07-22,2024-07-22,%Y-%m-%d,Female,F,mapped,CUST102163,
CUST100021,Joseph Butime,+256795542629,joseph.butime@yahoo.com,Lira,2022-02-13,,0795542629,+256795542629,valid,Lira,Lira,exact,13/02/2022,2022-02-13,%d/%m/%Y, ,,missing,CUST104417,
CUST100022,Mugisha Kizza,+256721715464,mugisha.kizza@srg.co.ug,Mbale,2024-12-16,,721715464,+256721715464,valid,Mbale,Mbale,exact,2024-12-16,2024-12-16,%Y-%m-%d,,,missing,,
CUST100023,Joan Byaruhanga,+256749960725,joanbyaruhanga@mail.com,Hoima,2024-10-22,,+256 74 996 0725,+256749960725,valid,Homa,Hoima,variant_mapped,22/10/2024,2024-10-22,%d/%m/%Y,,,missing,CUST100461,
CUST100024,Nakato David,+256734183346,nakato.david@outlook.com,Wakiso,2025-02-20,M,256734183346,+256734183346,valid,Wakiso,Wakiso,exact,20-02-2025,2025-02-20,%d-%m-%Y,M,M,mapped,,
CUST100025,Esther Kambale,+256727896089,esther.kambale@yahoo,Gulu,2021-08-10,M,+256727896089,+256727896089,valid,Gulu,Gulu,exact,10/08/2021,2021-08-10,%d/%m/%Y,M,M,mapped,CUST103616,
CUST100026,Agnes,+256702496245,agnessrg.co.ug,Kabale,2024-04-17,M,256702496245,+256702496245,valid,kabale,Kabale,exact,2024-04-17,2024-04-17,%Y-%m-%d,Male ,M,mapped,CUST104286,
CUST100027,Nakiganda Nabbanja,+256785616415,nakiganda.nabbanja@srg.co.ug,Kampala,2024-07-06,,256785616415,+256785616415,valid,Kampala,Kampala,exact,2024-07-06,2024-07-06,%Y-%m-%d,,,missing,,
CUST100028,Achieng Nabbanja,+256722769184,achieng.nabbanja@hotmail.com,Wakiso,2022-03-25,F,+256722769184,+256722769184,valid,Wakiso,Wakiso,exact,2022-03-25,2022-03-25,%Y-%m-%d,F,F,mapped,CUST104248,
CUST100029,Sarah Butime,+256717038211,,Kampala,,M,+256717038211,+256717038211,valid,Kampala,Kampala,exact,,,missing,M,M,mapped,CUST100592,
CUST100030,Kyomuhendo Atukunda,+256752163975,kyomuhendo.atukunda@mail.com,Fort Portal,2025-05-06,,752163975,+256752163975,valid,Kabarole,Fort Portal,exact,2025-05-06,2025-05-06,%Y-%m-%d,,,missing,,
CUST100031,Ssekandi Nakayiza,+256739815732,ssekandi.nakayizagmail.com,Kalangala,2025-03-02,M,256739815732,+256739815732,valid,Kalangala,Kalangala,exact,2025-03-02,2025-03-02,%Y-%m-%d,Male,M,mapped,CUST103349,
CUST100032,Ssentongo Nakiganda,+256707710194,ssentongo.nakiganda@outlook.com,Kampala,2024-04-09,M,0707710194,+256707710194,valid,Kampala,Kampala,exact,2024-04-09,2024-04-09,%Y-%m-%d,Male,M,mapped,CUST103008,
CUST100033,Catherine Ssekandi,+256722173462,catherine.ssekandi@outlook.com,Kiruhura,2024-03-03,,256722173462,+256722173462,valid,Kiruhura,Kiruhura,exact,03/03/2024,2024-03-03,%d/%m/%Y,,,missing,,
CUST100034,Kyebambe Mary,+256788799671,kyebambe.mary@hotmail.com,Nakasongola,2023-01-13,M,0788799671,+256788799671,valid,Nakasongola,Nakasongola,exact,2023-01-13,2023-01-13,%Y-%m-%d,Male,M,mapped,CUST101178,
CUST100035,Byaruhanga Olweny,+256759379672,byaruhanga.olweny@gmail.com,Mukono,2022-09-05,,759379672,+256759379672,valid,Mukono,Mukono,exact,05/09/2022,2022-09-05,%d/%m/%Y,,,missing,,
CUST100036,Ouma Lubega,+256745523448,ouma.lubega@outlook.com,Hoima,2023-09-12,M,0745523448,+256745523448,valid,Hoima,Hoima,exact,2023-09-12,2023-09-12,%Y-%m-%d,Male,M,mapped,,
CUST100037,Peter Kizza,+256710052204,peter.kizzaoutlook.com,Mpigi,2024-03-07,,0710052204,+256710052204,valid,Mpigi,Mpigi,exact,2024-03-07,2024-03-07,%Y-%m-%d,,,missing,,
CUST100038,Mary Nalubega,+256795807154,marynalubega88@mail.com,Wakiso,2024-03-04,M,+256795807154,+256795807154,valid,Wakiso,Wakiso,exact,2024-03-04,2024-03-04,%Y-%m-%d,Male,M,mapped,CUST104479,
CUST100039,Ouma,+256783981020,oumamail.com,Kampala,2022-06-26,M,783981020,+256783981020,valid,Kampala,Kampala,exact,26/06/2022,2022-06-26,%d/%m/%Y,Male ,M,mapped,,
CUST100040,Jane Kyomuhendo,+256710582240,jane.kyomuhendo@srg.co.ug,Wakiso,2022-06-24,M,+256710582240,+256710582240,valid,Wakiso District,Wakiso,variant_mapped,2022-06-24,2022-06-24,%Y-%m-%d,Male,M,mapped,CUST104504,
CUST100041,Rebecca Kyebambe,+256713717703,rebecca.kyebambe@outlook.com,Kampala,2023-10-09,,+256713717703,+256713717703,valid,Kampala,Kampala,exact,2023-10-09,2023-10-09,%Y-%m-%d,,,missing,CUST100589,
CUST100043,Guma Atukunda,+256719076084,gumaatukunda34@outlook.com,Wakiso,2025-07-30,,719076084,+256719076084,valid,Wakiso,Wakiso,exact,2025-07-30,2025-07-30,%Y-%m-%d,,,missing,,
CUST100044,Ssekandi Olweny,+256723853669,ssekandi.olweny@hotmail.com,Masaka,2023-02-18,M,+256723853669,+256723853669,valid,Masacka,Masaka,variant_mapped,2023-02-18,2023-02-18,%Y-%m-%d,M,M,mapped,,
CUST100045,Mugisha Ssebugwawo,+256734724422,mugisha.ssebugwawo@gmail.com,Masaka,2023-06-07,M,0734724422,+256734724422,valid,Masaka,Masaka,exact,2023-06-07,2023-06-07,%Y-%m-%d,Male,M,mapped,CUST101263,
CUST100046,Agnes Nakiganda,+256709806149,agnesnakiganda45@gmail.com,Jinja,2021-09-04,M,0709806149,+256709806149,valid,jinji,Jinja,variant_mapped,04-09-2021,2021-09-04,%d-%m-%Y,Male ,M,mapped,CUST103320,
CUST100047,Joan Wasswa,+256718165886,joan.wasswa@hotmail.com,Mbarara,2021-01-25,F,+256718165886,+256718165886,valid,Mbarara,Mbarara,exact,2021-01-25,2021-01-25,%Y-%m-%d,Female,F,mapped,CUST103244,
CUST100048,nakayiza kato,+256702700841,nakayiza.kato@mail.com,Isingiro,2022-06-25,M,256702700841,+256702700841,valid,Isingiro,Isingiro,exact,25/06/2022,2022-06-25,%d/%m/%Y,Male ,M,mapped,CUST101724,
CUST100049,Emmanuel,+256707576582,emmanuel@yahoo.com,Kabale,2023-12-25,F,+256707576582,+256707576582,valid,Kabale,Kabale,exact,2023-12-25,2023-12-25,%Y-%m-%d,Female,F,mapped,,
CUST100050,Joseph Wasswa,+256784194858,joseph.wasswa@yahoo.com,Wakiso,2023-11-14,,0784194858,+256784194858,valid,Wakiso,Wakiso,exact,14/11/2023,2023-11-14,%d/%m/%Y,,,missing,CUST103354,
CUST100051,Esther Guma,+256792123241,esther.guma@hotmail.com,Rakai,2024-09-21,M,0792123241,+256792123241,valid,Rakai,Rakai,exact,2024-09-21,2024-09-21,%Y-%m-%d,M,M,mapped,CUST101470;CUST101609,
CUST100052,Kamoga Olweny,+256724438843,kamoga.olweny@outlook.com,Mukono,2022-04-12,M,+256724438843,+256724438843,valid,Mukono,Mukono,exact,2022-04-12,2022-04-12,%Y-%m-%d,Male,M,mapped,,
CUST100053,Mubiru Mukasa,+256747136682,mubiru.mukasa@gmail.com,Mbale City,,M,+256747136682,+256747136682,valid,Mbale City,Mbale City,exact,,,missing,M,M,mapped,,
CUST100054,Ouma Ssempebwa,+256720032658,oumassempebwa@hotmail.com,Mbarara,2021-05-26,M,0720032658,+256720032658,valid,Mbarara,Mbarara,exact,26/05/2021,2021-05-26,%d/%m/%Y,Male,M,mapped,,
CUST100055,Munezero Ssimbwa,+256716302986,munezero.ssimbwa@mail.com,Iganga,2022-05-17,F,+256716302986,+256716302986,valid,iganga,Iganga,exact,17/05/2022,2022-05-17,%d/%m/%Y,Female,F,mapped,,
CUST100056,Nankya Florence,+256770844583,nankya.florenceyahoo.com,Jinja,,M,256770844583,+256770844583,valid,Jinja,Jinja,exact,,,missing,Male,M,mapped,,
CUST100057,Ouma Kibirige,+256782999888,ouma.kibirige@outlook.com,Soroti,,M,0782999888,+256782999888,valid,Soroti,Soroti,exact,,,missing,Male,M,mapped,,
CUST100058,Patrick Kamoga,+256780957877,patrick.kamoga@outlook.com,Mbale City,2023-12-13,F,+256780957877,+256780957877,valid,Mbale City,Mbale City,exact,13/12/2023,2023-12-13,%d/%m/%Y,Female ,F,mapped,,
CUST100059,Francis Nsereko,+256733561599,francis.nsereko@srg.co.ug,Kiruhura,2024-05-10,F,0733561599,+256733561599,valid,Kiruhura,Kiruhura,exact,2024-05-10,2024-05-10,%Y-%m-%d,Female,F,mapped,,
CUST100060,Wasswa Kamoga,+256792689946,wasswakamoga96@gmail.com,Kampala,2024-12-24,M,792689946,+256792689946,valid,Kampala,Kampala,exact,2024-12-24,2024-12-24,%Y-%m-%d,Male,M,mapped,,
CUST100061,Irene Nakayiza,+256741383231,irene.nakayiza@gmail.com,Kiboga,2022-10-12,F,074-138-3231,+256741383231,valid,Kiboga,Kiboga,exact,2022-10-12,2022-10-12,%Y-%m-%d,Female,F,mapped,CUST101474,
CUST100062,Byaruhanga Ssemakula,,byaruhanga.ssemakula@srg.co.ug,Masaka,2025-03-03,M,,,missing,Masacka,Masaka,variant_mapped,2025-03-03,2025-03-03,%Y-%m-%d,Male,M,mapped,CUST102159,
CUST100063,Lubega Ssekandi,,lubegassekandi69@yahoo.com,Sembabule,2024-04-14,M,,,missing,Sembabule,Sembabule,exact,14/04/2024,2024-04-14,%d/%m/%Y,Male,M,mapped,CUST103689,
CUST100064,Ouma Nserejo,+256794096279,ouma.nsereko@mail.com,Wakiso,2021-12-08,M,+256794096279,+256794096279,valid,Wakiso,Wakiso,exact,08/12/2021,2021-12-08,%d/%m/%Y,Male,M,mapped,CUST101454;CUST102925,
CUST100065,Robert Ssekandi,+256705988702,robert.ssekandi@outlook.com,Kasese,2022-09-30,M,0705988702,+256705988702,valid,Kasese,Kasese,exact,30-09-2022,2022-09-30,%d-%m-%Y,Male,M,mapped,CUST102289,
CUST100066,Alexander Lubega,+256735159291,alexander.lubega@mail.com,Luwero,2023-04-06,F,0735159291,+256735159291,valid,luwero,Luwero,exact,06/04/2023,2023-04-06,%d/%m/%Y,Female,F,mapped,CUST101932;CUST103122,
CUST100067,Esther Munezero,+256780124200,esther.munezero@gmail.com,Arua,2025-01-16,M,0780124200,+256780124200,valid,Arua,Arua,exact,2025-01-16,2025-01-16,%Y-%m-%d,Male,M,mapped,CUST102879,
CUST100068,Olweny Mukasa,+256740992017,olwenymukasa48@yahoo.com,Mbarara,2021-03-07,M,074-099-2017,+256740992017,valid,Mbarara,Mbarara,exact,07/03/2021,2021-03-07,%d/%m/%Y,Male,M,mapped,CUST101069,
CUST100069,Lubega Namubiru,+256723003313,lubeganamubiru1@yahoo.com,Jinja,2023-05-23,M,+256723003313,+256723003313,valid,Jinja,Jinja,exact,2023-05-23,2023-05-23,%Y-%m-%d,Male,M,mapped,,
CUST100070,Mercy Nakayiza,+256780143865,mercy.nakayiza@gmail.com,Masaka,2022-09-18,F,+256780143865,+256780143865,valid,Masaka,Masaka,exact,18/09/2022,2022-09-18,%d/%m/%Y,Female,F,mapped,CUST103473;CUST103916,
CUST100071,Sheila Ouma,+256790892238,sheila.ouma@hotmail.com,Mbarara,2022-05-10,F,+256 79 089 2238,+256790892238,valid,Mbarara City,Mbarara,exact,2022-05-10,2022-05-10,%Y-%m-%d,Female,F,mapped,,
CUST100072,Juliet Kibirige,+256735096541,julietkibirige26@srg.co.ug,Mukono,2024-08-10,F,0735096541,+256735096541,valid,Mukono,Mukono,exact,10-08-2024,2024-08-10,%d-%m-%Y,F,F,mapped,CUST104247,
CUST100073,Ssemakula Ssempebwa,+256774031193,ssemakula.ssempebwa@hotmail.com,Mbarara,2022-01-13,M,0774031193,+256774031193,valid,Mbarara,Mbarara,exact,2022-01-13,2022-01-13,%Y-%m-%d,Male,M,mapped,CUST101640,
CUST100074,Collins Tumusiime,+256794630574,collins.tumusiime@yahoo.com,Lira,2023-04-08,,+256794630574,+256794630574,valid,Lira,Lira,exact,2023-04-08,2023-04-08,%Y-%m-%d,,,missing,CUST100950,
CUST100075,Isaac Byaruhanga,+256757282787,isaacbyaruhanga@hotmail.com,Mbale,2025-07-14,,075-728-2787,+256757282787,valid,Mbale,Mbale,exact,2025-07-14,2025-07-14,%Y-%m-%d,,,missing,,
CUST100077,Guma Katusiime,+256711030074,gumakatusiime@yahoo.com,Kampala,,M,0711030074,+256711030074,valid,Kampala,Kampala,exact,,,missing,Male,M,mapped,,
CUST100078,Collins,+256700449478,collinssrg.co.ug,Masaka,2021-05-26,F,070-044-9478,+256700449478,valid,Masaka,Masaka,exact,2021-05-26,2021-05-26,%Y-%m-%d,F,F,mapped,,
CUST100079,Atim Olweny,+256750013680,atim.olweny@mail.com,Kampala,2022-01-18,F,+256750013680,+256750013680,valid,Kampala,Kampala,exact,2022-01-18,2022-01-18,%Y-%m-%d,Female,F,mapped,,
CUST100080,Olweny Ninsiima,+256793310392,olweny.ninsiima@outlook.com,Jinja,2024-09-21,M,256793310392,+256793310392,valid,Jinja,Jinja,exact,2024-09-21,2024-09-21,%Y-%m-%d,Male ,M,mapped,,
CUST100081,Munezero Kyebambe,,munezero.kyebambe@hotmail.com,Kampala,2024-07-25,F,,,missing,Kampala,Kampala,exact,2024-07-25,2024-07-25,%Y-%m-%d,Female,F,mapped,,
CUST100082,Wanyama Guma,+256793841971,wanyama.guma@hotmail.com,Kampala,2024-10-30,F,0793841971,+256793841971,valid,Kampala,Kampala,exact,30/10/2024,2024-10-30,%d/%m/%Y,Female,F,mapped,,
CUST100083,stephen,+256700599439,stephen@gmail,Kampala,2022-12-01,F,256700599439,+256700599439,valid,Kampala,Kampala,exact,01/12/2022,2022-12-01,%d/%m/%Y,Female,F,mapped,CUST101445,
CUST100084,Namutebi Nankya,+256771866448,namutebi.nankya@yahoo.com,Kampala,2022-02-15,F,+256771866448,+256771866448,valid,Kampala,Kampala,exact,2022-02-15,2022-02-15,%Y-%m-%d,Female,F,mapped,,
CUST100085,Florence Mugisha,+256777265034,florence.mugisha@gmail.com,Wakiso,2021-04-08,M,256777265034,+256777265034,valid,Wakiso,Wakiso,exact,08/04/2021,2021-04-08,%d/%m/%Y,Male,M,mapped,,
CUST100086,Nalubega Ahabwe,+256792725082,nalubega.ahabwe@yahoo.com,Kampala,2024-08-20,F,+256792725082,+256792725082,valid,Kampala,Kampala,exact,20/08/2024,2024-08-20,%d/%m/%Y,F,F,mapped,,
CUST100087,Olweny Katusiime,+256748600985,olweny.katusiime@yahoo.com,Nakasongola,,M,748600985,+256748600985,valid,Nakasongola,Nakasongola,exact,,,missing,Male,M,mapped,CUST102874,
CUST100088,grace ouma,,grace.oumaoutlook.com,Kampala,2024-05-17,M,,,missing,Kampala,Kampala,exact,2024-05-17,2024-05-17,%Y-%m-%d,Male,M,mapped,CUST102418,REVIEW: possible duplicate
CUST100089,Okello vonald,+256797088045,okello.ronald@mail.com,Nakasongola,2023-07-17,,079-708-8045,+256797088045,valid,Nakasongola,Nakasongola,exact,17/07/2023,2023-07-17,%d/%m/%Y,,,missing,CUST103109,
CUST100090,Lubega Naomi,+256779336646,lubega.naomi@mail.com,Nakasongola,2024-12-25,F,+256779336646,+256779336646,valid,Nakasongola,Nakasongola,exact,25/12/2024,2024-12-25,%d/%m/%Y,Female,F,mapped,,
CUST100091,Patrick Lubega,+256712934077,patricklubega@gmail.com,Kabale,2021-11-26,F,0712934077,+256712934077,valid,Kabale,Kabale,exact,2021-11-26,2021-11-26,%Y-%m-%d,Female,F,mapped,CUST102752;CUST104434,
CUST100092,Sarah,+256743216906,sarah@outlook.com,Rakai,2025-03-13,M,+256 74 321 6906,+256743216906,valid,Rakai,Rakai,exact,2025-03-13,2025-03-13,%Y-%m-%d,Male,M,mapped,,
CUST100093,Ruth Butime,+256735902625,ruth.butimegmail.com,Bundibugyo,2022-02-09,F,735902625,+256735902625,valid,Bundibugyo,Bundibugyo,exact,09/02/2022,2022-02-09,%d/%m/%Y,Female,F,mapped,,
CUST100094,Ninsiima Mugisha,+256780094814,ninsiima.mugisha@gmail.com,Mukono,2021-12-14,F,+256 78 009 4814,+256780094814,valid,Mukono,Mukono,exact,2021-12-14,2021-12-14,%Y-%m-%d,Female,F,mapped,,
CUST100095,Robert Olweny,+256726985236,robert.olweny@srg.co.ug,Kampala,2024-02-14,M,0726985236,+256726985236,valid,Kampala,Kampala,exact,2024-02-14,2024-02-14,%Y-%m-%d,Male,M,mapped,CUST101907,
CUST100096,John Mubiru,+256737337089,,Mukono,2023-01-18,M,737337089,+256737337089,valid,Mukono,Mukono,exact,18/01/2023,2023-01-18,%d/%m/%Y,Male,M,mapped,CUST104674,
CUST100097,Godfrey Kibirige,+256772097772,godfrey.kibirige@hotmail.com,Lira,2021-01-04,,+256772097772,+256772097772,valid,Lira,Lira,exact,2021-01-04,2021-01-04,%Y-%m-%d,,,missing,,
CUST100098,Kizza Mukasa,+256723469520,kizza.mukasa@outlook.com,Luwero,2025-02-23,M,256723469520,+256723469520,valid,Luwero,Luwero,exact,23/02/2025,2025-02-23,%d/%m/%Y,M,M,mapped,,
CUST100099,Jane Nalubega,+256789878589,jane.nalubega@mail.com,Wakiso,2021-09-10,,0789878589,+256789878589,valid,wakiso,Wakiso,exact,10-09-2021,2021-09-10,%d-%m-%Y,,,missing,,
CUST100100,Florence Nsereko,+256706077864,florence.nsereko@yahoo.com,Mbale,2023-01-10,M,+256706077864,+256706077864,valid,Mbale,Mbale,exact,10/01/2023,2023-01-10,%d/%m/%Y,M,M,mapped,,
CUST100101,Michael Ssimbwa,+256776117454,michael.ssimbwa@hotmail.com,Kampala,2023-04-07,,0776117454,+256776117454,valid,Kampala,Kampala,exact,2023-04-07,2023-04-07,%Y-%m-%d,,,missing,CUST101283,
CUST100102,Katusiime Okello,,katusiime.okelloyahoo.com,Mbarara,2021-01-20,M,,,missing,Mbarara,Mbarara,exact,2021-01-20,2021-01-20,%Y-%m-%d,Male ,M,mapped,,
CUST100103,Rebecca Lubega,+256775373525,rebecca.lubega@gmail.com,Mbarara,2023-12-21,M,0775373525,+256775373525,valid,Mbarara City,Mbarara,exact,21/12/2023,2023-12-21,%d/%m/%Y,Male,M,mapped,,
CUST100104,Isaac Nsereko,+256753341011,isaacnsereko38@gmail.com,Jinja,2021-02-06,F,753341011,+256753341011,valid,Jinja City,Jinja,exact,2021-02-06,2021-02-06,%Y-%m-%d,Female,F,mapped,CUST104500,
CUST100105,Ninsiima Byaruhanga,+256747171222,ninsiima.byaruhanga@mail.com,Wakiso,2024-08-17,F,+256747171222,+256747171222,valid,Wakiso,Wakiso,exact,17/08/2024,2024-08-17,%d/%m/%Y,Female,F,mapped,CUST104510,
CUST100106,Ruth Mukasa,+256794396464,ruth.mukasa@yahoo.com,Mukono,2025-07-18,F,0794396464,+256794396464,valid,Mukono,Mukono,exact,18-07-2025,2025-07-18,%d-%m-%Y,Female,F,mapped,CUST103938,
CUST100107,Stephen Kambale,+256780833026,stephen.kambale@yahoo.com,Mukono,2021-07-14,F,0780833026,+256780833026,valid,Mukono,Mukono,exact,2021-07-14,2021-07-14,%Y-%m-%d,Female,F,mapped,CUST100216;CUST100726,
CUST100109,Mukasa Alexander,,mukasa.alexander@srg,Hoima,2025-03-09,F,,,missing,Hoima,Hoima,exact,09/03/2025,2025-03-09,%d/%m/%Y,Female,F,mapped,,
CUST100110,Stephen Kafeero,+256753040293,stephenkafeero@gmail.com,Kampala,2021-06-01,F,753040293,+256753040293,valid,Kampala,Kampala,exact,2021-06-01,2021-06-01,%Y-%m-%d,Female,F,mapped,,REVIEW: possible duplicate
CUST100111,Nankya Butime,+256703368934,,Soroti,2024-02-05,F,+256703368934,+256703368934,valid,Soroti,Soroti,exact,05/02/2024,2024-02-05,%d/%m/%Y,Female,F,mapped,,
CUST100112,Michael,+256736152977,michael@hotmail.com,Tororo,2021-05-19,,+256 73 615 2977,+256736152977,valid,Torroro,Tororo,variant_mapped,19/05/2021,2021-05-19,%d/%m/%Y,,,missing,,
CUST100113,Kibirige Kambale,,kibirigekambale27@gmail.com,Wakiso,2022-09-05,M,,,missing,Wakiso,Wakiso,exact,05-09-2022,2022-09-05,%d-%m-%Y,Male,M,mapped,,
CUST100114,katusiime irene,+256798418665,katusiime.irene@mail.com,Bushenyi,2024-09-30,F,798418665,+256798418665,valid,Bushenyi District,Bushenyi,variant_mapped,2024-09-30,2024-09-30,%Y-%m-%d,Female,F,mapped,CUST104108,
CUST100115,Ruth Atukunda,+256757007823,ruth.atukunda@yahoo.com,Nakasongola,2022-02-24,F,0757007823,+256757007823,valid,Nakasongola,Nakasongola,exact,24-02-2022,2022-02-24,%d-%m-%Y,Female,F,mapped,CUST101075,
CUST100116,Ssimbwa Mubiru,+256795896754,ssimbwa.mubiru@srg.co.ug,Lira,2023-12-11,M,+256 79 589 6754,+256795896754,valid,Lira,Lira,exact,11-12-2023,2023-12-11,%d-%m-%Y,M,M,mapped,,
CUST100117,Nakayiza Alexander,+256748088274,,Hoima,2021-09-16,F,0748088274,+256748088274,valid,Hoima,Hoima,exact,16/09/2021,2021-09-16,%d/%m/%Y,Female,F,mapped,CUST100540;CUST103173,REVIEW: possible duplicate
CUST100118,Kyomuhendo Nabirye,+256778720495,kyomuhendo.nabirye@srg.co.ug,,2023-05-28,F,+256 77 872 0495,+256778720495,valid,  ,,missing,2023-05-28,2023-05-28,%Y-%m-%d,Female,F,mapped,CUST101357,
CUST100119,Mercy Wanyama,+256714311692,mercy.wanyama@gmail.com,Wakiso,2021-01-23,F,071-431-1692,+256714311692,valid,Wakiso,Wakiso,exact,2021-01-23,2021-01-23,%Y-%m-%d,F,F,mapped,CUST102008,
CUST100120,Juliet Nabirye,+256708271055,juliet.nabirye@srg.co.ug,Gulu,2022-11-01,F,256708271055,+256708271055,valid,Gulu City,Gulu,exact,01/11/2022,2022-11-01,%d/%m/%Y,F,F,mapped,,
CUST100121,Kizza Atim,+256754820089,kizzaatim36@yahoo.com,Wakiso,,,0754820089,+256754820089,valid,Wakiso,Wakiso,exact,,,missing, ,,missing,CUST104809,
CUST100122,Ssemakula Kyebambe,+256746859975,ssemakula.kyebambe@yahoo.com,Mityana,2022-05-18,M,256746859975,+256746859975,valid,Mityana,Mityana,exact,2022-05-18,2022-05-18,%Y-%m-%d,M,M,mapped,CUST102455,
CUST100123,Peter Nabbanja,+256794902765,peter.nabbanja@srg.co.ug,Kampala,2024-12-11,M,+256794902765,+256794902765,valid,Kampala,Kampala,exact,11/12/2024,2024-12-11,%d/%m/%Y,Male,M,mapped,CUST102324,
CUST100124,Patrick Wanyama,+256780615663,patrick.wanyama@outlook.com,Kampala,2022-02-02,F,256780615663,+256780615663,valid,Kampala (Central),Kampala,variant_mapped,2022-02-02,2022-02-02,%Y-%m-%d,F,F,mapped,,
CUST100125,Ssekandi Wasswa,,ssekandiwasswa85@yahoo.com,Jinja,2021-02-27,M,,,missing,Jinja,Jinja,exact,2021-02-27,2021-02-27,%Y-%m-%d,Male,M,mapped,,
CUST100126,Agnes Nakiganda,+256794086853,agnes.nakiganda@yahoo.com,Kampala,2021-04-19,M,0794086853,+256794086853,valid,Kampala,Kampala,exact,19/04/2021,2021-04-19,%d/%m/%Y,Male,M,mapped,CUST101469,
CUST100127,Patrick Nabirye,,patrick.nabirye@mail.com,Kampala,2025-07-03,F,,,missing,Kampala,Kampala,exact,03/07/2025,2025-07-03,%d/%m/%Y,Female,F,mapped,,
CUST100128,Olweny Namubiru,+256745843162,olweny.namubiru@gmail.com,Mbarara,2023-01-07,M,+256 74 584 3162,+256745843162,valid,Mbarara,Mbarara,exact,07/01/2023,2023-01-07,%d/%m/%Y,Male ,M,mapped,,
CUST100129,Ouma Brian,+256708192727,oumabrian42@hotmail.com,Masaka,2023-09-14,,070-819-2727,+256708192727,valid,Masaka,Masaka,exact,2023-09-14,2023-09-14,%Y-%m-%d,,,missing,,
CUST100130,Godfrey Ssimbwa,+256721769450,godfrey.ssimbwa@gmail.com,Mbarara,2023-01-31,F,0721769450,+256721769450,valid,Mbarara,Mbarara,exact,31/01/2023,2023-01-31,%d/%m/%Y,Female,F,mapped,,
CUST100131,Samuel Lubega,+256738295814,samuellubega39@outlook.com,Jinja,2025-05-20,M,+256738295814,+256738295814,valid,Jinja City,Jinja,exact,2025-05-20,2025-05-20,%Y-%m-%d,Male,M,mapped,CUST101295,
CUST100132,Nankya Kyomuhendo,,nankya.kyomuhendo@outlook,Kalangala,2025-06-02,F,,,missing,Kalangala,Kalangala,exact,2025-06-02,2025-06-02,%Y-%m-%d,Female,F,mapped,,
CUST100133,Sheila Ssekandi,+256728325912,sheilassekandi@outlook.com,Wakiso,2025-09-29,F,0728325912,+256728325912,valid,Wakiso,Wakiso,exact,2025-09-29,2025-09-29,%Y-%m-%d,Female,F,mapped,CUST100173,
CUST100134,Emmanuel Byaruhanga,+256710436370,emmanuel.byaruhanga@outlook.com,Kayunga,2021-02-09,F,0710436370,+256710436370,valid,Kayunga,Kayunga,exact,2021-02-09,2021-02-09,%Y-%m-%d,Female,F,mapped,,
CUST100135,Mubiru Tumusiime,+256740166223,mubiru.tumusiime@mail.com,Kabale,2022-01-09,M,0740166223,+256740166223,valid,Kabale District,Kabale,variant_mapped,2022-01-09,2022-01-09,%Y-%m-%d,Male,M,mapped,,
CUST100136,Ssimbwa Naomi,+256735765708,ssimbwa.naomi@hotmail.com,Mukono,2024-01-04,F,073-576-5708,+256735765708,valid,Mukono,Mukono,exact,04/01/2024,2024-01-04,%d/%m/%Y,Female,F,mapped,,REVIEW: possible duplicate
CUST100137,Juliet Katusiime,+256783738789,juliet.katusiime@yahoo.com,Kumi,2022-08-09,F,783738789,+256783738789,valid,Kumi,Kumi,exact,09-08-2022,2022-08-09,%d-%m-%Y,Female,F,mapped,,
CUST100138,Kizza Ouma,+256701765967,kizza.ouma@hotmail.com,Wakiso,2022-11-18,M,070-176-5967,+256701765967,valid,Wakiso,Wakiso,exact,18/11/2022,2022-11-18,%d/%m/%Y,M,M,mapped,CUST100288;CUST101150,
CUST100139,Ssempebwa Tumusiime,+256742059251,ssempebwa.tumusiime@yahoo.com,Mbarara,2023-06-21,,0742059251,+256742059251,valid,Mbarara,Mbarara,exact,21-06-2023,2023-06-21,%d-%m-%Y,,,missing,,
CUST100140,Nalubega Kambale,+256784627379,nalubega.kambale@mail.com,Soroti,2024-07-03,F,0784627379,+256784627379,valid,Soroti,Soroti,exact,2024-07-03,2024-07-03,%Y-%m-%d,Female,F,mapped,,
CUST100141,Okello Nalubega,+256706056371,okello.nalubega@outlook.com,Jinja,,M,+256 70 605 6371,+256706056371,valid,Jinja,Jinja,exact,,,missing,Male,M,mapped,,
CUST100142,Ouma Grace,+256786286851,oumagrace4@outlook.com,Kampala,2022-08-18,M,+256786286851,+256786286851,valid,Kampala,Kampala,exact,2022-08-18,2022-08-18,%Y-%m-%d,Male,M,mapped,CUST104219,REVIEW: possible duplicate
CUST100143,Katusiime Butime,+256798655458,katusiimebutime@yahoo.com,Mityana,2022-01-06,F,079-865-5458,+256798655458,valid,Mityana,Mityana,exact,06/01/2022,2022-01-06,%d/%m/%Y,F,F,mapped,CUST101564,
CUST100144,Michael Kamoga,+256784158522,michael.kamoga@outlook.com,Mukono,2021-02-19,M,078-415-8522,+256784158522,valid,Mukko,Mukono,variant_mapped,2021-02-19,2021-02-19,%Y-%m-%d,Male,M,mapped,CUST102987,
CUST100145,Kato Nsereko,+256711366532,kato.nsereko@yahoo.com,Arua,,,0711366532,+256711366532,valid,Arua City,Arua,exact,,,missing,,,missing,,
CUST100146,Kizza Nabbanja,+256721986876,kizza.nabbanja@hotmail.com,Mukono,2024-05-13,M,0721986876,+256721986876,valid,Mukkono,Mukono,variant_mapped,2024-05-13,2024-05-13,%Y-%m-%d,Male,M,mapped,,
CUST100147,Ninsiima Kambale,+256775912659,ninsiima.kambale@outlook,Gulu,2024-05-17,F,+256 77 591 2659,+256775912659,valid,Gulu,Gulu,exact,2024-05-17,2024-05-17,%Y-%m-%d,F,F,mapped,,
CUST100148,Kambale,+256728750950,kambale@mail.com,Mbale City,2024-12-17,F,+256728750950,+256728750950,valid,Mbale City,Mbale City,exact,17-12-2024,2024-12-17,%d-%m-%Y,F,F,mapped,CUST101231,
CUST100149,Munezero Emmanuel,+256779742465,munezero.emmanuel@hotmail.com,Kasese,2024-02-14,,0779742465,+256779742465,valid,Kasese,Kasese,exact,2024-02-14,2024-02-14,%Y-%m-%d,,,missing,,
CUST100150,Joan Ssempebwa,+256739461973,joan.ssempebwa@gmail.com,Gulu,2025-04-19,F,+256739461973,+256739461973,valid,Gulu,Gulu,exact,19-04-2025,2025-04-19,%d-%m-%Y,Female ,F,mapped,CUST104156,
CUST100151,Kambale Butime,+256783755015,kambale.butime@srg.co.ug,Lira,2024-04-17,F,+256783755015,+256783755015,valid,Lira,Lira,exact,17/04/2024,2024-04-17,%d/%m/%Y,Female,F,mapped,,
CUST100152,Ruth Kamoga,+256712208657,ruth.kamoga@gmail.com,Gulu,2024-03-13,F,+256 71 220 8657,+256712208657,valid,Gulu,Gulu,exact,13/03/2024,2024-03-13,%d/%m/%Y,F,F,mapped,,
CUST100153,Isaac Nabbanja,+256723360320,isaac.nabbanja@mail.com,Luwero,2022-01-20,F,723360320,+256723360320,valid,Luwero District,Luwero,variant_mapped,2022-01-20,2022-01-20,%Y-%m-%d,Female ,F,mapped,CUST103025,
CUST100154,Nalubega Joan,+256720220005,nalubega.joan@gmail.com,Jinja,2021-12-04,,256720220005,+256720220005,valid,Jinja,Jinja,exact,2021-12-04,2021-12-04,%Y-%m-%d,,,missing,,
CUST100155,Okello Nsereko,+256788474333,okellonsereko63@mail.com,Kampala,2022-02-17,M,0788474333,+256788474333,valid,Kampala,Kampala,exact,17/02/2022,2022-02-17,%d/%m/%Y,M,M,mapped,CUST103464,
CUST100156,Ouma Nakato,+256736942592,ouma.nakato@mail.com,Entebbe,2021-04-26,M,256736942592,+256736942592,valid,Entebbe,Entebbe,exact,2021-04-26,2021-04-26,%Y-%m-%d,M,M,mapped,CUST103064,
CUST100157,Mugisha Ssempebwa,+256720812713,mugisha.ssempebwa@hotmail.com,Luwero,2021-03-06,M,+256720812713,+256720812713,valid,Luwero,Luwero,exact,2021-03-06,2021-03-06,%Y-%m-%d,Male,M,mapped,,
CUST100158,Harriet Ssekandi,+256783314652,harrietssekandi43@hotmail.com,Hoima,2023-06-30,F,078-331-4652,+256783314652,valid,Hoima,Hoima,exact,2023-06-30,2023-06-30,%Y-%m-%d,F,F,mapped,CUST102551,
CUST100159,Achieng Namubiru,,achiengnamubiru63@mail.com,Wakiso,2024-04-13,F,,,missing,Wakiso,Wakiso,exact,2024-04-13,2024-04-13,%Y-%m-%d,Female,F,mapped,,
CUST100160,Guma,+256718609380,guma@yahoo.com,Mbarara,2022-12-12,M,256718609380,+256718609380,valid,Mbarara City,Mbarara,exact,2022-12-12,2022-12-12,%Y-%m-%d,Male,M,mapped,CUST101086,
CUST100161,Juliet oanyama,+256732795743,julietwanyama44@hotmail.com,Wakiso,,F,+256732795743,+256732795743,valid,Wakiso,Wakiso,exact,,,missing,Female,F,mapped,CUST100371;CUST103401,
CUST100162,Nabirye Kibirige,+256707107026,nabirye.kibirige@mail.com,Mbarara,2022-01-13,F,256707107026,+256707107026,valid,Mbarara,Mbarara,exact,2022-01-13,2022-01-13,%Y-%m-%d,Female,F,mapped,,
CUST100163,Olweny Nakiganda,+256711333936,olweny.nakiganda@mail.com,Jinja,2021-08-07,,711333936,+256711333936,valid,Jinja City,Jinja,exact,2021-08-07,2021-08-07,%Y-%m-%d,,,missing,,
CUST100164,Patrick,+256774205991,patrick@gmail.com,Tororo,2023-07-02,F,0774205991,+256774205991,valid,tororo,Tororo,exact,2023-07-02,2023-07-02,%Y-%m-%d,F,F,mapped,CUST102086,
CUST100165,Nsereko Nakayiza,+256777132564,nsereko.nakayiza@mail.com,Kumi,2025-05-28,F,+256777132564,+256777132564,valid,Kumi,Kumi,exact,2025-05-28,2025-05-28,%Y-%m-%d,Female,F,mapped,CUST101102,
CUST100166,Lubega Naomi,+256782961201,lubeganaomi@hotmail.com,Masaka,2025-03-08,F,0782961201,+256782961201,valid,Masaka,Masaka,exact,08/03/2025,2025-03-08,%d/%m/%Y,Female,F,mapped,,
CUST100167,Timothy Nabbanja,+256770640029,timothy.nabbanja@yahoo.com,Mbarara,2021-09-15,F,+256770640029,+256770640029,valid,Mbarara City,Mbarara,exact,15/09/2021,2021-09-15,%d/%m/%Y,F,F,mapped,,
CUST100168,Michael Kibirige,+256709419166,michael.kibirige@outlook.com,Arua,,M,0709419166,+256709419166,valid,Arua,Arua,exact,,,missing,Male,M,mapped,,
CUST100169,Grace Mubiru,+256758326726,grace.mubiru@outlook.com,Kampala,2021-01-17,M,+256 75 832 6726,+256758326726,valid,Kampala,Kampala,exact,2021-01-17,2021-01-17,%Y-%m-%d,Male,M,mapped,,
CUST100170,Ssemakula Sarah,+256785104644,ssemakulasarah55@outlook.com,Bundibugyo,2025-10-12,M,785104644,+256785104644,valid,Bundibugyo,Bundibugyo,exact,12/10/2025,2025-10-12,%d/%m/%Y,Male,M,mapped,,
CUST100171,Sarah Ninsiima,+256748109859,sarah.ninsiima@yahoo.com,Fort Portal,2024-09-05,M,074-810-9859,+256748109859,valid,Fort-Portal,Fort Portal,variant_mapped,2024-09-05,2024-09-05,%Y-%m-%d,Male,M,mapped,,
CUST100172,Ssekandi Olweny,,ssekandi.olweny@mail.com,Mpigi,2024-01-08,M,,,missing,Mpigi District,Mpigi,variant_mapped,08-01-2024,2024-01-08,%d-%m-%Y,Male,M,mapped,,
CUST100174,Namubiru Wasswa,+256721764884,,Kampala,2022-01-29,F,0721764884,+256721764884,valid,Kampala,Kampala,exact,29/01/2022,2022-01-29,%d/%m/%Y,Female,F,mapped,CUST103055,REVIEW: possible duplicate
CUST100175,Atim Wanyama,+256708207054,,Wakiso,2022-03-07,F,+256708207054,+256708207054,valid,Wakiso,Wakiso,exact,2022-03-07,2022-03-07,%Y-%m-%d,Female,F,mapped,,
CUST100176,Okello Nabirye,+256711195631,,Gulu,2025-04-07,M,+256711195631,+256711195631,valid,Gulu,Gulu,exact,07/04/2025,2025-04-07,%d/%m/%Y,Male,M,mapped,CUST101124;CUST102467,REVIEW: possible duplicate
CUST100177,Katusiime Kyebambe,+256749828729,katusiimekyebambe81@yahoo.com,Arua,,F,256749828729,+256749828729,valid,Arua City,Arua,exact,,,missing,F,F,mapped,,
CUST100178,Guma Guma,+256718426143,guma.guma@hotmail.com,Masaka,2021-04-04,M,+256718426143,+256718426143,valid,Masacka,Masaka,variant_mapped,2021-04-04,2021-04-04,%Y-%m-%d,Male,M,mapped,CUST104000,
CUST100179,Andrew Guma,+256700328732,andrew.guma@yahoo,Mbarara,2024-12-28,F,0700328732,+256700328732,valid,Mbarara,Mbarara,exact,2024-12-28,2024-12-28,%Y-%m-%d,Female,F,mapped,CUST100433;CUST102027,
CUST100180,Grace Ninsiima,+256757981037,grace.ninsiima@srg.co.ug,Wakiso,2021-03-29,M,757981037,+256757981037,valid,Wakiso,Wakiso,exact,2021-03-29,2021-03-29,%Y-%m-%d,Male,M,mapped,,
CUST100181,Nakiganda Ninsiima,+256792470313,nakigandaninsiima23@outlook.com,Bushenyi,2022-08-31,F,0792470313,+256792470313,valid,bushenyi,Bushenyi,exact,2022-08-31,2022-08-31,%Y-%m-%d,F,F,mapped,CUST102404,
CUST100182,Kamoga Peter,+256759739670,kamoga.peter@srg.co.ug,Kayunga,2022-07-01,M,256759739670,+256759739670,valid,Kayunga,Kayunga,exact,01/07/2022,2022-07-01,%d/%m/%Y,Male,M,mapped,CUST100860,
CUST100183,Guma Butime,+256739376726,guma.butime@gmail.com,Kampala,2023-10-13,M,739376726,+256739376726,valid,Kampala,Kampala,exact,2023-10-13,2023-10-13,%Y-%m-%d,Male,M,mapped,CUST100881;CUST104279,
CUST100184,John Nabirye,+256747507930,john.nabirye@mail.com,Mbale,2021-05-12,M,+256747507930,+256747507930,valid,Mbale,Mbale,exact,2021-05-12,2021-05-12,%Y-%m-%d,Male,M,mapped,CUST103672,
CUST100185,Guma,+256752846869,guma48@outlook.com,Kampala,2021-05-15,,+256752846869,+256752846869,valid,Kampala,Kampala,exact,15/05/2021,2021-05-15,%d/%m/%Y,,,missing,,REVIEW: possible duplicate
CUST100186,Joan Nakato,+256718440654,joan.nakato@mail.com,Gulu,2021-01-20,F,+256718440654,+256718440654,valid,Gulu,Gulu,exact,2021-01-20,2021-01-20,%Y-%m-%d,F,F,mapped,CUST104787,
CUST100188,Olweny Catherine,+256780913607,,Masindi,2024-01-17,M,256780913607,+256780913607,valid,masindi,Masindi,exact,17-01-2024,2024-01-17,%d-%m-%Y,Male,M,mapped,CUST102642,
CUST100189,Kyomuhendo Guma,+256782079680,kyomuhendoguma70@outlook.com,Mbale,2022-10-24,F,0782079680,+256782079680,valid,Mbale,Mbale,exact,2022-10-24,2022-10-24,%Y-%m-%d,Female,F,mapped,,
CUST100190,S. Mugisha,+256732460502,samuel.mugisha@outlook.com,Jinja,2025-09-16,M,0732460502,+256732460502,valid,Jinja,Jinja,exact,2025-09-16,2025-09-16,%Y-%m-%d,Male,M,mapped,CUST102142,
CUST100191,Nankya Atukunda,+256718747894,nankya.atukunda@outlook.com,Wakiso,2023-12-23,F,071-874-7894,+256718747894,valid,Wakiso,Wakiso,exact,23/12/2023,2023-12-23,%d/%m/%Y,Female,F,mapped,CUST100567,
CUST100192,Wasswa Okello,,wasswa.okello@hotmail.com,Wakiso,,M,,,missing,Wakiso,Wakiso,exact,,,missing,M,M,mapped,,
CUST100193,J. Ssebugwawo,+256750434768,juliet.ssebugwawo@mail.com,Gulu,2021-06-10,F,750434768,+256750434768,valid,Guluu,Gulu,variant_mapped,10/06/2021,2021-06-10,%d/%m/%Y,Female,F,mapped,CUST100323;CUST101429;CUST104984,
CUST100194,Namutebi Atukunda,,namutebi.atukunda@gmail.com,Hoima,2021-05-08,F,,,missing,Hoima,Hoima,exact,2021-05-08,2021-05-08,%Y-%m-%d,Female,F,mapped,,
CUST100195,Brian Kyebambe,+256714269459,brian.kyebambe@mail.com,Gulu,2021-03-19,M,256714269459,+256714269459,valid,Gulu,Gulu,exact,2021-03-19,2021-03-19,%Y-%m-%d,M,M,mapped,CUST103062,
CUST100196,Juliet Kyomuhendo,+256744918193,juliet.kyomuhendosrg.co.ug,Mbarara,2025-10-11,,256744918193,+256744918193,valid,Mbarara,Mbarara,exact,11/10/2025,2025-10-11,%d/%m/%Y,,,missing,CUST100241;CUST104753,
CUST100197,Katusiime Peter,+256782525499,katusiime.peter@gmail.com,Jinja,2025-09-13,M,0782525499,+256782525499,valid,Jinja City,Jinja,exact,13/09/2025,2025-09-13,%d/%m/%Y,Male,M,mapped,CUST103187,
CUST100198,Butime Kyomuhendo,+256729115310,butimekyomuhendo57@hotmail.com,Kampala,2023-11-18,,729115310,+256729115310,valid,Kampala,Kampala,exact,18/11/2023,2023-11-18,%d/%m/%Y,,,missing,,
CUST100199,Ssempebwa Lubega,+256783725887,ssempebwa.lubega@srg.co.ug,Kampala,2023-12-23,,+256783725887,+256783725887,valid,Kampala,Kampala,exact,2023-12-23,2023-12-23,%Y-%m-%d,,,missing,,
CUST100200,Ssimbwa Ouma,+256712988261,ssimbwa.ouma@mail.com,Mbarara,2021-05-31,,+256712988261,+256712988261,valid,MBARARA,Mbarara,exact,31/05/2021,2021-05-31,%d/%m/%Y,,,missing,CUST104766,
CUST100201,Atim Byaruhanga,+256717528014,atimbyaruhanga72@yahoo.com,Soroti,2025-09-26,F,071-752-8014,+256717528014,valid,Soroti,Soroti,exact,26-09-2025,2025-09-26,%d-%m-%Y,Female,F,mapped,CUST104320,
CUST100202,Okello Joan,+256732045436,okello.joan@srg.co.ug,Masindi,2025-10-14,F,256732045436,+256732045436,valid,Masindi,Masindi,exact,2025-10-14,2025-10-14,%Y-%m-%d,Female,F,mapped,CUST100273,
CUST100203,bubega Mugisha,,lubega.mugisha@hotmail.com,Mukono,2023-04-06,M,,,missing,Mukono,Mukono,exact,06-04-2023,2023-04-06,%d-%m-%Y,Male,M,mapped,CUST101509,
CUST100204,Byaruhanga Ssentongo,+256791815957,byaruhanga.ssentongo@outlook.com,Kasese,2023-07-13,M,0791815957,+256791815957,valid,Kasese,Kasese,exact,2023-07-13,2023-07-13,%Y-%m-%d,Male,M,mapped,CUST104074,
CUST100205,Godfrey Achieng,+256780302923,godfrey.achieng@hotmail.com,Hoima,2022-04-03,,0780302923,+256780302923,valid,Hoima,Hoima,exact,2022-04-03,2022-04-03,%Y-%m-%d,,,missing,CUST103879,
CUST100206,Kibirige Kambale,+256783324482,kibirige.kambale@hotmail.com,Wakiso,2022-03-11,M,256783324482,+256783324482,valid,Wakiso District,Wakiso,variant_mapped,2022-03-11,2022-03-11,%Y-%m-%d,Male,M,mapped,,
CUST100207,Ssekandi Ninsiima,+256784274870,ssekandi.ninsiima@hotmail.com,Luwero,2023-10-02,M,784274870,+256784274870,valid,Luwero,Luwero,exact,2023-10-02,2023-10-02,%Y-%m-%d,Male ,M,mapped,,
CUST100209,Wanyama Nalubega,+256793747397,wanyama.nalubega@yahoo.com,Masindi,2021-07-31,F,079-374-7397,+256793747397,valid,Masindi,Masindi,exact,2021-07-31,2021-07-31,%Y-%m-%d,Female,F,mapped,,
CUST100210,David Ssentongo,+256707488357,davidssentongo@gmail.com,Kayunga,2021-04-04,M,0707488357,+256707488357,valid,Kayunga,Kayunga,exact,2021-04-04,2021-04-04,%Y-%m-%d,Male,M,mapped,CUST101025,
CUST100211,Kato,+256754951557,kato@hotmail.com,Nebbi,2023-05-09,M,+256754951557,+256754951557,valid,Nebbi,Nebbi,exact,2023-05-09,2023-05-09,%Y-%m-%d,Male,M,mapped,,
CUST100212,Nabbanja Nsereko,+256771016226,nabbanja.nsereko@hotmail.com,Mukono,2022-08-18,F,+256 77 101 6226,+256771016226,valid,Mukono,Mukono,exact,2022-08-18,2022-08-18,%Y-%m-%d,Female,F,mapped,CUST102512,
CUST100213,Ssemakula Kamoga,+256794468342,ssemakula.kamoga@outlook.com,Kalangala,2024-01-23,M,0794468342,+256794468342,valid,Kalangala,Kalangala,exact,23-01-2024,2024-01-23,%d-%m-%Y,Male,M,mapped,CUST103253,
CUST100214,Ruth Ouma,+256733445398,ruth.ouma@hotmail.com,Jinja,2024-08-18,F,256733445398,+256733445398,valid,Jinja,Jinja,exact,18-08-2024,2024-08-18,%d-%m-%Y,Female,F,mapped,,
CUST100215,Mercy Tumusiime,+256722356275,,Kampala,2021-11-25,F,+256 72 235 6275,+256722356275,valid,Kampala ,Kampala,exact,2021-11-25,2021-11-25,%Y-%m-%d,Female,F,mapped,CUST102727,
CUST100217,Ruth Ssempebwa,+256799663312,ruth.ssempebwa@outlook.com,Mityana,2025-05-26,F,0799663312,+256799663312,valid,Mityana,Mityana,exact,2025-05-26,2025-05-26,%Y-%m-%d,Female,F,mapped,,
CUST100218,Ssempebwa Ssimbwa,+256733779730,ssempebwassimbwa61@gmail.com,Gulu,2025-10-15,M,+256733779730,+256733779730,valid,Gulu,Gulu,exact,15-10-2025,2025-10-15,%d-%m-%Y,Male,M,mapped,,
CUST100219,Emmanuel Kyomuhendo,+256759761734,emmanuel.kyomuhendo@hotmail.com,Tororo,2021-01-04,F,+256 75 976 1734,+256759761734,valid,Tororo,Tororo,exact,04/01/2021,2021-01-04,%d/%m/%Y,Female,F,mapped,,
CUST100220,Butime Brian,+256782546426,butime.brian@yahoo.com,Jinja,2023-01-14,M,078-254-6426,+256782546426,valid,Jinja,Jinja,exact,14/01/2023,2023-01-14,%d/%m/%Y,Male ,M,mapped,,
CUST100221,Esther Ssemakula,+256748068003,estherssemakulasrg.co.ug,Mpigi,2025-04-28,M,256748068003,+256748068003,valid,Mpigi,Mpigi,exact,28/04/2025,2025-04-28,%d/%m/%Y,M,M,mapped,CUST100446,
CUST100222,Nsereko Francis,,nsereko.francis@hotmail.com,Isingiro,2022-07-02,F,,,missing,isingiro,Isingiro,exact,2022-07-02,2022-07-02,%Y-%m-%d,Female,F,mapped,,
CUST100223,Ssentongo Nankya,+256747290513,ssentongonankya@outlook.com,Kampala,2023-09-24,M,747290513,+256747290513,valid,Kampala,Kampala,exact,2023-09-24,2023-09-24,%Y-%m-%d,M,M,mapped,CUST102603,
CUST100224,Kafeero Peter,+256797387831,kafeero.peter@srg.co.ug,Jinja,2025-05-14,M,0797387831,+256797387831,valid,Jinja,Jinja,exact,2025-05-14,2025-05-14,%Y-%m-%d,Male ,M,mapped,,
CUST100225,Namubiru Grace,+256700062531,namubiru.grace@hotmail.com,Masaka,2021-06-18,M,070-006-2531,+256700062531,valid,Masaka,Masaka,exact,2021-06-18,2021-06-18,%Y-%m-%d,Male,M,mapped,,
CUST100226,marah Nabbanja,+256732215617,sarah.nabbanja@yahoo.com,Jinja,2022-02-17,M,256732215617,+256732215617,valid,Jinja,Jinja,exact,17-02-2022,2022-02-17,%d-%m-%Y,Male,M,mapped,CUST101646,
CUST100227,Phoebe Nabirye,+256785591381,phoebe.nabirye@yahoo.com,Kampala,2021-09-15,F,0785591381,+256785591381,valid,Kampala,Kampala,exact,2021-09-15,2021-09-15,%Y-%m-%d,F,F,mapped,,
CUST100228,NAKAYIZA OKELLO,+256796111631,nakayiza.okello@hotmail.com,Wakiso,2021-11-09,,+256796111631,+256796111631,valid,Wakiso,Wakiso,exact,2021-11-09,2021-11-09,%Y-%m-%d,,,missing,CUST102529,
CUST100229,Mubiru Ssemakula,+256759360759,mubirussemakula44@outlook.com,Kampala,2024-05-11,M,0759360759,+256759360759,valid,Kampala,Kampala,exact,2024-05-11,2024-05-11,%Y-%m-%d,M,M,mapped,CUST104027,
CUST100230,Nabirye Tendo,+256779121488,nabirye.tendo@hotmail.com,Wakiso,2025-02-12,F,0779121488,+256779121488,valid,Wakisio,Wakiso,variant_mapped,12/02/2025,2025-02-12,%d/%m/%Y,Female,F,mapped,CUST102782,
CUST100231,Jane Nakato,+256723901012,jane.nakato@hotmail.com,Bushenyi,2024-05-21,M,+256 72 390 1012,+256723901012,valid,Bushenyi,Bushenyi,exact,2024-05-21,2024-05-21,%Y-%m-%d,M,M,mapped,,
CUST100232,Isaac Ouma,+256728685879,isaac.ouma@srg.co.ug,Jinja,2022-10-11,F,0728685879,+256728685879,valid,Jinja,Jinja,exact,11/10/2022,2022-10-11,%d/%m/%Y,F,F,mapped,CUST104826,
CUST100233,Butime Ruth,+256784623363,butime.ruth@srg.co.ug,Jinja,2022-08-16,F,+256784623363,+256784623363,valid,Jinja City,Jinja,exact,2022-08-16,2022-08-16,%Y-%m-%d,Female,F,mapped,CUST100296;CUST100968,
CUST100234,Ouma Nalubega,+256705815413,ouma.nalubegasrg.co.ug,Kasese,,,0705815413,+256705815413,valid,Kasese,Kasese,exact,,,missing,,,missing,,
CUST100235,Namubiru Kyebambe,+256713453747,namubiru.kyebambe@srg.co.ug,Wakiso,2025-10-03,F,071-345-3747,+256713453747,valid,Wakisio,Wakiso,variant_mapped,2025-10-03,2025-10-03,%Y-%m-%d,Female ,F,mapped,,
CUST100236,Sheila Nabirye,+256750768594,sheilanabirye57@outlook,Wakiso,2022-04-03,F,075-076-8594,+256750768594,valid,Wakiso,Wakiso,exact,2022-04-03,2022-04-03,%Y-%m-%d,Female,F,mapped,CUST104618,
CUST100237,Ouma Mukasa,+256733327867,ouma.mukasa@hotmail.com,Jinja,2024-08-11,,0733327867,+256733327867,valid,Jinja,Jinja,exact,11/08/2024,2024-08-11,%d/%m/%Y,,,missing,CUST103856,
CUST100238,Kizza Florence,+256778817322,kizzaflorencegmail.com,Kampala,2021-08-30,M,+256778817322,+256778817322,valid,Kampala,Kampala,exact,30/08/2021,2021-08-30,%d/%m/%Y,Male,M,mapped,CUST101676,
CUST100239,Ninsiima Achieng,+256757222459,ninsiima.achieng@hotmail.com,Wakiso,2023-11-19,F,0757222459,+256757222459,valid,Wakiso,Wakiso,exact,19/11/2023,2023-11-19,%d/%m/%Y,Female,F,mapped,,
CUST100240,Namutebi Tumusiime,+256755248472,namutebi.tumusiime@yahoo.com,Kampala,2024-04-11,,0755248472,+256755248472,valid,Kampala Region,Kampala,variant_mapped,11/04/2024,2024-04-11,%d/%m/%Y,,,missing,,
CUST100242,Collins Nsereko,+256727583982,collins.nsereko@mail.com,Wakiso,2024-08-07,F,+256727583982,+256727583982,valid,Wakiso,Wakiso,exact,07-08-2024,2024-08-07,%d-%m-%Y,F,F,mapped,,
CUST100243,Ssekandi Nabbanja,+256748167758,ssekandi.nabbanja@gmail.com,Wakiso,2023-11-09,M,+256748167758,+256748167758,valid,Wakiso,Wakiso,exact,09/11/2023,2023-11-09,%d/%m/%Y,Male ,M,mapped,,
CUST100244,Nakiganda Olweny,,,Nebbi,,F,,,missing,Nebbi,Nebbi,exact,,,missing,Female,F,mapped,,
CUST100245,Nabirye Olweny,+256702419484,nabirye.olweny@gmail.com,Nakasongola,2025-06-10,F,702419484,+256702419484,valid,Nakasongola,Nakasongola,exact,2025-06-10,2025-06-10,%Y-%m-%d,Female,F,mapped,,
CUST100246,Esther Tumusiime,+256772442659,esthertumusiime@mail.com,Jinja,2023-02-04,M,256772442659,+256772442659,valid,jinja,Jinja,exact,2023-02-04,2023-02-04,%Y-%m-%d,Male,M,mapped,,
CUST100247,Nalubega Kizza,+256779804048,nalubegakizza84@gmail.com,Kampala,2021-08-10,M,+256 77 980 4048,+256779804048,valid,Kampala City,Kampala,variant_mapped,10/08/2021,2021-08-10,%d/%m/%Y,Male,M,mapped,,
CUST100248,Alexander Nankya,,alexander.nankya@hotmail.com,Kampala,2023-08-13,F,,,missing,Kampala,Kampala,exact,2023-08-13,2023-08-13,%Y-%m-%d,F,F,mapped,,
CUST100249,Juliet Kambale,+256749450429,julietkambale75@mail.com,Mbale,2022-02-11,,+256749450429,+256749450429,valid,Mbale,Mbale,exact,2022-02-11,2022-02-11,%Y-%m-%d,,,missing,CUST103546;CUST104579,
CUST100250,Mubiru Butime,+256736677657,mubiru.butime@hotmail.com,Jinja,2023-08-19,M,736677657,+256736677657,valid,Jinja,Jinja,exact,2023-08-19,2023-08-19,%Y-%m-%d,Male ,M,mapped,CUST100600,
CUST100251,Ssentongo Ssempebwa,+256701962542,ssentongo.ssempebwa@gmail.com,Masindi,2021-08-23,M,+256701962542,+256701962542,valid,Masindi,Masindi,exact,23-08-2021,2021-08-23,%d-%m-%Y,M,M,mapped,,
CUST100252,Nabirye Nabbanja,+256740731818,nabiryenabbanja3@outlook.com,Mukono,2025-08-06,F,256740731818,+256740731818,valid,Mukono,Mukono,exact,06-08-2025,2025-08-06,%d-%m-%Y,Female,F,mapped,,
CUST100253,Wanyama Nankya,+256795346526,wanyama.nankya@gmail.com,Kampala,2024-11-17,F,0795346526,+256795346526,valid,Kla,Kampala,variant_mapped,17/11/2024,2024-11-17,%d/%m/%Y,Female,F,mapped,,
CUST100254,Isaac Guma,+256771074766,isaac.guma@outlook.com,Gulu,2025-06-03,F,+256771074766,+256771074766,valid,Gulu,Gulu,exact,2025-06-03,2025-06-03,%Y-%m-%d,F,F,mapped,,
CUST100255,Okello Byaruhanga,+256780942696,okello.byaruhanga@yahoo.com,Masaka,2023-08-21,,0780942696,+256780942696,valid,Masaka,Masaka,exact,2023-08-21,2023-08-21,%Y-%m-%d,,,missing,CUST101841,
CUST100256,Collins Kyomuhendo,,collinskyomuhendo6@hotmail.com,Wakiso,2021-08-27,,,,missing,Wakiso,Wakiso,exact,2021-08-27,2021-08-27,%Y-%m-%d,,,missing,,
CUST100257,Harriet Nalubega,+256780446722,harriet.nalubega@yahoo.com,Arua,2023-07-04,F,+256780446722,+256780446722,valid,Arua City,Arua,exact,04-07-2023,2023-07-04,%d-%m-%Y,Female,F,mapped,,
CUST100258,Ssemakula Nsereko,+256735526784,ssemakula.nsereko@srg.co.ug,Kampala,2023-07-16,,+256 73 552 6784,+256735526784,valid,Kampala,Kampala,exact,2023-07-16,2023-07-16,%Y-%m-%d,,,missing,,
CUST100259,Okello Ssentongo,+256749927538,okellossentongo53@mail.com,Gulu,2023-06-26,,+256 74 992 7538,+256749927538,valid,Gulu City,Gulu,exact,2023-06-26,2023-06-26,%Y-%m-%d, ,,missing,,
CUST100260,Kyomuhendo Nankya,+256730803895,kyomuhendo.nankya@gmail.com,Mukono,2021-04-12,F,0730803895,+256730803895,valid,Mukono,Mukono,exact,12/04/2021,2021-04-12,%d/%m/%Y,Female,F,mapped,CUST101033;CUST103342,
CUST100261,Alexander Ssekandi,+256756413179,alexander.ssekandi@gmail.com,Wakiso,2021-08-11,F,256756413179,+256756413179,valid,Wakiso,Wakiso,exact,2021-08-11,2021-08-11,%Y-%m-%d,Female,F,mapped,CUST102077,
CUST100262,Emmanuel Ouma,+256702523326,emmanuel.ouma@yahoo.com,Mbale,2024-05-03,F,702523326,+256702523326,valid,Mbale,Mbale,exact,2024-05-03,2024-05-03,%Y-%m-%d,F,F,mapped,,
CUST100263,Ninsiima Ssempebwa,,ninsiima.ssempebwa@outlook.com,Mbale,2024-04-30,F,,,missing,Mbale,Mbale,exact,30/04/2024,2024-04-30,%d/%m/%Y,Female,F,mapped,,
CUST100264,Ouma Mercy,+256751436796,ouma.mercy@outlook.com,Mbale,2022-09-21,F,256751436796,+256751436796,valid,Mbale,Mbale,exact,21-09-2022,2022-09-21,%d-%m-%Y,Female,F,mapped,CUST104569,
CUST100265,Nalubega,+256786398605,nalubega95@gmail.com,Kayunga,2021-03-15,F,256786398605,+256786398605,valid,Kayunga,Kayunga,exact,2021-03-15,2021-03-15,%Y-%m-%d,Female,F,mapped,,
CUST100266,Guma Nankya,+256708519278,guma.nankya@yahoo,Wakiso,2024-02-20,,+256708519278,+256708519278,valid,Wakiso,Wakiso,exact,2024-02-20,2024-02-20,%Y-%m-%d,,,missing,,
CUST100267,Brian Ssimbwa,+256701046078,brian.ssimbwa@gmail.com,Kampala,2023-01-27,M,+256701046078,+256701046078,valid,Kampala,Kampala,exact,2023-01-27,2023-01-27,%Y-%m-%d,Male ,M,mapped,,
CUST100268,Kizza Nakiganda,,,Kiboga,2023-04-05,,,,missing,Kiboga,Kiboga,exact,2023-04-05,2023-04-05,%Y-%m-%d,,,missing,,
CUST100269,Irene Munezero,+256788498842,irene.munezero@srg.co.ug,Tororo,2021-04-16,F,+256788498842,+256788498842,valid,Tororo,Tororo,exact,2021-04-16,2021-04-16,%Y-%m-%d,Female,F,mapped,CUST101734,
CUST100270,Agnes Kyebambe,+256770020944,agnes.kyebambe@mail.com,Mukono,2024-04-05,M,256770020944,+256770020944,valid,Mukono,Mukono,exact,2024-04-05,2024-04-05,%Y-%m-%d,M,M,mapped,,
CUST100271,Nabbanja,+256777243327,nabbanja54@mail.com,Gulu,2024-12-10,F,+256777243327,+256777243327,valid,Gulu,Gulu,exact,2024-12-10,2024-12-10,%Y-%m-%d,F,F,mapped,CUST101186,
CUST100272,Andrew Guma,+256790387431,andrew.guma@hotmail.com,Mukono,2021-03-10,F,790387431,+256790387431,valid,Mukono,Mukono,exact,2021-03-10,2021-03-10,%Y-%m-%d,Female,F,mapped,,
CUST100274,Mary Ssekandi,+256717594312,mary.ssekandi@srg.co.ug,Kiruhura,,M,+256 71 759 4312,+256717594312,valid,Kiruhura,Kiruhura,exact,,,missing,Male,M,mapped,,
CUST100275,Nakiganda Nsereko,+256791433879,,Rakai,2023-07-28,F,791433879,+256791433879,valid,rakai,Rakai,exact,28/07/2023,2023-07-28,%d/%m/%Y,Female,F,mapped,,
CUST100276,Sarah,+256750641519,sarah@mail,Kampala,2024-02-17,M,256750641519,+256750641519,valid,Kampala (Central),Kampala,variant_mapped,17/02/2024,2024-02-17,%d/%m/%Y,Male,M,mapped,,
CUST100277,Nabirye Tumusiime,+256780634442,nabirye.tumusiime@srg.co.ug,Soroti,2025-05-28,F,256780634442,+256780634442,valid,Soroti District,Soroti,variant_mapped,2025-05-28,2025-05-28,%Y-%m-%d,Female,F,mapped,,
CUST100278,Grace Ssekandi,+256781362224,grace.ssekandi@yahoo.com,Kampala,,M,+256781362224,+256781362224,valid,Kampala,Kampala,exact,,,missing,Male,M,mapped,CUST100391;CUST102872,
CUST100279,Esther Ssebugwawo,+256711977222,esther.ssebugwawo@srg.co.ug,Kampala,2025-09-16,M,0711977222,+256711977222,valid,Kampala,Kampala,exact,16-09-2025,2025-09-16,%d-%m-%Y,Male ,M,mapped,CUST102331,
CUST100280,Kamoga Mubiru,+256788817018,kamoga.mubiru@yahoo.com,Jinja,2023-02-28,M,078-881-7018,+256788817018,valid,Jinja,Jinja,exact,28/02/2023,2023-02-28,%d/%m/%Y,Male,M,mapped,,
CUST100281,Agnes Kambale,+256746542267,agnes.kambale@gmail.com,Wakiso,2021-12-14,M,0746542267,+256746542267,valid,Wakiso,Wakiso,exact,14/12/2021,2021-12-14,%d/%m/%Y,Male,M,mapped,,
CUST100283,Nabbanja Kamoga,+256789603608,nabbanja.kamoga@hotmail.com,Gulu,2022-07-16,F,0789603608,+256789603608,valid,Gulu,Gulu,exact,16/07/2022,2022-07-16,%d/%m/%Y,Female,F,mapped,,
CUST100284,Kafeero Kyomuhendo,+256747188803,kafeero.kyomuhendo@hotmail.com,Jinja,2023-03-17,F,256747188803,+256747188803,valid,Jinja,Jinja,exact,17-03-2023,2023-03-17,%d-%m-%Y,F,F,mapped,,
CUST100285,Ouma Kambale,+256777422898,ouma.kambale@hotmail.com,Kampala,2025-04-25,M,077-742-2898,+256777422898,valid,Kampala,Kampala,exact,2025-04-25,2025-04-25,%Y-%m-%d,Male,M,mapped,,
CUST100286,Lubega,+256723868184,lubega@srg.co.ug,Mukono,2022-04-14,M,+256 72 386 8184,+256723868184,valid,mukono,Mukono,exact,14/04/2022,2022-04-14,%d/%m/%Y,Male,M,mapped,,
CUST100287,Byaruhanga Tumusiime,+256786208302,byaruhanga.tumusiime@mail.com,Mukono,2022-02-26,M,256786208302,+256786208302,valid,Mukono,Mukono,exact,2022-02-26,2022-02-26,%Y-%m-%d,Male,M,mapped,,
CUST100289,Nakiganda Ssempebwa,+256791783681,nakiganda.ssempebwa@yahoo.com,Mbale City,2024-05-07,F,+256791783681,+256791783681,valid,Mbale City,Mbale City,exact,07/05/2024,2024-05-07,%d/%m/%Y,Female,F,mapped,CUST100908,
CUST100290,Kyomuhendo Wanyama,+256724670976,kyomuhendowanyama65@outlook.com,Jinja,2022-07-10,F,0724670976,+256724670976,valid,Jinja,Jinja,exact,2022-07-10,2022-07-10,%Y-%m-%d,Female,F,mapped,CUST100997,
CUST100292,Phoebe Kambale,+256715504238,phoebekambale@mail.com,Bushenyi,2022-05-13,F,256715504238,+256715504238,valid,Bushenyi,Bushenyi,exact,2022-05-13,2022-05-13,%Y-%m-%d,Female,F,mapped,,
CUST100293,Wanyama Ninsiima,+256745863295,wanyama.ninsiima@outlook.com,Soroti,2021-09-16,F,0745863295,+256745863295,valid,Soroti,Soroti,exact,2021-09-16,2021-09-16,%Y-%m-%d,Female,F,mapped,,
CUST100294,alexander nalubega,+256799594105,,Bushenyi,2022-04-19,F,0799594105,+256799594105,valid,Bushenyi,Bushenyi,exact,2022-04-19,2022-04-19,%Y-%m-%d,Female,F,mapped,CUST102952,
CUST100295,Sarah Okello,+256703980057,sarah.okello@gmail.com,Mukono,2023-09-25,M,+256 70 398 0057,+256703980057,valid,Mukono,Mukono,exact,25/09/2023,2023-09-25,%d/%m/%Y,Male,M,mapped,CUST101294,
CUST100297,Mercy Nankya,+256717303623,mercy.nankya@srg.co.ug,Kasese,2022-11-23,,0717303623,+256717303623,valid,Kisese,Kasese,variant_mapped,2022-11-23,2022-11-23,%Y-%m-%d,,,missing,,
CUST100298,Mary Atim,+256742654163,mary.atim@gmail.com,Mbale,2021-07-12,M,0742654163,+256742654163,valid,Mbale,Mbale,exact,2021-07-12,2021-07-12,%Y-%m-%d,Male,M,mapped,,
CUST100299,Nalubega Nakayiza,+256707773280,nalubeganakayiza@outlook.com,Nebbi,,F,+256707773280,+256707773280,valid,Nebbi,Nebbi,exact,,,missing,Female ,F,mapped,CUST100722,
CUST100300,Nakiganda Munezero,+256721241895,nakigandamunezero28@srg.co.ug,Gulu,2024-03-24,F,256721241895,+256721241895,valid,Gulu City,Gulu,exact,2024-03-24,2024-03-24,%Y-%m-%d,Female,F,mapped,CUST101500;CUST102664,
CUST100301,Nsereko Namubiru,+256774461978,nsereko.namubiru@srg.co.ug,Wakiso,2025-07-08,M,256774461978,+256774461978,valid,Wakiso,Wakiso,exact,08/07/2025,2025-07-08,%d/%m/%Y,Male,M,mapped,CUST101730;CUST101974,
CUST100302,Collins Kizza,+256721253610,collins.kizza@hotmail.com,Jinja,2024-10-07,F,+256 72 125 3610,+256721253610,valid,Jinja,Jinja,exact,2024-10-07,2024-10-07,%Y-%m-%d,Female,F,mapped,,
CUST100303,Juliet Mugisha,+256700418763,juliet.mugisha@gmail.com,Kampala,2024-09-16,F,0700418763,+256700418763,valid,Kampala,Kampala,exact,16/09/2024,2024-09-16,%d/%m/%Y,Female,F,mapped,,
CUST100304,Patrick Ssentongo,+256710371055,patrick.ssentongo@srg,Mbarara,2024-07-24,F,+256710371055,+256710371055,valid,Mbarara City,Mbarara,exact,24/07/2024,2024-07-24,%d/%m/%Y,Female,F,mapped,CUST102651;CUST103711,
CUST100305,Michael Ahabwe,+256782046937,michael.ahabwe@outlook.com,Mukono,2021-07-02,M,078-204-6937,+256782046937,valid,Mukono,Mukono,exact,2021-07-02,2021-07-02,%Y-%m-%d,Male,M,mapped,,
CUST100306,Ssentongo Nsereko,+256700873223,ssentongo.nsereko@srg.co.ug,Gulu,2022-01-15,M,+256 70 087 3223,+256700873223,valid,Gulu District,Gulu,variant_mapped,15-01-2022,2022-01-15,%d-%m-%Y,Male,M,mapped,,
CUST100307,Irene Mugisha,+256715685084,irene.mugisha@yahoo.com,Kampala,2024-04-17,F,+256 71 568 5084,+256715685084,valid,Kampala,Kampala,exact,17/04/2024,2024-04-17,%d/%m/%Y,F,F,mapped,,
CUST100308,Ssempebwa Mugisha,+256755058589,ssempebwa.mugisha@hotmail.com,Lira,2021-08-01,M,+256 75 505 8589,+256755058589,valid,Lira,Lira,exact,01/08/2021,2021-08-01,%d/%m/%Y,Male,M,mapped,CUST102229,
CUST100309,Butime Mubiru,+256701634803,butime.mubiru@gmail.com,Mbale,2023-12-05,M,+256 70 163 4803,+256701634803,valid,Mbale,Mbale,exact,2023-12-05,2023-12-05,%Y-%m-%d,Male ,M,mapped,,
CUST100311,Daniel Kambale,+256778671751,daniel.kambaleyahoo.com,Mbale,,M,256778671751,+256778671751,valid,Mbale,Mbale,exact,,,missing,Male,M,mapped,CUST104004,
CUST100312,Kamoga Agnes,+256721548019,kamogaagnes@outlook,Mukono,,M,+256721548019,+256721548019,valid,mukono,Mukono,exact,,,missing,Male,M,mapped,CUST102607,
CUST100313,Patrick Tendo,+256720598293,patrick.tendo@outlook.com,Kampala,2025-09-07,F,+256720598293,+256720598293,valid,Kampala,Kampala,exact,07/09/2025,2025-09-07,%d/%m/%Y,Female ,F,mapped,CUST103866;CUST104228,REVIEW: possible duplicate
CUST100314,Atim Byaruhanga,+256781313839,atim.byaruhangamail.com,Mbarara,2024-05-22,M,078-131-3839,+256781313839,valid,Mbarara,Mbarara,exact,22/05/2024,2024-05-22,%d/%m/%Y,Male,M,mapped,,
CUST100315,Nsereko Okello,,nserekookello@gmail.com,Gulu,2021-03-11,M,,,missing,Gulu,Gulu,exact,2021-03-11,2021-03-11,%Y-%m-%d,Male,M,mapped,CUST102545,
CUST100316,Grace Tendo,+256773621417,grace.tendo@outlook,Kampala,2022-02-13,M,0773621417,+256773621417,valid,Kampala,Kampala,exact,13/02/2022,2022-02-13,%d/%m/%Y,M,M,mapped,,
CUST100317,Beatrice Ssekandi,,,Kampala,2023-06-16,F,,,missing,kampala district,Kampala,variant_mapped,16/06/2023,2023-06-16,%d/%m/%Y,F,F,mapped,,REVIEW: possible duplicate
CUST100319,Ouma Rebecca,+256704780928,ouma.rebecca@mail.com,Entebbe,2021-06-28,M,+256704780928,+256704780928,valid,Entebbe City,Entebbe,variant_mapped,28/06/2021,2021-06-28,%d/%m/%Y,Male,M,mapped,CUST103337,
CUST100320,Joan Olweny,+256719387839,joan.olweny@mail.com,Jinja,2022-10-14,F,+256 71 938 7839,+256719387839,valid,Jinja,Jinja,exact,14/10/2022,2022-10-14,%d/%m/%Y,Female ,F,mapped,,
CUST100321,Nabbanja Ssekandi,+256753117695,nabbanjassekandi4@srg.co.ug,Masaka,2022-11-12,F,+256753117695,+256753117695,valid,masaka,Masaka,exact,2022-11-12,2022-11-12,%Y-%m-%d,Female,F,mapped,,
CUST100322,Byaruhanga Ahabwe,+256754881736,byaruhanga.ahabwe@gmail.com,Wakiso,2021-06-24,,+256 75 488 1736,+256754881736,valid,Wakiso,Wakiso,exact,2021-06-24,2021-06-24,%Y-%m-%d,,,missing,,
CUST100324,Florence Tendo,+256713283154,florence.tendo@mail.com,Kalangala,2021-09-20,M,071-328-3154,+256713283154,valid,Kalangala,Kalangala,exact,2021-09-20,2021-09-20,%Y-%m-%d,Male,M,mapped,,
CUST100325,Nabirye Nakiganda,+256736938840,nabirye.nakiganda@yahoo.com,Mukono,2024-09-01,F,+256736938840,+256736938840,valid,Mukono,Mukono,exact,2024-09-01,2024-09-01,%Y-%m-%d,Female,F,mapped,CUST104442,
CUST100326,Kizza Mukasa,+256773693187,kizza.mukasa@gmail.com,Iganga,2024-05-14,M,256773693187,+256773693187,valid,Iganga Town,Iganga,variant_mapped,2024-05-14,2024-05-14,%Y-%m-%d,Male,M,mapped,,
CUST100327,Florence Nakato,+256708645493,florence.nakato@srg.co.ug,Wakiso,2022-06-22,M,256708645493,+256708645493,valid,Wakiso,Wakiso,exact,2022-06-22,2022-06-22,%Y-%m-%d,Male,M,mapped,,
CUST100328,Olweny Nakato,+256745824334,olweny.nakatomail.com,Mbarara,2022-04-02,M,745824334,+256745824334,valid,Mbarara,Mbarara,exact,2022-04-02,2022-04-02,%Y-%m-%d,Male,M,mapped,CUST101431,
CUST100329,Nabirye Nakato,,nabirye.nakato@srg.co.ug,Mukono,2024-06-11,F,,,missing,Mukono,Mukono,exact,2024-06-11,2024-06-11,%Y-%m-%d,Female,F,mapped,,
CUST100330,Godfrey Ssemakula,+256724304029,,Gulu,2022-10-12,F,+256724304029,+256724304029,valid,Gulu,Gulu,exact,2022-10-12,2022-10-12,%Y-%m-%d,Female,F,mapped,,
CUST100331,Mary Ssimbwa,+256703766346,mary.ssimbwa@yahoo.com,Lira,2023-11-14,M,0703766346,+256703766346,valid,Lira,Lira,exact,14/11/2023,2023-11-14,%d/%m/%Y,M,M,mapped,,
CUST100332,Godfrey Nankya,+256704833702,godfrey.nankya@yahoo.com,Gulu,,F,256704833702,+256704833702,valid,gulu,Gulu,exact,,,missing,F,F,mapped,,
CUST100333,Peter Lubega,+256791665870,,Mukono,2025-08-02,M,256791665870,+256791665870,valid,Mukono,Mukono,exact,2025-08-02,2025-08-02,%Y-%m-%d,Male,M,mapped,CUST101259,
CUST100334,Mary Mubiru,+256750807401,mary.mubiru@srg.co.ug,Kampala,2025-07-28,M,256750807401,+256750807401,valid,Kampala,Kampala,exact,28-07-2025,2025-07-28,%d-%m-%Y,Male,M,mapped,CUST101517,REVIEW: possible duplicate
CUST100335,Isaac Tumusiime,+256781595579,isaac.tumusiime@hotmail.com,Soroti,2025-09-08,F,0781595579,+256781595579,valid,Soroti,Soroti,exact,08-09-2025,2025-09-08,%d-%m-%Y,Female,F,mapped,,
CUST100336,Mubiru Mubiru,+256724100616,mubiru.mubiru@hotmail.com,Mbarara,2021-03-18,M,+256 72 410 0616,+256724100616,valid,Mbarara,Mbarara,exact,18/03/2021,2021-03-18,%d/%m/%Y,Male,M,mapped,,
CUST100337,Dorothy Kafeero,+256731714029,dorothy.kafeero@hotmail.com,Jinja,2025-04-07,M,+256731714029,+256731714029,valid,Jinja,Jinja,exact,2025-04-07,2025-04-07,%Y-%m-%d,Male,M,mapped,CUST100746,
CUST100338,Munezero Okello,+256797172318,munezero.okello@outlook.com,Soroti,2023-02-03,,797172318,+256797172318,valid,Soroti District,Soroti,variant_mapped,2023-02-03,2023-02-03,%Y-%m-%d,,,missing,,
CUST100339,Esther Kambale,+256795956761,estherkambale95@srg.co.ug,Mbale,2023-03-29,M,795956761,+256795956761,valid,Mbale,Mbale,exact,29-03-2023,2023-03-29,%d-%m-%Y,M,M,mapped,,
CUST100340,Lubega Kyebambe,,lubega.kyebambe@yahoo.com,Mukono,2023-08-13,M,,,missing,Mukono,Mukono,exact,13/08/2023,2023-08-13,%d/%m/%Y,Male,M,mapped,,
CUST100341,Mugisha Ssekandi,,mugisha.ssekandi@hotmail.com,Jinja,2022-01-31,M,,,missing,Jinja,Jinja,exact,2022-01-31,2022-01-31,%Y-%m-%d,M,M,mapped,,
CUST100342,Daniel Atukunda,+256742520888,daniel.atukunda@mail.com,Lira,2024-03-08,M,+256 74 252 0888,+256742520888,valid,Lira,Lira,exact,2024-03-08,2024-03-08,%Y-%m-%d,M,M,mapped,,
CUST100343,Brian Ssebugwawo,+256732979731,brian.ssebugwawo@mail.com,Hoima,2023-11-22,,732979731,+256732979731,valid,Hoima,Hoima,exact,2023-11-22,2023-11-22,%Y-%m-%d,,,missing,,
CUST100344,Sarah Mukasa,+256755596684,,Kampala,2025-04-30,,0755596684,+256755596684,valid,Kampala,Kampala,exact,2025-04-30,2025-04-30,%Y-%m-%d,,,missing,,
CUST100345,Isaac Kyebambe,+256796292384,isaac.kyebambe@gmail.com,Wakiso,2021-10-18,F,+256 79 629 2384,+256796292384,valid,Wakiso District,Wakiso,variant_mapped,2021-10-18,2021-10-18,%Y-%m-%d,Female,F,mapped,CUST101490,
CUST100346,Nakiganda Mercy,+256787455358,nakiganda.mercy@yahoo.com,Kampala,2021-03-05,F,256787455358,+256787455358,valid,KAMPALA,Kampala,exact,2021-03-05,2021-03-05,%Y-%m-%d,F,F,mapped,,
CUST100347,Samuel,+256776012518,samuel@hotmail.com,Wakiso,2022-02-20,M,0776012518,+256776012518,valid,Wakiso,Wakiso,exact,2022-02-20,2022-02-20,%Y-%m-%d,Male,M,mapped,CUST102717,
CUST100349,Nakayiza Kizza,+256793449353,nakayizakizza15@gmail.com,Mukono,2024-12-09,M,793449353,+256793449353,valid,mukono,Mukono,exact,09/12/2024,2024-12-09,%d/%m/%Y,Male ,M,mapped,,
CUST100350,Sheila Kamoga,+256721981929,sheilakamoga@outlook.com,Gulu,2021-01-20,F,072-198-1929,+256721981929,valid,gulu,Gulu,exact,20/01/2021,2021-01-20,%d/%m/%Y,Female,F,mapped,,
CUST100351,Joan Achieng,+256728679605,joan.achieng@yahoo.com,Kampala,2024-02-10,F,+256 72 867 9605,+256728679605,valid,Kampala,Kampala,exact,10/02/2024,2024-02-10,%d/%m/%Y,F,F,mapped,,
CUST100352,Collins Kyebambe,+256782495245,collins.kyebambe@yahoo.com,Lyantonde,2023-10-22,F,+256782495245,+256782495245,valid,Lyantonde,Lyantonde,exact,2023-10-22,2023-10-22,%Y-%m-%d,Female,F,mapped,,
CUST100353,Sheila Ssebugwawo,+256709046840,sheila.ssebugwawo@hotmail.com,Kampala,2023-12-20,F,+256709046840,+256709046840,valid,Kampala,Kampala,exact,2023-12-20,2023-12-20,%Y-%m-%d,F,F,mapped,CUST104325,
CUST100354,Okello,+256749490559,okello@srg.co.ug,Kampala,2021-08-25,M,+256749490559,+256749490559,valid,Kampala,Kampala,exact,2021-08-25,2021-08-25,%Y-%m-%d,Male,M,mapped,CUST104011,
CUST100355,Kibirige Tumusiime,+256754614856,kibirige.tumusiime@srg.co.ug,Rakai,2023-09-22,,754614856,+256754614856,valid,Rakai,Rakai,exact,2023-09-22,2023-09-22,%Y-%m-%d,,,missing,,
CUST100356,Byaruhanga Emmanuel,+256711608310,byaruhanga.emmanuel@gmail.com,Arua,2021-12-01,F,071-160-8310,+256711608310,valid,Arua,Arua,exact,2021-12-01,2021-12-01,%Y-%m-%d,Female,F,mapped,,
CUST100357,Wanysma Olweny,+256759520464,wanyama.olweny@gmail.com,Mukono,2023-11-10,F,0759520464,+256759520464,valid,Mukono,Mukono,exact,2023-11-10,2023-11-10,%Y-%m-%d,Female,F,mapped,CUST104409,
CUST100358,Kambale Ouma,+256775758792,kambaleouma33@mail.com,Isingiro,2022-11-07,F,0775758792,+256775758792,valid,Isingiro,Isingiro,exact,2022-11-07,2022-11-07,%Y-%m-%d,Female ,F,mapped,,
CUST100359,Daniel Nsereko,+256753644809,daniel.nsereko@mail.com,Tororo,2022-10-05,M,+256753644809,+256753644809,valid,Tororo,Tororo,exact,05/10/2022,2022-10-05,%d/%m/%Y,M,M,mapped,,
CUST100361,Ssempebwa Nabirye,+256748364809,,Masaka,2022-07-27,M,0748364809,+256748364809,valid,Masaka,Masaka,exact,2022-07-27,2022-07-27,%Y-%m-%d,Male,M,mapped,,
CUST100362,David Ssempebwa,+256703851117,david.ssempebwa@outlook.com,Arua,2022-04-15,M,070-385-1117,+256703851117,valid,Arua City,Arua,exact,2022-04-15,2022-04-15,%Y-%m-%d,Male,M,mapped,CUST102188,
CUST100363,Ssemakula Tumusiime,+256739649730,ssemakula.tumusiime@mail.com,Wakiso,2024-07-23,,0739649730,+256739649730,valid,Wakisio,Wakiso,variant_mapped,23/07/2024,2024-07-23,%d/%m/%Y,,,missing,,
CUST100364,Ouma Ronald,+256728047758,ouma.ronald@srg.co.ug,Kampala,2024-05-09,M,728047758,+256728047758,valid,Kampala ,Kampala,exact,2024-05-09,2024-05-09,%Y-%m-%d,M,M,mapped,CUST100836;CUST101126,
CUST100365,Nankya Namubiru,+256734936408,nankya.namubiru@hotmail.com,Jinja,2022-06-09,F,256734936408,+256734936408,valid,JINJA,Jinja,exact,2022-06-09,2022-06-09,%Y-%m-%d,Female,F,mapped,,
CUST100366,David Nakayiza,+256733742929,david.nakayiza@gmail.com,Kitgum,2022-10-31,,+256733742929,+256733742929,valid,Kitgum,Kitgum,exact,31-10-2022,2022-10-31,%d-%m-%Y,,,missing,,
CUST100367,Dorothy Mubiru,+256722470632,dorothy.mubiru@outlook.com,Gulu,2025-07-09,M,0722470632,+256722470632,valid,Gulu,Gulu,exact,2025-07-09,2025-07-09,%Y-%m-%d,Male,M,mapped,,
CUST100368,Kafeero Juliet,+256788045553,kafeero.juliet@yahoo.com,Soroti,2021-10-02,F,0788045553,+256788045553,valid,Soroti,Soroti,exact,02-10-2021,2021-10-02,%d-%m-%Y,Female,F,mapped,CUST100465,
CUST100369,Nsereko Nankya,+256778727087,nsereko.nankya@yahoo.com,Soroti,2023-02-27,F,+256778727087,+256778727087,valid,Soroti,Soroti,exact,27/02/2023,2023-02-27,%d/%m/%Y,Female,F,mapped,CUST102260,
CUST100370,Kambale Kyomuhendo,+256737959456,kambale.kyomuhendo@srg.co.ug,Mukono,2023-04-21,F,737959456,+256737959456,valid,Mukko,Mukono,variant_mapped,21/04/2023,2023-04-21,%d/%m/%Y,Female,F,mapped,,
CUST100372,Ronald Nalubega,+256792895319,ronaldnalubega@mail.com,Kampala,2021-07-04,M,256792895319,+256792895319,valid,Kampala,Kampala,exact,2021-07-04,2021-07-04,%Y-%m-%d,M,M,mapped,,
CUST100373,Francis Nalubega,+256725454406,francisnalubega49@mail.com,Jinja,2025-06-08,F,256725454406,+256725454406,valid,Jinja,Jinja,exact,08-06-2025,2025-06-08,%d-%m-%Y,Female,F,mapped,,
CUST100374,Agnes Tendo,+256710096353,agnes.tendo@hotmail.com,Mukono,2022-04-10,M,710096353,+256710096353,valid,Mukono,Mukono,exact,10/04/2022,2022-04-10,%d/%m/%Y,M,M,mapped,,
CUST100375,Andrew Ouma,+256745132470,,Soroti,2021-05-28,F,256745132470,+256745132470,valid,Soroti,Soroti,exact,28/05/2021,2021-05-28,%d/%m/%Y,F,F,mapped,,
CUST100377,Kamoga Phoebe,+256739541085,kamoga.phoebe@hotmail.com,Mbale,2022-02-07,F,0739541085,+256739541085,valid,Mbale,Mbale,exact,2022-02-07,2022-02-07,%Y-%m-%d,Female ,F,mapped,CUST101189,
CUST100378,Ssempebwa Okello,+256754023951,ssempebwa.okello@hotmail.com,Isingiro,2021-10-07,M,+256 75 402 3951,+256754023951,valid,isingiro,Isingiro,exact,2021-10-07,2021-10-07,%Y-%m-%d,Male,M,mapped,,
CUST100379,Kambale Munezero,+256796275315,kambale.munezero@yahoo.com,Gulu,2021-09-22,F,+256 79 627 5315,+256796275315,valid,Gulu,Gulu,exact,22-09-2021,2021-09-22,%d-%m-%Y,Female,F,mapped,,
CUST100380,Sheila Tendo,+256757123887,sheilatendo17@srg.co.ug,Jinja,2022-12-09,F,256757123887,+256757123887,valid,Jinja,Jinja,exact,2022-12-09,2022-12-09,%Y-%m-%d,Female,F,mapped,,
CUST100381,Nsereko Nabirye,+256740527691,nserekonabirye43@srg.co.ug,Kampala,2021-03-01,M,0740527691,+256740527691,valid,Kampala,Kampala,exact,2021-03-01,2021-03-01,%Y-%m-%d,Male,M,mapped,,
CUST100382,Nalubega Olweny,+256722654361,,Mukono,2022-06-30,F,072-265-4361,+256722654361,valid,mukono,Mukono,exact,2022-06-30,2022-06-30,%Y-%m-%d,F,F,mapped,,
CUST100383,Guma Kyomuhendo,+256729861670,guma.kyomuhendo@yahoo.com,Gulu,2021-11-27,M,0729861670,+256729861670,valid,Gulu,Gulu,exact,2021-11-27,2021-11-27,%Y-%m-%d,M,M,mapped,CUST103626;CUST104485,
CUST100384,Sarah Mukasa,+256733599143,sarahmukasa6@mail.com,Masindi,2022-08-22,M,073-359-9143,+256733599143,valid,Masindi,Masindi,exact,22/08/2022,2022-08-22,%d/%m/%Y,Male,M,mapped,,
CUST100385,Kafeero Isaac,+256797738185,kafeero.isaac@outlook.com,Kalangala,2022-04-01,F,+256797738185,+256797738185,valid,Kalangala,Kalangala,exact,2022-04-01,2022-04-01,%Y-%m-%d,Female,F,mapped,,
CUST100386,Naomi Nakayiza,+256744595018,naominakayiza36@outlook.com,Bushenyi,2023-10-14,F,744595018,+256744595018,valid,Bushenyi,Bushenyi,exact,14-10-2023,2023-10-14,%d-%m-%Y,Female,F,mapped,,
CUST100387,S. Nankya,,stephen.nankya@mail.com,Kampala,2024-09-08,F,,,missing,Kampala,Kampala,exact,2024-09-08,2024-09-08,%Y-%m-%d,F,F,mapped,,
CUST100388,Agnes Ssempebwa,+256702807890,agnes.ssempebwa@outlook.com,Lira,2021-05-24,M,0702807890,+256702807890,valid,lira,Lira,exact,2021-05-24,2021-05-24,%Y-%m-%d,Male,M,mapped,,
CUST100389,Ninsiima Mukasa,+256710271628,ninsiima.mukasa@mail.com,Wakiso,2022-08-17,F,0710271628,+256710271628,valid,Wakiso,Wakiso,exact,2022-08-17,2022-08-17,%Y-%m-%d,Female,F,mapped,CUST100769,
CUST100390,Sheila Nabbanja,+256700232957,sheila.nabbanja@gmail.com,Kampala,2022-08-05,,070-023-2957,+256700232957,valid,Kampala,Kampala,exact,05/08/2022,2022-08-05,%d/%m/%Y,,,missing,,
CUST100392,Agnes Ninsiima,+256789834289,agnes.ninsiima@srg.co.ug,Fort Portal,2024-06-08,M,+256 78 983 4289,+256789834289,valid,Kabarole,Fort Portal,exact,2024-06-08,2024-06-08,%Y-%m-%d,Male,M,mapped,,
CUST100393,Rebecca Katusiime,+256719427908,rebecca.katusiime@gmail.com,Gulu,2025-07-30,,256719427908,+256719427908,valid,gulu,Gulu,exact,2025-07-30,2025-07-30,%Y-%m-%d,,,missing,,
CUST100394,Katusiime Nankya,+256710043030,katusiime.nankya@srg.co.ug,Wakiso,2025-06-02,F,0710043030,+256710043030,valid,Wakiso,Wakiso,exact,2025-06-02,2025-06-02,%Y-%m-%d,Female ,F,mapped,,
CUST100395,Byaruhanga Ouma,+256739606572,byaruhangaouma79@gmail.com,Masaka,2025-05-31,M,073-960-6572,+256739606572,valid,Masacka,Masaka,variant_mapped,2025-05-31,2025-05-31,%Y-%m-%d,Male,M,mapped,,
CUST100396,Atim vlweny,+256739911645,atim.olweny@srg.co.ug,Kampala,2023-06-13,,256739911645,+256739911645,valid,Kampala,Kampala,exact,2023-06-13,2023-06-13,%Y-%m-%d,,,missing,CUST103147,
CUST100397,Michael,+256759562241,michael@mail.com,Wakiso,2024-09-20,M,075-956-2241,+256759562241,valid,wakiso,Wakiso,exact,20-09-2024,2024-09-20,%d-%m-%Y,Male,M,mapped,CUST104400,
CUST100398,Brian Atukunda,+256797984548,,Kampala,2021-04-22,M,256797984548,+256797984548,valid,Kampala-City,Kampala,variant_mapped,22/04/2021,2021-04-22,%d/%m/%Y,M,M,mapped,,REVIEW: possible duplicate
CUST100399,Jane Olweny,+256717699456,jane.olweny@mail.com,Hoima,2021-12-31,,0717699456,+256717699456,valid,Hoima,Hoima,exact,2021-12-31,2021-12-31,%Y-%m-%d,,,missing,,
CUST100400,Samuel Kyomuhendo,+256702690131,samuel.kyomuhendo@hotmail.com,Jinja,2021-03-21,M,070-269-0131,+256702690131,valid,Jinja,Jinja,exact,2021-03-21,2021-03-21,%Y-%m-%d,Male,M,mapped,,
CUST100401,Ssempebwa Namubiru,+256701302270,ssempebwa.namubiru@hotmail.com,Jinja,2022-08-04,,070-130-2270,+256701302270,valid,Jinja,Jinja,exact,04/08/2022,2022-08-04,%d/%m/%Y,,,missing,,
CUST100402,Atim Nsereko,+256742727005,atimnsereko88@mail.com,Kabale,2021-06-30,F,+256742727005,+256742727005,valid,Kabale,Kabale,exact,30/06/2021,2021-06-30,%d/%m/%Y,Female,F,mapped,CUST104292,
CUST100403,Okelbo Nakato,+256700860338,okello.nakato@outlook.com,Kitgum,2024-10-28,M,700860338,+256700860338,valid,kitgum,Kitgum,exact,2024-10-28,2024-10-28,%Y-%m-%d,Male,M,mapped,CUST100962,
CUST100404,Michael,+256705229363,michael@hotmail.com,Masaka,2025-03-24,M,0705229363,+256705229363,valid,masaka,Masaka,exact,2025-03-24,2025-03-24,%Y-%m-%d,Male,M,mapped,CUST101472,
CUST100406,Samuel,+256744758294,samuel@srg.co.ug,Kampala,2022-03-23,M,+256 74 475 8294,+256744758294,valid,Kampala,Kampala,exact,23/03/2022,2022-03-23,%d/%m/%Y,Male,M,mapped,,REVIEW: possible duplicate
CUST100407,Ouma Ssimbwa,+256783916807,ouma.ssimbwa@yahoo.com,Wakiso,2022-12-05,M,783916807,+256783916807,valid,Wakiso,Wakiso,exact,2022-12-05,2022-12-05,%Y-%m-%d,Male,M,mapped,,
CUST100409,Emmanuel Ssemakula,+256712478756,emmanuel.ssemakula@srg.co.ug,Bundibugyo,2021-01-01,F,0712478756,+256712478756,valid,Bundibugyo,Bundibugyo,exact,2021-01-01,2021-01-01,%Y-%m-%d,Female,F,mapped,CUST104151,
CUST100410,Sheila Mubiru,+256719549372,sheilamubiru41@outlook.com,Lira,2023-12-31,F,+256719549372,+256719549372,valid,Lira,Lira,exact,2023-12-31,2023-12-31,%Y-%m-%d,Female,F,mapped,,
CUST100411,Grace Kyebambe,+256711349479,gracekyebambe@hotmail.com,Kampala,2025-06-11,M,+256711349479,+256711349479,valid,Kampala,Kampala,exact,2025-06-11,2025-06-11,%Y-%m-%d,Male,M,mapped,,
CUST100412,Wanyama Irene,+256772838458,wanyama.irenehotmail.com,Bushenyi,2022-11-21,F,256772838458,+256772838458,valid,Bushenyi,Bushenyi,exact,21/11/2022,2022-11-21,%d/%m/%Y,Female,F,mapped,CUST101255;CUST104616,
CUST100413,Florence Ninsiima,+256707261886,florenceninsiima10@srg.co.ug,Kampala,2023-10-16,M,256707261886,+256707261886,valid,Kampala,Kampala,exact,16/10/2023,2023-10-16,%d/%m/%Y,Male,M,mapped,CUST101792,
CUST100414,Okello Namubiru,+256792920564,okello.namubiru@hotmail.com,Gulu,2024-12-10,M,0792920564,+256792920564,valid,Gulu City,Gulu,exact,2024-12-10,2024-12-10,%Y-%m-%d,M,M,mapped,,
CUST100415,Brian Namubiru,+256706329862,brian.namubiru@srg.co.ug,Arua,2023-05-09,M,+256706329862,+256706329862,valid,arua,Arua,exact,2023-05-09,2023-05-09,%Y-%m-%d,Male,M,mapped,CUST104412,
CUST100416,Kato,,kato@outlook.com,Bushenyi,2022-01-02,M,,,missing,Bushenyi District,Bushenyi,variant_mapped,02/01/2022,2022-01-02,%d/%m/%Y,Male,M,mapped,,
CUST100417,Nabbanja,+256780916692,nabbanja@srg.co.ug,Kabale,2025-02-07,F,256780916692,+256780916692,valid,kabale,Kabale,exact,2025-02-07,2025-02-07,%Y-%m-%d,Female,F,mapped,CUST104052,
CUST100419,Patrick Butime,+256735095465,,Kiruhura,2024-06-07,F,0735095465,+256735095465,valid,Kiruhura,Kiruhura,exact,07/06/2024,2024-06-07,%d/%m/%Y,Female,F,mapped,CUST104783,REVIEW: possible duplicate
CUST100420,Kyomuhendo Atukunda,+256798062395,kyomuhendoatukunda69@srg.co.ug,Tororo,2021-05-31,F,0798062395,+256798062395,valid,Tororo,Tororo,exact,2021-05-31,2021-05-31,%Y-%m-%d,Female,F,mapped,CUST100430,
CUST100421,Irene Kyomuhendo,+256725894037,irene.kyomuhendo@hotmail.com,Lira,2023-12-25,,0725894037,+256725894037,valid,Lira,Lira,exact,2023-12-25,2023-12-25,%Y-%m-%d,,,missing,,
CUST100422,Ouma Munezero,+256712041117,ouma.munezero@yahoo.com,Kampala,2023-08-19,,712041117,+256712041117,valid,Kampala,Kampala,exact,19/08/2023,2023-08-19,%d/%m/%Y,,,missing,,
CUST100423,Collins,+256776262079,collins65@outlook.com,Kampala,2023-02-12,F,256776262079,+256776262079,valid,kla,Kampala,variant_mapped,12/02/2023,2023-02-12,%d/%m/%Y,F,F,mapped,CUST101995;CUST102117,
CUST100424,Mary Kyomuhendo,+256794467821,mary.kyomuhendo@gmail.com,Gulu,2022-03-11,M,794467821,+256794467821,valid,Gulu,Gulu,exact,2022-03-11,2022-03-11,%Y-%m-%d,Male,M,mapped,,
CUST100425,Katusiime Nabirye,+256787521155,katusiime.nabirye@srg.co.ug,Mbale,2021-11-23,F,078-752-1155,+256787521155,valid,Mballa,Mbale,variant_mapped,2021-11-23,2021-11-23,%Y-%m-%d,Female,F,mapped,,
CUST100426,Ssemakula Kafeero,+256754611093,ssemakula.kafeero@srg.co.ug,Kampala,2021-03-01,M,0754611093,+256754611093,valid,Kampala,Kampala,exact,01/03/2021,2021-03-01,%d/%m/%Y,Male,M,mapped,,
CUST100427,Beatrice Wasswa,+256730880469,beatrice.wasswa@hotmail.com,Kampala,,F,073-088-0469,+256730880469,valid,Kampala,Kampala,exact,,,missing,Female,F,mapped,,
CUST100428,Nakayiza Lubega,+256743530675,nakayiza.lubega@hotmail.com,Kampala,2023-01-01,F,743530675,+256743530675,valid,Kampala,Kampala,exact,01/01/2023,2023-01-01,%d/%m/%Y,Female,F,mapped,CUST102146,
CUST100429,Ronald Munezero,,ronald.munezero@hotmail.com,Kasese,2021-08-20,,,,missing,kasese,Kasese,exact,2021-08-20,2021-08-20,%Y-%m-%d,,,missing,,
CUST100431,Samuel Tendo,+256789402619,samuel.tendo@mail.com,Kampala,2023-11-28,M,256789402619,+256789402619,valid,Kampala,Kampala,exact,28/11/2023,2023-11-28,%d/%m/%Y,Male,M,mapped,,
CUST100432,Munezero Ruth,+256796461692,munezero.ruth@srg.co.ug,Mukono,2024-11-05,F,079-646-1692,+256796461692,valid,Mukko,Mukono,variant_mapped,05/11/2024,2024-11-05,%d/%m/%Y,Female,F,mapped,,
CUST100434,Wasswa Nakiganda,+256777265909,wasswa.nakiganda@yahoo.com,Mukono,2023-11-13,M,0777265909,+256777265909,valid,Mukono,Mukono,exact,2023-11-13,2023-11-13,%Y-%m-%d,Male,M,mapped,CUST104600,
CUST100435,Kato Mubiru,,kato.mubiru@hotmail.com,Gulu,2023-05-28,M,,,missing,Guluu,Gulu,variant_mapped,2023-05-28,2023-05-28,%Y-%m-%d,Male,M,mapped,CUST104711;CUST104892,
CUST100436,Francis Guma,+256721098585,francis.guma@outlook.com,Mbarara,2023-05-30,F,+256721098585,+256721098585,valid,Mbarara,Mbarara,exact,30/05/2023,2023-05-30,%d/%m/%Y,F,F,mapped,,
CUST100437,Robert Kamnale,+256716991214,robert.kambale@srg.co.ug,Kampala,2022-10-19,M,0716991214,+256716991214,valid,Kampala1,Kampala,fuzzy_mapped,19-10-2022,2022-10-19,%d-%m-%Y,Male,M,mapped,CUST103207,
CUST100438,Nalubega Nakayiza,+256739927154,nalubega.nakayiza@outlook.com,Kumi,2022-08-31,F,0739927154,+256739927154,valid,Kumi,Kumi,exact,2022-08-31,2022-08-31,%Y-%m-%d,Female,F,mapped,,
CUST100439,Sheila Munezero,+256776029517,sheila.munezero@srg.co.ug,Kumi,2023-02-05,F,256776029517,+256776029517,valid,Kumi,Kumi,exact,2023-02-05,2023-02-05,%Y-%m-%d,F,F,mapped,CUST102112,
CUST100440,Namutebi Okello,,namutebi.okello@mail.com,Mbale,2021-06-27,F,,,missing,mbale,Mbale,exact,2021-06-27,2021-06-27,%Y-%m-%d,Female,F,mapped,,
CUST100441,Grace Ssekandi,+256796961290,gracessekandi@yahoo.com,Mbale,2025-04-24,M,256796961290,+256796961290,valid,Mbale,Mbale,exact,2025-04-24,2025-04-24,%Y-%m-%d,Male,M,mapped,,
CUST100442,Grace Ouma,+256716396684,grace.ouma@gmail.com,Wakiso,2021-07-26,,716396684,+256716396684,valid,Wakiso,Wakiso,exact,2021-07-26,2021-07-26,%Y-%m-%d,,,missing,,
CUST100443,Ninsiima Samuel,+256778754666,ninsiima.samuel@hotmail.com,Lira,2025-05-17,M,256778754666,+256778754666,valid,Lira,Lira,exact,17-05-2025,2025-05-17,%d-%m-%Y,Male,M,mapped,,
CUST100444,Namutebi Munezero,+256751210421,namutebi.munezero@yahoo.com,Kampala,2024-05-18,F,+256 75 121 0421,+256751210421,valid,Kampala,Kampala,exact,2024-05-18,2024-05-18,%Y-%m-%d,Female,F,mapped,CUST100604,
CUST100445,Kyomuhendo Kamoga,+256728228212,kyomuhendokamoga40@yahoo.com,Jinja,2021-03-10,F,+256728228212,+256728228212,valid,Jinja,Jinja,exact,10/03/2021,2021-03-10,%d/%m/%Y,Female,F,mapped,,
CUST100447,Ssentongo Collins,+256792912453,ssentongo.collins@srg.co.ug,Iganga,2024-12-09,F,792912453,+256792912453,valid,iganga,Iganga,exact,09/12/2024,2024-12-09,%d/%m/%Y,Female,F,mapped,CUST102709,
CUST100448,Mukasa Kyomuhendo,+256739515845,mukasa.kyomuhendo@hotmail.com,Arua,2022-05-06,F,0739515845,+256739515845,valid,Arua,Arua,exact,06-05-2022,2022-05-06,%d-%m-%Y,Female,F,mapped,CUST102023,
CUST100449,Ssimbwa Kambale,+256735970064,ssimbwakambale64@srg.co.ug,Wakiso,2024-03-16,M,0735970064,+256735970064,valid,Wakiso,Wakiso,exact,16-03-2024,2024-03-16,%d-%m-%Y,Male,M,mapped,,
CUST100450,Ssempebwa Nabbanja,,ssempebwa.nabbanja@mail.com,Kampala,2022-08-19,M,,,missing,Kampala,Kampala,exact,2022-08-19,2022-08-19,%Y-%m-%d,Male,M,mapped,,
CUST100451,Timothy Kambale,+256712627370,timothykambale94@srg.co.ug,Mukono,2024-12-06,,0712627370,+256712627370,valid,Mukono,Mukono,exact,06/12/2024,2024-12-06,%d/%m/%Y,,,missing,,
CUST100452,Namutebi Nsereko,+256703815369,namutebi.nsereko@outlook.com,Kampala,2021-06-26,F,+256 70 381 5369,+256703815369,valid,Kampala,Kampala,exact,26/06/2021,2021-06-26,%d/%m/%Y,Female,F,mapped,,
CUST100453,Ouma Kato,+256770471279,ouma.kato@gmail.com,Soroti,2024-05-14,M,0770471279,+256770471279,valid,Soroti,Soroti,exact,2024-05-14,2024-05-14,%Y-%m-%d,Male,M,mapped,CUST101026;CUST102548,
CUST100454,Guma,,guma@outlook.com,Kiboga,2023-03-07,M,,,missing,Kiboga,Kiboga,exact,2023-03-07,2023-03-07,%Y-%m-%d,Male ,M,mapped,CUST100792;CUST101066,
CUST100455,Mukasa Kizza,+256721850226,mukasakizza@gmail.com,Kampala,2023-08-17,M,721850226,+256721850226,valid,kampala district,Kampala,variant_mapped,17/08/2023,2023-08-17,%d/%m/%Y,Male,M,mapped,,
CUST100456,Florence Ahabwe,+256717199064,florenceahabwe28@outlook.com,Rakai,2021-03-22,,071-719-9064,+256717199064,valid,Rakai,Rakai,exact,2021-03-22,2021-03-22,%Y-%m-%d, ,,missing,,
CUST100458,Ruth Ssimbwa,+256792845323,ruth.ssimbwa@hotmail.com,Kabale,2021-12-17,F,0792845323,+256792845323,valid,Kabale,Kabale,exact,2021-12-17,2021-12-17,%Y-%m-%d,Female,F,mapped,,
CUST100459,Kambale Kambale,+256718321306,kambalekambale22srg.co.ug,Mpigi,2025-10-14,F,0718321306,+256718321306,valid,Mpigi,Mpigi,exact,14-10-2025,2025-10-14,%d-%m-%Y,Female,F,mapped,,
CUST100460,Grace,+256754982449,grace@yahoo.com,Lira,,M,+256754982449,+256754982449,valid,Lira,Lira,exact,,,missing,Male,M,mapped,,
CUST100462,Phoebe Kamoga,+256749156224,phoebekamoga73@hotmail.com,Rakai,2021-12-19,F,749156224,+256749156224,valid,Rakai,Rakai,exact,2021-12-19,2021-12-19,%Y-%m-%d,Female,F,mapped,,
CUST100463,Ssempebwa Ssempebwa,+256777670911,ssempebwassempebwa@yahoo.com,Wakiso,2023-04-10,M,777670911,+256777670911,valid,Wakiso,Wakiso,exact,2023-04-10,2023-04-10,%Y-%m-%d,Male,M,mapped,,
CUST100464,Nankya Nsereko,+256757453466,nankya.nsereko@outlook.com,Mbarara,2021-03-25,M,256757453466,+256757453466,valid,Mbarara City,Mbarara,exact,25/03/2021,2021-03-25,%d/%m/%Y,Male,M,mapped,,
CUST100466,Kizza Wanyama,+256722119482,kizza.wanyama@yahoo.com,Kampala,2025-09-14,M,+256722119482,+256722119482,valid,Kampala,Kampala,exact,2025-09-14,2025-09-14,%Y-%m-%d,Male,M,mapped,CUST101197;CUST104399,
CUST100467,Ssempebwa John,+256736508807,ssempebwajohn@gmail.com,Mbarara,2024-04-13,M,736508807,+256736508807,valid,Mbarara,Mbarara,exact,2024-04-13,2024-04-13,%Y-%m-%d,Male,M,mapped,,
CUST100468,Andrew Tendo,+256754916292,andrew.tendo@hotmail.com,Mukono,2024-06-18,F,075-491-6292,+256754916292,valid,Mukono,Mukono,exact,2024-06-18,2024-06-18,%Y-%m-%d,Female,F,mapped,,
CUST100469,Nankya Ssekandi,+256731446482,nankya.ssekandi@yahoo.com,Mbale,2023-10-26,F,0731446482,+256731446482,valid,Mbale,Mbale,exact,26/10/2023,2023-10-26,%d/%m/%Y,Female ,F,mapped,CUST101123;CUST101291,
CUST100470,Kamoga Nakiganda,,kamoga.nakiganda@gmail.com,Masaka,2024-10-22,,,,missing,masaka,Masaka,exact,22/10/2024,2024-10-22,%d/%m/%Y,,,missing,,
CUST100471,Lubega Kibirige,+256789685762,lubegakibirige33@yahoo.com,Fort Portal,2022-04-15,M,256789685762,+256789685762,valid,fort portal,Fort Portal,exact,15/04/2022,2022-04-15,%d/%m/%Y,M,M,mapped,CUST104598;CUST104648,
CUST100472,Guma Ssimbwa,+256788099493,gumassimbwa@srg.co.ug,Kampala,2024-10-30,M,788099493,+256788099493,valid,Kampala Region,Kampala,variant_mapped,30/10/2024,2024-10-30,%d/%m/%Y,Male,M,mapped,,
CUST100473,Catherine,+256758092481,catherine15@yahoo.com,Jinja,2023-09-24,M,0758092481,+256758092481,valid,Jinja,Jinja,exact,2023-09-24,2023-09-24,%Y-%m-%d,Male,M,mapped,,
CUST100474,Ssentongo Wanyama,+256711266667,ssentongo.wanyama@outlook.com,Gulu,2024-10-06,M,+256711266667,+256711266667,valid,Gulu,Gulu,exact,2024-10-06,2024-10-06,%Y-%m-%d,Male,M,mapped,,
CUST100475,Mugisha Nabbanja,+256783939463,mugisha.nabbanja@srg.co.ug,Mbarara,2024-01-05,F,256783939463,+256783939463,valid,Mbarara,Mbarara,exact,05/01/2024,2024-01-05,%d/%m/%Y,Female,F,mapped,CUST102138,
CUST100476,Mukasa Guma,+256751585630,mukasaguma54@yahoo.com,Mukono,2025-09-06,M,256751585630,+256751585630,valid,Mukono,Mukono,exact,2025-09-06,2025-09-06,%Y-%m-%d,Male,M,mapped,,
CUST100477,Nabbanja Mugisha,+256713340634,nabbanja.mugisha@hotmail.com,Mukono,2024-06-11,F,256713340634,+256713340634,valid,Mukono,Mukono,exact,2024-06-11,2024-06-11,%Y-%m-%d,Female,F,mapped,CUST100608,
CUST100478,Ssekandi Patrick,+256794407843,ssekandi.patrick@mail.com,Mbarara,2025-03-27,F,0794407843,+256794407843,valid,Mbarara,Mbarara,exact,2025-03-27,2025-03-27,%Y-%m-%d,Female,F,mapped,,
CUST100479,Juliet Butime,+256753401370,juliet.butime@hotmail.com,Kabale,2023-02-23,F,0753401370,+256753401370,valid,Kabale,Kabale,exact,2023-02-23,2023-02-23,%Y-%m-%d,Female,F,mapped,CUST103936,
CUST100480,Nabbanja Nakiganda,+256774690893,nabbanjanakiganda59@yahoo.com,Hoima,2021-06-21,F,256774690893,+256774690893,valid,Hoima,Hoima,exact,2021-06-21,2021-06-21,%Y-%m-%d,Female,F,mapped,,
CUST100481,Wasswa Kizza,+256776394255,wasswa.kizza@outlook.com,Wakiso,2025-03-03,M,+256776394255,+256776394255,valid,Wakiso,Wakiso,exact,03/03/2025,2025-03-03,%d/%m/%Y,Male,M,mapped,,
CUST100482,Atim Achieng,+256798607924,atim.achieng@outlook.com,Rakai,2021-10-24,F,+256798607924,+256798607924,valid,Rakai,Rakai,exact,2021-10-24,2021-10-24,%Y-%m-%d,F,F,mapped,,
CUST100483,Irene Nsereko,+256736930369,irenensereko95@mail.com,Rakai,2025-08-24,F,0736930369,+256736930369,valid,Rakai,Rakai,exact,2025-08-24,2025-08-24,%Y-%m-%d,Female,F,mapped,,
CUST100484,Collins Olweny,+256756229892,collins.olweny@hotmail.com,Kampala,2025-02-03,F,256756229892,+256756229892,valid,Kampala-City,Kampala,variant_mapped,2025-02-03,2025-02-03,%Y-%m-%d,F,F,mapped,,
CUST100485,Atim Okello,+256722644127,atim.okello@yahoo.com,Kampala,2021-08-16,F,0722644127,+256722644127,valid,Kampala,Kampala,exact,16/08/2021,2021-08-16,%d/%m/%Y,Female,F,mapped,CUST100725;CUST103966,
CUST100486,Namutebi Nakato,+256748164298,namutebinakato26@srg.co.ug,Nebbi,2024-11-10,F,256748164298,+256748164298,valid,Nebbi,Nebbi,exact,10/11/2024,2024-11-10,%d/%m/%Y,Female,F,mapped,CUST102816,
CUST100487,Isaac Ssempebwa,+256741750865,isaac.ssempebwa@gmail.com,Jinja,2023-09-16,F,741750865,+256741750865,valid,Jinja Town,Jinja,variant_mapped,16/09/2023,2023-09-16,%d/%m/%Y,Female,F,mapped,CUST101014,
CUST100488,Tumusiime Wanyama,,tumusiime.wanyama@outlook,Jinja,2023-06-03,F,,,missing,Jinja,Jinja,exact,2023-06-03,2023-06-03,%Y-%m-%d,Female,F,mapped,,
CUST100489,Butime Wasswa,+256770679208,butimewasswa65@mail.com,Wakiso,2023-11-05,M,256770679208,+256770679208,valid,wakiso,Wakiso,exact,05/11/2023,2023-11-05,%d/%m/%Y,M,M,mapped,,
CUST100490,Isaac Nsereko,+256748690341,isaac.nsereko@mail,Kampala,2022-11-27,F,748690341,+256748690341,valid,Kampala,Kampala,exact,2022-11-27,2022-11-27,%Y-%m-%d,Female,F,mapped,,
CUST100491,Grace,+256714154946,grace@yahoo.com,Luwero,2023-05-05,M,714154946,+256714154946,valid,Luwero,Luwero,exact,2023-05-05,2023-05-05,%Y-%m-%d,Male,M,mapped,,
CUST100492,Ronald Okello,+256751859441,ronald.okello@srg.co.ug,Bundibugyo,2023-11-19,M,+256751859441,+256751859441,valid,Bundibugyo,Bundibugyo,exact,19/11/2023,2023-11-19,%d/%m/%Y,Male,M,mapped,CUST101141,
CUST100493,Patrick Munezero,+256744504169,patrick.munezero@yahoo.com,Gulu,2023-05-03,F,074-450-4169,+256744504169,valid,Gulu City,Gulu,exact,03/05/2023,2023-05-03,%d/%m/%Y,Female,F,mapped,,
CUST100494,Florence Atim,+256702063256,florenceatim9@srg.co.ug,Iganga,2023-01-09,M,+256702063256,+256702063256,valid,Iganga Town,Iganga,variant_mapped,2023-01-09,2023-01-09,%Y-%m-%d,Male,M,mapped,,
CUST100495,Isaac Achieng,,isaac.achieng@hotmail.com,Wakiso,2024-04-10,F,,,missing,Wakiso,Wakiso,exact,10/04/2024,2024-04-10,%d/%m/%Y,Female,F,mapped,CUST102522;CUST103203,REVIEW: possible duplicate
CUST100496,Atim Atukunda,+256711251010,atim.atukunda@outlook.com,Jinja,2022-11-07,F,256711251010,+256711251010,valid,Jinja,Jinja,exact,2022-11-07,2022-11-07,%Y-%m-%d,Female,F,mapped,,
CUST100497,Lubega Atim,+256750658085,lubega.atim@gmail.com,Mukono,2022-08-06,,+256750658085,+256750658085,valid,Mukono,Mukono,exact,2022-08-06,2022-08-06,%Y-%m-%d,,,missing,,
CUST100498,Ssentongo Ssempebwa,+256792403320,ssentongo.ssempebwa@srg.co.ug,Wakiso,2022-12-04,M,+256 79 240 3320,+256792403320,valid,Wakiso,Wakiso,exact,2022-12-04,2022-12-04,%Y-%m-%d,Male,M,mapped,CUST102168;CUST102309,
CUST100499,Nabirye Ssentongo,,nabirye.ssentongo@hotmail.com,Kayunga,2024-01-25,F,,,missing,Kayunga,Kayunga,exact,2024-01-25,2024-01-25,%Y-%m-%d,Female ,F,mapped,CUST103438,
CUST100500,LUBEGA ROBERT,+256727474281,lubega.robert@hotmail.com,Soroti,2024-02-15,M,0727474281,+256727474281,valid,Soroti,Soroti,exact,15-02-2024,2024-02-15,%d-%m-%Y,Male,M,mapped,CUST101621,
CUST100501,Daniel Ssempebwa,+256785043866,,Kampala,2025-08-25,M,+256785043866,+256785043866,valid,Kampala,Kampala,exact,25-08-2025,2025-08-25,%d-%m-%Y,Male,M,mapped,CUST102252,
CUST100502,Joan,+256715522101,joan@mail,Mukono,2022-06-12,F,+256 71 552 2101,+256715522101,valid,Mukono,Mukono,exact,2022-06-12,2022-06-12,%Y-%m-%d,Female,F,mapped,,
CUST100503,Nabirye Nabirye,+256771951333,nabirye.nabirye@outlook.com,Isingiro,2023-06-25,F,771951333,+256771951333,valid,Isingiro,Isingiro,exact,2023-06-25,2023-06-25,%Y-%m-%d,Female,F,mapped,,
CUST100504,Joan Mukasa,+256755127151,joan.mukasa@mail,Lira,2023-10-04,F,075-512-7151,+256755127151,valid,Lira,Lira,exact,2023-10-04,2023-10-04,%Y-%m-%d,Female,F,mapped,,
CUST100505,Mubiru Byaruhanga,+256783751734,mubiru.byaruhanga@yahoo.com,Mbarara,2022-03-02,M,+256783751734,+256783751734,valid,Mbarara City,Mbarara,exact,02/03/2022,2022-03-02,%d/%m/%Y,Male,M,mapped,,
CUST100506,Joseph Guma,+256794828252,josephguma66@mail.com,Kampala,2023-04-09,,+256 79 482 8252,+256794828252,valid,Kampala,Kampala,exact,2023-04-09,2023-04-09,%Y-%m-%d,,,missing,,
CUST100507,Nakato Robert,+256729223963,nakato.robert@yahoo.com,Kampala,2022-12-11,M,+256 72 922 3963,+256729223963,valid,Kampala,Kampala,exact,11/12/2022,2022-12-11,%d/%m/%Y,Male,M,mapped,,
CUST100508,Nabbanja Olweny,+256759817850,nabbanja.olweny@yahoo.com,Iganga,2024-07-28,F,075-981-7850,+256759817850,valid,Iganga,Iganga,exact,2024-07-28,2024-07-28,%Y-%m-%d,Female,F,mapped,,
CUST100509,Kizza Nankya,+256759185779,kizza.nankya@gmail.com,Kampala,2025-07-31,M,0759185779,+256759185779,valid,Kampala,Kampala,exact,2025-07-31,2025-07-31,%Y-%m-%d,Male,M,mapped,,
CUST100510,Lubega Kafeero,+256728346425,lubega.kafeero@srg.co.ug,Kampala,2021-11-11,M,728346425,+256728346425,valid,Kampala,Kampala,exact,11-11-2021,2021-11-11,%d-%m-%Y,M,M,mapped,,
CUST100511,Emmanuel Ahabwe,+256740649973,,Kampala,2023-03-16,F,740649973,+256740649973,valid,Kampala,Kampala,exact,2023-03-16,2023-03-16,%Y-%m-%d,F,F,mapped,,
CUST100512,Ouma Oaweny,+256785107216,oumaolweny@gmail.com,Nakasongola,2022-11-09,M,256785107216,+256785107216,valid,Nakasongola,Nakasongola,exact,2022-11-09,2022-11-09,%Y-%m-%d,Male,M,mapped,CUST103113,
CUST100513,Kato,+256792413536,kato@hotmail.com,Mukono,2022-11-03,M,792413536,+256792413536,valid,Mukono,Mukono,exact,2022-11-03,2022-11-03,%Y-%m-%d,Male,M,mapped,,
CUST100514,Esther Nankya,+256716333114,esther.nankya@outlook.com,Kampala,2024-03-07,,256716333114,+256716333114,valid,Kampala,Kampala,exact,2024-03-07,2024-03-07,%Y-%m-%d,,,missing,,
CUST100515,Sarah Olweny,,sarah.olweny@yahoo.com,Wakiso,2024-11-06,M,,,missing,Wakiso,Wakiso,exact,06-11-2024,2024-11-06,%d-%m-%Y,M,M,mapped,,
CUST100516,Agnes Byaruwanga,+256722110584,agnesbyaruhanga59@gmail.com,Mbarara,2021-05-28,,+256722110584,+256722110584,valid,Mbarara,Mbarara,exact,28-05-2021,2021-05-28,%d-%m-%Y,,,missing,CUST102817,
CUST100517,Joseph Nabirye,+256702759482,joseph.nabirye@srg.co.ug,Kiruhura,2025-08-01,,256702759482,+256702759482,valid,Kiruhura,Kiruhura,exact,01/08/2025,2025-08-01,%d/%m/%Y,,,missing,,
CUST100518,Okello Wanyama,,okello.wanyama@yahoo.com,Kampala,2024-04-12,M,,,missing,Kampala,Kampala,exact,2024-04-12,2024-04-12,%Y-%m-%d,Male,M,mapped,,
CUST100519,Brian Kyomuhendo,+256759801136,briankyomuhendo44@yahoo.com,Gulu,2023-06-21,M,256759801136,+256759801136,valid,Gulu District,Gulu,variant_mapped,2023-06-21,2023-06-21,%Y-%m-%d,Male,M,mapped,CUST100946,
CUST100520,Michael akello,+256787609819,michael.okello@hotmail.com,Mbale,2022-12-14,M,+256787609819,+256787609819,valid,Mbale,Mbale,exact,2022-12-14,2022-12-14,%Y-%m-%d,Male,M,mapped,CUST101833,
CUST100521,Samuel,+256715724485,samuel@hotmail.com,Kampala,2022-11-23,,0715724485,+256715724485,valid,Kampala,Kampala,exact,2022-11-23,2022-11-23,%Y-%m-%d,,,missing,CUST103582,REVIEW: possible duplicate
CUST100522,Kambale Ssempebwa,+256737524563,kambale.ssempebwa@gmail.com,Jinja,2024-05-16,F,+256 73 752 4563,+256737524563,valid,Jinja,Jinja,exact,2024-05-16,2024-05-16,%Y-%m-%d,Female,F,mapped,,
CUST100523,Patrick Byaruhanga,+256735113991,patrick.byaruhanga@yahoo.com,Luwero,2025-05-14,F,256735113991,+256735113991,valid,Luwero,Luwero,exact,2025-05-14,2025-05-14,%Y-%m-%d,Female,F,mapped,,
CUST100524,Esther Namubiru,+256799631783,esther.namubiru@outlook.com,Jinja,2025-07-26,M,+256 79 963 1783,+256799631783,valid,Jinja City,Jinja,exact,2025-07-26,2025-07-26,%Y-%m-%d,Male,M,mapped,CUST101876;CUST104917,
CUST100525,Emmanuel Kyomuhendo,,emmanuelkyomuhendo81@srg.co.ug,Masindi,2023-03-13,F,,,missing,Masindi,Masindi,exact,13-03-2023,2023-03-13,%d-%m-%Y,Female,F,mapped,,
CUST100526,Timothy Namubiru,+256787412081,timothynamubiru@outlook.com,Kampala,2021-02-23,F,0787412081,+256787412081,valid,kampala,Kampala,exact,23/02/2021,2021-02-23,%d/%m/%Y,F,F,mapped,,
CUST100527,Lubega Mubiru,+256720392152,lubega.mubiru@outlook.com,Mbarara,2021-07-17,M,720392152,+256720392152,valid,Mbarara,Mbarara,exact,2021-07-17,2021-07-17,%Y-%m-%d,Male,M,mapped,,
CUST100528,J. Nsereko,+256710886838,jane.nsereko@gmail.com,Kabale,2022-12-30,M,710886838,+256710886838,valid,Kabale,Kabale,exact,30/12/2022,2022-12-30,%d/%m/%Y,Male,M,mapped,CUST104866,
CUST100529,Namutebi Nakato,+256724517386,namutebinakato96@srg.co.ug,Kampala,2025-07-16,F,0724517386,+256724517386,valid,Kampala,Kampala,exact,2025-07-16,2025-07-16,%Y-%m-%d,Female,F,mapped,,
CUST100530,Ruth Nakiganda,+256784052334,ruth.nakiganda@yahoo.com,Kampala,2021-10-23,F,0784052334,+256784052334,valid,Kampala,Kampala,exact,2021-10-23,2021-10-23,%Y-%m-%d,Female,F,mapped,,
CUST100531,Ssekandi Nankya,+256756681481,ssekandi.nankya@srg.co.ug,Iganga,2025-01-12,M,0756681481,+256756681481,valid,Iganga,Iganga,exact,12/01/2025,2025-01-12,%d/%m/%Y,Male,M,mapped,CUST103507,REVIEW: possible duplicate
CUST100532,Michael Lubega,+256756397809,michaellubega91@srg.co.ug,Lyantonde,2021-02-08,M,+256756397809,+256756397809,valid,lyantonde,Lyantonde,exact,2021-02-08,2021-02-08,%Y-%m-%d,Male,M,mapped,,
CUST100533,ssimbwa,+256788331467,ssimbwa@yahoo.com,Mpigi,2022-02-21,M,788331467,+256788331467,valid,Mpigi,Mpigi,exact,2022-02-21,2022-02-21,%Y-%m-%d,Male,M,mapped,CUST100931,
CUST100534,Lubega Guma,+256705011034,,Jinja,2024-09-21,M,0705011034,+256705011034,valid,Jinja,Jinja,exact,2024-09-21,2024-09-21,%Y-%m-%d,Male,M,mapped,,
CUST100535,John Ssebugwawo,+256717957518,johnssebugwawo17srg.co.ug,Kabale,2024-10-22,,0717957518,+256717957518,valid,Kabale,Kabale,exact,2024-10-22,2024-10-22,%Y-%m-%d,,,missing,CUST101606,
CUST100536,Ssempebwa,+256740671959,ssempebwa@mail.com,Masindi,2022-08-26,M,740671959,+256740671959,valid,Masindi,Masindi,exact,2022-08-26,2022-08-26,%Y-%m-%d,Male ,M,mapped,CUST103242,
CUST100537,Mercy Atim,+256772734866,,Masindi,2023-02-11,F,+256772734866,+256772734866,valid,Masindi,Masindi,exact,2023-02-11,2023-02-11,%Y-%m-%d,F,F,mapped,,
CUST100538,Namubiru Sheila,+256779182766,namubiru.sheila@mail.com,Kampala,2021-12-01,F,0779182766,+256779182766,valid,Kampala,Kampala,exact,2021-12-01,2021-12-01,%Y-%m-%d,Female,F,mapped,CUST103525,
CUST100539,Olweny Mukasa,+256793612638,olweny.mukasa@outlook.com,Jinja,2024-04-29,M,0793612638,+256793612638,valid,Jinja,Jinja,exact,2024-04-29,2024-04-29,%Y-%m-%d,Male,M,mapped,,
CUST100542,Nankya Namutebi,+256708393064,nankya.namutebi@yahoo.com,Mbale,2025-06-11,F,0708393064,+256708393064,valid,Mbale,Mbale,exact,2025-06-11,2025-06-11,%Y-%m-%d,F,F,mapped,,
CUST100543,Nakiganda Sheila,+256773098762,nakigandasheila45@yahoo.com,Mbarara,2021-11-03,F,256773098762,+256773098762,valid,Mbaraa,Mbarara,variant_mapped,2021-11-03,2021-11-03,%Y-%m-%d,Female,F,mapped,,
CUST100544,David Butime,+256753892452,david.butime@mail.com,Kampala,2021-06-04,M,+256753892452,+256753892452,valid,Kla,Kampala,variant_mapped,2021-06-04,2021-06-04,%Y-%m-%d,Male,M,mapped,,
CUST100545,Agnes Okello,+256799543768,agnes.okello@hotmail.com,Mukono,2025-03-18,,0799543768,+256799543768,valid,Mukko,Mukono,variant_mapped,2025-03-18,2025-03-18,%Y-%m-%d,,,missing,CUST103371;CUST104276,
CUST100546,Joan Mugisha,+256730593944,,Mukono,2021-10-29,F,+256 73 059 3944,+256730593944,valid,Mukono,Mukono,exact,2021-10-29,2021-10-29,%Y-%m-%d,Female,F,mapped,CUST101975,
CUST100547,Wasswa Ahabwe,+256759485334,wasswa.ahabwe@srg.co.ug,Soroti,2025-10-16,M,256759485334,+256759485334,valid,Soroti,Soroti,exact,16-10-2025,2025-10-16,%d-%m-%Y,Male,M,mapped,,
CUST100548,Nsereko Mukasa,+256753524194,nsereko.mukasayahoo.com,Kampala,2025-09-22,M,256753524194,+256753524194,valid,Kampala,Kampala,exact,2025-09-22,2025-09-22,%Y-%m-%d,Male,M,mapped,,
CUST100549,Grace Munezero,+256723892306,grace.munezero@outlook.com,Mukono,2021-09-26,M,723892306,+256723892306,valid,Mukono,Mukono,exact,2021-09-26,2021-09-26,%Y-%m-%d,M,M,mapped,,
CUST100550,Collins Kyebambe,+256727993532,,Wakiso,2025-07-14,,072-799-3532,+256727993532,valid,Wakiso,Wakiso,exact,14-07-2025,2025-07-14,%d-%m-%Y,,,missing,,
CUST100551,Nakayiza Agnes,+256791000947,nakayiza.agnes@srg.co.ug,Mukono,2024-05-15,M,+256 79 100 0947,+256791000947,valid,Mukono,Mukono,exact,2024-05-15,2024-05-15,%Y-%m-%d,Male,M,mapped,,
CUST100552,Ssimbwa Munezero,+256784746560,ssimbwa.munezero@gmail.com,Kalangala,2022-04-18,M,+256 78 474 6560,+256784746560,valid,Kalangala,Kalangala,exact,2022-04-18,2022-04-18,%Y-%m-%d,Male,M,mapped,,
CUST100553,Kambale Catherine,+256726764956,kambalecatherine@gmail.com,Wakiso,,M,+256726764956,+256726764956,valid,Wakiso,Wakiso,exact,,,missing,Male,M,mapped,,
CUST100554,Lubega Lubega,+256759126055,lubega.lubega@srg.co.ug,Jinja,2023-07-11,M,256759126055,+256759126055,valid,Jinja,Jinja,exact,2023-07-11,2023-07-11,%Y-%m-%d,M,M,mapped,CUST100744,
CUST100555,Rebecca Guma,+256732046047,rebecca.guma@outlook.com,Isingiro,2025-08-11,,0732046047,+256732046047,valid,Isingiro,Isingiro,exact,2025-08-11,2025-08-11,%Y-%m-%d,,,missing,,
CUST100556,Munezero Kambale,+256712033577,munezerokambale@hotmail.com,Mukono,2025-05-25,F,+256 71 203 3577,+256712033577,valid,Mukono,Mukono,exact,25/05/2025,2025-05-25,%d/%m/%Y,Female,F,mapped,CUST103012,
CUST100557,Ssemakula Ruth,+256708570407,ssemakula.ruth@srg.co.ug,Kitgum,2024-01-27,F,708570407,+256708570407,valid,Kitgum,Kitgum,exact,27-01-2024,2024-01-27,%d-%m-%Y,Female,F,mapped,CUST102801,
CUST100558,Butime Ninsiima,+256737917143,butimeninsiima1@yahoo.com,Wakiso,2023-07-30,M,0737917143,+256737917143,valid,Wakisio,Wakiso,variant_mapped,2023-07-30,2023-07-30,%Y-%m-%d,Male ,M,mapped,,
CUST100559,John Ssekandi,+256773323923,john.ssekandi@outlook.com,Gulu,2022-05-07,M,256773323923,+256773323923,valid,Gulu,Gulu,exact,07/05/2022,2022-05-07,%d/%m/%Y,Male,M,mapped,,
CUST100560,Mugisha Mubiru,+256787278392,mugisha.mubiru@hotmail,Kampala,2024-09-25,M,0787278392,+256787278392,valid,Kampala,Kampala,exact,2024-09-25,2024-09-25,%Y-%m-%d,Male,M,mapped,,
CUST100561,Nakayiza Munezero,+256734778607,nakayiza.munezero@yahoo.com,Wakiso,2024-01-06,F,0734778607,+256734778607,valid,Wakiso,Wakiso,exact,06/01/2024,2024-01-06,%d/%m/%Y,F,F,mapped,CUST103130,
CUST100562,Byaruhanga Namubiru,+256723508047,byaruhanganamubiru96@hotmail.com,Jinja,2021-01-25,M,0723508047,+256723508047,valid,Jinja Town,Jinja,variant_mapped,2021-01-25,2021-01-25,%Y-%m-%d,Male,M,mapped,,
CUST100563,Olweny Ssekandi,+256735667034,olweny.ssekandi@yahoo.com,Kampala,2022-01-12,M,073-566-7034,+256735667034,valid,Kampala,Kampala,exact,12/01/2022,2022-01-12,%d/%m/%Y,Male,M,mapped,,
CUST100564,Munezero Namubiru,+256796116130,munezero.namubiru@mail.com,Wakiso,2022-10-04,F,796116130,+256796116130,valid,Wakiso,Wakiso,exact,2022-10-04,2022-10-04,%Y-%m-%d,F,F,mapped,CUST104672,
CUST100565,David Wasswa,+256754178991,david.wasswa@srg.co.ug,Hoima,2024-10-09,,754178991,+256754178991,valid,Homa,Hoima,variant_mapped,2024-10-09,2024-10-09,%Y-%m-%d,,,missing,,
CUST100566,Mubiru Byaruhanga,,mubiru.byaruhanga@outlook.com,Wakiso,2023-02-23,,,,missing,wakiso,Wakiso,exact,2023-02-23,2023-02-23,%Y-%m-%d,,,missing,,
CUST100568,Guma Ssemakula,+256724656946,guma.ssemakula@outlook.com,Wakiso,2021-06-09,M,0724656946,+256724656946,valid,Wakiso,Wakiso,exact,2021-06-09,2021-06-09,%Y-%m-%d,Male,M,mapped,CUST103511,
CUST100569,Byaruhanga Catherine,+256794843256,byaruhanga.catherine@gmail.com,Entebbe,2022-09-24,M,079-484-3256,+256794843256,valid,Entebbe,Entebbe,exact,2022-09-24,2022-09-24,%Y-%m-%d,Male,M,mapped,,
CUST100570,Kamoga Tendo,+256751818787,kamoga.tendo@yahoo.com,Tororo,2021-01-29,M,256751818787,+256751818787,valid,Tororo,Tororo,exact,29/01/2021,2021-01-29,%d/%m/%Y,Male,M,mapped,CUST101380,
CUST100571,Ssekandi Nakayiza,+256711118784,ssekandi.nakayiza@srg.co.ug,Wakiso,2021-09-23,M,+256711118784,+256711118784,valid,Wakiso,Wakiso,exact,23-09-2021,2021-09-23,%d-%m-%Y,Male,M,mapped,,
CUST100572,Ouma Daniel,+256785328075,oumadaniel62@mail.com,Kabale,2024-11-28,M,078-532-8075,+256785328075,valid,Kabale,Kabale,exact,2024-11-28,2024-11-28,%Y-%m-%d,Male,M,mapped,,
CUST100574,Namutebi Ssempebwa,+256701015486,namutebissempebwa71@mail.com,Mbarara,2021-10-23,F,256701015486,+256701015486,valid,Mbarara Town,Mbarara,variant_mapped,2021-10-23,2021-10-23,%Y-%m-%d,Female,F,mapped,,
CUST100575,Beatrice Mukasa,+256785744518,beatrice.mukasa@srg.co.ug,Kampala,2022-07-18,F,+256 78 574 4518,+256785744518,valid,Kampala,Kampala,exact,2022-07-18,2022-07-18,%Y-%m-%d,Female,F,mapped,,
CUST100576,francis ssentongo,+256753830773,francisssentongo4@srg.co.ug,Lyantonde,2021-03-04,F,0753830773,+256753830773,valid,Lyantonde,Lyantonde,exact,2021-03-04,2021-03-04,%Y-%m-%d,Female,F,mapped,CUST102264;CUST104498,
CUST100577,Daniel Butime,+256734674829,daniel.butime@hotmail.com,Kampala,2025-01-18,M,073-467-4829,+256734674829,valid,Kampala,Kampala,exact,2025-01-18,2025-01-18,%Y-%m-%d,Male,M,mapped,CUST103961,
CUST100579,Nsereko Atukunda,+256779171400,nsereko.atukunda@outlook,Soroti,2022-06-25,M,+256779171400,+256779171400,valid,Soroti,Soroti,exact,25/06/2022,2022-06-25,%d/%m/%Y,Male,M,mapped,,
CUST100581,Nakiganda Joseph,+256732315663,nakigandajoseph@outlook.com,Kampala,2025-02-16,M,+256732315663,+256732315663,valid,Kampala,Kampala,exact,2025-02-16,2025-02-16,%Y-%m-%d,Male,M,mapped,,
CUST100582,Harriet Ssentongo,+256701620938,harrietssentongo90@mail.com,Mukono,,F,256701620938,+256701620938,valid,Mukono,Mukono,exact,,,missing,Female,F,mapped,,
CUST100583,John Butime,+256711447352,john.butime@yahoo.com,Kampala,2022-10-07,,071-144-7352,+256711447352,valid,Kampala,Kampala,exact,07/10/2022,2022-10-07,%d/%m/%Y,,,missing,,
CUST100584,Munezero Lubega,+256781643846,munezero.lubega@srg.co.ug,Kampala,2023-08-01,F,781643846,+256781643846,valid,Kampala,Kampala,exact,2023-08-01,2023-08-01,%Y-%m-%d,Female,F,mapped,,
CUST100585,Wasswa Robert,,wasswa.robert@gmail.com,Kampala,2025-04-15,M,,,missing,Kampala Region,Kampala,variant_mapped,2025-04-15,2025-04-15,%Y-%m-%d,M,M,mapped,,
CUST100586,Mugisha Wanyama,+256719335580,mugisha.wanyama@mail.com,Gulu,2021-11-02,,+256719335580,+256719335580,valid,Gulu,Gulu,exact,2021-11-02,2021-11-02,%Y-%m-%d,,,missing,CUST103575;CUST104270,
CUST100587,Patrick Ssemakula,+256726110273,,Wakiso,2022-03-26,F,0726110273,+256726110273,valid,Wakiso,Wakiso,exact,2022-03-26,2022-03-26,%Y-%m-%d,Female,F,mapped,,REVIEW: possible duplicate
CUST100588,Phoebe Katusiime,+256799417840,phoebe.katusiime@gmail.com,Kampala,,F,0799417840,+256799417840,valid,Kampala,Kampala,exact,,,missing,F,F,mapped,,
CUST100590,Lubega Ssentongo,+256711708359,lubega.ssentongo@gmail.com,Masaka,2024-06-08,M,0711708359,+256711708359,valid,Masaka,Masaka,exact,2024-06-08,2024-06-08,%Y-%m-%d,Male,M,mapped,CUST104647,
CUST100591,Nankya Tendo,+256795091013,nankya.tendo@mail.com,Kampala,2022-06-01,F,+256795091013,+256795091013,valid,Kampala,Kampala,exact,01-06-2022,2022-06-01,%d-%m-%Y,Female ,F,mapped,,
CUST100593,Ssentongo Ouma,+256798694392,ssentongo.ouma@hotmail.com,Mukono,2025-08-06,M,+256 79 869 4392,+256798694392,valid,Mukono,Mukono,exact,06/08/2025,2025-08-06,%d/%m/%Y,Male,M,mapped,,
CUST100594,Ssentongo,+256772044724,ssentongo@outlook.com,Jinja,2021-01-20,M,0772044724,+256772044724,valid,Jinja,Jinja,exact,20-01-2021,2021-01-20,%d-%m-%Y,Male ,M,mapped,CUST103845,
CUST100595,Joseph Achieng,+256759550390,josephachieng@gmail.com,Kampala,2025-03-15,M,+256 75 955 0390,+256759550390,valid,Kampala,Kampala,exact,2025-03-15,2025-03-15,%Y-%m-%d,M,M,mapped,CUST101707,
CUST100596,Butime,+256774844335,butime@srg.co.ug,Kampala,2023-09-26,,0774844335,+256774844335,valid,Kampala,Kampala,exact,26/09/2023,2023-09-26,%d/%m/%Y,,,missing,,
CUST100597,Katusiime Nakayiza,+256731360262,katusiime.nakayiza@yahoo.com,Kampala,2021-12-04,F,0731360262,+256731360262,valid,Kampala,Kampala,exact,2021-12-04,2021-12-04,%Y-%m-%d,Female,F,mapped,,
CUST100598,Kyomuhendo Nakato,+256777646221,kyomuhendonakato96@srg.co.ug,Masindi,2021-03-13,F,+256777646221,+256777646221,valid,Masindi District,Masindi,variant_mapped,2021-03-13,2021-03-13,%Y-%m-%d,Female,F,mapped,,
CUST100599,Francis Lubega,+256786657437,francis.lubega@yahoo.com,Soroti,2024-04-26,F,+256786657437,+256786657437,valid,Soroti,Soroti,exact,26/04/2024,2024-04-26,%d/%m/%Y,F,F,mapped,,
CUST100601,Joan Kamoga,+256775889482,joan.kamoga@mail.com,Mukono,2023-05-07,F,256775889482,+256775889482,valid,Mukko,Mukono,variant_mapped,2023-05-07,2023-05-07,%Y-%m-%d,Female,F,mapped,CUST104805,
CUST100602,Mary Nankya,+256772481649,,Wakiso,2022-05-23,M,256772481649,+256772481649,valid,Wakiso,Wakiso,exact,2022-05-23,2022-05-23,%Y-%m-%d,Male,M,mapped,CUST104643,
CUST100603,Michael Kafeero,+256789971479,michael.kafeero@gmail.com,Mpigi,2024-03-18,M,+256789971479,+256789971479,valid,mpigi,Mpigi,exact,2024-03-18,2024-03-18,%Y-%m-%d,Male,M,mapped,CUST102688,
CUST100605,Florence Nankya,+256732310402,florencenankya98@srg.co.ug,Wakiso,,M,0732310402,+256732310402,valid,Wakiso,Wakiso,exact,,,missing,Male,M,mapped,CUST102976,
CUST100606,Atim Agnes,+256714860914,atim.agnes@mail.com,Kampala,2021-09-29,M,256714860914,+256714860914,valid,kampala,Kampala,exact,2021-09-29,2021-09-29,%Y-%m-%d,Male,M,mapped,,
CUST100607,Rebecca,+256733028792,rebecca@outlook,Kasese,2025-01-02,M,0733028792,+256733028792,valid,Kasese,Kasese,exact,02/01/2025,2025-01-02,%d/%m/%Y,Male,M,mapped,,
CUST100609,Mercy Katusiime,+256725684361,mercy.katusiime@srg.co.ug,Gulu,2021-12-29,F,+256 72 568 4361,+256725684361,valid,Gulu,Gulu,exact,29-12-2021,2021-12-29,%d-%m-%Y,Female,F,mapped,,
CUST100610,Nakato Sarah,+256784669715,nakato.sarah@yahoo.com,Wakiso,,,+256784669715,+256784669715,valid,Wakiso,Wakiso,exact,,,missing,,,missing,,
CUST100611,Kizza Ssebugwawo,+256782738960,kizza.ssebugwawo@srg.co.ug,Jinja,2021-07-24,M,0782738960,+256782738960,valid,Jinja City,Jinja,exact,2021-07-24,2021-07-24,%Y-%m-%d,Male,M,mapped,,
CUST100612,Alexander Byaruhanga,+256777892501,alexander.byaruhanga@gmail.com,Kampala,2025-07-22,F,0777892501,+256777892501,valid,Kampala,Kampala,exact,22/07/2025,2025-07-22,%d/%m/%Y,F,F,mapped,,
CUST100613,Wasswa Butime,+256701032040,wasswabutime19@srg.co.ug,Wakiso,2021-01-13,M,+256701032040,+256701032040,valid,wakiso,Wakiso,exact,13/01/2021,2021-01-13,%d/%m/%Y,Male,M,mapped,,
CUST100614,Joseph Guma,+256731362973,josephguma70@hotmail.com,Jinja,2022-01-25,M,256731362973,+256731362973,valid,Jinja City,Jinja,exact,25/01/2022,2022-01-25,%d/%m/%Y,Male,M,mapped,,
CUST100615,Grace Lubega,+256786704244,grace.lubega@gmail.com,Lira,2024-08-21,,0786704244,+256786704244,valid,Lira District,Lira,variant_mapped,21/08/2024,2024-08-21,%d/%m/%Y,,,missing,,
CUST100616,Collins Atim,+256710420693,collinsatim71@mail.com,Bundibugyo,2021-08-18,F,+256710420693,+256710420693,valid,Bundibugyo,Bundibugyo,exact,18-08-2021,2021-08-18,%d-%m-%Y,Female,F,mapped,,
CUST100617,Andrew Ssemakula,+256738650938,andrew.ssemakula@yahoo.com,Isingiro,2025-01-20,F,0738650938,+256738650938,valid,Isingiro,Isingiro,exact,20/01/2025,2025-01-20,%d/%m/%Y,Female,F,mapped,CUST103094,
CUST100618,Francis Nakato,+256774260672,francisnakato@yahoo.com,Kampala,2022-02-26,F,+256 77 426 0672,+256774260672,valid,Kampala,Kampala,exact,26/02/2022,2022-02-26,%d/%m/%Y,Female,F,mapped,,
CUST100619,John Butime,+256729451602,john.butime@yahoo.com,Masaka,2022-02-07,M,+256729451602,+256729451602,valid,masaka,Masaka,exact,2022-02-07,2022-02-07,%Y-%m-%d,M,M,mapped,,
CUST100620,Stephen Ssekandi,+256756243143,stephenssekandi@hotmail.com,Kitgum,2025-08-11,F,+256 75 624 3143,+256756243143,valid,Kitgum,Kitgum,exact,11/08/2025,2025-08-11,%d/%m/%Y,Female,F,mapped,,
CUST100621,Byaruhanga Kamoga,+256791177480,byaruhanga.kamoga@srg.co.ug,Nakasongola,2021-03-08,M,+256791177480,+256791177480,valid,nakasongola,Nakasongola,exact,2021-03-08,2021-03-08,%Y-%m-%d,M,M,mapped,,
CUST100622,Mubiru Nabbanja,+256754287716,mubiru.nabbanja@outlook.com,Arua,2023-07-08,M,256754287716,+256754287716,valid,Arua,Arua,exact,2023-07-08,2023-07-08,%Y-%m-%d,Male,M,mapped,,
CUST100623,Mary Nsereko,+256781854134,mary.nserekogmail.com,Wakiso,2021-11-13,M,+256781854134,+256781854134,valid,Wakiso,Wakiso,exact,13/11/2021,2021-11-13,%d/%m/%Y,M,M,mapped,CUST102837,
CUST100625,Olweny Kamoga,+256736488170,olweny.kamoga@outlook.com,Masaka,2021-01-03,,0736488170,+256736488170,valid,Masaka,Masaka,exact,2021-01-03,2021-01-03,%Y-%m-%d,,,missing,,
CUST100626,Atim Olweny,+256784699895,atim.olweny@yahoo.com,Gulu,2022-02-15,F,256784699895,+256784699895,valid,Gulu,Gulu,exact,2022-02-15,2022-02-15,%Y-%m-%d,Female,F,mapped,,
CUST100627,Phoebe,+256747449431,phoebe@outlook.com,Wakiso,2023-02-26,F,+256747449431,+256747449431,valid,Wakiso District,Wakiso,variant_mapped,2023-02-26,2023-02-26,%Y-%m-%d,Female,F,mapped,CUST101094;CUST101289,
CUST100628,Nankya Catherine,+256790773742,nankya.catherine@gmail,Mpigi,,M,0790773742,+256790773742,valid,Mpigi,Mpigi,exact,,,missing,Male,M,mapped,CUST101701;CUST101897,
CUST100629,Ronald Lubega,+256701162487,ronald.lubega@outlook.com,Gulu,2022-06-13,M,+256701162487,+256701162487,valid,gulu,Gulu,exact,13-06-2022,2022-06-13,%d-%m-%Y,Male ,M,mapped,CUST104987;CUST104994,
CUST100630,Ouma Nsereko,+256790308628,oumansereko@mail.com,Kampala,2021-02-17,,0790308628,+256790308628,valid,Kampala,Kampala,exact,2021-02-17,2021-02-17,%Y-%m-%d,,,missing,,
CUST100631,Namutebi,+256788437818,namutebi91@srg.co.ug,Mbarara,2023-12-08,F,078-843-7818,+256788437818,valid,Mbarara,Mbarara,exact,2023-12-08,2023-12-08,%Y-%m-%d,Female,F,mapped,,
CUST100632,Butime Nalubega,+256778804004,,Gulu,2024-01-28,M,0778804004,+256778804004,valid,Gulu,Gulu,exact,2024-01-28,2024-01-28,%Y-%m-%d,Male,M,mapped,,REVIEW: possible duplicate
CUST100633,Nakiganda Nakiganda,+256725069497,nakiganda.nakiganda@yahoo.com,Mbale,2024-12-16,F,0725069497,+256725069497,valid,Mbale,Mbale,exact,2024-12-16,2024-12-16,%Y-%m-%d,Female,F,mapped,,
CUST100634,David Nsereko,+256797267908,david.nserekosrg.co.ug,Kampala,2022-09-21,M,+256 79 726 7908,+256797267908,valid,Kampala,Kampala,exact,2022-09-21,2022-09-21,%Y-%m-%d,Male,M,mapped,CUST103699;CUST103788,
CUST100635,Nakato Lubega,+256732917667,nakato.lubega@mail.com,Nebbi,2022-01-10,M,0732917667,+256732917667,valid,Nebbi,Nebbi,exact,10/01/2022,2022-01-10,%d/%m/%Y,Male,M,mapped,,
CUST100636,Katusiime Nakato,+256773756304,katusiime.nakato@gmail.com,Mityana,2022-11-04,F,+256773756304,+256773756304,valid,Mityana,Mityana,exact,2022-11-04,2022-11-04,%Y-%m-%d,Female,F,mapped,,
CUST100637,John Mugisha,+256778978989,john.mugisha@outlook.com,Kampala,2021-12-25,M,256778978989,+256778978989,valid,Kampala,Kampala,exact,2021-12-25,2021-12-25,%Y-%m-%d,Male,M,mapped,CUST101172,
CUST100638,Ninsiima Ssimbwa,+256751276665,ninsiima.ssimbwa@outlook.com,Rakai,2021-05-04,,0751276665,+256751276665,valid,Rakai,Rakai,exact,04/05/2021,2021-05-04,%d/%m/%Y,,,missing,,
CUST100639,Munezero Butime,+256741660128,munezero.butime@srg.co.ug,Kalangala,2024-01-24,F,0741660128,+256741660128,valid,Kalangala,Kalangala,exact,24-01-2024,2024-01-24,%d-%m-%Y,Female,F,mapped,,
CUST100640,Ssentongo Ssimbwa,+256783562921,ssentongo.ssimbwa@srg.co.ug,Kasese,2024-01-22,M,+256783562921,+256783562921,valid,Kasese,Kasese,exact,22/01/2024,2024-01-22,%d/%m/%Y,Male,M,mapped,CUST102536;CUST102967,
CUST100641,N. Wanyama,+256730557767,nabirye.wanyama@outlook.com,Mbarara,2023-07-22,F,+256730557767,+256730557767,valid,Mbarara,Mbarara,exact,22/07/2023,2023-07-22,%d/%m/%Y,Female ,F,mapped,CUST102401,
CUST100642,Naomi,+256780415062,naomi@gmail.com,Gulu,2025-04-25,F,256780415062,+256780415062,valid,Gulu,Gulu,exact,2025-04-25,2025-04-25,%Y-%m-%d,Female,F,mapped,,
CUST100643,Isaac Ssempebwa,,isaac.ssempebwa@srg.co.ug,Jinja,2021-08-03,F,,,missing,Jinja City,Jinja,exact,2021-08-03,2021-08-03,%Y-%m-%d,Female,F,mapped,,
CUST100644,Phoebe Namubiru,+256751778544,phoebe.namubiru@gmail.com,Mukono,2025-09-07,F,0751778544,+256751778544,valid,Mukono,Mukono,exact,2025-09-07,2025-09-07,%Y-%m-%d,Female ,F,mapped,,
CUST100645,Nabbanja Olweny,+256729758404,nabbanjaolweny17@mail.com,Mbale,2022-04-05,F,+256 72 975 8404,+256729758404,valid,Mbale,Mbale,exact,05-04-2022,2022-04-05,%d-%m-%Y,Female ,F,mapped,CUST104140,
CUST100646,Patrick Ssemakula,+256706893150,patrick.ssemakula@mail.com,Kampala,2021-10-16,F,+256706893150,+256706893150,valid,Kampala Region,Kampala,variant_mapped,16-10-2021,2021-10-16,%d-%m-%Y,F,F,mapped,,REVIEW: possible duplicate
CUST100647,mukasa ruth,+256796661002,mukasaruth34@mail.com,Nakasongola,2024-08-20,F,+256796661002,+256796661002,valid,Nakasongola,Nakasongola,exact,2024-08-20,2024-08-20,%Y-%m-%d,F,F,mapped,CUST101713,
CUST100648,Kato Nakato,+256773206849,kato.nakato@outlook,Jinja,2021-04-08,M,0773206849,+256773206849,valid,Jinja,Jinja,exact,08/04/2021,2021-04-08,%d/%m/%Y,Male,M,mapped,,
CUST100649,Guma Kamoga,+256730259617,guma.kamoga@mail.com,Jinja,2024-08-04,M,0730259617,+256730259617,valid,Jinja,Jinja,exact,04/08/2024,2024-08-04,%d/%m/%Y,Male,M,mapped,,
CUST100650,Byaruhanga Okello,+256796756895,byaruhanga.okello@mail.com,Wakiso,2023-10-31,M,079-675-6895,+256796756895,valid,Wakiso,Wakiso,exact,31/10/2023,2023-10-31,%d/%m/%Y,Male,M,mapped,CUST100573,
CUST100651,Michael Ninsiima,+256759914596,michael.ninsiima@hotmail.com,Kampala,2021-03-09,M,0759914596,+256759914596,valid,Kampala,Kampala,exact,2021-03-09,2021-03-09,%Y-%m-%d,M,M,mapped,CUST104729,
CUST100652,Ssimbwa Kibirige,+256791020730,ssimbwa.kibirige@yahoo.com,Masaka,2021-06-09,M,+256 79 102 0730,+256791020730,valid,Masaka,Masaka,exact,09/06/2021,2021-06-09,%d/%m/%Y,M,M,mapped,CUST104414,
CUST100653,Mubiru John,+256787118893,mubiru.john@mail.com,Gulu,2022-12-02,M,0787118893,+256787118893,valid,Gulu,Gulu,exact,02/12/2022,2022-12-02,%d/%m/%Y,Male,M,mapped,,
CUST100654,Michael Ahabwe,+256758791726,michaelahabwe14@yahoo.com,Kabale,2021-04-29,M,758791726,+256758791726,valid,kabale,Kabale,exact,2021-04-29,2021-04-29,%Y-%m-%d,Male,M,mapped,CUST104346,
CUST100656,Kato Ouma,+256749736803,,Kampala,2023-05-03,,+256749736803,+256749736803,valid,Kampala,Kampala,exact,03-05-2023,2023-05-03,%d-%m-%Y,,,missing,CUST104070,
CUST100657,Byaruhanga Wasswa,+256790413013,byaruhangawasswa74@gmail.com,Kampala,2025-03-04,M,+256790413013,+256790413013,valid,kampala,Kampala,exact,04/03/2025,2025-03-04,%d/%m/%Y,Male,M,mapped,CUST102585;CUST102968,
CUST100658,Byaruhanga Ahabwe,+256720470795,byaruhangaahabwe54@srg.co.ug,Kampala,2023-06-17,,256720470795,+256720470795,valid,Kampala,Kampala,exact,17/06/2023,2023-06-17,%d/%m/%Y, ,,missing,CUST104257,
CUST100659,Ssentongo Butime,+256740197049,ssentongobutime57@outlook.com,Jinja,2023-05-28,M,0740197049,+256740197049,valid,Jinja,Jinja,exact,28/05/2023,2023-05-28,%d/%m/%Y,M,M,mapped,,
CUST100660,REBECCA NAKIGANDA,+256722849748,rebecca.nakiganda@mail.com,Nakasongola,2023-06-10,M,+256722849748,+256722849748,valid,nakasongola,Nakasongola,exact,10/06/2023,2023-06-10,%d/%m/%Y,M,M,mapped,CUST104189,
CUST100661,Munezero Kizza,+256798827356,munezerokizza@gmail.com,Mbarara,2024-01-01,F,256798827356,+256798827356,valid,Mbarara,Mbarara,exact,2024-01-01,2024-01-01,%Y-%m-%d,Female ,F,mapped,,
CUST100662,Ssimbwa Wanyama,+256738682602,ssimbwa.wanyama@gmail.com,Mbarara,2025-04-20,M,0738682602,+256738682602,valid,Mbarara,Mbarara,exact,20/04/2025,2025-04-20,%d/%m/%Y,Male,M,mapped,CUST102699,
CUST100663,R. Achieng,+256716854767,rebeccaachieng27@mail.com,Mbarara,2025-01-10,M,256716854767,+256716854767,valid,Mbarara,Mbarara,exact,2025-01-10,2025-01-10,%Y-%m-%d,Male,M,mapped,CUST102944,
CUST100664,Kafeero Rebecca,,kafeerorebecca20@gmail.com,Kampala,2025-01-28,M,,,missing,Kampala,Kampala,exact,2025-01-28,2025-01-28,%Y-%m-%d,Male,M,mapped,,
CUST100665,Nalubega Atukunda,+256788466497,nalubega.atukunda@srg.co.ug,Nakasongola,2022-03-22,F,0788466497,+256788466497,valid,Nakasongola,Nakasongola,exact,22/03/2022,2022-03-22,%d/%m/%Y,Female,F,mapped,CUST101133;CUST102889,
CUST100666,Mercy Kambale,+256737094441,mercy.kambale@srg.co.ug,Mukono,2022-08-08,F,0737094441,+256737094441,valid,Mukono,Mukono,exact,08/08/2022,2022-08-08,%d/%m/%Y,Female,F,mapped,CUST100672,
CUST100667,Nakayiza Ssemakula,+256791166494,nakayizassemakula18@mail.com,Wakiso,2024-07-13,,0791166494,+256791166494,valid,Wakiso,Wakiso,exact,2024-07-13,2024-07-13,%Y-%m-%d,,,missing,CUST104620,
CUST100668,Ninsiima Okello,+256728989340,ninsiima.okello@srg.co.ug,Kampala,2023-07-04,M,+256728989340,+256728989340,valid,Kampala,Kampala,exact,04/07/2023,2023-07-04,%d/%m/%Y,Male,M,mapped,CUST102871,
CUST100669,Kyebambe Sarah,+256749019958,,Wakiso,,M,749019958,+256749019958,valid,Wakiso,Wakiso,exact,,,missing,M,M,mapped,,
CUST100670,Sheila Ahabwe,+256731661737,sheila.ahabwe@mail.com,Mukono,2021-06-02,F,+256731661737,+256731661737,valid,Mukono,Mukono,exact,2021-06-02,2021-06-02,%Y-%m-%d,Female ,F,mapped,CUST102026;CUST102223;CUST104860,
CUST100673,Lubega Tendo,,lubega.tendo@hotmail.com,Tororo,2024-11-03,,,,missing,Tororo,Tororo,exact,03-11-2024,2024-11-03,%d-%m-%Y,,,missing,,
CUST100674,Kibirige Kambale,+256749899979,kibirige.kambale@hotmail.com,Mukono,2025-02-22,M,749899979,+256749899979,valid,Mukono,Mukono,exact,2025-02-22,2025-02-22,%Y-%m-%d,Male,M,mapped,,
CUST100675,Harriet Wasswa,+256789111484,harriet.wasswa@hotmail.com,Lira,,F,+256789111484,+256789111484,valid,Lira,Lira,exact,,,missing,Female,F,mapped,,
CUST100676,Mary Atukunda,+256746271789,mary.atukunda@outlook.com,Kampala,2025-02-08,M,+256 74 627 1789,+256746271789,valid,Kampala (Central),Kampala,variant_mapped,08/02/2025,2025-02-08,%d/%m/%Y,Male,M,mapped,,
CUST100677,Peter Nalubega,+256706111503,peter.nalubega@gmail.com,Lira,,M,0706111503,+256706111503,valid,lira,Lira,exact,,,missing,M,M,mapped,CUST103180,
CUST100678,Ouma Tendo,+256757626002,ouma.tendo@gmail.com,Jinja,2021-12-20,M,0757626002,+256757626002,valid,jinja,Jinja,exact,20/12/2021,2021-12-20,%d/%m/%Y,M,M,mapped,CUST101697;CUST102185;CUST104653,
CUST100679,Nankya Kambale,+256742013497,nankya.kambale@yahoo.com,Wakiso,2022-08-05,,+256742013497,+256742013497,valid,Wakiso,Wakiso,exact,05/08/2022,2022-08-05,%d/%m/%Y,,,missing,,
CUST100680,A. Ouma,+256713455227,atim.ouma@yahoo.com,Kabale,2024-10-15,M,+256713455227,+256713455227,valid,Kabale,Kabale,exact,2024-10-15,2024-10-15,%Y-%m-%d,Male,M,mapped,CUST101153;CUST104088,
CUST100681,Alexander Kafeero,+256753447771,alexander.kafeero@hotmail.com,Wakiso,2021-12-19,F,753447771,+256753447771,valid,Wakisio,Wakiso,variant_mapped,19/12/2021,2021-12-19,%d/%m/%Y,Female,F,mapped,,
CUST100682,Nabirye Tendo,+256710739011,nabirye.tendo@srg.co.ug,Kampala,2025-06-03,,256710739011,+256710739011,valid,Kampala City,Kampala,variant_mapped,03/06/2025,2025-06-03,%d/%m/%Y,,,missing,,
CUST100683,Kamoga Ouma,+256735821298,kamoga.ouma@mail.com,Mbale,2023-09-09,,+256 73 582 1298,+256735821298,valid,Mbale,Mbale,exact,2023-09-09,2023-09-09,%Y-%m-%d,,,missing,,
CUST100684,Kizza Ruth,+256717510830,kizza.ruth@yahoo.com,Kabale,2024-04-20,F,071-751-0830,+256717510830,valid,Kabale District,Kabale,variant_mapped,2024-04-20,2024-04-20,%Y-%m-%d,Female,F,mapped,CUST101100,
CUST100685,Ssebugwawo Atim,+256728342981,ssebugwawo.atim@mail.com,Kampala,2022-05-31,F,+256 72 834 2981,+256728342981,valid,Kampala,Kampala,exact,2022-05-31,2022-05-31,%Y-%m-%d,Female,F,mapped,CUST103073,
CUST100686,Irene Mubiru,+256734620155,irene.mubiru@mail.com,Kampala,,F,+256734620155,+256734620155,valid,Kampala,Kampala,exact,,,missing,Female,F,mapped,CUST104083;CUST104164,
CUST100687,Irene Nabirye,+256703202352,irene.nabirye@mail.com,Soroti,2024-01-29,F,256703202352,+256703202352,valid,Soroti,Soroti,exact,29/01/2024,2024-01-29,%d/%m/%Y,Female,F,mapped,CUST104530,
CUST100688,Kato Kambale,+256771141088,kato.kambale@yahoo.com,Tororo,2024-07-18,M,256771141088,+256771141088,valid,Tororo,Tororo,exact,2024-07-18,2024-07-18,%Y-%m-%d,Male,M,mapped,,
CUST100689,Patrick Okello,+256791541840,patrick.okello@gmail.com,Entebbe,2024-01-29,F,+256791541840,+256791541840,valid,Enteba,Entebbe,variant_mapped,2024-01-29,2024-01-29,%Y-%m-%d,Female,F,mapped,,
CUST100690,Guma,+256798118391,guma32@hotmail.com,Kalangala,2021-06-24,,256798118391,+256798118391,valid,Kalangala,Kalangala,exact,24/06/2021,2021-06-24,%d/%m/%Y,,,missing,CUST100970;CUST104712,
CUST100691,Jane Kyebambe,,janekyebambe99@gmail.com,Bushenyi,2024-04-01,M,,,missing,Bushenyi,Bushenyi,exact,2024-04-01,2024-04-01,%Y-%m-%d,Male,M,mapped,,
CUST100692,Nabbanja Nakiganda,+256774070868,nabbanja.nakiganda@outlook.com,Wakiso,2025-09-27,F,0774070868,+256774070868,valid,Wakiso,Wakiso,exact,2025-09-27,2025-09-27,%Y-%m-%d,Female,F,mapped,,
CUST100693,Kyomuhendo Achieng,+256779397285,kyomuhendoachieng@srg.co.ug,Kampala,2023-11-19,F,+256779397285,+256779397285,valid,Kampala,Kampala,exact,2023-11-19,2023-11-19,%Y-%m-%d,Female,F,mapped,,
CUST100694,Wasswa Kyomuhendo,+256779408628,wasswa.kyomuhendo@hotmail.com,Hoima,,M,256779408628,+256779408628,valid,Hoima,Hoima,exact,,,missing,Male,M,mapped,,
CUST100695,Mukasa Rebecca,+256783555134,mukasa.rebecca@gmail.com,,2024-07-03,M,+256783555134,+256783555134,valid,none,,missing,2024-07-03,2024-07-03,%Y-%m-%d,Male,M,mapped,,
CUST100696,Nabirye Kibirige,+256770824874,nabirye.kibirige@hotmail.com,Isingiro,2023-07-12,F,256770824874,+256770824874,valid,Isingiro,Isingiro,exact,2023-07-12,2023-07-12,%Y-%m-%d,F,F,mapped,,
CUST100697,Nabirye Nsereko,+256726688043,nabirye.nsereko@mail.com,Kabale,2021-04-03,F,256726688043,+256726688043,valid,Kabale,Kabale,exact,2021-04-03,2021-04-03,%Y-%m-%d,Female,F,mapped,CUST100840,
CUST100698,Kambale Mercy,+256795258000,kambale.mercy@gmail.com,Mpigi,2022-10-09,F,+256 79 525 8000,+256795258000,valid,Mpigi,Mpigi,exact,2022-10-09,2022-10-09,%Y-%m-%d,Female,F,mapped,,
CUST100699,Achieng Nakiganda,+256747481714,achieng.nakiganda@hotmail.com,Mbale,,F,0747481714,+256747481714,valid,Mbale,Mbale,exact,,,missing,Female,F,mapped,CUST100867,
CUST100700,Nakiganda Joan,+256748900749,nakiganda.joan@yahoo.com,Kampala,2024-04-12,F,748900749,+256748900749,valid,Kampala,Kampala,exact,2024-04-12,2024-04-12,%Y-%m-%d,Female,F,mapped,,
CUST100701,Okelpo Ssentongo,+256776631737,okello.ssentongo@srg.co.ug,Mbarara,2022-10-21,M,0776631737,+256776631737,valid,Mbarara City,Mbarara,exact,21/10/2022,2022-10-21,%d/%m/%Y,M,M,mapped,CUST101419,
CUST100702,Samuel Atukunda,+256701769137,samuel.atukunda@gmail.com,Jinja,2025-03-18,M,0701769137,+256701769137,valid,Jinja Town,Jinja,variant_mapped,2025-03-18,2025-03-18,%Y-%m-%d,Male,M,mapped,,
CUST100704,Stephen Ahabwe,+256770622123,stephen.ahabwe@yahoo.com,Kampala,2023-09-06,,077-062-2123,+256770622123,valid,Kampala-City,Kampala,variant_mapped,2023-09-06,2023-09-06,%Y-%m-%d,,,missing,,
CUST100705,Michael Kizza,+256743707341,michael.kizza@outlook.com,Kampala,2023-04-24,M,0743707341,+256743707341,valid,Kampala,Kampala,exact,24/04/2023,2023-04-24,%d/%m/%Y,M,M,mapped,,
CUST100706,Godfrey Nakiganda,+256748255480,,Mukono,2022-10-06,F,+256748255480,+256748255480,valid,Mukono,Mukono,exact,2022-10-06,2022-10-06,%Y-%m-%d,Female,F,mapped,CUST104563,
CUST100707,Stephen Ssempebwa,+256773518827,stephen.ssempebwa@outlook.com,Hoima,2023-05-17,F,+256773518827,+256773518827,valid,Hoima,Hoima,exact,2023-05-17,2023-05-17,%Y-%m-%d,Female,F,mapped,,
CUST100708,Nabirye Peter,+256702040500,,Kampala,2023-06-09,M,702040500,+256702040500,valid,Kampala,Kampala,exact,2023-06-09,2023-06-09,%Y-%m-%d,Male,M,mapped,CUST103324,REVIEW: possible duplicate
CUST100709,Joseph Nakiganda,,joseph.nakiganda@yahoo.com,Jinja,2025-10-13,M,,,missing,Jinja City,Jinja,exact,13/10/2025,2025-10-13,%d/%m/%Y,Male,M,mapped,,
CUST100710,Joseph Okemlo,+256710462383,joseph.okello@srg.co.ug,Mbarara,2023-02-20,M,+256710462383,+256710462383,valid,Mbarara,Mbarara,exact,2023-02-20,2023-02-20,%Y-%m-%d,M,M,mapped,CUST103697,
CUST100711,Nankya Munezero,+256720196465,nankyamunezero50@outlook,Jinja,2025-10-06,F,+256720196465,+256720196465,valid,Jinja,Jinja,exact,2025-10-06,2025-10-06,%Y-%m-%d,Female,F,mapped,,
CUST100712,Kamoga Katusiime,+256777527699,kamoga.katusiime@hotmail.com,Mbarara,2023-03-25,F,+256777527699,+256777527699,valid,Mbarara Town,Mbarara,variant_mapped,2023-03-25,2023-03-25,%Y-%m-%d,F,F,mapped,,
CUST100713,Sarah,+256708944719,sarah@mail.com,Nakasongola,2021-10-16,,708944719,+256708944719,valid,Nakasongola,Nakasongola,exact,16/10/2021,2021-10-16,%d/%m/%Y,,,missing,,
CUST100714,Katusiime Atukunda,+256787591569,katusiimeatukunda67@mail.com,Wakiso,2025-05-28,F,+256 78 759 1569,+256787591569,valid,Wakiso,Wakiso,exact,28-05-2025,2025-05-28,%d-%m-%Y,Female,F,mapped,CUST102356;CUST103977,
CUST100715,Kizza,+256733481136,kizza@mail,Nebbi,2024-02-04,,256733481136,+256733481136,valid,nebbi,Nebbi,exact,2024-02-04,2024-02-04,%Y-%m-%d,,,missing,,
CUST100716,Ssemakula Beatrice,+256780036507,,Mbale,2023-12-20,F,256780036507,+256780036507,valid,Mbale,Mbale,exact,20/12/2023,2023-12-20,%d/%m/%Y,F,F,mapped,,
CUST100717,Ssebugwawo Guma,+256710078643,ssebugwawo.guma@outlook.com,Kitgum,2025-02-21,M,+256710078643,+256710078643,valid,Kitgum,Kitgum,exact,21/02/2025,2025-02-21,%d/%m/%Y,Male,M,mapped,,
CUST100718,Timothy Munezero,+256773529763,timothymunezero48yahoo.com,Gulu,2024-07-11,F,+256 77 352 9763,+256773529763,valid,gulu,Gulu,exact,2024-07-11,2024-07-11,%Y-%m-%d,Female,F,mapped,CUST103317,
CUST100719,Phoebe Okello,+256742133963,phoebeokello@yahoo.com,Bushenyi,2025-06-18,F,742133963,+256742133963,valid,bushenyi,Bushenyi,exact,2025-06-18,2025-06-18,%Y-%m-%d,Female ,F,mapped,CUST102328,
CUST100720,Ssimbwa Stephen,+256751538097,ssimbwa.stephenhotmail.com,Soroti,2021-10-30,F,256751538097,+256751538097,valid,Soroti,Soroti,exact,2021-10-30,2021-10-30,%Y-%m-%d,Female,F,mapped,,
CUST100723,Ssekandi Kambale,+256720319430,ssekandi.kambale@yahoo.com,Soroti,2025-06-23,M,+256720319430,+256720319430,valid,Soroti,Soroti,exact,23/06/2025,2025-06-23,%d/%m/%Y,Male,M,mapped,,
CUST100724,Ssekandi Tumusiime,+256771807372,ssekandi.tumusiime@mail.com,Mukono,2023-06-15,,0771807372,+256771807372,valid,Mukono,Mukono,exact,2023-06-15,2023-06-15,%Y-%m-%d,,,missing,CUST101957;CUST102091;CUST102314,
CUST100727,Byaruhanga Kyomuhendo,+256759576476,byaruhanga.kyomuhendo@mail.com,Wakiso,2024-12-13,M,0759576476,+256759576476,valid,Wakiso,Wakiso,exact,2024-12-13,2024-12-13,%Y-%m-%d,M,M,mapped,,
CUST100728,Guma Nankya,,guma.nankya@srg.co.ug,Kampala,2021-10-12,M,,,missing,Kampala,Kampala,exact,12/10/2021,2021-10-12,%d/%m/%Y,Male ,M,mapped,,
CUST100729,Ssentongo Kizza,+256718447702,ssentongo.kizza@mail.com,Jinja,2023-08-28,M,256718447702,+256718447702,valid,Jinja,Jinja,exact,2023-08-28,2023-08-28,%Y-%m-%d,Male,M,mapped,,
CUST100730,Guma Katusiime,+256717959112,guma.katusiime@srg.co.ug,Wakiso,2024-10-20,M,256717959112,+256717959112,valid,Wakiso,Wakiso,exact,20/10/2024,2024-10-20,%d/%m/%Y,Male,M,mapped,,
CUST100731,Kato Kamoga,+256736156214,kato.kamoga@mail.com,Mbale,2023-09-25,M,+256736156214,+256736156214,valid,Mbale,Mbale,exact,25/09/2023,2023-09-25,%d/%m/%Y,Male,M,mapped,CUST103722,
CUST100732,Peter,+256781451507,peter44@srg.co.ug,Masaka,2025-03-05,M,781451507,+256781451507,valid,Masaka,Masaka,exact,05-03-2025,2025-03-05,%d-%m-%Y,Male,M,mapped,,
CUST100733,Ninsiima Atukunda,+256708509096,ninsiima.atukunda@hotmail.com,Mukono,2024-10-11,F,0708509096,+256708509096,valid,Mukono,Mukono,exact,2024-10-11,2024-10-11,%Y-%m-%d,F,F,mapped,,
CUST100734,Ouma Nabirye,+256733321855,ouma.nabiryeoutlook.com,Mukono,2024-10-15,M,733321855,+256733321855,valid,Mukono,Mukono,exact,2024-10-15,2024-10-15,%Y-%m-%d,Male,M,mapped,,
CUST100735,Wasswa Achieng,+256790892846,wasswa.achieng@srg.co.ug,Kumi,2023-07-11,,0790892846,+256790892846,valid,Kumi,Kumi,exact,2023-07-11,2023-07-11,%Y-%m-%d,,,missing,CUST102088,
CUST100736,Mubiru Mubiru,+256749719607,mubiru.mubiru@yahoo.com,Entebbe,2025-05-23,M,749719607,+256749719607,valid,Entebbe,Entebbe,exact,23/05/2025,2025-05-23,%d/%m/%Y,Male,M,mapped,,
CUST100737,qubega Nankya,+256713739849,,Kampala,2024-02-24,,+256713739849,+256713739849,valid,Kampala,Kampala,exact,2024-02-24,2024-02-24,%Y-%m-%d,,,missing,CUST102735,
CUST100738,Atim Butime,+256741060162,atim.butime@hotmail.com,Arua,2024-06-28,F,0741060162,+256741060162,valid,Arua City,Arua,exact,28/06/2024,2024-06-28,%d/%m/%Y,F,F,mapped,CUST104313,
CUST100739,Nankya Atukunda,+256756929545,nankya.atukunda@srg.co.ug,Mbarara,2023-01-09,F,756929545,+256756929545,valid,Mbarara,Mbarara,exact,2023-01-09,2023-01-09,%Y-%m-%d,Female,F,mapped,,
CUST100740,Jane Kizza,+256759104235,jane.kizza@srg.co.ug,Hoima,2024-03-30,M,256759104235,+256759104235,valid,Hoima,Hoima,exact,2024-03-30,2024-03-30,%Y-%m-%d,Male,M,mapped,,
CUST100741,Agnes Okello,,agnes.okello@outlook.com,Entebbe,2021-10-10,M,,,missing,Entebbe,Entebbe,exact,2021-10-10,2021-10-10,%Y-%m-%d,Male,M,mapped,CUST100761;CUST102631,
CUST100742,Juliet Ninsiima,+256719363730,julietninsiima@outlook.com,Jinja,2023-12-14,F,256719363730,+256719363730,valid,Jinja,Jinja,exact,2023-12-14,2023-12-14,%Y-%m-%d,Female,F,mapped,CUST102379,
CUST100743,David,+256744856042,david@srg.co.ug,Jinja,2023-10-12,M,+256744856042,+256744856042,valid,Jinja Town,Jinja,variant_mapped,12-10-2023,2023-10-12,%d-%m-%Y,Male,M,mapped,,
CUST100745,Naomi Atim,,,Wakiso,2022-08-19,F,,,missing,Wakiso,Wakiso,exact,2022-08-19,2022-08-19,%Y-%m-%d,Female,F,mapped,,REVIEW: possible duplicate
CUST100747,Nakayiza Nsereko,+256789537107,nakayiza.nsereko@outlook.com,Wakiso,2025-05-19,F,+256789537107,+256789537107,valid,Wakiso,Wakiso,exact,19/05/2025,2025-05-19,%d/%m/%Y,Female,F,mapped,,
CUST100748,Tendo Nalubega,+256701741570,tendonalubega@hotmail.com,Soroti,2023-07-06,F,256701741570,+256701741570,valid,Soroti,Soroti,exact,06/07/2023,2023-07-06,%d/%m/%Y,F,F,mapped,CUST103639,
CUST100749,Ninsiima Brian,+256796483086,ninsiima.brian@yahoo.com,Mukono,2025-02-01,M,+256796483086,+256796483086,valid,Mukono,Mukono,exact,2025-02-01,2025-02-01,%Y-%m-%d,Male ,M,mapped,CUST100879,
CUST100750,Naomi Ouma,+256706863768,naomiouma@gmail.com,Kumi,2021-12-08,F,256706863768,+256706863768,valid,Kumi,Kumi,exact,2021-12-08,2021-12-08,%Y-%m-%d,Female,F,mapped,,
CUST100751,Sarah,,sarah@gmail.com,Isingiro,2023-01-04,M,,,missing,Isingiro,Isingiro,exact,2023-01-04,2023-01-04,%Y-%m-%d,M,M,mapped,,
CUST100752,Guma Grace,+256754399720,,Kampala,2023-04-11,M,0754399720,+256754399720,valid,Kampala,Kampala,exact,2023-04-11,2023-04-11,%Y-%m-%d,Male,M,mapped,,REVIEW: possible duplicate
CUST100753,Ouma Kyomuhendo,+256788774403,ouma.kyomuhendosrg.co.ug,Kampala,2023-11-30,M,+256 78 877 4403,+256788774403,valid,Kampala,Kampala,exact,2023-11-30,2023-11-30,%Y-%m-%d,Male,M,mapped,CUST101727,
CUST100754,Kambale Munezero,+256729396014,kambale.munezero@gmail.com,Jinja,2025-08-22,F,0729396014,+256729396014,valid,Jinja,Jinja,exact,2025-08-22,2025-08-22,%Y-%m-%d,Female,F,mapped,,
CUST100755,Godfrey Atim,+256707216954,godfrey.atim@gmail.com,Mbarara,2024-06-24,F,+256 70 721 6954,+256707216954,valid,Mbarara,Mbarara,exact,2024-06-24,2024-06-24,%Y-%m-%d,Female,F,mapped,,
CUST100756,Ruth Kamoga,+256792238425,,Kampala,2022-04-23,F,0792238425,+256792238425,valid,Kampala,Kampala,exact,23/04/2022,2022-04-23,%d/%m/%Y,F,F,mapped,,
CUST100757,Beatrice Ssempebwa,+256718171092,beatricessempebwa16@srg.co.ug,Kampala,2022-11-12,F,256718171092,+256718171092,valid,Kampala,Kampala,exact,12/11/2022,2022-11-12,%d/%m/%Y,Female,F,mapped,CUST101096,
CUST100758,Mugisha Mubiru,,mugisha.mubiru@yahoo.com,Gulu,2022-10-30,M,,,missing,Gulu,Gulu,exact,2022-10-30,2022-10-30,%Y-%m-%d,Male,M,mapped,,
CUST100759,Dorothy Okello,,dorothy.okello@srg.co.ug,Arua,2022-10-31,M,,,missing,Arua City,Arua,exact,31-10-2022,2022-10-31,%d-%m-%Y,M,M,mapped,,
CUST100760,Kyomuhendo Ssekandi,+256702275237,kyomuhendossekandi22@srg.co.ug,Arua,2022-03-06,F,702275237,+256702275237,valid,Arua,Arua,exact,2022-03-06,2022-03-06,%Y-%m-%d,Female,F,mapped,CUST101002,
CUST100762,Mubiru Nakayiza,+256759509771,mubirunakayiza38@gmail.com,Jinja,2021-05-08,F,+256759509771,+256759509771,valid,JINJA,Jinja,exact,08/05/2021,2021-05-08,%d/%m/%Y,Female,F,mapped,,
CUST100763,Brian Kamoga,+256704020232,brian.kamoga@gmail.com,Gulu,2022-08-07,M,0704020232,+256704020232,valid,Gulu,Gulu,exact,07/08/2022,2022-08-07,%d/%m/%Y,Male,M,mapped,,
CUST100764,Emmanuel Nankya,+256779105358,emmanuel.nankya@yahoo.com,Wakiso,2023-12-19,F,256779105358,+256779105358,valid,Wakiso,Wakiso,exact,19/12/2023,2023-12-19,%d/%m/%Y,Female,F,mapped,CUST104736,
CUST100765,Nabirye Kibirige,,nabiryekibirige36@gmail.com,Kampala,2025-01-13,F,,,missing,Kampala,Kampala,exact,13/01/2025,2025-01-13,%d/%m/%Y,F,F,mapped,,
CUST100766,Ninsiima Tendo,+256720491538,ninsiimatendo25@outlook.com,Wakiso,2022-08-14,F,0720491538,+256720491538,valid,Wakiso,Wakiso,exact,14/08/2022,2022-08-14,%d/%m/%Y,Female,F,mapped,,
CUST100767,Naomi Munezero,+256786868139,naomi.munezero@srg.co.ug,Lira,2024-12-04,,256786868139,+256786868139,valid,Lira District,Lira,variant_mapped,2024-12-04,2024-12-04,%Y-%m-%d,,,missing,,
CUST100768,Ahabwe Nakiganda,+256771571330,ahabwenakiganda92@mail.com,Kampala,2022-12-14,F,0771571330,+256771571330,valid,Kampala City,Kampala,variant_mapped,2022-12-14,2022-12-14,%Y-%m-%d,Female,F,mapped,CUST102276;CUST103170,
CUST100770,Ninsiima Ssekandi,+256748731638,ninsiima.ssekandi@outlook.com,Kampala,2024-03-22,F,074-873-1638,+256748731638,valid,Kampala,Kampala,exact,22/03/2024,2024-03-22,%d/%m/%Y,Female,F,mapped,,
CUST100771,Namubiru Ouma,+256783176441,namubiruouma69@yahoo.com,Kalangala,2023-09-11,M,+256 78 317 6441,+256783176441,valid,Kalangala,Kalangala,exact,11-09-2023,2023-09-11,%d-%m-%Y,Male,M,mapped,CUST103093;CUST103254,
CUST100772,Harriet,+256737440482,harriet@srg.co.ug,Wakiso,2025-03-20,F,073-744-0482,+256737440482,valid,Wakiso,Wakiso,exact,2025-03-20,2025-03-20,%Y-%m-%d,Female,F,mapped,,
CUST100773,Kyomuhendo Ssimbwa,+256757161241,,Sembabule,2023-05-06,M,+256757161241,+256757161241,valid,Sembabule,Sembabule,exact,2023-05-06,2023-05-06,%Y-%m-%d,Male,M,mapped,CUST101844,
CUST100774,Godfrey Namubiru,+256726323377,godfrey.namubiru@srg.co.ug,Kumi,2021-03-15,F,+256726323377,+256726323377,valid,Kumi,Kumi,exact,2021-03-15,2021-03-15,%Y-%m-%d,F,F,mapped,,
CUST100775,Andrew Atim,+256752864041,andrewatim62gmail.com,Wakiso,2023-06-29,F,256752864041,+256752864041,valid,Wakiso,Wakiso,exact,29-06-2023,2023-06-29,%d-%m-%Y,Female,F,mapped,CUST104596,
CUST100776,A. Ssempebwa,+256700267266,atim.ssempebwa@srg.co.ug,Entebbe,2023-09-01,F,0700267266,+256700267266,valid,Entebbe,Entebbe,exact,01/09/2023,2023-09-01,%d/%m/%Y,F,F,mapped,CUST103589;CUST104683,
CUST100777,Ssentongo David,+256720631223,ssentongo.david@hotmail.com,Kampala,2023-03-28,M,+256 72 063 1223,+256720631223,valid,Kampala,Kampala,exact,2023-03-28,2023-03-28,%Y-%m-%d,M,M,mapped,,
CUST100778,Gsma Nakato,+256705820757,guma.nakato@srg.co.ug,Mukono,2021-02-07,,+256705820757,+256705820757,valid,Mukono,Mukono,exact,2021-02-07,2021-02-07,%Y-%m-%d,,,missing,CUST101274,
CUST100779,Namubiru Nalubega,+256770510265,namubiru.nalubega@outlook.com,Mbarara,2023-03-04,F,+256770510265,+256770510265,valid,Mbarara,Mbarara,exact,2023-03-04,2023-03-04,%Y-%m-%d,F,F,mapped,,
CUST100780,Lubega Sarah,+256730246380,lubega.sarah@gmail.com,Kampala,2024-04-27,M,256730246380,+256730246380,valid,Kampala,Kampala,exact,27/04/2024,2024-04-27,%d/%m/%Y,M,M,mapped,CUST103272;CUST104585,
CUST100781,Agnes Okello,+256704585978,agnes.okello@yahoo.com,Kampala,2021-05-04,M,+256704585978,+256704585978,valid,Kampala,Kampala,exact,2021-05-04,2021-05-04,%Y-%m-%d,Male,M,mapped,,
CUST100782,Olweny Nabbanja,+256788990982,olweny.nabbanja@gmail.com,Kiruhura,2025-03-09,M,0788990982,+256788990982,valid,Kiruhura,Kiruhura,exact,2025-03-09,2025-03-09,%Y-%m-%d,Male,M,mapped,CUST101114,
CUST100783,Joan Ssebugwawo,+256797890810,joan.ssebugwawo@yahoo.com,Wakiso,2022-07-21,F,+256 79 789 0810,+256797890810,valid,Wakiso,Wakiso,exact,21/07/2022,2022-07-21,%d/%m/%Y,Female,F,mapped,CUST104489,
CUST100784,Mukasa Robert,+256744774203,mukasarobert78@srg.co.ug,Wakiso,2023-10-28,,+256744774203,+256744774203,valid,Wakiso,Wakiso,exact,28-10-2023,2023-10-28,%d-%m-%Y,,,missing,,
CUST100785,Alexander,,alexander@hotmail.com,Gulu,2021-04-28,F,,,missing,Gulu,Gulu,exact,2021-04-28,2021-04-28,%Y-%m-%d,Female,F,mapped,,
CUST100786,Ssimbwa Ninsiima,+256797325557,ssimbwa.ninsiima@mail.com,Kampala,2023-03-11,M,256797325557,+256797325557,valid,Kampala,Kampala,exact,2023-03-11,2023-03-11,%Y-%m-%d,Male,M,mapped,,
CUST100787,Florence Ssemakula,+256741919871,florence.ssemakula@yahoo.com,Mukono,2022-11-03,M,0741919871,+256741919871,valid,Mukko,Mukono,variant_mapped,03-11-2022,2022-11-03,%d-%m-%Y,Male,M,mapped,,
CUST100788,Ahabwe Katusiime,+256771412280,ahabwe.katusiime@yahoo.com,Mbarara,2025-01-27,,+256771412280,+256771412280,valid,Mbarara City,Mbarara,exact,27/01/2025,2025-01-27,%d/%m/%Y,,,missing,CUST102570,
CUST100789,Okello Ruth,+256751569088,okello.ruth@gmail.com,Kampala,2022-02-26,F,751569088,+256751569088,valid,Kampala,Kampala,exact,26/02/2022,2022-02-26,%d/%m/%Y,Female ,F,mapped,,REVIEW: possible duplicate
CUST100791,Robert Kizza,+256733140887,robertkizza@srg.co.ug,Kampala,2024-04-02,M,+256 73 314 0887,+256733140887,valid,Kampala,Kampala,exact,2024-04-02,2024-04-02,%Y-%m-%d,Male ,M,mapped,,
CUST100793,Mubiru Nakiganda,+256715628284,mubiru.nakiganda@outlook.com,Mbarara,2021-04-12,M,071-562-8284,+256715628284,valid,Mbarara City,Mbarara,exact,12/04/2021,2021-04-12,%d/%m/%Y,Male,M,mapped,,
CUST100794,Guma Kyomuhendo,+256799168992,guma.kyomuhendo@gmail.com,Wakiso,2024-12-05,M,0799168992,+256799168992,valid,Wakiso,Wakiso,exact,05/12/2024,2024-12-05,%d/%m/%Y,Male,M,mapped,CUST103427,
CUST100795,Ssekandi Okello,+256725761471,ssekandi.okello@yahoo.com,Wakiso,2024-07-23,,+256725761471,+256725761471,valid,Wakiso,Wakiso,exact,23-07-2024,2024-07-23,%d-%m-%Y,,,missing,,
CUST100796,Ssentongo Byaruhanga,+256735461352,ssentongo.byaruhangagmail.com,Kampala,2024-03-11,M,+256735461352,+256735461352,valid,Kampala,Kampala,exact,2024-03-11,2024-03-11,%Y-%m-%d,Male,M,mapped,,
CUST100797,Godfrey Kamoga,+256745244960,godfrey.kamoga@outlook.com,Wakiso,2022-01-08,F,+256745244960,+256745244960,valid,Wakiso,Wakiso,exact,2022-01-08,2022-01-08,%Y-%m-%d,Female,F,mapped,,
CUST100798,Isaac Munezero,+256753704985,,Kampala,2022-06-16,F,753704985,+256753704985,valid,kampala district,Kampala,variant_mapped,2022-06-16,2022-06-16,%Y-%m-%d,Female,F,mapped,,
CUST100799,Ronald Butime,,ronald.butime@yahoo.com,Mukono,2021-07-15,,,,missing,Mukono,Mukono,exact,15/07/2021,2021-07-15,%d/%m/%Y,,,missing,CUST104119,
CUST100800,Kyebambe Mugisha,+256716316958,kyebambe.mugisha@yahoo.com,Fort Portal,2021-03-11,,0716316958,+256716316958,valid,Kabarole,Fort Portal,exact,11/03/2021,2021-03-11,%d/%m/%Y,,,missing,,
CUST100801,Emmanuel Ssemakula,+256783537937,emmanuel.ssemakula@yahoo.com,Kampala,2023-12-07,F,256783537937,+256783537937,valid,Kampala,Kampala,exact,2023-12-07,2023-12-07,%Y-%m-%d,F,F,mapped,,
CUST100802,Brian Atim,,brian.atim@hotmail.com,Kampala,2021-04-04,M,,,missing,Kampala,Kampala,exact,2021-04-04,2021-04-04,%Y-%m-%d,Male,M,mapped,CUST103489,
CUST100803,Agnes Kizza,+256746825184,agnes.kizza@gmail.com,Jinja,,M,+256746825184,+256746825184,valid,Jinja,Jinja,exact,,,missing,Male ,M,mapped,,
CUST100804,Agnes Nankya,+256700574627,,Kayunga,2022-06-04,M,+256700574627,+256700574627,valid,Kayunga,Kayunga,exact,2022-06-04,2022-06-04,%Y-%m-%d,Male,M,mapped,,
CUST100805,Atim Ahabwe,+256711947069,atim.ahabwe@yahoo.com,Kampala,2021-05-31,F,+256711947069,+256711947069,valid,Kampala,Kampala,exact,2021-05-31,2021-05-31,%Y-%m-%d,Female,F,mapped,CUST104727,
CUST100806,Lubega,+256782229982,,Mbale City,2023-08-24,M,+256782229982,+256782229982,valid,Mbale City,Mbale City,exact,24/08/2023,2023-08-24,%d/%m/%Y,Male,M,mapped,,
CUST100807,Katusiime Harriet,+256743351451,katusiime.harriet@outlook.com,Kampala,2021-04-12,F,0743351451,+256743351451,valid,Kampala,Kampala,exact,12/04/2021,2021-04-12,%d/%m/%Y,F,F,mapped,,
CUST100808,Timothy Nabirye,+256754004690,timothy.nabiryesrg.co.ug,Gulu,2023-04-23,,+256754004690,+256754004690,valid,GULLU,Gulu,variant_mapped,2023-04-23,2023-04-23,%Y-%m-%d,,,missing,,
CUST100809,Graye Achieng,+256737654763,grace.achieng@outlook.com,Hoima,2021-07-10,M,0737654763,+256737654763,valid,Hoima,Hoima,exact,10/07/2021,2021-07-10,%d/%m/%Y,Male,M,mapped,CUST101266;CUST102668,
CUST100810,Emmanuel Munezero,+256754489410,emmanuelmunezero@mail.com,Jinja,2021-07-31,F,+256754489410,+256754489410,valid,Jinja,Jinja,exact,31/07/2021,2021-07-31,%d/%m/%Y,Female,F,mapped,CUST101685,
CUST100811,Kamoga,+256710689390,kamoga80@srg.co.ug,Jinja,2024-01-25,M,+256710689390,+256710689390,valid,Jinja,Jinja,exact,2024-01-25,2024-01-25,%Y-%m-%d,Male,M,mapped,CUST101055,
CUST100812,Beatrice Ssempebwa,+256759818725,beatrice.ssempebwa@outlook.com,Jinja,2024-09-17,,075-981-8725,+256759818725,valid,Jinja,Jinja,exact,2024-09-17,2024-09-17,%Y-%m-%d,,,missing,CUST102917,
CUST100813,Ouma Achieng,+256719236247,ouma.achieng@srg.co.ug,Gulu,2024-11-22,,+256719236247,+256719236247,valid,Gulu,Gulu,exact,2024-11-22,2024-11-22,%Y-%m-%d,,,missing,,
CUST100814,Kamoga Ssekandi,+256798332553,kamoga.ssekandi@mail.com,Gulu,2022-01-22,M,256798332553,+256798332553,valid,Guluu,Gulu,variant_mapped,2022-01-22,2022-01-22,%Y-%m-%d,Male,M,mapped,,
CUST100815,Olweny Grace,+256750338771,olweny.grace@yahoo.com,Mukono,2021-04-12,M,0750338771,+256750338771,valid,Mukkono,Mukono,variant_mapped,2021-04-12,2021-04-12,%Y-%m-%d,Male,M,mapped,CUST103010,
CUST100816,Brian Mugisha,+256753375132,brian.mugisha@hotmail,Masaka,,M,0753375132,+256753375132,valid,Masaka,Masaka,exact,,,missing,Male,M,mapped,,
CUST100817,Namubiru Atim,+256712119976,namubiru.atim@outlook.com,Jinja,2021-09-07,F,+256712119976,+256712119976,valid,Jinja,Jinja,exact,07/09/2021,2021-09-07,%d/%m/%Y,Female,F,mapped,,
CUST100818,Nakiganda Kizza,+256708558762,nakigandakizza@yahoo.com,Kampala,2023-04-13,F,0708558762,+256708558762,valid,Kampala,Kampala,exact,2023-04-13,2023-04-13,%Y-%m-%d,Female,F,mapped,,
CUST100819,Mugisha Atukunda,+256755792186,mugisha.atukunda@yahoo.com,Mukono,2021-11-17,M,755792186,+256755792186,valid,Mukono,Mukono,exact,2021-11-17,2021-11-17,%Y-%m-%d,M,M,mapped,,
CUST100820,Brian Nabirye,+256743468159,briannabirye75@hotmail.com,Kasese,2023-06-02,M,0743468159,+256743468159,valid,kasese,Kasese,exact,2023-06-02,2023-06-02,%Y-%m-%d,M,M,mapped,,
CUST100821,Francis Byaruhanga,+256737456872,francis.byaruhanga@gmail.com,Mbale,2025-06-21,F,+256737456872,+256737456872,valid,Mbale,Mbale,exact,2025-06-21,2025-06-21,%Y-%m-%d,Female,F,mapped,,
CUST100822,Ssempebwa Nsereko,,ssempebwa.nserekohotmail.com,Masaka,2023-02-04,M,,,missing,Masaka,Masaka,exact,04/02/2023,2023-02-04,%d/%m/%Y,Male,M,mapped,CUST102071;CUST102348;CUST104182,
CUST100823,Kafeero Alexander,+256715141344,kafeero.alexander@hotmail.com,Wakiso,2023-06-23,F,0715141344,+256715141344,valid,Wakiso,Wakiso,exact,2023-06-23,2023-06-23,%Y-%m-%d,Female,F,mapped,,
CUST100824,Nalubega Ssempebwa,,nalubega.ssempebwahotmail.com,Rakai,2023-06-05,F,,,missing,Rakai,Rakai,exact,05-06-2023,2023-06-05,%d-%m-%Y,Female,F,mapped,,
CUST100825,Ssebugwawo Grace,+256731062975,ssebugwawo.grace@srg.co.ug,Kampala,2024-05-03,,+256731062975,+256731062975,valid,Kampala,Kampala,exact,03-05-2024,2024-05-03,%d-%m-%Y,,,missing,,
CUST100826,Lubega Byaruhanga,+256788406414,lubega.byaruhanga@hotmail,Jinja,2021-02-03,M,078-840-6414,+256788406414,valid,Jinja,Jinja,exact,2021-02-03,2021-02-03,%Y-%m-%d,M,M,mapped,,
CUST100827,Guma Nabirye,+256717346323,guma.nabirye@gmail.com,Hoima,2025-03-17,M,717346323,+256717346323,valid,Hoima,Hoima,exact,17/03/2025,2025-03-17,%d/%m/%Y,Male,M,mapped,,
CUST100828,Sheila Tumusiime,+256797328952,sheilatumusiime52@yahoo.com,Kampala,,F,0797328952,+256797328952,valid,Kampala,Kampala,exact,,,missing,Female,F,mapped,CUST102283,
CUST100829,Nankya Namubiru,+256794522176,nankya.namubiru@outlook.com,Lira,2022-04-20,F,0794522176,+256794522176,valid,Lira,Lira,exact,2022-04-20,2022-04-20,%Y-%m-%d,Female ,F,mapped,,
CUST100830,Munezero Irene,+256721602663,munezero.irene@hotmail.com,Gulu,2021-08-04,F,256721602663,+256721602663,valid,Gulu,Gulu,exact,2021-08-04,2021-08-04,%Y-%m-%d,Female,F,mapped,,
CUST100831,Guma Ssempebwa,+256750582006,guma.ssempebwa@gmail.com,Mukono,2021-11-19,M,+256750582006,+256750582006,valid,Mukkono,Mukono,variant_mapped,19/11/2021,2021-11-19,%d/%m/%Y,Male,M,mapped,,
CUST100832,Peter Kibirige,+256727862923,peter.kibirige@hotmail.com,Wakiso,2023-08-19,M,0727862923,+256727862923,valid,Wakiso,Wakiso,exact,19-08-2023,2023-08-19,%d-%m-%Y,Male,M,mapped,,
CUST100833,Mugisha Wanyama,+256772320388,mugisha.wanyama@mail.com,Kasese,2021-07-09,F,+256772320388,+256772320388,valid,Kasese,Kasese,exact,2021-07-09,2021-07-09,%Y-%m-%d,Female,F,mapped,,
CUST100834,Kato Nakato,+256740516809,katonakato55@mail.com,Kampala,2022-08-01,M,074-051-6809,+256740516809,valid,Kampala1,Kampala,fuzzy_mapped,2022-08-01,2022-08-01,%Y-%m-%d,M,M,mapped,CUST102452,
CUST100835,Joan Ahabwe,+256702718447,joan.ahabwe@srg.co.ug,Wakiso,2024-11-22,F,0702718447,+256702718447,valid,Wakiso,Wakiso,exact,2024-11-22,2024-11-22,%Y-%m-%d,Female,F,mapped,,
CUST100837,Patrick Tendo,+256720758461,,Kampala,2021-04-27,F,0720758461,+256720758461,valid,Kampala,Kampala,exact,2021-04-27,2021-04-27,%Y-%m-%d,Female,F,mapped,,REVIEW: possible duplicate
CUST100838,Kambale Guma,+256774727735,kambaleguma75@outlook.com,Kampala,2021-12-01,F,0774727735,+256774727735,valid,kampala,Kampala,exact,2021-12-01,2021-12-01,%Y-%m-%d,F,F,mapped,,
CUST100839,Sarah Ahabwe,+256734764101,sarah.ahabwe@gmail,Masaka,2023-11-17,M,0734764101,+256734764101,valid,Masacka,Masaka,variant_mapped,2023-11-17,2023-11-17,%Y-%m-%d,Male,M,mapped,CUST101334,
CUST100841,Ronald Achieng,+256742178768,ronald.achieng@srg.co.ug,Jinja,2023-03-18,M,+256742178768,+256742178768,valid,Jinja Town,Jinja,variant_mapped,18/03/2023,2023-03-18,%d/%m/%Y,M,M,mapped,,
CUST100842,Okello Ssempebwa,+256774811026,okellossempebwa@srg.co.ug,Jinja,2023-01-02,M,256774811026,+256774811026,valid,Jinja,Jinja,exact,2023-01-02,2023-01-02,%Y-%m-%d,Male,M,mapped,,
CUST100843,Kamoga Nakiganda,+256757467658,kamoganakiganda@mail.com,Mukono,2021-05-03,,0757467658,+256757467658,valid,Mukono,Mukono,exact,2021-05-03,2021-05-03,%Y-%m-%d,,,missing,CUST102665;CUST104584,
CUST100844,Nakayiza Mukasa,+256759610464,nakayizamukasa@yahoo.com,Kampala,2023-01-18,F,+256759610464,+256759610464,valid,Kampala,Kampala,exact,18/01/2023,2023-01-18,%d/%m/%Y,Female,F,mapped,CUST104979,
CUST100845,Atukunda Joan,+256723157781,atukunda.joan@outlook.com,Wakiso,2022-03-04,F,723157781,+256723157781,valid,Wakiso,Wakiso,exact,04/03/2022,2022-03-04,%d/%m/%Y,Female,F,mapped,,
CUST100846,Alexander Nakato,+256793282020,alexander.nakato@outlook.com,Kampala,2025-06-22,F,256793282020,+256793282020,valid,Kampala,Kampala,exact,2025-06-22,2025-06-22,%Y-%m-%d,F,F,mapped,,
CUST100847,Mercy Ssebugwawo,+256792773609,mercyssebugwawo11@gmail.com,Sembabule,2021-11-13,F,+256792773609,+256792773609,valid,sembabule,Sembabule,exact,13-11-2021,2021-11-13,%d-%m-%Y,F,F,mapped,,
CUST100848,Nabirye Butime,+256748996538,nabirye.butime@gmail.com,Mbale,2021-01-10,F,074-899-6538,+256748996538,valid,Mbale,Mbale,exact,2021-01-10,2021-01-10,%Y-%m-%d,Female,F,mapped,CUST102327,
CUST100849,Patrick Nalubega,+256756671946,patrick.nalubega@srg.co.ug,Mukono,2025-05-15,F,0756671946,+256756671946,valid,Mukono,Mukono,exact,15/05/2025,2025-05-15,%d/%m/%Y,F,F,mapped,,
CUST100850,Ronald Nsereko,+256782155318,ronald.nsereko@srg.co.ug,Wakiso,2021-07-06,M,+256782155318,+256782155318,valid,Wakiso,Wakiso,exact,06/07/2021,2021-07-06,%d/%m/%Y,Male,M,mapped,CUST102124,
CUST100851,Timothy Atim,+256747753856,timothy.atim@hotmail.com,Rakai,2022-03-23,F,0747753856,+256747753856,valid,Rakai,Rakai,exact,2022-03-23,2022-03-23,%Y-%m-%d,Female,F,mapped,CUST101395;CUST103705,
CUST100852,Florence Ssemakula,+256778201916,florence.ssemakula@srg.co.ug,Kampala,2022-09-07,,256778201916,+256778201916,valid,Kampala,Kampala,exact,2022-09-07,2022-09-07,%Y-%m-%d,,,missing,,
CUST100853,Ruth Atim,+256784619428,ruthatim19@gmail.com,Kampala,,F,+256784619428,+256784619428,valid,Kampala,Kampala,exact,,,missing,Female,F,mapped,CUST103239,REVIEW: possible duplicate
CUST100854,Mubiru Ssimbwa,+256722404334,mubirussimbwa31@gmail.com,Gulu,2025-04-03,M,0722404334,+256722404334,valid,gulu,Gulu,exact,2025-04-03,2025-04-03,%Y-%m-%d,Male,M,mapped,CUST102416,
CUST100855,Ssemakula Nakayiza,+256713744858,ssemakulanakayiza78@outlook.com,Soroti,2022-05-01,M,+256713744858,+256713744858,valid,Soroti,Soroti,exact,01-05-2022,2022-05-01,%d-%m-%Y,M,M,mapped,,
CUST100856,Jane Nakato,+256749202923,jane.nakato@gmail.com,Mityana,2023-12-08,M,0749202923,+256749202923,valid,Mityana,Mityana,exact,08-12-2023,2023-12-08,%d-%m-%Y,M,M,mapped,,
CUST100857,Collins Kafeero,+256775940148,collins.kafeero@outlook.com,Lira,2023-11-19,F,0775940148,+256775940148,valid,Lira,Lira,exact,19-11-2023,2023-11-19,%d-%m-%Y,Female,F,mapped,CUST103468;CUST104591,
CUST100858,Mugisha Kyomuhendo,+256722498165,mugisha.kyomuhendo@srg.co.ug,Kayunga,2023-08-02,M,256722498165,+256722498165,valid,Kayunga,Kayunga,exact,2023-08-02,2023-08-02,%Y-%m-%d,Male ,M,mapped,,
CUST100859,Nabbanja Nakayiza,+256732550563,nabbanja.nakayiza@hotmail.com,Tororo,2021-07-01,F,732550563,+256732550563,valid,Tororo,Tororo,exact,2021-07-01,2021-07-01,%Y-%m-%d,Female,F,mapped,,
CUST100861,Ssemakula Kibirige,+256738727760,ssemakula.kibirige@mail.com,Hoima,2021-04-02,M,0738727760,+256738727760,valid,Hoima,Hoima,exact,2021-04-02,2021-04-02,%Y-%m-%d,Male,M,mapped,,
CUST100862,John Ahabwe,,johnahabwe41@srg.co.ug,Kampala,2021-11-13,M,,,missing,Kampala,Kampala,exact,13/11/2021,2021-11-13,%d/%m/%Y,Male,M,mapped,,
CUST100863,Nsereko Ninsiima,,nsereko.ninsiima@hotmail.com,Kampala,2025-06-26,F,,,missing,Kampala1,Kampala,fuzzy_mapped,2025-06-26,2025-06-26,%Y-%m-%d,Female,F,mapped,CUST104394,
CUST100864,Lubega Ninsiima,,lubeganinsiima13@yahoo.com,Wakiso,2022-05-31,M,,,missing,Wakiso,Wakiso,exact,31-05-2022,2022-05-31,%d-%m-%Y,Male,M,mapped,CUST101387,
CUST100865,Mugisha,+256719588230,mugisha@gmail.com,Jinja,2021-10-13,M,+256719588230,+256719588230,valid,Jinja,Jinja,exact,2021-10-13,2021-10-13,%Y-%m-%d,Male,M,mapped,,
CUST100866,Rebecca Kyomuhendo,+256722181854,rebecca.kyomuhendo@gmail.com,Bushenyi,2023-05-23,M,+256722181854,+256722181854,valid,Bushenyi,Bushenyi,exact,2023-05-23,2023-05-23,%Y-%m-%d,Male,M,mapped,,
CUST100868,Ouma Ninsiima,+256793290772,ouma.ninsiima@yahoo.com,Masindi,2022-08-07,,256793290772,+256793290772,valid,Masindi,Masindi,exact,2022-08-07,2022-08-07,%Y-%m-%d,,,missing,,
CUST100869,Patrick Ssemakula,+256785765353,patrick.ssemakula@srg.co.ug,Wakiso,2024-10-09,F,785765353,+256785765353,valid,Wakiso,Wakiso,exact,2024-10-09,2024-10-09,%Y-%m-%d,Female,F,mapped,CUST104803,REVIEW: possible duplicate
CUST100870,Nabirye Kambale,+256786377073,nabirye.kambale@hotmail.com,Kampala,2022-11-18,,+256786377073,+256786377073,valid,Kampala,Kampala,exact,18/11/2022,2022-11-18,%d/%m/%Y,,,missing,,
CUST100871,Sarah Nankya,+256793552714,sarahnankya@yahoo.com,Soroti,2022-09-13,M,079-355-2714,+256793552714,valid,Soroti,Soroti,exact,13/09/2022,2022-09-13,%d/%m/%Y,Male,M,mapped,,
CUST100872,Juliet,+256784104355,julietsrg.co.ug,Mukono,2021-03-17,,+256 78 410 4355,+256784104355,valid,Mukono,Mukono,exact,2021-03-17,2021-03-17,%Y-%m-%d,,,missing,,
CUST100873,Nabbanja Ssempebwa,+256778624358,nabbanjassempebwa55mail.com,Soroti,2024-07-18,F,0778624358,+256778624358,valid,Soroti,Soroti,exact,2024-07-18,2024-07-18,%Y-%m-%d,Female,F,mapped,CUST103980,
CUST100874,Dorothy Nakato,+256707156438,,Mbale,2024-09-07,,0707156438,+256707156438,valid,Mbale,Mbale,exact,07/09/2024,2024-09-07,%d/%m/%Y,,,missing,,
CUST100875,Atim Nalubega,+256758738711,atimnalubega31@srg.co.ug,Kampala,2023-03-15,F,0758738711,+256758738711,valid,Kampala,Kampala,exact,15/03/2023,2023-03-15,%d/%m/%Y,F,F,mapped,,
CUST100876,Emmanuel Ouma,+256707901841,emmanuelouma@gmail.com,Mukono,2021-05-06,,707901841,+256707901841,valid,Mukkono,Mukono,variant_mapped,06-05-2021,2021-05-06,%d-%m-%Y,,,missing,,
CUST100877,Irene Nakayiza,+256776787165,irenenakayiza90@yahoo.com,Kampala,2021-11-26,F,776787165,+256776787165,valid,Kampala,Kampala,exact,2021-11-26,2021-11-26,%Y-%m-%d,Female,F,mapped,,
CUST100878,Joan Kizza,+256744257981,joan.kizza@outlook.com,Wakiso,2025-08-06,F,0744257981,+256744257981,valid,Wakiso,Wakiso,exact,06/08/2025,2025-08-06,%d/%m/%Y,Female ,F,mapped,,
CUST100880,Mubiru Wanyama,+256752858470,mubiru.wanyama@mail.com,Gulu,2021-06-21,,752858470,+256752858470,valid,Gulu,Gulu,exact,2021-06-21,2021-06-21,%Y-%m-%d,,,missing,,
CUST100882,Harriet Okello,+256716861495,harrietokello10yahoo.com,Mbale,2021-09-25,,+256 71 686 1495,+256716861495,valid,Mbale,Mbale,exact,2021-09-25,2021-09-25,%Y-%m-%d,,,missing,,
CUST100883,Kizza Wasswa,+256796210850,kizza.wasswa@outlook.com,Hoima,2021-01-10,,079-621-0850,+256796210850,valid,Hoima,Hoima,exact,2021-01-10,2021-01-10,%Y-%m-%d, ,,missing,,
CUST100884,Ouma Kafeero,+256719494922,ouma.kafeero@hotmail.com,Tororo,2021-01-07,M,256719494922,+256719494922,valid,Tororo,Tororo,exact,07/01/2021,2021-01-07,%d/%m/%Y,Male ,M,mapped,,
CUST100885,Samuel,+256782388653,samuel69@mail,Bushenyi,2023-08-01,M,+256 78 238 8653,+256782388653,valid,Bushenyi,Bushenyi,exact,2023-08-01,2023-08-01,%Y-%m-%d,Male,M,mapped,,
CUST100886,Isaac Byaruhanga,+256795492419,isaac.byaruhanga@mail.com,Kampala,,F,+256795492419,+256795492419,valid,Kla,Kampala,variant_mapped,,,missing,F,F,mapped,,
CUST100887,Munezero Mary,+256711848264,munezero.mary@srg.co.ug,Rakai,2025-04-05,M,+256711848264,+256711848264,valid,rakai,Rakai,exact,2025-04-05,2025-04-05,%Y-%m-%d,Male,M,mapped,CUST101241,
CUST100888,Ssemakula Joan,+256789518814,ssemakula.joan@srg.co.ug,Jinja,2022-10-08,F,0789518814,+256789518814,valid,Jinja,Jinja,exact,2022-10-08,2022-10-08,%Y-%m-%d,Female,F,mapped,CUST101311;CUST104773,
CUST100889,Ronald Wasswa,+256750774670,ronald.wasswa@gmail.com,Luwero,2023-05-21,M,750774670,+256750774670,valid,Luwero,Luwero,exact,21/05/2023,2023-05-21,%d/%m/%Y,Male,M,mapped,,
CUST100890,Phoebe Kyomuhendo,,,Jinja,2021-08-16,F,,,missing,Jinja,Jinja,exact,2021-08-16,2021-08-16,%Y-%m-%d,Female,F,mapped,,REVIEW: possible duplicate
CUST100891,Nabbanja Mukasa,+256708199809,nabbanja.mukasa@srg.co.ug,Wakiso,2024-04-10,F,256708199809,+256708199809,valid,wakiso,Wakiso,exact,2024-04-10,2024-04-10,%Y-%m-%d,Female,F,mapped,,
CUST100892,Collins Namubiru,+256701308848,collins.namubiru@hotmail.com,Mbarara,2023-02-08,F,+256701308848,+256701308848,valid,Mbarara,Mbarara,exact,08-02-2023,2023-02-08,%d-%m-%Y,Female,F,mapped,CUST102352,
CUST100893,Esther Guma,+256756601803,esther.guma@hotmail.com,Mbale,2021-03-08,M,0756601803,+256756601803,valid,Mbale,Mbale,exact,2021-03-08,2021-03-08,%Y-%m-%d,Male,M,mapped,,
CUST100894,Emmanuel Ssimbwa,+256778639400,emmanuel.ssimbwa@yahoo.com,Wakiso,2024-11-22,F,+256 77 863 9400,+256778639400,valid,wakiso,Wakiso,exact,22-11-2024,2024-11-22,%d-%m-%Y,Female,F,mapped,,
CUST100895,Esther Ninsiima,+256707954635,esther.ninsiima@mail.com,Kampala,2022-06-09,M,+256707954635,+256707954635,valid,Kampala,Kampala,exact,09/06/2022,2022-06-09,%d/%m/%Y,Male,M,mapped,,
CUST100896,Mugisha Nakayiza,+256700580049,mugisha.nakayiza@srg.co.ug,Kampala,2023-03-07,M,256700580049,+256700580049,valid,Kampala,Kampala,exact,07/03/2023,2023-03-07,%d/%m/%Y,Male,M,mapped,,
CUST100897,Nsereko Ssimbwa,+256701459322,nsereko.ssimbwa@outlook.com,Mbarara,2023-11-04,M,0701459322,+256701459322,valid,Mbarara,Mbarara,exact,2023-11-04,2023-11-04,%Y-%m-%d,Male,M,mapped,,
CUST100898,Ronald Nakiganda,+256731386925,,Mbarara,2022-05-27,,0731386925,+256731386925,valid,Mbarara City,Mbarara,exact,2022-05-27,2022-05-27,%Y-%m-%d,,,missing,CUST100934,
CUST100899,Juliet Ahabwe,+256759285554,juliet.ahabwe@hotmail.com,Kitgum,2025-09-22,F,075-928-5554,+256759285554,valid,Kitgum,Kitgum,exact,2025-09-22,2025-09-22,%Y-%m-%d,Female,F,mapped,,
CUST100900,Atukunda Ssemakula,+256710833098,atukunda.ssemakula@outlook,Jinja,2024-08-23,M,710833098,+256710833098,valid,Jinja,Jinja,exact,2024-08-23,2024-08-23,%Y-%m-%d,Male,M,mapped,,
CUST100901,Kibirige Kibirige,+256741198407,kibirige.kibirige@gmail.com,Mbarara,2022-07-07,M,0741198407,+256741198407,valid,Mbarara,Mbarara,exact,07/07/2022,2022-07-07,%d/%m/%Y,M,M,mapped,CUST102179,
CUST100902,Ssekandi Kibirige,+256772019825,ssekandi.kibirige@outlook.com,Kiruhura,2021-05-18,M,0772019825,+256772019825,valid,Kiruhura,Kiruhura,exact,18-05-2021,2021-05-18,%d-%m-%Y,Male,M,mapped,CUST102076;CUST102625,
CUST100903,Brian Achieng,+256718342350,brianachieng1@gmail.com,Lira,2024-12-15,M,256718342350,+256718342350,valid,Lira,Lira,exact,15/12/2024,2024-12-15,%d/%m/%Y,Male,M,mapped,CUST102527,
CUST100904,Beatrice Wanyama,+256786803254,beatricewanyama80@yahoo.com,Kabale,2025-07-11,,786803254,+256786803254,valid,Kabale,Kabale,exact,2025-07-11,2025-07-11,%Y-%m-%d,,,missing,,
CUST100905,Ronald Byaruhanga,+256755818701,ronald.byaruhanga@gmail.com,Bundibugyo,2022-01-15,M,256755818701,+256755818701,valid,Bundibugyo,Bundibugyo,exact,2022-01-15,2022-01-15,%Y-%m-%d,M,M,mapped,,
CUST100906,Ouma Kyebambe,+256723213788,ouma.kyebambe@yahoo.com,Jinja,2022-08-22,M,723213788,+256723213788,valid,Jinja,Jinja,exact,2022-08-22,2022-08-22,%Y-%m-%d,Male ,M,mapped,,
CUST100909,Nsereko Nankya,+256759253932,,Kampala,2024-03-11,M,+256759253932,+256759253932,valid,Kampala,Kampala,exact,11-03-2024,2024-03-11,%d-%m-%Y,Male,M,mapped,CUST102951,REVIEW: possible duplicate
CUST100910,Ronald Nalubega,+256722325652,ronald.nalubegayahoo.com,Lira,2024-06-25,M,0722325652,+256722325652,valid,Lira,Lira,exact,25/06/2024,2024-06-25,%d/%m/%Y,M,M,mapped,CUST102624,
CUST100911,Ruth Tendo,+256734827904,ruthtendo@mail.com,Mukono,2023-05-30,F,+256734827904,+256734827904,valid,Mukono,Mukono,exact,2023-05-30,2023-05-30,%Y-%m-%d,Female ,F,mapped,CUST101582;CUST102411,
CUST100912,Munezero Ssimbwa,+256731822141,munezero.ssimbwa@mail.com,Jinja,2022-08-30,F,073-182-2141,+256731822141,valid,Jinja,Jinja,exact,30/08/2022,2022-08-30,%d/%m/%Y,F,F,mapped,,
CUST100913,Olweny Katusiime,+256793449526,olweny.katusiime@outlook.com,Jinja,2024-09-18,M,0793449526,+256793449526,valid,Jinja City,Jinja,exact,18/09/2024,2024-09-18,%d/%m/%Y,Male,M,mapped,,
CUST100914,Namutebi Namubiru,,namutebi.namubiru@yahoo.com,Gulu,2024-10-08,F,,,missing,Gulu,Gulu,exact,08/10/2024,2024-10-08,%d/%m/%Y,F,F,mapped,CUST102646,
CUST100915,Byaruhanga,+256797431556,byaruhanga@hotmail.com,Lira,2021-08-22,M,079-743-1556,+256797431556,valid,Lira,Lira,exact,2021-08-22,2021-08-22,%Y-%m-%d,M,M,mapped,,
CUST100916,Mubiru Byaruhanga,+256725412467,mubiru.byaruhanga@yahoo.com,Mukono,2021-12-22,,0725412467,+256725412467,valid,Mukono,Mukono,exact,22/12/2021,2021-12-22,%d/%m/%Y,,,missing,,
CUST100917,Wasswa Ouma,,wasswa.ouma@hotmail.com,Kabale,2021-03-19,,,,missing,Kabale,Kabale,exact,19/03/2021,2021-03-19,%d/%m/%Y,,,missing,CUST101379,
CUST100918,Ssentongo Munezero,+256726550912,ssentongo.munezero@yahoo.com,Fort Portal,2024-10-12,M,0726550912,+256726550912,valid,Fort Portal,Fort Portal,exact,12/10/2024,2024-10-12,%d/%m/%Y,Male,M,mapped,,
CUST100919,Namubiru Ssebugwawo,+256771715405,namubiru.ssebugwawo@srg.co.ug,Isingiro,2023-12-22,F,0771715405,+256771715405,valid,isingiro,Isingiro,exact,2023-12-22,2023-12-22,%Y-%m-%d,Female,F,mapped,,
CUST100920,Atim Nsereko,+256737417722,atim.nserekogmail.com,Fort Portal,2025-03-29,F,0737417722,+256737417722,valid,Kabarole,Fort Portal,exact,2025-03-29,2025-03-29,%Y-%m-%d,Female,F,mapped,,
CUST100921,Rebecca Kizza,+256729030322,rebecca.kizza@yahoo.com,Kampala,2022-07-16,M,256729030322,+256729030322,valid,Kampala,Kampala,exact,16-07-2022,2022-07-16,%d-%m-%Y,Male,M,mapped,CUST102535;CUST103399,
CUST100922,N. Kizza,+256780370613,nabirye.kizza@srg.co.ug,Wakiso,2024-06-10,M,+256780370613,+256780370613,valid,Wakiso,Wakiso,exact,10/06/2024,2024-06-10,%d/%m/%Y,Male,M,mapped,CUST102869,
CUST100923,Ronald Kyomuhendo,+256743918436,ronaldkyomuhendohotmail.com,Soroti,2023-12-09,M,0743918436,+256743918436,valid,Soroti,Soroti,exact,09/12/2023,2023-12-09,%d/%m/%Y,Male,M,mapped,,
CUST100924,Godfrey Nakato,+256749249105,godfrey.nakato@yahoo.com,Mbarara,2022-01-31,F,+256 74 924 9105,+256749249105,valid,Mbarara,Mbarara,exact,2022-01-31,2022-01-31,%Y-%m-%d,Female,F,mapped,,
CUST100925,Munezero Nalubega,+256724124724,munezero.nalubega@yahoo.com,Sembabule,,F,0724124724,+256724124724,valid,Sembabule,Sembabule,exact,,,missing,Female,F,mapped,,
CUST100926,Dorothy,+256745587224,dorothy@gmail.com,Fort Portal,2022-07-31,,745587224,+256745587224,valid,Fort Portal,Fort Portal,exact,2022-07-31,2022-07-31,%Y-%m-%d,,,missing,,
CUST100928,Stephen Tumusiime,+256754727760,stephen.tumusiime@srg.co.ug,Gulu,2023-11-30,F,+256 75 472 7760,+256754727760,valid,Gulu,Gulu,exact,2023-11-30,2023-11-30,%Y-%m-%d,Female,F,mapped,,
CUST100929,Esther Atukunda,+256707629092,esther.atukunda@gmail.com,Iganga,2025-09-11,M,707629092,+256707629092,valid,Iganga,Iganga,exact,2025-09-11,2025-09-11,%Y-%m-%d,M,M,mapped,,
CUST100930,Harriet Mubiru,+256729012342,harriet.mubiru@outlook.com,Gulu,2024-04-11,F,0729012342,+256729012342,valid,Gulu,Gulu,exact,11-04-2024,2024-04-11,%d-%m-%Y,Female,F,mapped,,
CUST100932,Nabirye Atim,+256745570470,,Kampala,2023-11-05,F,074-557-0470,+256745570470,valid,Kampala,Kampala,exact,2023-11-05,2023-11-05,%Y-%m-%d,Female,F,mapped,,
CUST100933,Guma Beatrice,+256739048771,guma.beatrice@yahoo.com,Kampala,2021-11-08,F,+256739048771,+256739048771,valid,Kampala,Kampala,exact,2021-11-08,2021-11-08,%Y-%m-%d,F,F,mapped,,
CUST100935,Ouma Ssimbwa,+256793264682,ouma.ssimbwa@hotmail.com,Jinja,2024-07-17,M,+256793264682,+256793264682,valid,Jinja,Jinja,exact,2024-07-17,2024-07-17,%Y-%m-%d,Male,M,mapped,CUST102732;CUST104486,
CUST100936,Namutebi,+256717850416,namutebi@srg.co.ug,Kampala,2022-08-24,F,+256717850416,+256717850416,valid,Kampala,Kampala,exact,2022-08-24,2022-08-24,%Y-%m-%d,Female ,F,mapped,CUST102212,
CUST100937,Katusiime Stephen,+256713199432,katusiime.stephen@srg.co.ug,Wakiso,2022-03-11,F,+256 71 319 9432,+256713199432,valid,Wakiso,Wakiso,exact,11/03/2022,2022-03-11,%d/%m/%Y,Female,F,mapped,,
CUST100938,Butime Nalubega,+256706234604,butime.nalubega@gmail.com,Wakiso,2024-01-05,,0706234604,+256706234604,valid,Wakiso,Wakiso,exact,05/01/2024,2024-01-05,%d/%m/%Y, ,,missing,CUST104542,
CUST100939,Timothy,+256720449475,timothymail.com,Mukono,2022-06-30,F,0720449475,+256720449475,valid,Mukono,Mukono,exact,2022-06-30,2022-06-30,%Y-%m-%d,Female,F,mapped,,
CUST100940,Kizza Ninsiima,+256718436198,kizza.ninsiima@gmail.com,Hoima,2021-05-22,,+256 71 843 6198,+256718436198,valid,Hoima,Hoima,exact,22/05/2021,2021-05-22,%d/%m/%Y,,,missing,,
CUST100941,Phoebe Achieng,+256703366736,phoebe.achieng@mail.com,Kampala,2023-08-01,F,+256703366736,+256703366736,valid,Kampala,Kampala,exact,01/08/2023,2023-08-01,%d/%m/%Y,Female,F,mapped,,
CUST100942,Sarah Byaruhanga,+256720047420,sarah.byaruhanga@srg,Mbale,2024-08-24,M,+256 72 004 7420,+256720047420,valid,Mbale,Mbale,exact,24/08/2024,2024-08-24,%d/%m/%Y,Male,M,mapped,,
CUST100943,Tendo David,+256751060825,tendo.david@yahoo.com,Wakiso,2021-05-17,M,+256 75 106 0825,+256751060825,valid,Wakiso,Wakiso,exact,2021-05-17,2021-05-17,%Y-%m-%d,Male ,M,mapped,,
CUST100944,Ssekandi Ssemakula,+256724720050,ssekandi.ssemakula@mail.com,Kampala,2022-04-01,M,0724720050,+256724720050,valid,Kampala,Kampala,exact,01/04/2022,2022-04-01,%d/%m/%Y,M,M,mapped,,
CUST100945,Naomi Kafeero,+256782596639,naomi.kafeero@gmail.com,Wakiso,2024-02-08,F,256782596639,+256782596639,valid,Wakiso,Wakiso,exact,2024-02-08,2024-02-08,%Y-%m-%d,Female,F,mapped,CUST104493,
CUST100947,Mubiru,+256773401846,mubiruyahoo.com,Wakiso,2022-11-23,,+256773401846,+256773401846,valid,Wakiso,Wakiso,exact,23/11/2022,2022-11-23,%d/%m/%Y,,,missing,CUST100969,
CUST100948,Ssimbwa,,ssimbwamail.com,Kampala,2024-05-04,M,,,missing,Kampala,Kampala,exact,04/05/2024,2024-05-04,%d/%m/%Y,Male,M,mapped,,
CUST100949,Atim Beatiice,+256720327092,atim.beatricehotmail.com,Nakasongola,2021-05-15,F,256720327092,+256720327092,valid,Nakasongola,Nakasongola,exact,2021-05-15,2021-05-15,%Y-%m-%d,Female,F,mapped,CUST101237;CUST104327;CUST104708,
CUST100951,Stephen,+256775081274,stephen@srg.co.ug,Kampala,2021-06-10,F,+256775081274,+256775081274,valid,Kampala,Kampala,exact,10-06-2021,2021-06-10,%d-%m-%Y,Female,F,mapped,,
CUST100952,Brian Nakato,+256706774805,brian.nakato@outlook.com,Soroti,2023-02-23,,706774805,+256706774805,valid,Soroti,Soroti,exact,2023-02-23,2023-02-23,%Y-%m-%d,,,missing,,
CUST100953,Byaruhanga Okello,+256725543551,byaruhanga.okello@srg.co.ug,Gulu,2024-05-12,M,256725543551,+256725543551,valid,GULLU,Gulu,variant_mapped,12/05/2024,2024-05-12,%d/%m/%Y,Male,M,mapped,,
CUST100954,Emmanuel Nalubega,+256746320860,,Soroti,2025-04-21,F,0746320860,+256746320860,valid,Soroti,Soroti,exact,21/04/2025,2025-04-21,%d/%m/%Y,Female ,F,mapped,,
CUST100955,Patrick Ssemakula,+256722793283,,Kampala,2023-05-21,F,+256722793283,+256722793283,valid,Kampala,Kampala,exact,2023-05-21,2023-05-21,%Y-%m-%d,F,F,mapped,CUST102374;CUST102852,REVIEW: possible duplicate
CUST100956,Beatrice Atukunda,+256775067432,beatrice.atukunda@yahoo.com,Kalangala,,F,775067432,+256775067432,valid,Kalangala,Kalangala,exact,,,missing,Female,F,mapped,,
CUST100957,Ruth Mukasa,+256745861955,ruth.mukasa@yahoo.com,Wakiso,2023-02-07,F,+256745861955,+256745861955,valid,Wakiso,Wakiso,exact,07/02/2023,2023-02-07,%d/%m/%Y,Female,F,mapped,CUST101201;CUST103176;CUST104300,
CUST100958,Ronald Tumusiime,+256720813166,ronald.tumusiime@srg.co.ug,Jinja,2024-04-25,M,0720813166,+256720813166,valid,Jinja,Jinja,exact,2024-04-25,2024-04-25,%Y-%m-%d,Male,M,mapped,,
CUST100959,Kibirige Ssentongo,+256742396469,kibirige.ssentongo@gmail.com,Kampala,2025-10-03,,+256742396469,+256742396469,valid,Kampala,Kampala,exact,2025-10-03,2025-10-03,%Y-%m-%d,,,missing,CUST103087,
CUST100960,Joseph Nakayiza,+256790657308,josephnakayiza74@srg.co.ug,Soroti,,,+256 79 065 7308,+256790657308,valid,Soroti,Soroti,exact,,,missing,,,missing,,
CUST100961,Robert Okello,+256788246649,robert.okellohotmail.com,Gulu,2025-07-02,M,+256788246649,+256788246649,valid,GULLU,Gulu,variant_mapped,2025-07-02,2025-07-02,%Y-%m-%d,Male,M,mapped,,
CUST100963,Sheila Kambale,+256716860841,sheilakambale84@mail.com,Fort Portal,2024-12-13,F,256716860841,+256716860841,valid,Fort Portal,Fort Portal,exact,13/12/2024,2024-12-13,%d/%m/%Y,Female,F,mapped,CUST101949,
CUST100964,Nalubega Ssempebwa,+256737520560,,Mbale,2022-04-15,M,256737520560,+256737520560,valid,Mbale,Mbale,exact,2022-04-15,2022-04-15,%Y-%m-%d,Male,M,mapped,,
CUST100965,Peter Nabirye,+256751122680,peternabirye@mail.com,Mukono,2021-02-08,M,+256751122680,+256751122680,valid,Mukono,Mukono,exact,2021-02-08,2021-02-08,%Y-%m-%d,M,M,mapped,,
CUST100966,Mugisha Nakiganda,+256754006438,mugisha.nakiganda@outlook.com,Bundibugyo,2025-10-14,M,0754006438,+256754006438,valid,Bundibugyo,Bundibugyo,exact,14-10-2025,2025-10-14,%d-%m-%Y,Male,M,mapped,,
CUST100967,Namubiru Tumusiime,+256713492445,namubiru.tumusiime@mail.com,Mbale City,2022-10-12,,713492445,+256713492445,valid,Mbale City,Mbale City,exact,2022-10-12,2022-10-12,%Y-%m-%d,,,missing,CUST103450,
CUST100971,Brian Nabirye,+256734042032,briannabirye69@srg.co.ug,Kiboga,2023-04-15,M,0734042032,+256734042032,valid,Kiboga,Kiboga,exact,2023-04-15,2023-04-15,%Y-%m-%d,Male,M,mapped,CUST101524,
CUST100972,Juliet Atukunda,+256742869967,juliet.atukunda@mail.com,Kalangala,2023-05-01,F,+256742869967,+256742869967,valid,Kalangala,Kalangala,exact,2023-05-01,2023-05-01,%Y-%m-%d,Female,F,mapped,CUST101487,
CUST100973,Namutebi Nankya,+256739047615,namutebi.nankya@gmail.com,Hoima,2024-06-12,F,0739047615,+256739047615,valid,Hoima,Hoima,exact,12/06/2024,2024-06-12,%d/%m/%Y,Female ,F,mapped,,
CUST100974,Kyomuhendo Mugisha,+256790478920,kyomuhendo.mugisha@mail.com,Wakiso,2025-06-14,F,+256790478920,+256790478920,valid,Wakiso,Wakiso,exact,2025-06-14,2025-06-14,%Y-%m-%d,Female,F,mapped,,
CUST100975,Alexander Ssimbwa,+256742035303,alexander.ssimbwa@hotmail.com,Wakiso,2025-02-07,F,+256742035303,+256742035303,valid,Wakiso,Wakiso,exact,2025-02-07,2025-02-07,%Y-%m-%d,F,F,mapped,,
CUST100976,Katusiime Ouma,+256730882599,katusiime.ouma@srg.co.ug,Kumi,2024-11-01,F,0730882599,+256730882599,valid,Kumi,Kumi,exact,01/11/2024,2024-11-01,%d/%m/%Y,Female,F,mapped,,
CUST100977,Nankya Mubiru,+256750628887,nankyamubiru57@hotmail.com,Mbarara,2021-07-29,,0750628887,+256750628887,valid,Mbarara,Mbarara,exact,29/07/2021,2021-07-29,%d/%m/%Y,,,missing,,
CUST100978,Okello Butime,+256711881846,okellobutime@mail.com,Wakiso,2022-03-23,M,256711881846,+256711881846,valid,Wakiso,Wakiso,exact,2022-03-23,2022-03-23,%Y-%m-%d,Male ,M,mapped,,
CUST100979,Katusiime Byaruhanga,+256750774831,katusiime.byaruhanga@mail,Kampala,2021-04-24,M,750774831,+256750774831,valid,Kampala,Kampala,exact,24/04/2021,2021-04-24,%d/%m/%Y,Male,M,mapped,CUST102479;CUST103787,
CUST100980,Namubiru Namubiru,+256777788939,namubiru.namubiru@hotmail.com,Jinja,2021-05-16,F,0777788939,+256777788939,valid,Jinja,Jinja,exact,16/05/2021,2021-05-16,%d/%m/%Y,Female,F,mapped,,
CUST100981,Esther Ssebugwawo,+256781671836,esther.ssebugwawo@hotmail.com,,2025-05-15,M,0781671836,+256781671836,valid,  ,,missing,15/05/2025,2025-05-15,%d/%m/%Y,Male,M,mapped,,
CUST100982,Ssimbwa Irene,+256703132104,ssimbwa.irene@srg.co.ug,Isingiro,2025-04-20,F,256703132104,+256703132104,valid,Isingiro,Isingiro,exact,20/04/2025,2025-04-20,%d/%m/%Y,Female,F,mapped,CUST103883,
CUST100983,Ninsiima Nakayiza,+256757437616,ninsiima.nakayiza@yahoo.com,Kampala,2021-11-29,F,0757437616,+256757437616,valid,Kampala Region,Kampala,variant_mapped,2021-11-29,2021-11-29,%Y-%m-%d,Female,F,mapped,CUST101755,
CUST100984,Munezero Nakiganda,+256710946060,munezero.nakiganda@hotmail.com,Soroti,2021-12-07,F,256710946060,+256710946060,valid,Soroti District,Soroti,variant_mapped,2021-12-07,2021-12-07,%Y-%m-%d,Female,F,mapped,,
CUST100985,Mercy Ssekandi,+256726050005,mercyssekandi6@mail.com,Kampala,2025-03-19,F,+256726050005,+256726050005,valid,Kampala,Kampala,exact,19/03/2025,2025-03-19,%d/%m/%Y,F,F,mapped,,
CUST100986,Kizza Ahabwe,+256741754728,kizzaahabwe@outlook.com,Fort Portal,2023-03-09,M,+256741754728,+256741754728,valid,Kabarole,Fort Portal,exact,09-03-2023,2023-03-09,%d-%m-%Y,Male,M,mapped,CUST102397;CUST103952,
CUST100987,Daniel Ouma,+256787704066,daniel.ouma@hotmail.com,Kampala,2021-05-20,M,787704066,+256787704066,valid,Kampala,Kampala,exact,20/05/2021,2021-05-20,%d/%m/%Y,Male,M,mapped,,
CUST100988,Kizza Nankya,+256783358040,kizza.nankya@hotmail.com,Gulu,2024-03-22,M,0783358040,+256783358040,valid,Gulu,Gulu,exact,22/03/2024,2024-03-22,%d/%m/%Y,Male,M,mapped,CUST101118,
CUST100989,John Munezero,,,Iganga,2025-03-30,M,,,missing,Iganga,Iganga,exact,2025-03-30,2025-03-30,%Y-%m-%d,Male,M,mapped,,
CUST100990,Godfrey Nankya,+256798900939,godfrey.nankya@mail.com,Gulu,2022-06-02,F,798900939,+256798900939,valid,Gulu,Gulu,exact,2022-06-02,2022-06-02,%Y-%m-%d,Female,F,mapped,,
CUST100991,Ouma Kyomuhendo,+256777157811,ouma.kyomuhendo@hotmail.com,Kampala,2022-02-05,M,0777157811,+256777157811,valid,Kampala,Kampala,exact,2022-02-05,2022-02-05,%Y-%m-%d,Male,M,mapped,CUST103223,
CUST100992,Wanyama Butime,+256727619328,wanyama.butime@srg.co.ug,Mbarara,2025-01-27,F,+256727619328,+256727619328,valid,Mbarara,Mbarara,exact,27-01-2025,2025-01-27,%d-%m-%Y,Female,F,mapped,,
CUST100993,Sheila Nakiganda,+256734292441,sheilanakiganda34@mail.com,Kampala,2025-09-08,F,+256 73 429 2441,+256734292441,valid,Kampala,Kampala,exact,2025-09-08,2025-09-08,%Y-%m-%d,Female,F,mapped,CUST102675,
CUST100994,Esther Kafeero,+256740553039,esther.kafeero@hotmail,Soroti,2025-04-12,M,+256 74 055 3039,+256740553039,valid,Soroti,Soroti,exact,12-04-2025,2025-04-12,%d-%m-%Y,Male,M,mapped,CUST103636,
CUST100996,Nankya Lubega,+256733592708,nankya.lubega@outlook.com,Arua,2021-12-28,F,733592708,+256733592708,valid,Arua,Arua,exact,28/12/2021,2021-12-28,%d/%m/%Y,F,F,mapped,CUST104560,
CUST100998,Harriet Atim,+256741281223,harriet.atim@srg.co.ug,Soroti,2021-11-18,,741281223,+256741281223,valid,Soroti District,Soroti,variant_mapped,18-11-2021,2021-11-18,%d-%m-%Y,,,missing,,
CUST100999,Ahabwe Alexander,+256718560886,ahabwe.alexander@mail.com,Kasese,2024-07-15,F,256718560886,+256718560886,valid,Kasese,Kasese,exact,2024-07-15,2024-07-15,%Y-%m-%d,Female,F,mapped,CUST102723,
CUST101000,Harriet Kafeero,+256747847561,harriet.kafeero@gmail.com,Kampala,2024-11-07,F,0747847561,+256747847561,valid,Kampala,Kampala,exact,2024-11-07,2024-11-07,%Y-%m-%d,F,F,mapped,,
CUST101001,Collins Butime,+256752930501,collins.butime@srg.co.ug,Entebbe,2023-04-05,F,+256 75 293 0501,+256752930501,valid,entebbe,Entebbe,exact,2023-04-05,2023-04-05,%Y-%m-%d,Female,F,mapped,CUST102539;CUST104240,
CUST101003,Butime Ssemakula,+256788490502,butimessemakula25yahoo.com,,2025-10-01,,256788490502,+256788490502,valid,none,,missing,2025-10-01,2025-10-01,%Y-%m-%d,,,missing,CUST102601,
CUST101004,Mercy Ssemakula,+256745776796,mercy.ssemakula@mail.com,Lira,2022-07-09,F,+256745776796,+256745776796,valid,Lira,Lira,exact,09-07-2022,2022-07-09,%d-%m-%Y,Female,F,mapped,,
CUST101005,Namubiru Byaruhanga,+256714694986,namubirubyaruhanga46@srg.co.ug,Arua,2022-07-06,F,256714694986,+256714694986,valid,Arua City,Arua,exact,2022-07-06,2022-07-06,%Y-%m-%d,Female,F,mapped,,
CUST101006,Lubega Ssebugwawo,+256709126068,lubega.ssebugwawo@hotmail.com,Lira,2022-11-02,M,+256 70 912 6068,+256709126068,valid,Lira,Lira,exact,02/11/2022,2022-11-02,%d/%m/%Y,Male,M,mapped,,
CUST101007,Daniel Atim,,daniel.atim@outlook.com,Kumi,2022-03-21,,,,missing,Kumi,Kumi,exact,21-03-2022,2022-03-21,%d-%m-%Y,,,missing,CUST104264,
CUST101008,Agnes Atim,+256774052823,agnes.atim@srg.co.ug,Wakiso,2025-03-22,M,+256774052823,+256774052823,valid,Wakiso District,Wakiso,variant_mapped,2025-03-22,2025-03-22,%Y-%m-%d,Male ,M,mapped,,
CUST101009,Munezero Nalubega,+256788229762,munezero.nalubega@hotmail,Kampala,2025-06-13,F,256788229762,+256788229762,valid,Kampala,Kampala,exact,2025-06-13,2025-06-13,%Y-%m-%d,Female,F,mapped,CUST101327,
CUST101010,Michael Kafeero,+256758903086,michaelkafeero85@yahoo.com,Kampala,2022-01-22,M,0758903086,+256758903086,valid,Kampala,Kampala,exact,2022-01-22,2022-01-22,%Y-%m-%d,Male,M,mapped,,
CUST101011,Joseph,+256726145945,joseph@outlook.com,Mbarara,2024-05-29,M,726145945,+256726145945,valid,Mbarara,Mbarara,exact,29/05/2024,2024-05-29,%d/%m/%Y,Male,M,mapped,CUST104428,
CUST101012,Nakayiza Ninsiima,+256709699704,nakayiza.ninsiima@srg.co.ug,Kampala,2025-06-21,F,+256709699704,+256709699704,valid,Kampala,Kampala,exact,2025-06-21,2025-06-21,%Y-%m-%d,F,F,mapped,,
CUST101013,Peter Kibirige,+256712536661,peter.kibirige@mail.com,Soroti,2024-01-04,M,+256712536661,+256712536661,valid,Soroti,Soroti,exact,2024-01-04,2024-01-04,%Y-%m-%d,Male,M,mapped,,
CUST101015,Nsereko Ssebugwawo,+256736048530,nsereko.ssebugwawo@outlook.com,Jinja,2023-01-23,,736048530,+256736048530,valid,Jinja,Jinja,exact,2023-01-23,2023-01-23,%Y-%m-%d,,,missing,,
CUST101016,Alexander Kyebambe,+256712311554,alexanderkyebambe45@mail.com,Mukono,2023-12-13,F,256712311554,+256712311554,valid,Mukono,Mukono,exact,13/12/2023,2023-12-13,%d/%m/%Y,Female,F,mapped,,
CUST101017,Ssemakula Nabirye,+256722853458,ssemakulanabirye76@srg.co.ug,Masaka,2022-03-12,,256722853458,+256722853458,valid,Masaka,Masaka,exact,2022-03-12,2022-03-12,%Y-%m-%d,,,missing,,
CUST101018,Nankya Tendo,+256718673917,nankya.tendo@mail.com,Mukono,2022-04-08,F,256718673917,+256718673917,valid,Mukono,Mukono,exact,08/04/2022,2022-04-08,%d/%m/%Y,F,F,mapped,CUST101112,
CUST101019,Samuel Ninsiima,+256731608385,samuelninsiima26@hotmail.com,Gulu,2023-08-22,M,073-160-8385,+256731608385,valid,Gulu,Gulu,exact,2023-08-22,2023-08-22,%Y-%m-%d,Male,M,mapped,,
CUST101020,Kyomuhendo Namubiru,+256715839211,kyomuhendo.namubiru@gmail.com,Kampala,2021-04-26,F,+256715839211,+256715839211,valid,Kampala,Kampala,exact,2021-04-26,2021-04-26,%Y-%m-%d,Female,F,mapped,,
CUST101021,Nankya Okello,+256743686344,nankya.okello@gmail.com,Kampala,2023-09-29,,0743686344,+256743686344,valid,Kampala,Kampala,exact,2023-09-29,2023-09-29,%Y-%m-%d,,,missing,,
CUST101022,Mary Mubiru,+256758412239,,Kampala,2021-04-10,M,+256 75 841 2239,+256758412239,valid,Kampala,Kampala,exact,2021-04-10,2021-04-10,%Y-%m-%d,M,M,mapped,,REVIEW: possible duplicate
CUST101023,Rebecca Nakato,+256783124371,rebecca.nakato@mail.com,Wakiso,2024-08-09,M,+256783124371,+256783124371,valid,Wakiso,Wakiso,exact,09/08/2024,2024-08-09,%d/%m/%Y,M,M,mapped,,
CUST101024,Ronald Guma,+256700489313,ronald.guma@hotmail.com,Gulu,2022-12-27,M,256700489313,+256700489313,valid,Gulu City,Gulu,exact,2022-12-27,2022-12-27,%Y-%m-%d,Male,M,mapped,CUST102769,
CUST101027,Kambale Ninsiima,+256780878467,kambale.ninsiima@srg.co.ug,Arua,2021-12-04,F,256780878467,+256780878467,valid,Arua,Arua,exact,04/12/2021,2021-12-04,%d/%m/%Y,Female,F,mapped,CUST103854,
CUST101028,Sheila Ninsiima,+256778806931,sheila.ninsiima@yahoo.com,Masindi,2021-09-19,F,+256778806931,+256778806931,valid,Masindi District,Masindi,variant_mapped,19/09/2021,2021-09-19,%d/%m/%Y,F,F,mapped,,
CUST101029,Munezero Kamoga,,munezero.kamoga@outlook.com,Masaka,2021-11-01,F,,,missing,Masaka,Masaka,exact,01/11/2021,2021-11-01,%d/%m/%Y,F,F,mapped,CUST103027;CUST104048,
CUST101030,Samuel Butime,,samuelbutime98@mail.com,Jinja,2025-07-07,M,,,missing,Jinja,Jinja,exact,07/07/2025,2025-07-07,%d/%m/%Y,Male,M,mapped,,
CUST101031,Dorothy Ssentongo,+256748814122,dorothy.ssentongo@hotmail.com,Hoima,2021-12-02,,074-881-4122,+256748814122,valid,Hoima,Hoima,exact,2021-12-02,2021-12-02,%Y-%m-%d,,,missing,,
CUST101032,Beatrice Lubega,+256708654230,beatricelubega97gmail.com,Wakiso,2022-03-29,F,070-865-4230,+256708654230,valid,Wakiso,Wakiso,exact,2022-03-29,2022-03-29,%Y-%m-%d,Female,F,mapped,CUST103439,
CUST101034,Nankya Okello,+256704332136,nankyaokello73@hotmail.com,Iganga,2025-08-10,F,070-433-2136,+256704332136,valid,Iganga,Iganga,exact,2025-08-10,2025-08-10,%Y-%m-%d,Female,F,mapped,,
CUST101035,Ssemakula Achieng,+256774665111,ssemakulaachieng16@hotmail.com,Entebbe,2023-11-14,M,+256774665111,+256774665111,valid,Entebbe,Entebbe,exact,2023-11-14,2023-11-14,%Y-%m-%d,Male,M,mapped,,
CUST101036,Dorothy Byaruhanga,+256799660920,dorothy.byaruhanga@yahoo.com,Kampala,2023-05-02,M,256799660920,+256799660920,valid,Kampala,Kampala,exact,2023-05-02,2023-05-02,%Y-%m-%d,Male ,M,mapped,,
CUST101037,Kyomuhendo Guma,+256779933425,kyomuhendo.guma@srg.co.ug,Kalangala,2022-08-17,M,077-993-3425,+256779933425,valid,Kalangala,Kalangala,exact,17/08/2022,2022-08-17,%d/%m/%Y,Male,M,mapped,,
CUST101038,Kamoga Atim,+256726602817,kamogaatim69@mail.com,Mbale,2022-09-23,M,726602817,+256726602817,valid,mbale,Mbale,exact,2022-09-23,2022-09-23,%Y-%m-%d,Male,M,mapped,,
CUST101039,Byaruhanga Ssemakula,+256704463551,byaruhanga.ssemakula@hotmail.com,Kampala,,M,0704463551,+256704463551,valid,Kampala,Kampala,exact,,,missing,Male,M,mapped,,
CUST101040,Mukasa Harriet,+256722059882,,Wakiso,2023-03-28,F,+256 72 205 9882,+256722059882,valid,Wakiso,Wakiso,exact,2023-03-28,2023-03-28,%Y-%m-%d,Female,F,mapped,,
CUST101041,Nakayiza Ssimbwa,+256790394057,nakayizassimbwa@outlook.com,Wakiso,2024-02-29,F,+256790394057,+256790394057,valid,Wakiso,Wakiso,exact,29/02/2024,2024-02-29,%d/%m/%Y,Female,F,mapped,,
CUST101042,Samuel,+256774370575,samuel@hotmail.com,Kabale,2024-08-08,,774370575,+256774370575,valid,Kabale,Kabale,exact,08-08-2024,2024-08-08,%d-%m-%Y,,,missing,,
CUST101043,Isaac Achieng,+256783141087,isaac.achieng@srg.co.ug,Tororo,2022-11-23,,783141087,+256783141087,valid,Torroro,Tororo,variant_mapped,23/11/2022,2022-11-23,%d/%m/%Y,,,missing,,
CUST101044,Byaruhanga Nakato,+256794050491,byaruhanga.nakato@srg.co.ug,Kampala,2022-02-10,,+256794050491,+256794050491,valid,Kampala,Kampala,exact,2022-02-10,2022-02-10,%Y-%m-%d,,,missing,,
CUST101045,Tendo Stephen,+256702758892,tendo.stephen@srg.co.ug,Nebbi,2024-05-22,F,+256702758892,+256702758892,valid,Nebbi,Nebbi,exact,2024-05-22,2024-05-22,%Y-%m-%d,Female,F,mapped,,
CUST101046,John Nabbanja,,john.nabbanja@outlook.com,Gulu,2024-10-29,M,,,missing,Gulu City,Gulu,exact,2024-10-29,2024-10-29,%Y-%m-%d,Male,M,mapped,CUST102377,
CUST101047,Katusiime Kamoga,+256773472481,katusiime.kamoga@outlook.com,Kampala,2021-07-29,,077-347-2481,+256773472481,valid,Kampala,Kampala,exact,2021-07-29,2021-07-29,%Y-%m-%d,,,missing,,
CUST101048,Munezero Byaruhanga,+256750811481,munezero.byaruhanga@gmail.com,Kampala,2023-10-23,F,075-081-1481,+256750811481,valid,Kampala-City,Kampala,variant_mapped,23/10/2023,2023-10-23,%d/%m/%Y,Female,F,mapped,,
CUST101049,Sarah Ssemakula,+256756835088,sarahssemakula51@mail.com,Isingiro,2023-01-30,M,756835088,+256756835088,valid,Isingiro,Isingiro,exact,2023-01-30,2023-01-30,%Y-%m-%d,Male,M,mapped,,
CUST101050,Namutebi Byaruhanga,+256729835684,namutebi.byaruhangagmail.com,Entebbe,2022-04-19,F,0729835684,+256729835684,valid,Entebbe,Entebbe,exact,19/04/2022,2022-04-19,%d/%m/%Y,Female,F,mapped,CUST103463,
CUST101051,Kyomuhendo Butime,,kyomuhendo.butime@hotmail.com,Lyantonde,2024-09-18,M,,,missing,Lyantonde,Lyantonde,exact,2024-09-18,2024-09-18,%Y-%m-%d,Male,M,mapped,,
CUST101052,R. Katusiime,+256781891252,rebecca.katusiime@outlook.com,Jinja,2025-03-31,M,256781891252,+256781891252,valid,Jinja,Jinja,exact,2025-03-31,2025-03-31,%Y-%m-%d,Male,M,mapped,CUST102442;CUST103088;CUST103631,
CUST101053,Daniel Mukasa,+256772653247,,Jinja,2022-08-16,M,256772653247,+256772653247,valid,Jinja,Jinja,exact,16-08-2022,2022-08-16,%d-%m-%Y,Male,M,mapped,CUST101245,
CUST101054,Olweny Collins,+256729609814,olwenycollins26@hotmail.com,Mukono,2021-07-24,F,0729609814,+256729609814,valid,Mukko,Mukono,variant_mapped,24/07/2021,2021-07-24,%d/%m/%Y,Female,F,mapped,,
CUST101056,Ssemakula Nhmubiru,+256757385397,ssemakula.namubiru@outlook.com,Mukono,2022-01-10,M,757385397,+256757385397,valid,Mukono,Mukono,exact,10-01-2022,2022-01-10,%d-%m-%Y,Male,M,mapped,CUST102253,
CUST101057,Mukasa Joseph,+256700154259,mukasajoseph@gmail.com,Mbarara,2021-04-19,,+256700154259,+256700154259,valid,Mbarara,Mbarara,exact,19/04/2021,2021-04-19,%d/%m/%Y,,,missing,,
CUST101058,Collins,+256716594059,collins@gmail.com,,2021-06-09,F,071-659-4059,+256716594059,valid,none,,missing,2021-06-09,2021-06-09,%Y-%m-%d,Female,F,mapped,,
CUST101059,Kambale Timothy,,kambaletimothy51@srg.co.ug,Lira,2025-07-28,F,,,missing,lira,Lira,exact,2025-07-28,2025-07-28,%Y-%m-%d,Female ,F,mapped,CUST102936,
CUST101060,sheila guma,+256711796324,sheilaguma88@outlook.com,Kitgum,2023-11-05,F,+256 71 179 6324,+256711796324,valid,Kitgum,Kitgum,exact,2023-11-05,2023-11-05,%Y-%m-%d,Female,F,mapped,CUST102904;CUST104107,
CUST101061,Daniel Mubiru,,daniel.mubiru@srg.co.ug,Arua,2023-07-30,M,,,missing,Arua,Arua,exact,30/07/2023,2023-07-30,%d/%m/%Y,Male,M,mapped,,
CUST101062,Nalubega Ouma,+256703197398,nalubega.ouma@yahoo.com,Nebbi,2024-05-09,,+256703197398,+256703197398,valid,Nebbi,Nebbi,exact,09/05/2024,2024-05-09,%d/%m/%Y,,,missing,,
CUST101063,Beatrice Okello,+256782394700,,Mukono,2022-12-26,F,+256782394700,+256782394700,valid,Mukono,Mukono,exact,2022-12-26,2022-12-26,%Y-%m-%d,Female,F,mapped,,
CUST101064,Mukasa Munezero,+256742803375,,Kabale,2022-04-23,F,0742803375,+256742803375,valid,kabale,Kabale,exact,2022-04-23,2022-04-23,%Y-%m-%d,Female,F,mapped,,
CUST101065,Achieng Kambale,+256757148609,achieng.kambale@mail.com,Kitgum,2022-01-19,F,+256 75 714 8609,+256757148609,valid,kitgum,Kitgum,exact,2022-01-19,2022-01-19,%Y-%m-%d,Female,F,mapped,CUST102305,
CUST101067,Ouma Achieng,+256730226549,ouma.achieng@outlook.com,Kampala,2021-10-31,,0730226549,+256730226549,valid,Kampala,Kampala,exact,31/10/2021,2021-10-31,%d/%m/%Y,,,missing,,
CUST101068,Lubega Kibirige,+256745559691,lubega.kibirige@hotmail.com,Masaka,2022-09-03,,+256 74 555 9691,+256745559691,valid,Masaka,Masaka,exact,03/09/2022,2022-09-03,%d/%m/%Y,,,missing,,
CUST101070,Ssemakula Kyomuhendo,+256784123935,ssemakula.kyomuhendohotmail.com,Gulu,2022-02-27,M,256784123935,+256784123935,valid,Guluu,Gulu,variant_mapped,27/02/2022,2022-02-27,%d/%m/%Y,M,M,mapped,,
CUST101071,Wasswa Ssemakula,+256731950317,,Jinja,2021-07-21,M,731950317,+256731950317,valid,Jinja District,Jinja,variant_mapped,2021-07-21,2021-07-21,%Y-%m-%d,M,M,mapped,,
CUST101072,Ouma Mukasa,+256726949196,oumamukasa@srg.co.ug,Jinja,2022-03-05,,0726949196,+256726949196,valid,Jinja City,Jinja,exact,2022-03-05,2022-03-05,%Y-%m-%d,,,missing,CUST103993,
CUST101073,Naomi Nalubega,+256751755357,naomi.nalubega@mail.com,Mbarara,2021-01-28,F,0751755357,+256751755357,valid,Mbaraa,Mbarara,variant_mapped,28-01-2021,2021-01-28,%d-%m-%Y,F,F,mapped,,
CUST101074,Guma Ssempebwa,+256771824642,gumassempebwa92@mail.com,Masaka,2022-04-03,M,+256 77 182 4642,+256771824642,valid,masaka,Masaka,exact,2022-04-03,2022-04-03,%Y-%m-%d,Male,M,mapped,,
CUST101076,Mubiru Nakato,+256791356754,mubiru.nakatooutlook.com,Kasese,2023-10-27,M,+256791356754,+256791356754,valid,Kasese,Kasese,exact,27/10/2023,2023-10-27,%d/%m/%Y,M,M,mapped,CUST103047,
CUST101077,Nankya Nabirye,+256788064662,,Wakiso,2021-10-09,F,0788064662,+256788064662,valid,Wakiso,Wakiso,exact,2021-10-09,2021-10-09,%Y-%m-%d,F,F,mapped,,
CUST101078,Samuel Nabirye,+256748761836,samuel.nabirye@outlook.com,Gulu,2024-02-16,M,+256 74 876 1836,+256748761836,valid,Gulu,Gulu,exact,16/02/2024,2024-02-16,%d/%m/%Y,Male,M,mapped,,
CUST101079,Wasswa Kibirige,+256720477947,wasswa.kibirige@srg.co.ug,Mbale,2023-05-25,M,+256 72 047 7947,+256720477947,valid,Mbale,Mbale,exact,2023-05-25,2023-05-25,%Y-%m-%d,Male,M,mapped,,
CUST101080,John Butime,+256791765465,john.butime@outlook.com,Fort Portal,2023-09-14,M,0791765465,+256791765465,valid,kabarole district,Fort Portal,variant_mapped,14/09/2023,2023-09-14,%d/%m/%Y,Male ,M,mapped,CUST101589,
CUST101081,Godfrey Okello,+256781552763,godfreyokello@srg.co.ug,Lyantonde,,F,+256781552763,+256781552763,valid,Lyantonde,Lyantonde,exact,,,missing,Female,F,mapped,CUST104954,
CUST101082,Nalubega Nsereko,+256744766559,nalubega.nsereko@gmail.com,Bushenyi,2024-10-25,F,0744766559,+256744766559,valid,Bushenyi District,Bushenyi,variant_mapped,25/10/2024,2024-10-25,%d/%m/%Y,Female,F,mapped,,
CUST101083,Wanyama Nankya,+256707568365,wanyama.nankya@hotmail.com,Lyantonde,2023-07-24,F,0707568365,+256707568365,valid,Lyantonde,Lyantonde,exact,24/07/2023,2023-07-24,%d/%m/%Y,Female,F,mapped,,
CUST101084,Stephen Ouma,+256728696726,stephen.ouma@yahoo.com,Wakiso,2023-07-03,,256728696726,+256728696726,valid,Wakiso,Wakiso,exact,03/07/2023,2023-07-03,%d/%m/%Y,,,missing,,
CUST101085,Godfrey Nakayiza,+256749199544,godfreynakayiza@gmail.com,Mbale,2023-12-05,F,256749199544,+256749199544,valid,Mbale,Mbale,exact,2023-12-05,2023-12-05,%Y-%m-%d,Female,F,mapped,,
CUST101087,Ssentongo Mugisha,+256733252205,ssentongo.mugisha@gmail.com,Jinja,2024-01-28,M,073-325-2205,+256733252205,valid,Jinja,Jinja,exact,28/01/2024,2024-01-28,%d/%m/%Y,Male,M,mapped,,
CUST101088,Joseph Kafeero,+256785959836,,Gulu,2024-01-30,M,+256785959836,+256785959836,valid,Gulu,Gulu,exact,2024-01-30,2024-01-30,%Y-%m-%d,Male,M,mapped,,
CUST101089,Harriet Olweny,+256759056392,harriet.olweny@hotmail.com,Wakiso,2025-10-09,F,256759056392,+256759056392,valid,Wakiso,Wakiso,exact,09/10/2025,2025-10-09,%d/%m/%Y,Female ,F,mapped,,
CUST101090,Atim Munezero,+256792350338,atim.munezero@yahoo.com,Mbarara,2025-02-17,F,0792350338,+256792350338,valid,Mbarara,Mbarara,exact,2025-02-17,2025-02-17,%Y-%m-%d,Female ,F,mapped,CUST103127,
CUST101091,Kyomuhendo Kibirige,+256705398004,kyomuhendo.kibirige@mail.com,Gulu,2023-03-26,,256705398004,+256705398004,valid,Gulu,Gulu,exact,26/03/2023,2023-03-26,%d/%m/%Y,,,missing,,
CUST101092,Mugisha Ssemakula,+256730858795,mugisha.ssemakula@srg.co.ug,Mbale,2024-12-21,M,0730858795,+256730858795,valid,Mbale,Mbale,exact,21-12-2024,2024-12-21,%d-%m-%Y,Male,M,mapped,CUST102921,
CUST101093,Kambale Mubiru,+256725003727,kambale.mubiru@hotmail.com,Mukono,2024-09-16,F,0725003727,+256725003727,valid,Mukono,Mukono,exact,2024-09-16,2024-09-16,%Y-%m-%d,Female,F,mapped,,
CUST101095,Juliet Ninsiima,+256793564778,juliet.ninsiima@outlook.com,Kampala,2023-02-18,F,256793564778,+256793564778,valid,Kampala,Kampala,exact,18/02/2023,2023-02-18,%d/%m/%Y,F,F,mapped,CUST101716,
CUST101097,Nalubega Kyomuhendo,+256777134584,,Iganga,2023-07-18,F,+256777134584,+256777134584,valid,Iganga,Iganga,exact,2023-07-18,2023-07-18,%Y-%m-%d,Female,F,mapped,,
CUST101098,John Ssekandi,+256727584991,john.ssekandi@hotmail.com,Mbale City,2025-02-22,M,727584991,+256727584991,valid,Mbale City,Mbale City,exact,22/02/2025,2025-02-22,%d/%m/%Y,Male,M,mapped,,
CUST101099,John Ssempebwa,+256789844803,johnssempebwa27@hotmail.com,Fort Portal,2023-07-16,M,0789844803,+256789844803,valid,kabarole district,Fort Portal,variant_mapped,16/07/2023,2023-07-16,%d/%m/%Y,Male,M,mapped,,
CUST101101,Agnes,+256749820008,agnes@outlook.com,Gulu,2021-05-19,M,074-982-0008,+256749820008,valid,Guluu,Gulu,variant_mapped,2021-05-19,2021-05-19,%Y-%m-%d,Male,M,mapped,,
CUST101103,Ronald Byaruhanga,+256709790427,ronaldbyaruhanga@srg.co.ug,Mbale,2022-08-06,M,070-979-0427,+256709790427,valid,Mbale,Mbale,exact,2022-08-06,2022-08-06,%Y-%m-%d,Male,M,mapped,,
CUST101104,Naomi Olweny,+256798674193,naomi.olweny@yahoo.com,Nebbi,2024-02-23,F,0798674193,+256798674193,valid,Nebbi,Nebbi,exact,2024-02-23,2024-02-23,%Y-%m-%d,F,F,mapped,,
CUST101105,Peter Lubega,,peterlubega66@yahoo.com,Mbale,2024-03-19,M,,,missing,Mballa,Mbale,variant_mapped,19/03/2024,2024-03-19,%d/%m/%Y,Male,M,mapped,,
CUST101106,Ssimbwa Achieng,+256711735368,ssimbwaachieng77@yahoo.com,Iganga,2022-06-03,M,+256 71 173 5368,+256711735368,valid,Iganga,Iganga,exact,03/06/2022,2022-06-03,%d/%m/%Y,Male ,M,mapped,,
CUST101107,Munezero Wanyama,+256778855838,munezero.wanyama@gmail.com,Kampala,2023-09-29,F,+256778855838,+256778855838,valid,Kampala,Kampala,exact,29-09-2023,2023-09-29,%d-%m-%Y,Female ,F,mapped,CUST101184,
CUST101108,Atim Guma,+256743070679,atim.guma@outlook.com,Gulu,2022-08-29,M,+256743070679,+256743070679,valid,Gulu City,Gulu,exact,2022-08-29,2022-08-29,%Y-%m-%d,Male,M,mapped,,
CUST101109,Ssemakula Kibirige,+256750785583,ssemakula.kibirige@mail.com,Arua,2021-12-11,M,+256750785583,+256750785583,valid,arua,Arua,exact,2021-12-11,2021-12-11,%Y-%m-%d,Male,M,mapped,,
CUST101110,Ssimbwa Mubiru,+256718092651,ssimbwa.mubiru@yahoo.com,Wakiso,2022-12-13,M,0718092651,+256718092651,valid,Wakiso,Wakiso,exact,13/12/2022,2022-12-13,%d/%m/%Y,Male,M,mapped,CUST101213,
CUST101111,Emmanuel Nsereko,+256798881347,emmanuel.nsereko@yahoo.com,Kampala,,F,079-888-1347,+256798881347,valid,Kampala,Kampala,exact,,,missing,Female,F,mapped,CUST103323,
CUST101113,Brian Atukunda,+256719215738,brianatukunda91@srg.co.ug,Kampala,2021-09-03,M,719215738,+256719215738,valid,Kampala,Kampala,exact,2021-09-03,2021-09-03,%Y-%m-%d,M,M,mapped,,REVIEW: possible duplicate
CUST101115,Mugisha Ssebugwawo,+256720083427,mugishassebugwawo81@mail.com,Jinja,2024-07-30,M,+256720083427,+256720083427,valid,Jinja,Jinja,exact,30-07-2024,2024-07-30,%d-%m-%Y,M,M,mapped,,
CUST101116,Kambale Nakayiza,,kambale.nakayiza@outlook.com,Soroti,2024-01-06,F,,,missing,Soroti,Soroti,exact,2024-01-06,2024-01-06,%Y-%m-%d,Female,F,mapped,,
CUST101117,Samuel Ssentongo,+256714987933,samuel.ssentongogmail.com,Gulu,2022-06-30,M,256714987933,+256714987933,valid,Guluu,Gulu,variant_mapped,30/06/2022,2022-06-30,%d/%m/%Y,Male,M,mapped,CUST104393,
CUST101119,Ssebugwawo Agnes,+256791538465,ssebugwawo.agnes@yahoo.com,Mbale,2021-07-16,,+256 79 153 8465,+256791538465,valid,Mbale,Mbale,exact,2021-07-16,2021-07-16,%Y-%m-%d,,,missing,,
CUST101120,Ssebugwawo Agnes,+256779633058,ssebugwawo.agnes@outlook.com,Jinja,2023-11-30,M,+256 77 963 3058,+256779633058,valid,Jinja,Jinja,exact,2023-11-30,2023-11-30,%Y-%m-%d,M,M,mapped,CUST104454,
CUST101121,Emmanuel Butime,,emmanuel.butime@mail.com,Tororo,2024-04-03,F,,,missing,Tororo,Tororo,exact,2024-04-03,2024-04-03,%Y-%m-%d,Female,F,mapped,CUST103698,
CUST101122,Kamoga Nabirye,+256746393478,kamoganabirye74@gmail.com,Tororo,2021-10-10,,+256 74 639 3478,+256746393478,valid,Tororo,Tororo,exact,10-10-2021,2021-10-10,%d-%m-%Y,,,missing,,
CUST101125,Nabirye Kafeero,+256746759526,nabirye.kafeero@srg.co.ug,Kiboga,2022-12-31,F,+256 74 675 9526,+256746759526,valid,Kiboga,Kiboga,exact,31-12-2022,2022-12-31,%d-%m-%Y,Female,F,mapped,,
CUST101127,Olweny Emmanuel,+256725405204,olwenyemmanuel53@gmail.com,Mbale City,2021-08-23,F,0725405204,+256725405204,valid,Mbale City,Mbale City,exact,2021-08-23,2021-08-23,%Y-%m-%d,Female,F,mapped,CUST101439,
CUST101128,John Ssemakula,+256730924450,johnssemakula@outlook.com,Masindi,2023-10-19,M,0730924450,+256730924450,valid,masindi,Masindi,exact,2023-10-19,2023-10-19,%Y-%m-%d,Male,M,mapped,,
CUST101129,Ninsiima,+256741750401,ninsiima@hotmail.com,Gulu,2023-01-30,F,0741750401,+256741750401,valid,Gulu,Gulu,exact,2023-01-30,2023-01-30,%Y-%m-%d,Female,F,mapped,CUST104619,
CUST101130,Florence,+256722855446,florence@srg.co.ug,Mbarara,2021-07-08,M,072-285-5446,+256722855446,valid,Mbarara,Mbarara,exact,08-07-2021,2021-07-08,%d-%m-%Y,Male,M,mapped,,
CUST101132,Michael Nsereko,+256775901878,michael.nsereko@yahoo.com,Mukono,2023-03-09,M,077-590-1878,+256775901878,valid,Mukono,Mukono,exact,09/03/2023,2023-03-09,%d/%m/%Y,Male,M,mapped,CUST104845,
CUST101134,Sheila Byaruhanga,+256786734416,sheila.byaruhanga@srg.co.ug,Wakiso,2024-01-08,,+256786734416,+256786734416,valid,Wakiso,Wakiso,exact,2024-01-08,2024-01-08,%Y-%m-%d,,,missing,CUST103152,
CUST101135,Isaac Wasswa,+256789453813,isaacwasswa90@yahoo.com,Wakiso,2022-01-22,F,256789453813,+256789453813,valid,Wakiso,Wakiso,exact,2022-01-22,2022-01-22,%Y-%m-%d,Female,F,mapped,,
CUST101136,Ssempebwa Mugisha,,ssempebwamugisha@gmail.com,Gulu,2024-07-29,M,,,missing,Gulu City,Gulu,exact,29-07-2024,2024-07-29,%d-%m-%Y,Male,M,mapped,,
CUST101137,Sarah,,sarah@outlook.com,Kampala,2025-01-05,,,,missing,Kampala City,Kampala,variant_mapped,2025-01-05,2025-01-05,%Y-%m-%d,,,missing,,
CUST101138,Nakato Nakiganda,+256787385178,nakato.nakiganda@outlook.com,Kampala,2021-03-29,F,0787385178,+256787385178,valid,Kampala,Kampala,exact,2021-03-29,2021-03-29,%Y-%m-%d,Female,F,mapped,,
CUST101139,Ssentongo Ssentongo,+256709799035,ssentongo.ssentongo@outlook.com,Kampala,2025-01-11,M,256709799035,+256709799035,valid,Kampala,Kampala,exact,2025-01-11,2025-01-11,%Y-%m-%d,Male,M,mapped,,
CUST101140,David Olweny,+256783148311,david.olweny@gmail.com,Mbale,2023-10-19,M,783148311,+256783148311,valid,Mbale,Mbale,exact,2023-10-19,2023-10-19,%Y-%m-%d,Male,M,mapped,,
CUST101142,Nabirye,+256758228798,nabirye@srg.co.ug,Mbale,2025-07-03,,0758228798,+256758228798,valid,Mbale,Mbale,exact,2025-07-03,2025-07-03,%Y-%m-%d,,,missing,,
CUST101143,Atim Ahabwe,+256739937206,atim.ahabwe@gmail.com,Mukono,2025-10-15,F,739937206,+256739937206,valid,Mukono,Mukono,exact,2025-10-15,2025-10-15,%Y-%m-%d,F,F,mapped,,
CUST101144,Namubiru Ssempebwa,+256719085422,namubiru.ssempebwa@yahoo.com,Arua,2024-02-01,F,071-908-5422,+256719085422,valid,Arua,Arua,exact,2024-02-01,2024-02-01,%Y-%m-%d,Female,F,mapped,,
CUST101145,Katusiime Ninsiima,+256701643482,katusiime.ninsiima@mail.com,Jinja,2025-05-27,F,0701643482,+256701643482,valid,Jinja,Jinja,exact,27/05/2025,2025-05-27,%d/%m/%Y,Female,F,mapped,,
CUST101146,Ssebugwawo Alexander,+256782606252,ssebugwawo.alexander@yahoo.com,Kampala,2024-09-20,F,+256782606252,+256782606252,valid,Kampala,Kampala,exact,2024-09-20,2024-09-20,%Y-%m-%d,Female,F,mapped,CUST103537,
CUST101147,Emmanuel Tumusiime,,emmanueltumusiime61@yahoo.com,Kampala,2024-09-08,F,,,missing,Kampala,Kampala,exact,08/09/2024,2024-09-08,%d/%m/%Y,F,F,mapped,,
CUST101148,Achieng Kalusiime,+256742358763,achiengkatusiime29@outlook.com,Kampala,2021-07-15,F,742358763,+256742358763,valid,Kampala,Kampala,exact,2021-07-15,2021-07-15,%Y-%m-%d,F,F,mapped,CUST102511,
CUST101149,Nakayiza Ssemakula,+256726405161,nakayiza.ssemakula@hotmail.com,Kampala,2021-12-11,F,+256726405161,+256726405161,valid,Kampala,Kampala,exact,2021-12-11,2021-12-11,%Y-%m-%d,Female,F,mapped,,
CUST101151,Byaruhanga Byaruhanga,+256795840863,byaruhanga.byaruhanga@yahoo,Sembabule,2023-09-29,M,0795840863,+256795840863,valid,Sembabule,Sembabule,exact,2023-09-29,2023-09-29,%Y-%m-%d,Male,M,mapped,CUST101407,
CUST101152,Olweny Samuel,,olweny.samuel@hotmail.com,Gulu,2024-12-06,M,,,missing,Gulu,Gulu,exact,06-12-2024,2024-12-06,%d-%m-%Y,Male,M,mapped,CUST103247,
CUST101154,Ouma Ssentongo,+256795936669,ouma.ssentongo@outlook.com,Wakiso,2023-07-20,M,079-593-6669,+256795936669,valid,Wakiso,Wakiso,exact,20-07-2023,2023-07-20,%d-%m-%Y,Male,M,mapped,,
CUST101155,samuel olweny,+256746450793,,Mukono,2023-02-02,,074-645-0793,+256746450793,valid,Mukkono,Mukono,variant_mapped,2023-02-02,2023-02-02,%Y-%m-%d,,,missing,CUST102448;CUST103456,
CUST101156,Naomi Nakayiza,+256709891660,naomi.nakayiza@outlook.com,Kampala,2025-05-09,F,070-989-1660,+256709891660,valid,Kampala,Kampala,exact,09/05/2025,2025-05-09,%d/%m/%Y,Female,F,mapped,CUST102247;CUST103881,
CUST101157,Nakiganda Munezero,,nakiganda.munezero@outlook.com,Mukono,,F,,,missing,Mukko,Mukono,variant_mapped,,,missing,Female,F,mapped,,
CUST101158,Sheila Kibirige,+256759416657,sheila.kibirige@srg.co.ug,Wakiso,2023-09-20,F,759416657,+256759416657,valid,Wakiso,Wakiso,exact,2023-09-20,2023-09-20,%Y-%m-%d,F,F,mapped,,
CUST101159,Dorothy Ninsiima,+256716060687,dorothyninsiima70@srg.co.ug,Kayunga,2025-03-28,M,+256716060687,+256716060687,valid,Kayunga,Kayunga,exact,28/03/2025,2025-03-28,%d/%m/%Y,Male,M,mapped,,
CUST101160,Atim Achieng,+256748274358,atim.achieng@outlook.com,Fort Portal,2025-08-08,,074-827-4358,+256748274358,valid,Kabarole,Fort Portal,exact,08/08/2025,2025-08-08,%d/%m/%Y,,,missing,,
CUST101161,Beatrice Kyebambe,+256777862950,beatricekyebambe36@srg.co.ug,Entebbe,2023-11-27,F,0777862950,+256777862950,valid,entebbe,Entebbe,exact,27/11/2023,2023-11-27,%d/%m/%Y,F,F,mapped,,
CUST101162,Rebecca Ouma,+256787425064,rebecca.ouma@hotmail.com,Kampala,2021-03-15,M,256787425064,+256787425064,valid,Kampala,Kampala,exact,15/03/2021,2021-03-15,%d/%m/%Y,Male,M,mapped,CUST101812;CUST104848,
CUST101163,Kyomuhendo Naomi,+256775202347,kyomuhendo.naomi@hotmail.com,Wakiso,2025-04-20,F,077-520-2347,+256775202347,valid,Wakiso,Wakiso,exact,20/04/2025,2025-04-20,%d/%m/%Y,F,F,mapped,CUST102215,
CUST101164,Florence Kafeero,+256734355329,,Soroti,2021-02-04,M,0734355329,+256734355329,valid,Soroti,Soroti,exact,2021-02-04,2021-02-04,%Y-%m-%d,Male ,M,mapped,,
CUST101165,Joan Nsereko,+256742783951,joan.nsereko@yahoo.com,Isingiro,2023-12-28,,074-278-3951,+256742783951,valid,Isingiro,Isingiro,exact,28-12-2023,2023-12-28,%d-%m-%Y,,,missing,,
CUST101166,Ssekandi Kizza,+256779956093,ssekandi.kizza@outlook.com,Jinja,2025-09-30,M,779956093,+256779956093,valid,JINJA,Jinja,exact,30/09/2025,2025-09-30,%d/%m/%Y,Male,M,mapped,,
CUST101167,Nalubega Ahabwe,+256771552978,nalubega.ahabwe@outlook.com,Kampala,,F,+256 77 155 2978,+256771552978,valid,Kampala,Kampala,exact,,,missing,Female,F,mapped,CUST103615,
CUST101168,Kibirige Brian,+256746782821,kibirige.brian@mail.com,Mbarara,2024-11-01,,746782821,+256746782821,valid,Mbarara,Mbarara,exact,2024-11-01,2024-11-01,%Y-%m-%d,,,missing,CUST101204,
CUST101169,Nabirye Mugisha,+256770284640,nabiryemugisha@outlook.com,Kampala,2022-12-26,,770284640,+256770284640,valid,Kampala,Kampala,exact,26/12/2022,2022-12-26,%d/%m/%Y,,,missing,,
CUST101170,Ruth Tendo,+256753736124,ruth.tendo@srg.co.ug,Mukono,2024-10-06,,0753736124,+256753736124,valid,Mukono,Mukono,exact,06/10/2024,2024-10-06,%d/%m/%Y,,,missing,,
CUST101171,Isaac Achieng,+256791177093,,Wakiso,2024-06-15,F,+256791177093,+256791177093,valid,Wakiso District,Wakiso,variant_mapped,2024-06-15,2024-06-15,%Y-%m-%d,Female,F,mapped,CUST103281,REVIEW: possible duplicate
CUST101173,Namubiru Nakayiza,+256725153511,namubirunakayiza75@gmail.com,Kampala,,F,0725153511,+256725153511,valid,Kampala City,Kampala,variant_mapped,,,missing,Female,F,mapped,,
CUST101174,Nabirye,,nabirye@gmail.com,Lira,2021-05-21,F,,,missing,Lira,Lira,exact,21-05-2021,2021-05-21,%d-%m-%Y,Female,F,mapped,,
CUST101175,Wanyama Rebecca,+256722859777,wanyamarebecca83@mail.com,Soroti,2023-09-08,M,+256722859777,+256722859777,valid,Soroti,Soroti,exact,2023-09-08,2023-09-08,%Y-%m-%d,Male,M,mapped,CUST102652,
CUST101177,Brian Lubega,+256797177537,brianlubega89@yahoo.com,Arua,2024-06-10,M,0797177537,+256797177537,valid,Arua,Arua,exact,2024-06-10,2024-06-10,%Y-%m-%d,M,M,mapped,,
CUST101179,Nankya Achieng,+256748546410,nankya.achieng@srg.co.ug,Mpigi,2023-05-13,,256748546410,+256748546410,valid,Mpigi,Mpigi,exact,13/05/2023,2023-05-13,%d/%m/%Y,,,missing,,
CUST101180,Nakiganda John,+256706200435,nakigandajohn@hotmail.com,Kampala,2025-06-18,M,256706200435,+256706200435,valid,Kampala,Kampala,exact,18-06-2025,2025-06-18,%d-%m-%Y,M,M,mapped,,
CUST101181,Naomi Nakiganda,+256719879259,naominakiganda@hotmail.com,Kasese,2024-01-13,F,0719879259,+256719879259,valid,Kasese,Kasese,exact,2024-01-13,2024-01-13,%Y-%m-%d,Female,F,mapped,CUST102578,
CUST101182,Namutebi Kambale,+256797544371,,Wakiso,2025-04-29,F,+256 79 754 4371,+256797544371,valid,Wakiso,Wakiso,exact,29/04/2025,2025-04-29,%d/%m/%Y,Female,F,mapped,CUST103691,REVIEW: possible duplicate
CUST101183,Peter Kibirige,+256756188313,peterkibirige@hotmail.com,Lyantonde,2021-08-03,,756188313,+256756188313,valid,lyantonde,Lyantonde,exact,03/08/2021,2021-08-03,%d/%m/%Y,,,missing,CUST102477,
CUST101185,Ouma Nabirye,+256794924859,,Arua,2023-11-10,M,794924859,+256794924859,valid,Arua City,Arua,exact,10/11/2023,2023-11-10,%d/%m/%Y,Male,M,mapped,,
CUST101187,Lubega Ouma,+256771244098,lubega.ouma@mail.com,Jinja,2021-12-05,M,256771244098,+256771244098,valid,Jinja,Jinja,exact,05/12/2021,2021-12-05,%d/%m/%Y,Male,M,mapped,,
CUST101188,EMMANUEL NANKYA,+256727109403,emmanuelnankya21@yahoo.com,Hoima,2021-01-27,F,+256727109403,+256727109403,valid,Hoima,Hoima,exact,2021-01-27,2021-01-27,%Y-%m-%d,Female,F,mapped,CUST102606,
CUST101190,Munezero Godfrey,+256705953084,munezero.godfrey@hotmail.com,Mukono,2024-08-01,F,070-595-3084,+256705953084,valid,Mukono,Mukono,exact,2024-08-01,2024-08-01,%Y-%m-%d,Female,F,mapped,CUST102515,
CUST101191,Mary Mubiru,+256783522371,mary.mubiru@srg,Kasese,2023-04-15,M,783522371,+256783522371,valid,Kasese,Kasese,exact,2023-04-15,2023-04-15,%Y-%m-%d,M,M,mapped,,
CUST101192,Dorothy Okello,+256788912358,dorothy.okello@outlook.com,Kampala,,,078-891-2358,+256788912358,valid,Kampala,Kampala,exact,,,missing,,,missing,,
CUST101193,Munezero,+256758577024,munezero@yahoo.com,Mukono,2022-07-24,F,0758577024,+256758577024,valid,Mukono,Mukono,exact,24-07-2022,2022-07-24,%d-%m-%Y,Female ,F,mapped,CUST103177,
CUST101194,Kato,+256733821990,kato@hotmail.com,Gulu,2023-04-11,M,0733821990,+256733821990,valid,Gulu,Gulu,exact,2023-04-11,2023-04-11,%Y-%m-%d,Male,M,mapped,,
CUST101195,Namubiru,+256734395309,namubiru@hotmail.com,Kampala,2022-02-27,,+256734395309,+256734395309,valid,Kampala,Kampala,exact,27/02/2022,2022-02-27,%d/%m/%Y,,,missing,CUST104285,
CUST101196,KIBIRIGE NAMUBIRU,+256775885913,kibirige.namubiru@srg.co.ug,Soroti,2023-07-18,M,+256775885913,+256775885913,valid,Soroti,Soroti,exact,18/07/2023,2023-07-18,%d/%m/%Y,M,M,mapped,CUST103060;CUST104492,
CUST101198,Francis Tendo,+256758127864,francis.tendo@yahoo.com,Isingiro,2025-10-12,F,758127864,+256758127864,valid,Isingiro,Isingiro,exact,12/10/2025,2025-10-12,%d/%m/%Y,Female,F,mapped,,
CUST101199,Isaac Wasswa,+256791740368,isaac.wasswa@outlook.com,Mbale,2025-09-21,F,0791740368,+256791740368,valid,Mbale,Mbale,exact,2025-09-21,2025-09-21,%Y-%m-%d,F,F,mapped,,
CUST101200,Nabirye,+256707237246,nabirye97@outlook.com,Mpigi,2021-11-02,F,0707237246,+256707237246,valid,Mpigi,Mpigi,exact,2021-11-02,2021-11-02,%Y-%m-%d,Female,F,mapped,,
CUST101202,Grace Ninsiima,+256707675042,grace.ninsiima@hotmail.com,Nakasongola,2023-11-22,M,070-767-5042,+256707675042,valid,Nakasongola,Nakasongola,exact,2023-11-22,2023-11-22,%Y-%m-%d,M,M,mapped,,
CUST101203,Florence Ssimbwa,+256753283627,florence.ssimbwa@gmail.com,Jinja,2021-01-02,M,0753283627,+256753283627,valid,Jinja,Jinja,exact,02/01/2021,2021-01-02,%d/%m/%Y,Male,M,mapped,,
CUST101205,Ssempebwa Okello,+256775478111,ssempebwa.okello@srg.co.ug,Mukono,,,+256 77 547 8111,+256775478111,valid,Mukono,Mukono,exact,,,missing,,,missing,,
CUST101206,Sarah Ninsiima,+256716334303,sarah.ninsiima@srg.co.ug,Gulu,2023-03-23,M,0716334303,+256716334303,valid,gulu,Gulu,exact,23-03-2023,2023-03-23,%d-%m-%Y,Male,M,mapped,,
CUST101207,Ssekandi Ssebugwawo,,ssekandi.ssebugwawo@outlook.com,Isingiro,2025-06-26,M,,,missing,Isingiro,Isingiro,exact,26/06/2025,2025-06-26,%d/%m/%Y,Male ,M,mapped,CUST102154;CUST103102,
CUST101208,Lubega Nalubega,+256786730470,lubega.nalubega@mail.com,Iganga,2024-10-30,M,+256786730470,+256786730470,valid,Iganga,Iganga,exact,30/10/2024,2024-10-30,%d/%m/%Y,Male,M,mapped,,
CUST101209,Butime Ouma,+256775222338,butimeouma38@hotmail.com,Wakiso,2023-01-17,M,256775222338,+256775222338,valid,Wakiso,Wakiso,exact,2023-01-17,2023-01-17,%Y-%m-%d,Male,M,mapped,,
CUST101210,Agnes Ahabwe,+256797395173,agnes.ahabwe@gmail.com,Jinja,2021-08-31,,+256797395173,+256797395173,valid,Jinja,Jinja,exact,2021-08-31,2021-08-31,%Y-%m-%d,,,missing,,
CUST101211,Nsereko Tumusiime,+256748418830,nsereko.tumusiime@srg.co.ug,Mbarara,2025-09-21,M,748418830,+256748418830,valid,MBARARA,Mbarara,exact,21-09-2025,2025-09-21,%d-%m-%Y,Male,M,mapped,,
CUST101212,Wanyama Wasswa,+256791705741,wanyama.wasswa@yahoo,Kampala,2024-10-22,M,+256791705741,+256791705741,valid,Kampala,Kampala,exact,2024-10-22,2024-10-22,%Y-%m-%d,Male ,M,mapped,,REVIEW: possible duplicate
CUST101214,Atukunda Wasswa,+256750595899,atukunda.wasswa@mail.com,Jinja,2023-01-09,M,0750595899,+256750595899,valid,Jinja Town,Jinja,variant_mapped,2023-01-09,2023-01-09,%Y-%m-%d,Male,M,mapped,,
CUST101215,Mubiru Munezero,+256776364463,,Kampala,2023-09-14,M,+256776364463,+256776364463,valid,Kampala,Kampala,exact,2023-09-14,2023-09-14,%Y-%m-%d,Male,M,mapped,,
CUST101216,John Ssentongo,+256743293268,john.ssentongo@srg.co.ug,Jinja,,M,256743293268,+256743293268,valid,Jinja,Jinja,exact,,,missing,Male,M,mapped,,
CUST101217,Katusiime Wanyama,+256720594635,katusiime.wanyama@hotmail.com,Masaka,2021-03-11,F,072-059-4635,+256720594635,valid,Masaka,Masaka,exact,2021-03-11,2021-03-11,%Y-%m-%d,Female ,F,mapped,,
CUST101219,Francis Nankya,+256733594153,francis.nankya@mail.com,Mukono,2024-07-30,F,0733594153,+256733594153,valid,Mukono,Mukono,exact,30/07/2024,2024-07-30,%d/%m/%Y,Female,F,mapped,,
CUST101220,Robert Butime,+256789720541,robert.butime@yahoo.com,Bundibugyo,2022-03-20,M,+256 78 972 0541,+256789720541,valid,Bundibugyo,Bundibugyo,exact,2022-03-20,2022-03-20,%Y-%m-%d,M,M,mapped,,
CUST101221,Brian Nsereko,,brian.nsereko@mail.com,Wakiso,,M,,,missing,Wakiso,Wakiso,exact,,,missing,Male,M,mapped,CUST103236,
CUST101222,Munezero Nabirye,+256740533583,munezero.nabirye@yahoo.com,Wakiso,2022-07-01,F,+256740533583,+256740533583,valid,Wakiso District,Wakiso,variant_mapped,2022-07-01,2022-07-01,%Y-%m-%d,Female,F,mapped,CUST101662;CUST104562,
CUST101223,SheilaxKatusiime,+256748250096,sheila.katusiime@srg.co.ug,Kumi,2023-12-10,F,+256748250096,+256748250096,valid,Kumi,Kumi,exact,2023-12-10,2023-12-10,%Y-%m-%d,Female,F,mapped,CUST101968;CUST104543,
CUST101224,Naomi Namubiru,+256746159902,naomi.namubiru@outlook.com,Gulu,2024-08-13,,746159902,+256746159902,valid,Gulu,Gulu,exact,2024-08-13,2024-08-13,%Y-%m-%d,,,missing,CUST103568,
CUST101225,Jane Kafeero,+256706133151,,Kampala,2022-11-05,M,256706133151,+256706133151,valid,Kampala,Kampala,exact,2022-11-05,2022-11-05,%Y-%m-%d,M,M,mapped,,
CUST101226,Agnes Kyebambe,+256749484742,agnes.kyebambe@yahoo.com,Nebbi,2023-09-04,M,074-948-4742,+256749484742,valid,Nebbi,Nebbi,exact,04/09/2023,2023-09-04,%d/%m/%Y,Male,M,mapped,,
CUST101227,MUNEZERO TUMUSIIME,+256708545070,munezero.tumusiime@yahoo.com,Kampala,2025-01-20,F,+256708545070,+256708545070,valid,Kampala,Kampala,exact,20/01/2025,2025-01-20,%d/%m/%Y,F,F,mapped,CUST104644,
CUST101228,Kambale Nsereko,+256708560723,kambale.nsereko@yahoo.com,Wakiso,2023-03-15,F,708560723,+256708560723,valid,Wakiso,Wakiso,exact,15/03/2023,2023-03-15,%d/%m/%Y,Female,F,mapped,,
CUST101229,Daniel Wanyama,+256718895396,daniel.wanyama@srg.co.ug,Jinja,2021-06-17,M,071-889-5396,+256718895396,valid,Jinja City,Jinja,exact,17/06/2021,2021-06-17,%d/%m/%Y,M,M,mapped,,
CUST101230,Kambale Nabbanja,,kambalenabbanja74@gmail.com,Jinja,2024-01-26,F,,,missing,Jinja,Jinja,exact,2024-01-26,2024-01-26,%Y-%m-%d,Female,F,mapped,,
CUST101232,Sheila Nsereko,+256752593424,sheilansereko@outlook.com,Mukono,2022-06-11,F,+256752593424,+256752593424,valid,Mukono,Mukono,exact,11/06/2022,2022-06-11,%d/%m/%Y,Female,F,mapped,,
CUST101233,Achieng Timothy,+256779839736,,Mbarara,2021-04-27,F,0779839736,+256779839736,valid,Mbarara,Mbarara,exact,2021-04-27,2021-04-27,%Y-%m-%d,F,F,mapped,,
CUST101234,Daniel Okello,+256714526649,danielokello89@outlook.com,Jinja,2021-09-01,M,0714526649,+256714526649,valid,Jinja,Jinja,exact,2021-09-01,2021-09-01,%Y-%m-%d,Male,M,mapped,CUST104760,
CUST101235,Lubega Tumusiime,,lubega.tumusiime@yahoo.com,Soroti,2021-01-23,,,,missing,Soroti,Soroti,exact,2021-01-23,2021-01-23,%Y-%m-%d,,,missing,CUST102684,
CUST101236,Wasswa Kizza,+256777568952,wasswa.kizza@hotmail.com,Mpigi,2025-06-30,M,+256 77 756 8952,+256777568952,valid,Mpigi,Mpigi,exact,30/06/2025,2025-06-30,%d/%m/%Y,Male,M,mapped,,
CUST101238,Nalubega Kambale,+256796550560,,Wakiso,2021-12-08,,+256 79 655 0560,+256796550560,valid,Wakiso District,Wakiso,variant_mapped,2021-12-08,2021-12-08,%Y-%m-%d,,,missing,,
CUST101239,Nalubega Kambale,+256737302372,nalubega.kambale@outlook.com,Mbale,2025-08-30,F,0737302372,+256737302372,valid,Mbale,Mbale,exact,2025-08-30,2025-08-30,%Y-%m-%d,Female,F,mapped,CUST101378,
CUST101242,Stephen Kafeero,+256773000961,stephen.kafeero@outlook.com,Lira,2025-08-04,F,773000961,+256773000961,valid,Lira,Lira,exact,2025-08-04,2025-08-04,%Y-%m-%d,F,F,mapped,,
CUST101243,Kizza Guma,+256741605261,kizza.gumayahoo.com,Kayunga,2024-07-01,M,256741605261,+256741605261,valid,Kayunga,Kayunga,exact,01-07-2024,2024-07-01,%d-%m-%Y,Male,M,mapped,CUST102318;CUST103261,
CUST101244,Naomi Namubiru,+256722315497,,Tororo,2024-06-08,F,+256 72 231 5497,+256722315497,valid,tororo,Tororo,exact,2024-06-08,2024-06-08,%Y-%m-%d,Female ,F,mapped,,
CUST101246,Isaac,+256775513451,isaac@srg.co.ug,Kampala,2025-06-30,F,+256775513451,+256775513451,valid,Kampala,Kampala,exact,2025-06-30,2025-06-30,%Y-%m-%d,Female,F,mapped,CUST101719;CUST101868,
CUST101247,Kamoga Atukunda,+256782984776,kamoga.atukunda@gmail.com,Jinja,2025-04-02,M,0782984776,+256782984776,valid,Jinja,Jinja,exact,2025-04-02,2025-04-02,%Y-%m-%d,Male,M,mapped,,
CUST101248,Nakiganda Nakayiza,+256771528254,nakiganda.nakayiza@outlook.com,Wakiso,2023-03-15,F,771528254,+256771528254,valid,Wakiso,Wakiso,exact,2023-03-15,2023-03-15,%Y-%m-%d,Female,F,mapped,,
CUST101249,Ninsiima Robert,+256721217728,ninsiima.robert@hotmail.com,Fort Portal,2022-09-13,M,0721217728,+256721217728,valid,Kabarole,Fort Portal,exact,13/09/2022,2022-09-13,%d/%m/%Y,Male,M,mapped,,
CUST101250,Dorothy yutime,+256774516601,dorothy.butime@gmail.com,Mukono,2025-04-03,M,774516601,+256774516601,valid,Mukono,Mukono,exact,2025-04-03,2025-04-03,%Y-%m-%d,Male,M,mapped,CUST101381,
CUST101251,Guma Mary,+256738442574,guma.mary@yahoo.com,Somewhere,2021-01-19,M,0738442574,+256738442574,valid,Somewhere,Somewhere,unresolved,19/01/2021,2021-01-19,%d/%m/%Y,Male,M,mapped,,
CUST101252,Nakiganda Namutebi,,nakiganda.namutebi@hotmail.com,Jinja,2023-09-11,F,,,missing,Jinja,Jinja,exact,11/09/2023,2023-09-11,%d/%m/%Y,Female,F,mapped,,
CUST101253,Namubiru Tumusiime,+256777235324,namubiru.tumusiime@outlook.com,Iganga,2025-05-24,F,256777235324,+256777235324,valid,iganga,Iganga,exact,2025-05-24,2025-05-24,%Y-%m-%d,Female ,F,mapped,,
CUST101254,Kamoga Nabirye,+256790592532,kamoga.nabiryeyahoo.com,Masaka,2022-02-18,M,+256790592532,+256790592532,valid,Masaka,Masaka,exact,18/02/2022,2022-02-18,%d/%m/%Y,Male,M,mapped,,
CUST101256,Joseph Mugisha,+256742831982,joseph.mugisha@srg.co.ug,Soroti,2025-04-22,M,+256742831982,+256742831982,valid,Soroti,Soroti,exact,2025-04-22,2025-04-22,%Y-%m-%d,Male,M,mapped,,
CUST101257,NALUBEGA NAKATO,+256731566913,nalubega.nakato@srg.co.ug,Mukono,2023-08-08,,0731566913,+256731566913,valid,Mukono,Mukono,exact,2023-08-08,2023-08-08,%Y-%m-%d,,,missing,CUST102726,
CUST101258,Kamoga Ronald,+256742722352,kamogaronald64@hotmail.com,Arua,2022-10-10,M,256742722352,+256742722352,valid,Arua,Arua,exact,2022-10-10,2022-10-10,%Y-%m-%d,Male,M,mapped,,
CUST101260,Ssekandi Ssemakula,+256712430693,ssekandi.ssemakula@srg.co.ug,Arua,2023-05-05,,+256712430693,+256712430693,valid,Arua,Arua,exact,2023-05-05,2023-05-05,%Y-%m-%d,,,missing,CUST104331,
CUST101261,Lubega Olweny,,lubegaolweny21@gmail.com,Mbarara,2022-03-14,M,,,missing,Mbarara,Mbarara,exact,2022-03-14,2022-03-14,%Y-%m-%d,Male,M,mapped,,
CUST101262,Juliet Ssentongo,+256704821542,juliet.ssentongo@gmail.com,Sembabule,2024-01-03,F,704821542,+256704821542,valid,Sembabule,Sembabule,exact,2024-01-03,2024-01-03,%Y-%m-%d,F,F,mapped,CUST103597,
CUST101264,Sheila,+256783786364,sheila63@hotmail.com,Wakiso,2024-11-06,F,0783786364,+256783786364,valid,Wakiso,Wakiso,exact,2024-11-06,2024-11-06,%Y-%m-%d,F,F,mapped,CUST103770,
CUST101265,Atukunda Godfrey,+256726551071,atukundagodfrey17@mail.com,Wakiso,2024-09-26,F,256726551071,+256726551071,valid,Wakiso,Wakiso,exact,26/09/2024,2024-09-26,%d/%m/%Y,Female ,F,mapped,,
CUST101267,Nalubega Kyomuhendo,+256782942821,nalubega.kyomuhendo@mail.com,Entebbe,2024-08-07,F,256782942821,+256782942821,valid,Entebbe,Entebbe,exact,07-08-2024,2024-08-07,%d-%m-%Y,F,F,mapped,,
CUST101268,Nsereko Nabirye,+256776101817,nsereko.nabirye@mail.com,Kasese,2021-10-22,M,+256776101817,+256776101817,valid,Kasese,Kasese,exact,22/10/2021,2021-10-22,%d/%m/%Y,Male,M,mapped,CUST103192,
CUST101269,Ssempebwa Tumusiime,+256799228564,ssempebwatumusiime47@hotmail.com,Iganga,2022-08-07,M,+256 79 922 8564,+256799228564,valid,Iganga,Iganga,exact,07/08/2022,2022-08-07,%d/%m/%Y,Male,M,mapped,,
CUST101270,Atim Wasswa,+256749046583,,Jinja,2022-09-03,F,074-904-6583,+256749046583,valid,Jinja,Jinja,exact,2022-09-03,2022-09-03,%Y-%m-%d,Female,F,mapped,,
CUST101271,Esther Ssemakula,,,Kumi,2021-03-15,M,,,missing,Kumi,Kumi,exact,2021-03-15,2021-03-15,%Y-%m-%d,Male ,M,mapped,,REVIEW: possible duplicate
CUST101272,Daniel Ahabwe,+256729636929,daniel.ahabwe@gmail.com,Lyantonde,2023-08-29,,0729636929,+256729636929,valid,Lyantonde,Lyantonde,exact,29-08-2023,2023-08-29,%d-%m-%Y,,,missing,,
CUST101273,Nsereko Wanyama,+256772967505,nsereko.wanyama@yahoo.com,Lira,2022-08-27,,+256 77 296 7505,+256772967505,valid,Lira,Lira,exact,27-08-2022,2022-08-27,%d-%m-%Y,,,missing,,
CUST101275,Nakayiza Wanyama,+256709097872,nakayizawanyama@srg.co.ug,Entebbe,2023-02-17,F,0709097872,+256709097872,valid,entebbe,Entebbe,exact,2023-02-17,2023-02-17,%Y-%m-%d,Female,F,mapped,CUST102808,
CUST101276,Ssimbwa Butime,+256796526207,ssimbwa.butime@outlook.com,Kampala,2023-01-14,M,0796526207,+256796526207,valid,Kampala,Kampala,exact,2023-01-14,2023-01-14,%Y-%m-%d,Male,M,mapped,CUST103405,
CUST101277,Robert Katusiime,+256724947193,robertkatusiime57@outlook.com,Wakiso,2022-04-18,M,724947193,+256724947193,valid,Wakisio,Wakiso,variant_mapped,2022-04-18,2022-04-18,%Y-%m-%d,Male,M,mapped,,
CUST101278,Ninsiima Kamoga,+256754626315,ninsiima.kamoga@gmail.com,Jinja,2023-02-05,M,0754626315,+256754626315,valid,Jinja,Jinja,exact,2023-02-05,2023-02-05,%Y-%m-%d,Male ,M,mapped,,
CUST101279,Isaac Ssebugwawo,+256719888676,isaac.ssebugwawo@srg.co.ug,Sembabule,2023-01-29,F,256719888676,+256719888676,valid,Sembabule,Sembabule,exact,2023-01-29,2023-01-29,%Y-%m-%d,Female ,F,mapped,CUST101323;CUST101444,
CUST101281,Robert Nabbanja,+256719315320,robert.nabbanja@gmail.com,Mukono,2021-06-04,M,256719315320,+256719315320,valid,Mukko,Mukono,variant_mapped,2021-06-04,2021-06-04,%Y-%m-%d,Male,M,mapped,,
CUST101282,Naomi Kyebambe,+256723732704,naomikyebambe@srg.co.ug,Mbarara,2023-05-23,F,723732704,+256723732704,valid,Mbarara City,Mbarara,exact,2023-05-23,2023-05-23,%Y-%m-%d,Female,F,mapped,,
CUST101284,Emmanuel Kyebambe,,emmanuel.kyebambe@srg.co.ug,Mbale,2022-03-10,F,,,missing,Mbale,Mbale,exact,2022-03-10,2022-03-10,%Y-%m-%d,F,F,mapped,,
CUST101285,Phoebe Wanyama,+256774152209,phoebe.wanyama@outlook.com,Mbarara,2021-01-23,F,+256 77 415 2209,+256774152209,valid,Mbarara City,Mbarara,exact,23/01/2021,2021-01-23,%d/%m/%Y,Female,F,mapped,CUST100655,
CUST101286,nabbanja nabbanja,+256702104275,nabbanja.nabbanja@srg.co.ug,Masaka,2025-03-27,F,702104275,+256702104275,valid,Masaka,Masaka,exact,2025-03-27,2025-03-27,%Y-%m-%d,Female,F,mapped,CUST103548,
CUST101287,ngnes Kamoga,,agnes.kamoga@yahoo.com,Hoima,2023-02-22,M,,,missing,Hoima,Hoima,exact,22/02/2023,2023-02-22,%d/%m/%Y,Male,M,mapped,,
CUST101288,Ssemakula Namubiru,+256705759739,ssemakulanamubiru@srg.co.ug,Mbarara,2022-08-06,,0705759739,+256705759739,valid,Mbarara City,Mbarara,exact,2022-08-06,2022-08-06,%Y-%m-%d,,,missing,CUST101741,
CUST101290,Nalubega,+256755145898,nalubega@gmail.com,Jinja,2024-06-21,,0755145898,+256755145898,valid,Jinja,Jinja,exact,21-06-2024,2024-06-21,%d-%m-%Y,,,missing,CUST101520,
CUST101292,Collins Ssekandi,+256723866801,collinsssekandi@srg.co.ug,Hoima,2022-08-22,F,256723866801,+256723866801,valid,Hoima,Hoima,exact,2022-08-22,2022-08-22,%Y-%m-%d,F,F,mapped,,
CUST101293,Kamoga Nakiganda,+256748082557,kamoganakiganda63@srg.co.ug,Masaka,2025-09-29,M,0748082557,+256748082557,valid,Masaka,Masaka,exact,2025-09-29,2025-09-29,%Y-%m-%d,Male,M,mapped,,
CUST101296,Isaac Nsereko,+256793917201,isaacnsereko8@gmail.com,Gulu,2021-12-26,F,0793917201,+256793917201,valid,Gulu City,Gulu,exact,2021-12-26,2021-12-26,%Y-%m-%d,Female,F,mapped,,
CUST101298,Munezero Ssempebwa,+256793084367,munezero.ssempebwa@outlook.com,Hoima,2024-06-08,M,+256793084367,+256793084367,valid,Hoima,Hoima,exact,08/06/2024,2024-06-08,%d/%m/%Y,Male,M,mapped,CUST101384,
CUST101299,Joseph Ssimbwa,+256787144353,joseph.ssimbwa@yahoo.com,Mbarara,2023-07-18,M,0787144353,+256787144353,valid,Mbararra,Mbarara,variant_mapped,2023-07-18,2023-07-18,%Y-%m-%d,Male,M,mapped,,
CUST101300,Irene Olweny,+256741998760,irene.olweny@outlook.com,Gulu,2024-06-11,F,0741998760,+256741998760,valid,Gulu,Gulu,exact,2024-06-11,2024-06-11,%Y-%m-%d,Female,F,mapped,CUST104970,
CUST101301,David Olweny,+256784410871,davidolweny@gmail.com,Soroti,2023-12-23,M,0784410871,+256784410871,valid,Soroti,Soroti,exact,2023-12-23,2023-12-23,%Y-%m-%d,Male,M,mapped,CUST102509,
CUST101302,Ahabwe Juliet,+256757077524,ahabwe.juliet@hotmail.com,Wakiso,2022-10-05,F,757077524,+256757077524,valid,Wakiso,Wakiso,exact,2022-10-05,2022-10-05,%Y-%m-%d,Female,F,mapped,,
CUST101303,Jane Ninsiima,+256727228118,janeninsiima1@outlook.com,Kayunga,2024-09-13,M,072-722-8118,+256727228118,valid,Kayunga,Kayunga,exact,13/09/2024,2024-09-13,%d/%m/%Y,M,M,mapped,,
CUST101304,Joseph Ninsiima,+256779017044,josephninsiima25@hotmail.com,Kasese,2022-02-05,,077-901-7044,+256779017044,valid,Kisese,Kasese,variant_mapped,05/02/2022,2022-02-05,%d/%m/%Y,,,missing,,
CUST101305,Munezero Mercy,,munezero.mercy@hotmail.com,Kampala,2021-03-22,F,,,missing,Kampala,Kampala,exact,2021-03-22,2021-03-22,%Y-%m-%d,F,F,mapped,,
CUST101306,Ssebugwawo Harriet,+256759343286,ssebugwawo.harriet@yahoo.com,Masaka,2021-11-28,F,0759343286,+256759343286,valid,Masacka,Masaka,variant_mapped,28/11/2021,2021-11-28,%d/%m/%Y,Female,F,mapped,CUST103536,
CUST101307,Jane Mugisha,,janemugisha@yahoo.com,Mbale City,2024-10-28,M,,,missing,Mbale City,Mbale City,exact,28/10/2024,2024-10-28,%d/%m/%Y,Male,M,mapped,,
CUST101308,Kambale,+256703157493,kambale66@srg.co.ug,Mukono,2024-01-17,F,0703157493,+256703157493,valid,Mukono,Mukono,exact,17/01/2024,2024-01-17,%d/%m/%Y,Female,F,mapped,,
CUST101309,Jane,+256752340818,,Wakiso,2024-05-01,,+256752340818,+256752340818,valid,Wakiso,Wakiso,exact,01-05-2024,2024-05-01,%d-%m-%Y,,,missing,CUST101502,REVIEW: possible duplicate
CUST101310,Ssekandi,+256726156900,ssekandi@hotmail.com,Wakiso,2025-07-16,M,256726156900,+256726156900,valid,Wakiso,Wakiso,exact,16/07/2025,2025-07-16,%d/%m/%Y,Male,M,mapped,,
CUST101312,EMMANUEL NABBANJA,+256789886107,emmanuel.nabbanja@gmail.com,Kampala,2023-01-18,F,+256789886107,+256789886107,valid,Kampala,Kampala,exact,2023-01-18,2023-01-18,%Y-%m-%d,Female,F,mapped,CUST100282;CUST103355,
CUST101313,Nsereko Godfrey,+256724569273,nserekogodfrey72@outlook,Lyantonde,,F,072-456-9273,+256724569273,valid,lyantonde,Lyantonde,exact,,,missing,F,F,mapped,,
CUST101314,Kyomuhendo Kambale,+256711866287,kyomuhendokambale3@srg.co.ug,Kabale,2022-02-15,F,256711866287,+256711866287,valid,Kabale District,Kabale,variant_mapped,2022-02-15,2022-02-15,%Y-%m-%d,Female,F,mapped,CUST103849,
CUST101315,Nabirye Butime,+256796251451,nabirye.butime@outlook.com,Kampala,2021-01-20,F,256796251451,+256796251451,valid,Kampala,Kampala,exact,2021-01-20,2021-01-20,%Y-%m-%d,F,F,mapped,,
CUST101316,Ssentongo Kafeero,+256703828452,ssentongo.kafeero@outlook.com,Upcountry,2023-05-10,M,+256703828452,+256703828452,valid,Upcountry,Upcountry,unresolved,2023-05-10,2023-05-10,%Y-%m-%d,Male,M,mapped,CUST102655;CUST104269,
CUST101317,Robert Kyebambe,+256702540992,robertkyebambe21@srg.co.ug,Sembabule,2023-08-30,M,256702540992,+256702540992,valid,Sembabule,Sembabule,exact,2023-08-30,2023-08-30,%Y-%m-%d,Male,M,mapped,,
CUST101318,Nabirye Ssentongo,+256781988726,nabirye.ssentongo@outlook.com,Mbarara,2023-12-07,M,078-198-8726,+256781988726,valid,Mbarara,Mbarara,exact,07/12/2023,2023-12-07,%d/%m/%Y,Male,M,mapped,,
CUST101319,Mercy Wasswa,+256749051013,mercy.wasswa@outlook.com,Mukono,2023-04-02,F,+256 74 905 1013,+256749051013,valid,Mukono,Mukono,exact,2023-04-02,2023-04-02,%Y-%m-%d,Female,F,mapped,,
CUST101320,Harriet Kamfale,+256788175444,harriet.kambale@outlook.com,Kumi,2023-05-26,F,078-817-5444,+256788175444,valid,Kumi,Kumi,exact,2023-05-26,2023-05-26,%Y-%m-%d,Female,F,mapped,CUST101847,
CUST101321,Nakato Nakiganda,+256791958452,nakato.nakiganda@gmail.com,Wakiso,2024-05-17,F,+256791958452,+256791958452,valid,Wakisio,Wakiso,variant_mapped,2024-05-17,2024-05-17,%Y-%m-%d,Female,F,mapped,CUST102753,
CUST101322,Samuel Tumusiime,+256706962187,samuel.tumusiime@hotmail.com,Kabale,2025-09-25,M,706962187,+256706962187,valid,Kabale,Kabale,exact,2025-09-25,2025-09-25,%Y-%m-%d,Male,M,mapped,CUST102638,
CUST101324,Olweny Mukasa,+256744203345,olweny.mukasa@srg.co.ug,Wakiso,,M,744203345,+256744203345,valid,Wakiso,Wakiso,exact,,,missing,M,M,mapped,CUST102841,
CUST101325,Ssekandi Mercy,,ssekandi.mercy@yahoo.com,Gulu,2024-08-16,F,,,missing,Gulu,Gulu,exact,2024-08-16,2024-08-16,%Y-%m-%d,Female,F,mapped,CUST102069;CUST103935,
CUST101326,Agnes Nalubega,+256713612119,,Wakiso,2021-01-06,,713612119,+256713612119,valid,wakiso,Wakiso,exact,06/01/2021,2021-01-06,%d/%m/%Y,,,missing,CUST103172,
CUST101328,Ruth Nsereko,+256719647799,,Iganga,2022-05-17,F,+256719647799,+256719647799,valid,Iganga,Iganga,exact,2022-05-17,2022-05-17,%Y-%m-%d,Female,F,mapped,CUST101986,
CUST101329,Esther Nsereko,+256750758164,esthernsereko@yahoo.com,Lira,2022-02-23,M,256750758164,+256750758164,valid,Lira,Lira,exact,23/02/2022,2022-02-23,%d/%m/%Y,Male,M,mapped,CUST101854,
CUST101330,Okello,+256702542934,okello@outlook.com,Hoima,2025-08-03,M,+256702542934,+256702542934,valid,Homa,Hoima,variant_mapped,03/08/2025,2025-08-03,%d/%m/%Y,Male,M,mapped,CUST100790,
CUST101331,Brian Nankya,+256700380254,briannankya85@yahoo.com,Isingiro,,M,070-038-0254,+256700380254,valid,Isingiro,Isingiro,exact,,,missing,M,M,mapped,,
CUST101332,Beatrice Wanyama,+256719919439,beatrice.wanyama@hotmail.com,Mpigi,2021-09-01,F,+256719919439,+256719919439,valid,Mpigi,Mpigi,exact,01/09/2021,2021-09-01,%d/%m/%Y,Female,F,mapped,,
CUST101333,Butime Katusiime,+256778679916,butimekatusiime87@mail.com,Kampala,2022-12-10,M,+256778679916,+256778679916,valid,Kampala City,Kampala,variant_mapped,2022-12-10,2022-12-10,%Y-%m-%d,Male,M,mapped,,
CUST101335,Ouma Ruth,+256701552514,ouma.ruth@mail.com,Gulu,2024-12-30,,0701552514,+256701552514,valid,Guluu,Gulu,variant_mapped,30/12/2024,2024-12-30,%d/%m/%Y,,,missing,CUST104850,
CUST101336,Isaac Ssebugwawo,+256775540410,isaac.ssebugwawo@mail.com,Soroti,2023-09-15,F,+256775540410,+256775540410,valid,Soroti District,Soroti,variant_mapped,2023-09-15,2023-09-15,%Y-%m-%d,Female,F,mapped,,
CUST101337,Isaac Ssekandi,+256709928736,isaac.ssekandi@srg.co.ug,Gulu,2021-07-24,F,709928736,+256709928736,valid,Gulu,Gulu,exact,24-07-2021,2021-07-24,%d-%m-%Y,Female,F,mapped,CUST101507,
CUST101338,Irene Kafeero,+256750008293,irenekafeero@gmail.com,Kasese,2021-12-17,F,0750008293,+256750008293,valid,Kasese,Kasese,exact,17-12-2021,2021-12-17,%d-%m-%Y,Female,F,mapped,,
CUST101339,JANE ACHIENG,+256757779040,janeachieng55@yahoo.com,Jinja,2021-04-02,M,+256757779040,+256757779040,valid,Jinja City,Jinja,exact,2021-04-02,2021-04-02,%Y-%m-%d,Male,M,mapped,CUST103030,
CUST101341,Nakiganda Nakiganda,+256739074408,nakiganda.nakiganda@gmail.com,Jinja,2023-11-04,,+256739074408,+256739074408,valid,Jinja,Jinja,exact,2023-11-04,2023-11-04,%Y-%m-%d,,,missing,CUST101675,
CUST101342,Stephen Kizza,+256784699998,stephen.kizza@mail.com,Mbarara,2022-02-10,F,+256784699998,+256784699998,valid,Mbararra,Mbarara,variant_mapped,10/02/2022,2022-02-10,%d/%m/%Y,Female,F,mapped,,
CUST101343,Patrick Atukunda,+256743970488,patrickatukunda@srg.co.ug,Kabale,2024-04-30,F,0743970488,+256743970488,valid,Kabale,Kabale,exact,30/04/2024,2024-04-30,%d/%m/%Y,F,F,mapped,,
CUST101344,Isaac Nakato,,isaac.nakato@gmail.com,Wakiso,2021-03-02,F,,,missing,Wakiso,Wakiso,exact,2021-03-02,2021-03-02,%Y-%m-%d,Female,F,mapped,,
CUST101345,Godfrey,+256703281134,godfrey@outlook.com,Nebbi,,F,+256703281134,+256703281134,valid,nebbi,Nebbi,exact,,,missing,Female,F,mapped,,
CUST101346,Ssimbwa Wasswa,+256733504763,ssimbwa.wasswa@srg.co.ug,Mbale,,,0733504763,+256733504763,valid,Mbale,Mbale,exact,,,missing,,,missing,,
CUST101347,Agnes Ninsiima,+256757063352,agnes.ninsiima@mail.com,Mbarara,2025-04-26,,075-706-3352,+256757063352,valid,MBARARA,Mbarara,exact,26-04-2025,2025-04-26,%d-%m-%Y,,,missing,CUST104187,
CUST101348,Godfrey Kamoga,,godfrey.kamoga@srg.co.ug,Wakiso,2025-09-07,F,,,missing,Wakiso,Wakiso,exact,07/09/2025,2025-09-07,%d/%m/%Y,Female,F,mapped,,
CUST101349,Catherine Nalubega,+256741745156,catherine.nalubega@yahoo.com,Kampala,2021-07-07,M,074-174-5156,+256741745156,valid,Kampala,Kampala,exact,07-07-2021,2021-07-07,%d-%m-%Y,Male,M,mapped,,
CUST101350,Kamoga Achieng,+256720101344,kamoga.achieng@outlook.com,Nakasongola,2022-09-03,M,072-010-1344,+256720101344,valid,nakasongola,Nakasongola,exact,2022-09-03,2022-09-03,%Y-%m-%d,M,M,mapped,,
CUST101351,Peter Nalubega,+256775666970,peter.nalubega@gmail.com,Mbarara,2022-04-28,M,775666970,+256775666970,valid,Mbarara City,Mbarara,exact,2022-04-28,2022-04-28,%Y-%m-%d,M,M,mapped,,
CUST101352,Nankya Ssimbwa,,nankyassimbwa53@outlook.com,Mbale,2022-02-19,,,,missing,Mbale,Mbale,exact,19/02/2022,2022-02-19,%d/%m/%Y,,,missing,,
CUST101353,Nakiganda Ssempebwa,+256739075630,nakiganda.ssempebwa@mail.com,Kampala,2021-07-17,F,0739075630,+256739075630,valid,Kampala,Kampala,exact,17/07/2021,2021-07-17,%d/%m/%Y,Female,F,mapped,,
CUST101354,Atjm Namubiru,+256787566691,atim.namubiru@yahoo.com,Wakiso,2022-07-14,F,787566691,+256787566691,valid,Wakiso District,Wakiso,variant_mapped,14/07/2022,2022-07-14,%d/%m/%Y,Female,F,mapped,CUST103390,REVIEW: possible duplicate
CUST101355,Byaruhanga Ssebugwawo,+256724965691,byaruhangassebugwawo8@hotmail.com,Masindi,2023-05-21,M,256724965691,+256724965691,valid,Masindi,Masindi,exact,2023-05-21,2023-05-21,%Y-%m-%d,Male,M,mapped,,
CUST101356,John Guma,+256797836429,john.guma@mail.com,Hoima,2022-10-09,M,+256797836429,+256797836429,valid,Hoima,Hoima,exact,2022-10-09,2022-10-09,%Y-%m-%d,Male,M,mapped,,
CUST101358,Alexander Wasswa,+256777144532,alexander.wasswa@mail.com,Mukono,2024-06-12,F,777144532,+256777144532,valid,Mukono,Mukono,exact,2024-06-12,2024-06-12,%Y-%m-%d,Female,F,mapped,,
CUST101359,Nakayiza Robert,+256782217789,nakayiza.robert@hotmail.com,Isingiro,2024-03-15,M,256782217789,+256782217789,valid,Isingiro,Isingiro,exact,15/03/2024,2024-03-15,%d/%m/%Y,Male,M,mapped,,
CUST101360,Collins Ssebugwawo,+256781950316,collins.ssebugwawo@gmail.com,Gulu,2022-02-08,F,0781950316,+256781950316,valid,Gulu,Gulu,exact,2022-02-08,2022-02-08,%Y-%m-%d,Female,F,mapped,,
CUST101361,Okello Namubiru,+256758025021,okello.namubiru@srg.co.ug,Mukono,2024-10-11,M,0758025021,+256758025021,valid,Mukono,Mukono,exact,11/10/2024,2024-10-11,%d/%m/%Y,Male,M,mapped,,
CUST101362,Ssekandi,,ssekandi@outlook.com,Kiruhura,2024-07-13,M,,,missing,Kiruhura,Kiruhura,exact,2024-07-13,2024-07-13,%Y-%m-%d,Male,M,mapped,,
CUST101363,Mubiru Wanyama,+256716795889,mubiru.wanyama@yahoo.com,Iganga,2025-07-18,M,+256716795889,+256716795889,valid,Iganga,Iganga,exact,2025-07-18,2025-07-18,%Y-%m-%d,Male,M,mapped,,
CUST101364,Florence Munezero,+256701838528,florence.munezero@yahoo.com,Kampala,2022-12-29,M,0701838528,+256701838528,valid,Kampala,Kampala,exact,29-12-2022,2022-12-29,%d-%m-%Y,Male ,M,mapped,CUST103301;CUST103681,
CUST101365,Stephen Achieng,+256716078563,stephen.achieng@mail.com,Kampala,2024-09-16,F,716078563,+256716078563,valid,Kampala,Kampala,exact,2024-09-16,2024-09-16,%Y-%m-%d,Female,F,mapped,,
CUST101366,Lubega Florence,+256735066783,lubegaflorence@mail.com,Wakiso,2025-03-03,M,0735066783,+256735066783,valid,Wakiso,Wakiso,exact,2025-03-03,2025-03-03,%Y-%m-%d,Male,M,mapped,CUST104717,
CUST101367,Irene Ssekandi,+256784239625,irene.ssekandi@mail.com,Mukono,2024-04-29,F,0784239625,+256784239625,valid,Mukono,Mukono,exact,2024-04-29,2024-04-29,%Y-%m-%d,Female,F,mapped,CUST103600,
CUST101368,Ssemakula Kafeero,+256730587468,ssemakulakafeero52@yahoo.com,Hoima,2021-08-26,M,256730587468,+256730587468,valid,Hoima,Hoima,exact,2021-08-26,2021-08-26,%Y-%m-%d,Male,M,mapped,,
CUST101369,Sarah Atim,+256754280004,sarahatim69@srg.co.ug,Wakiso,2021-02-16,M,+256754280004,+256754280004,valid,Wakiso,Wakiso,exact,16/02/2021,2021-02-16,%d/%m/%Y,Male,M,mapped,CUST102720,
CUST101370,Isaac Kizza,+256745590237,isaac.kizza@srg,Fort Portal,2025-07-24,,074-559-0237,+256745590237,valid,Fort Portal,Fort Portal,exact,24-07-2025,2025-07-24,%d-%m-%Y,,,missing,,
CUST101371,Daniel Nakato,+256723237120,daniel.nakato@gmail.com,Kampala,2023-09-16,M,072-323-7120,+256723237120,valid,Kampala,Kampala,exact,16/09/2023,2023-09-16,%d/%m/%Y,Male,M,mapped,,
CUST101372,Kyomuhendo David,+256736612115,kyomuhendo.david@gmail.com,Rakai,2025-05-03,M,256736612115,+256736612115,valid,rakai,Rakai,exact,2025-05-03,2025-05-03,%Y-%m-%d,Male,M,mapped,,
CUST101373,Naomi,+256787588096,naomioutlook.com,Kampala,2025-07-01,F,0787588096,+256787588096,valid,Kampala,Kampala,exact,2025-07-01,2025-07-01,%Y-%m-%d,Female,F,mapped,CUST102519;CUST104095,
CUST101374,Dorothy Nakiganda,+256736969585,dorothy.nakiganda@mail.com,Kitgum,2024-10-14,M,256736969585,+256736969585,valid,Kitgum,Kitgum,exact,14/10/2024,2024-10-14,%d/%m/%Y,Male,M,mapped,,
CUST101375,Mary Butime,+256781147155,mary.butime@hotmail.com,Masaka,2024-01-15,M,+256781147155,+256781147155,valid,Masaka,Masaka,exact,15/01/2024,2024-01-15,%d/%m/%Y,Male,M,mapped,CUST100291,
CUST101376,Esther Nakayiza,+256796258822,esther.nakayiza@outlook,Kalangala,2022-03-04,,796258822,+256796258822,valid,Kalangala,Kalangala,exact,2022-03-04,2022-03-04,%Y-%m-%d,,,missing,,
CUST101377,Irene Namubiru,+256794852135,irene.namubiru@srg.co.ug,Kampala,2021-05-11,F,+256794852135,+256794852135,valid,Kampala,Kampala,exact,2021-05-11,2021-05-11,%Y-%m-%d,Female,F,mapped,CUST103499,
CUST101382,Guma,+256751828420,,Kampala,2023-06-16,M,0751828420,+256751828420,valid,Kampala CBD,Kampala,fuzzy_mapped,16/06/2023,2023-06-16,%d/%m/%Y,Male,M,mapped,,REVIEW: possible duplicate
CUST101383,Ssempebwa Tumusiime,+256742261553,ssempebwa.tumusiime@outlook.com,Gulu,2024-09-20,,256742261553,+256742261553,valid,Gulu,Gulu,exact,2024-09-20,2024-09-20,%Y-%m-%d,,,missing,,
CUST101385,Nabirye Kambale,+256733971892,nabirye.kambale@yahoo.com,Gulu,2022-05-06,F,0733971892,+256733971892,valid,Gulu,Gulu,exact,2022-05-06,2022-05-06,%Y-%m-%d,Female,F,mapped,CUST101764;CUST104816,
CUST101386,Ssekandi Olweny,+256708785326,ssekandi.olweny@hotmail.com,Iganga,2024-02-13,M,+256 70 878 5326,+256708785326,valid,Iganga,Iganga,exact,13/02/2024,2024-02-13,%d/%m/%Y,Male,M,mapped,,
CUST101388,Munezero Ninsiima,+256727070169,munezeroninsiima51@hotmail,Lyantonde,2021-07-05,F,0727070169,+256727070169,valid,Lyantonde,Lyantonde,exact,05/07/2021,2021-07-05,%d/%m/%Y,Female ,F,mapped,,
CUST101389,Namubiru Kibirige,+256719162855,namubiru.kibirige@mail.com,Sembabule,2024-04-02,M,+256719162855,+256719162855,valid,Sembabule,Sembabule,exact,2024-04-02,2024-04-02,%Y-%m-%d,Male,M,mapped,CUST101821,
CUST101390,Kyomuhendo Ssebugwawo,+256742013023,kyomuhendossebugwawo18@srg.co.ug,Kampala,2021-04-21,F,0742013023,+256742013023,valid,Kampala,Kampala,exact,2021-04-21,2021-04-21,%Y-%m-%d,Female,F,mapped,,
CUST101391,Andrew Nabbanja,+256798059654,andrew.nabbanjasrg.co.ug,Tororo,2025-03-15,F,0798059654,+256798059654,valid,Tororo,Tororo,exact,2025-03-15,2025-03-15,%Y-%m-%d,F,F,mapped,CUST103988,
CUST101392,Robert Ssimbwa,+256712695472,robert.ssimbwa@mail.com,Fort Portal,2023-03-01,M,0712695472,+256712695472,valid,fort portal,Fort Portal,exact,01-03-2023,2023-03-01,%d-%m-%Y,Male,M,mapped,,
CUST101393,Munezero Nakato,+256797512053,munezero.nakatogmail.com,Kampala,2022-08-20,,+256797512053,+256797512053,valid,Kampala ,Kampala,exact,20/08/2022,2022-08-20,%d/%m/%Y,,,missing,,
CUST101394,Rebecca Nakato,+256799349855,,Gulu,2022-06-04,M,799349855,+256799349855,valid,Gulu City,Gulu,exact,2022-06-04,2022-06-04,%Y-%m-%d,M,M,mapped,CUST104148,
CUST101396,Rebecca Nakato,+256788744922,rebecca.nakato@hotmail.com,Fort Portal,2022-03-08,M,256788744922,+256788744922,valid,Kabarole,Fort Portal,exact,08/03/2022,2022-03-08,%d/%m/%Y,Male,M,mapped,,
CUST101397,Namubiru Tumusiime,+256755366000,namubiru.tumusiime@hotmail.com,Jinja,2024-11-18,F,+256755366000,+256755366000,valid,Jinja City,Jinja,exact,2024-11-18,2024-11-18,%Y-%m-%d,F,F,mapped,,
CUST101398,Namubiru Atim,+256733225074,,Wakiso,2022-09-04,F,+256 73 322 5074,+256733225074,valid,Wakiso,Wakiso,exact,04/09/2022,2022-09-04,%d/%m/%Y,Female,F,mapped,CUST103501,REVIEW: possible duplicate
CUST101399,Ssebugwawo Mugisha,+256734875218,ssebugwawo.mugisha@gmail.com,Sembabule,2025-02-22,M,+256734875218,+256734875218,valid,Sembabule,Sembabule,exact,22-02-2025,2025-02-22,%d-%m-%Y,Male,M,mapped,,
CUST101400,Brian Kafeero,+256736643396,brian.kafeero@yahoo.com,Mukono,2024-07-16,,+256736643396,+256736643396,valid,Mukono,Mukono,exact,2024-07-16,2024-07-16,%Y-%m-%d,,,missing,,
CUST101401,Irene,+256702909058,irene@mail.com,Wakiso,2024-03-13,F,+256702909058,+256702909058,valid,Wakiso,Wakiso,exact,2024-03-13,2024-03-13,%Y-%m-%d,Female ,F,mapped,CUST101988,
CUST101402,Kyebambe Naomi,+256735015093,kyebambe.naomi@hotmail.com,Kampala,2024-01-24,F,256735015093,+256735015093,valid,Kampala,Kampala,exact,2024-01-24,2024-01-24,%Y-%m-%d,Female,F,mapped,CUST103396,
CUST101403,Nabbanja Kyomuhendo,+256746214472,nabbanja.kyomuhendo@yahoo.com,Kampala,2023-11-16,F,+256 74 621 4472,+256746214472,valid,Kampala,Kampala,exact,16-11-2023,2023-11-16,%d-%m-%Y,Female,F,mapped,,
CUST101404,Harriet Byaruhanga,+256721007482,harriet.byaruhanga@yahoo.com,Isingiro,2021-11-20,F,256721007482,+256721007482,valid,Isingiro,Isingiro,exact,20/11/2021,2021-11-20,%d/%m/%Y,Female,F,mapped,CUST104273,
CUST101405,Tumusiime Emmanuel,+256709805740,tumusiime.emmanuel@hotmail.com,Gulu,2022-11-28,F,709805740,+256709805740,valid,Gulu,Gulu,exact,2022-11-28,2022-11-28,%Y-%m-%d,Female,F,mapped,CUST103149;CUST104109,
CUST101406,Lubega Nabirye,+256779403414,lubega.nabirye@gmail.com,Jinja,2025-05-16,M,+256 77 940 3414,+256779403414,valid,JINJA,Jinja,exact,2025-05-16,2025-05-16,%Y-%m-%d,Male,M,mapped,CUST104968,
CUST101408,Nakiganda Okello,+256721041312,,Mbarara,2025-07-07,F,256721041312,+256721041312,valid,Mbarara City,Mbarara,exact,2025-07-07,2025-07-07,%Y-%m-%d,F,F,mapped,CUST104588,
CUST101409,Agnes Ssentongo,+256716255187,agnes.ssentongo@yahoo.com,Central,2021-05-27,M,+256716255187,+256716255187,valid,Central,Central,unresolved,2021-05-27,2021-05-27,%Y-%m-%d,M,M,mapped,CUST102916,
CUST101410,Kibirige Lubega,+256733116336,kibirige.lubega@gmail.com,Wakiso,2025-09-03,M,+256733116336,+256733116336,valid,Wakiso,Wakiso,exact,2025-09-03,2025-09-03,%Y-%m-%d,Male,M,mapped,,
CUST101411,Ronald Olweny,+256778536886,ronald.olweny@gmail.com,Kampala,2024-03-10,M,077-853-6886,+256778536886,valid,Kampala,Kampala,exact,2024-03-10,2024-03-10,%Y-%m-%d,Male ,M,mapped,CUST103443,
CUST101412,Catherine Mukasa,+256730840266,catherinemukasa54@srg.co.ug,Mukono,2024-04-05,M,0730840266,+256730840266,valid,Mukono,Mukono,exact,05-04-2024,2024-04-05,%d-%m-%Y,Male,M,mapped,,
CUST101413,Alexander Guma,+256790161223,alexanderguma36@gmail,Kampala,2021-07-29,F,0790161223,+256790161223,valid,Kampala,Kampala,exact,29/07/2021,2021-07-29,%d/%m/%Y,Female,F,mapped,CUST103292,
CUST101414,Dorothy Nakato,+256719379896,dorothy.nakato@yahoo.com,Mukono,,M,+256719379896,+256719379896,valid,Mukono,Mukono,exact,,,missing,Male,M,mapped,,
CUST101415,Joseph Olweny,+256798868266,,Wakiso,2021-07-03,M,0798868266,+256798868266,valid,Wakiso,Wakiso,exact,03/07/2021,2021-07-03,%d/%m/%Y,M,M,mapped,CUST104303,
CUST101416,Naomi Ahabwe,+256709021325,naomiahabwe25@gmail.com,Masaka,2021-12-05,F,709021325,+256709021325,valid,Masaka,Masaka,exact,05/12/2021,2021-12-05,%d/%m/%Y,Female,F,mapped,,
CUST101417,O. Kambale,+256784681102,ouma.kambale@yahoo.com,Kampala,2022-02-07,M,784681102,+256784681102,valid,Kampala,Kampala,exact,07/02/2022,2022-02-07,%d/%m/%Y,Male,M,mapped,CUST104186,
CUST101418,Daniel Mukasa,+256778332236,danielmukasa18@hotmail.com,Mukono,2022-12-24,M,+256778332236,+256778332236,valid,Mukono,Mukono,exact,2022-12-24,2022-12-24,%Y-%m-%d,M,M,mapped,,
CUST101420,Ssekandi Mugisha,+256790790392,ssekandi.mugisha@gmail.com,Jinja,2023-02-01,,079-079-0392,+256790790392,valid,Jinja Town,Jinja,variant_mapped,01-02-2023,2023-02-01,%d-%m-%Y,,,missing,,
CUST101421,Atim Butime,+256715468706,atim.butime@outlook.com,Bushenyi,2024-03-27,F,+256 71 546 8706,+256715468706,valid,bushenyi,Bushenyi,exact,27/03/2024,2024-03-27,%d/%m/%Y,Female,F,mapped,CUST102946;CUST103560,
CUST101422,Nakayiza Emmanuel,,nakayiza.emmanuel@hotmail.com,Wakiso,2025-08-15,F,,,missing,Wakiso,Wakiso,exact,15-08-2025,2025-08-15,%d-%m-%Y,Female,F,mapped,,
CUST101423,Ssemakula Achieng,+256758526322,ssemakulaachieng71@gmail,Kampala,2021-04-04,M,256758526322,+256758526322,valid,Kampala,Kampala,exact,04/04/2021,2021-04-04,%d/%m/%Y,M,M,mapped,CUST102505;CUST102998,
CUST101424,Ssentongo Ssempebwa,+256720239097,ssentongo.ssempebwa@yahoo,Mbale,2023-09-08,M,072-023-9097,+256720239097,valid,Mbale,Mbale,exact,2023-09-08,2023-09-08,%Y-%m-%d,M,M,mapped,CUST102009,
CUST101425,Mugisha Kyomuhendo,+256759976656,mugishakyomuhendo22@gmail.com,Kampala,2021-07-20,M,759976656,+256759976656,valid,kampala district,Kampala,variant_mapped,2021-07-20,2021-07-20,%Y-%m-%d,Male,M,mapped,,
CUST101427,Nakiganda Kafeero,+256702301896,nakiganda.kafeero@mail.com,Gulu,2021-03-10,F,256702301896,+256702301896,valid,Guluu,Gulu,variant_mapped,2021-03-10,2021-03-10,%Y-%m-%d,Female,F,mapped,,
CUST101428,Nakiganda Kambale,+256733175040,nakiganda.kambale@hotmail.com,Bushenyi,2025-10-10,F,+256 73 317 5040,+256733175040,valid,Bushenyi,Bushenyi,exact,10/10/2025,2025-10-10,%d/%m/%Y,Female,F,mapped,,
CUST101430,Grace Ssimbwa,+256745559045,,Kitgum,2024-01-15,M,256745559045,+256745559045,valid,kitgum,Kitgum,exact,2024-01-15,2024-01-15,%Y-%m-%d,Male ,M,mapped,,
CUST101432,Mugisha Kyebambe,,,Kampala,2025-09-22,M,,,missing,Kampala,Kampala,exact,2025-09-22,2025-09-22,%Y-%m-%d,M,M,mapped,,
CUST101433,Ssemakula Florence,+256797970265,ssemakula.florence@yahoo.com,Kampala,2021-07-09,M,0797970265,+256797970265,valid,Kampala,Kampala,exact,2021-07-09,2021-07-09,%Y-%m-%d,Male,M,mapped,,
CUST101434,Wanyama Kamoga,+256784751718,wanyama.kamogamail.com,Jinja,2025-07-13,F,+256784751718,+256784751718,valid,Jinja,Jinja,exact,2025-07-13,2025-07-13,%Y-%m-%d,Female,F,mapped,CUST103985,
CUST101435,Collins,,collins@srg.co.ug,Kampala,2024-04-12,F,,,missing,Kampala Region,Kampala,variant_mapped,2024-04-12,2024-04-12,%Y-%m-%d,F,F,mapped,,
CUST101436,Ouma Patrick,+256753038412,ouma.patrick@mail.com,Gulu,2021-12-31,F,256753038412,+256753038412,valid,Gulu,Gulu,exact,2021-12-31,2021-12-31,%Y-%m-%d,F,F,mapped,,
CUST101437,Ssempebwa Robert,+256700360014,ssempebwa.robert@mail.com,Gulu,2024-04-29,M,+256700360014,+256700360014,valid,Gulu,Gulu,exact,29-04-2024,2024-04-29,%d-%m-%Y,Male,M,mapped,,
CUST101438,Nakato Naomi,+256733696449,nakato.naomi@outlook.com,Kampala,2022-09-15,F,733696449,+256733696449,valid,Kampala,Kampala,exact,15/09/2022,2022-09-15,%d/%m/%Y,Female,F,mapped,,
CUST101440,Atim Wasswa,+256799722913,atim.wasswa@gmail.com,Kiruhura,2025-08-01,F,+256 79 972 2913,+256799722913,valid,kiruhura,Kiruhura,exact,2025-08-01,2025-08-01,%Y-%m-%d,Female,F,mapped,,
CUST101441,Ruth,+256770833007,ruth@mail.com,Arua,2024-02-20,F,0770833007,+256770833007,valid,Arua City,Arua,exact,20/02/2024,2024-02-20,%d/%m/%Y,Female,F,mapped,,
CUST101442,Robert Kambale,+256724664822,robert.kambale@hotmail.com,Kampala,2024-09-09,M,0724664822,+256724664822,valid,Kampala,Kampala,exact,2024-09-09,2024-09-09,%Y-%m-%d,Male,M,mapped,,
CUST101443,Nalubega Ahabwe,,nalubega.ahabwe@hotmail.com,Soroti,2023-06-21,F,,,missing,Soroti,Soroti,exact,2023-06-21,2023-06-21,%Y-%m-%d,Female ,F,mapped,CUST102399,
CUST101446,Dorothy Ahabwe,+256704254564,dorothy.ahabwe@yahoo.com,Kampala,2021-10-14,,+256704254564,+256704254564,valid,Kampala,Kampala,exact,2021-10-14,2021-10-14,%Y-%m-%d,,,missing,CUST104267,
CUST101447,Timothy Nakiganda,+256734829323,timothy.nakiganda@hotmail.com,Mukono,2021-12-29,,0734829323,+256734829323,valid,Mukko,Mukono,variant_mapped,2021-12-29,2021-12-29,%Y-%m-%d,,,missing,,
CUST101448,A. Ssemakula,+256732191303,andrew.ssemakula@yahoo,Iganga,2024-07-02,F,0732191303,+256732191303,valid,Iganga Town,Iganga,variant_mapped,2024-07-02,2024-07-02,%Y-%m-%d,Female,F,mapped,CUST103437,
CUST101449,Dorothy Olweny,,dorothy.olweny@gmail.com,Kampala,2024-06-11,M,,,missing,Kampala,Kampala,exact,11/06/2024,2024-06-11,%d/%m/%Y,Male,M,mapped,,
CUST101450,Rebecca Guma,+256723265429,rebecca.guma@hotmail.com,Mukono,2025-01-09,M,+256723265429,+256723265429,valid,Mukko,Mukono,variant_mapped,2025-01-09,2025-01-09,%Y-%m-%d,M,M,mapped,,
CUST101451,Jane Mubiru,+256703733169,jane.mubiru@mail.com,Bushenyi,2023-11-02,M,256703733169,+256703733169,valid,Bushenyi,Bushenyi,exact,2023-11-02,2023-11-02,%Y-%m-%d,Male,M,mapped,,
CUST101452,Catherine Nsereko,+256723717343,catherine.nsereko@mail.com,Wakiso,2023-08-06,,256723717343,+256723717343,valid,Wakiso,Wakiso,exact,06/08/2023,2023-08-06,%d/%m/%Y,,,missing,CUST104440,
CUST101453,Beatrice Kamoga,+256704669244,beatrice.kamoga@mail.com,Wakiso,2021-08-16,F,+256704669244,+256704669244,valid,Wakiso,Wakiso,exact,2021-08-16,2021-08-16,%Y-%m-%d,Female,F,mapped,CUST103296,
CUST101455,Ssemakula Ssentongo,+256742607445,ssemakulassentongo36@yahoo.com,Gulu,,M,0742607445,+256742607445,valid,Gulu,Gulu,exact,,,missing,M,M,mapped,,
CUST101456,Nalubega Ssentongo,+256737813173,nalubega.ssentongo@srg.co.ug,Kampala,2022-12-24,F,+256737813173,+256737813173,valid,Kampala,Kampala,exact,2022-12-24,2022-12-24,%Y-%m-%d,F,F,mapped,,
CUST101457,Juliet Ssebugwawo,+256794971005,julietssebugwawo@outlook.com,Wakiso,2023-01-06,F,256794971005,+256794971005,valid,Wakiso,Wakiso,exact,2023-01-06,2023-01-06,%Y-%m-%d,F,F,mapped,,
CUST101458,Alexander Kambale,+256709590460,alexanderkambale@mail.com,Masaka,2022-10-02,F,256709590460,+256709590460,valid,Masacka,Masaka,variant_mapped,02/10/2022,2022-10-02,%d/%m/%Y,F,F,mapped,,
CUST101459,Nabirye Katusiime,+256724431908,nabirye.katusiime@mail,Kalangala,2022-10-29,F,+256 72 443 1908,+256724431908,valid,Kalangala,Kalangala,exact,29-10-2022,2022-10-29,%d-%m-%Y,Female,F,mapped,,
CUST101460,Nakayiza Butime,,nakayiza.butime@gmail.com,Luwero,2024-01-29,F,,,missing,Luwero,Luwero,exact,2024-01-29,2024-01-29,%Y-%m-%d,Female ,F,mapped,,
CUST101461,Andrew Kambale,+256784453210,andrew.kambale@gmail.com,Gulu,2022-04-19,F,+256 78 445 3210,+256784453210,valid,Gulu,Gulu,exact,2022-04-19,2022-04-19,%Y-%m-%d,Female,F,mapped,CUST101867;CUST103190,
CUST101462,Mubiru Lubega,+256777808704,mubiru.lubega@outlook.com,Soroti,2024-05-04,M,777808704,+256777808704,valid,soroti,Soroti,exact,2024-05-04,2024-05-04,%Y-%m-%d,M,M,mapped,,
CUST101463,Kyomuhendo Nalubega,+256718669940,kyomuhendo.nalubega@hotmail.com,Mukono,2022-02-06,F,718669940,+256718669940,valid,Mukono,Mukono,exact,2022-02-06,2022-02-06,%Y-%m-%d,Female ,F,mapped,,
CUST101464,Alexander Kyomuhendo,+256703185393,alexander.kyomuhendo@srg.co.ug,Wakiso,2024-08-22,F,703185393,+256703185393,valid,Wakiso,Wakiso,exact,2024-08-22,2024-08-22,%Y-%m-%d,Female,F,mapped,,
CUST101465,Guma Atim,+256770717514,guma.atim@yahoo.com,Kampala,2022-12-15,,0770717514,+256770717514,valid,Kampala,Kampala,exact,2022-12-15,2022-12-15,%Y-%m-%d,,,missing,CUST102499,
CUST101466,Jane Kafeero,+256735304828,jane.kafeero@yahoo.com,Gulu,2022-08-20,M,+256735304828,+256735304828,valid,Gulu,Gulu,exact,20/08/2022,2022-08-20,%d/%m/%Y,Male,M,mapped,,
CUST101467,Namutebi Ssempebwa,,namutebi.ssempebwa@outlook.com,Kabale,2024-03-22,,,,missing,Kabale,Kabale,exact,22/03/2024,2024-03-22,%d/%m/%Y,,,missing,CUST104143;CUST104642,
CUST101468,Joan Okello,+256751729313,joan.okello@srg.co.ug,Kampala,2023-10-26,,0751729313,+256751729313,valid,Kampala,Kampala,exact,2023-10-26,2023-10-26,%Y-%m-%d,,,missing,CUST102899,
CUST101471,Achieng Ronald,+256705889703,achieng.ronald@srg.co.ug,Kampala,2022-08-15,M,+256705889703,+256705889703,valid,Kampala,Kampala,exact,2022-08-15,2022-08-15,%Y-%m-%d,Male ,M,mapped,,REVIEW: possible duplicate
CUST101473,Florence Mubiru,+256733370656,florence.mubiru@gmail.com,Kampala,2021-11-17,M,+256733370656,+256733370656,valid,Kampala,Kampala,exact,2021-11-17,2021-11-17,%Y-%m-%d,Male,M,mapped,,
CUST101475,Atim Ssekandi,+256716405326,atim.ssekandi@hotmail.com,Mbale,2022-01-25,F,0716405326,+256716405326,valid,Mbale,Mbale,exact,25/01/2022,2022-01-25,%d/%m/%Y,Female,F,mapped,CUST103657;CUST104878,
CUST101476,Catherine Kibirige,+256712507736,catherinekibirige25@hotmail.com,Gulu,2023-06-24,M,+256 71 250 7736,+256712507736,valid,gulu,Gulu,exact,24/06/2023,2023-06-24,%d/%m/%Y,Male,M,mapped,,
CUST101477,Kizza Nakato,+256710163704,kizzanakato97@mail.com,Mbale,,,0710163704,+256710163704,valid,Mbale,Mbale,exact,,,missing,,,missing,CUST102704,
CUST101478,Timothy Kyebambe,+256778785001,timothy.kyebambe@mail.com,Mukono,2024-06-01,F,0778785001,+256778785001,valid,Mukkono,Mukono,variant_mapped,01/06/2024,2024-06-01,%d/%m/%Y,Female,F,mapped,CUST101700,
CUST101479,Harriet Byaruhanga,+256784510977,harriet.byaruhanga@srg.co.ug,Kampala,2024-11-14,F,256784510977,+256784510977,valid,Kampala (Central),Kampala,variant_mapped,2024-11-14,2024-11-14,%Y-%m-%d,Female,F,mapped,,
CUST101480,Kamoga Nakayiza,+256790406767,kamoga.nakayiza@outlook.com,Mbale,2025-06-16,F,790406767,+256790406767,valid,Mbale,Mbale,exact,16-06-2025,2025-06-16,%d-%m-%Y,F,F,mapped,CUST101600,
CUST101481,Nsereko Ssebugwawo,+256730216473,nsereko.ssebugwawo@mail.com,Wakiso,2025-02-22,M,730216473,+256730216473,valid,Wakiso,Wakiso,exact,2025-02-22,2025-02-22,%Y-%m-%d,Male,M,mapped,,
CUST101482,namutebi ssempebwa,+256720157861,namutebi.ssempebwa@gmail,Isingiro,,,0720157861,+256720157861,valid,Isingiro,Isingiro,exact,,,missing,,,missing,CUST102681;CUST104788,
CUST101483,Nalubega Joseph,,nalubega.joseph@yahoo.com,Bushenyi,2023-01-04,M,,,missing,Bushenyi,Bushenyi,exact,2023-01-04,2023-01-04,%Y-%m-%d,Male,M,mapped,,
CUST101484,Ruth Mugisha,+256730622420,ruth.mugisha@hotmail.com,Jinja,2025-01-23,F,+256730622420,+256730622420,valid,Jinjja,Jinja,variant_mapped,2025-01-23,2025-01-23,%Y-%m-%d,Female,F,mapped,,
CUST101485,Wanyama Katusiime,+256724499648,,Kalangala,2022-06-25,F,0724499648,+256724499648,valid,Kalangala,Kalangala,exact,2022-06-25,2022-06-25,%Y-%m-%d,Female,F,mapped,,
CUST101486,Ssimbwa Munezero,+256735983597,ssimbwa.munezero@outlook.com,Kampala,2023-12-24,F,0735983597,+256735983597,valid,Kampala,Kampala,exact,2023-12-24,2023-12-24,%Y-%m-%d,Female,F,mapped,,
CUST101488,Kyomuhendo Achieng,+256779667977,kyomuhendoachieng79@hotmail.com,Nakasongola,2021-10-04,F,256779667977,+256779667977,valid,nakasongola,Nakasongola,exact,04-10-2021,2021-10-04,%d-%m-%Y,Female,F,mapped,CUST101964,
CUST101489,Wasswa Nakato,+256703846327,wasswa.nakato@outlook.com,Jinja,2021-10-25,M,0703846327,+256703846327,valid,Jinja,Jinja,exact,25-10-2021,2021-10-25,%d-%m-%Y,M,M,mapped,CUST101579,
CUST101491,Esther Lubega,+256721968631,esther.lubega@srg.co.ug,Soroti,2022-08-03,M,0721968631,+256721968631,valid,soroti,Soroti,exact,2022-08-03,2022-08-03,%Y-%m-%d,M,M,mapped,,
CUST101492,Godfrey Ssekandi,+256747747046,godfrey.ssekandi@srg.co.ug,Mbarara,2023-01-18,F,747747046,+256747747046,valid,Mbarara,Mbarara,exact,2023-01-18,2023-01-18,%Y-%m-%d,Female,F,mapped,,
CUST101493,Daniel Katusiime,,daniel.katusiime@yahoo.com,Lira,2024-12-23,M,,,missing,Lira District,Lira,variant_mapped,2024-12-23,2024-12-23,%Y-%m-%d,Male ,M,mapped,,
CUST101494,Ssimbwa Ssekandi,+256737864274,ssimbwa.ssekandi@srg.co.ug,Kayunga,2024-11-29,,737864274,+256737864274,valid,Kayunga,Kayunga,exact,2024-11-29,2024-11-29,%Y-%m-%d,,,missing,,
CUST101495,Patrick Wanyama,+256790095903,patrickwanyama56@mail.com,Mpigi,2024-09-10,F,256790095903,+256790095903,valid,Mpigi,Mpigi,exact,2024-09-10,2024-09-10,%Y-%m-%d,Female,F,mapped,,
CUST101496,Ssempebwa Nakato,+256787513000,ssempebwanakato1@hotmail.com,Kiruhura,2025-02-28,M,256787513000,+256787513000,valid,Kiruhura,Kiruhura,exact,2025-02-28,2025-02-28,%Y-%m-%d,Male,M,mapped,,
CUST101497,Mercy,,mercy@outlook.com,Wakiso,2021-06-09,F,,,missing,Wakiso,Wakiso,exact,09/06/2021,2021-06-09,%d/%m/%Y,Female,F,mapped,,
CUST101498,Grace Wasswa,+256714758898,grace.wasswa@gmail.com,Gulu,2025-05-26,M,071-475-8898,+256714758898,valid,Gulu,Gulu,exact,2025-05-26,2025-05-26,%Y-%m-%d,Male,M,mapped,,
CUST101499,Namutebi Mugisha,+256786016211,namutebi.mugisha@srg.co.ug,Mukono,2023-02-09,F,0786016211,+256786016211,valid,Mukono,Mukono,exact,09/02/2023,2023-02-09,%d/%m/%Y,Female,F,mapped,CUST104884,
CUST101501,Beatrice Nabbanja,+256721048196,beatrice.nabbanja@hotmail.com,Mbarara,2023-12-12,F,721048196,+256721048196,valid,MBARARA,Mbarara,exact,12/12/2023,2023-12-12,%d/%m/%Y,Female,F,mapped,,
CUST101503,Kibirige,+256797932989,kibirige@mail.com,Jinja,2022-04-22,,797932989,+256797932989,valid,Jinja,Jinja,exact,22/04/2022,2022-04-22,%d/%m/%Y,,,missing,,
CUST101505,Kamoga Nakiganda,+256783786597,kamoga.nakiganda@srg.co.ug,Kumi,2023-02-07,F,+256783786597,+256783786597,valid,Kumi,Kumi,exact,2023-02-07,2023-02-07,%Y-%m-%d,Female ,F,mapped,,
CUST101506,Nalubega Achieng,+256743352598,nalubega.achieng@srg.co.ug,Wakiso,2023-02-26,F,+256743352598,+256743352598,valid,Wakiso,Wakiso,exact,26/02/2023,2023-02-26,%d/%m/%Y,Female,F,mapped,,
CUST101508,Namuwiru Kamoga,+256745522274,namubiru.kamoga@outlook.com,Nebbi,2021-08-10,,+256745522274,+256745522274,valid,Nebbi,Nebbi,exact,10/08/2021,2021-08-10,%d/%m/%Y,,,missing,CUST103183,
CUST101510,Nsereko Ssebugwawo,+256724030578,nserekossebugwawo@outlook.com,Wakiso,2023-09-21,M,+256 72 403 0578,+256724030578,valid,Wakiso,Wakiso,exact,21/09/2023,2023-09-21,%d/%m/%Y,Male,M,mapped,,
CUST101511,Jane Ssimbwa,+256770654048,jane.ssimbwa@gmail.com,Gulu,2024-03-25,M,770654048,+256770654048,valid,Gulu,Gulu,exact,2024-03-25,2024-03-25,%Y-%m-%d,Male,M,mapped,,
CUST101512,Ssemakula Ssekandi,,ssemakulassekandi@hotmail.com,Jinja,2021-08-15,M,,,missing,Jinja,Jinja,exact,2021-08-15,2021-08-15,%Y-%m-%d,Male,M,mapped,,
CUST101513,Sarah Ahabwe,+256703317708,sarah.ahabwe@srg.co.ug,Mukono,2023-01-28,M,+256703317708,+256703317708,valid,Mukono,Mukono,exact,28/01/2023,2023-01-28,%d/%m/%Y,Male,M,mapped,CUST103792,
CUST101514,Peter Nsereko,+256723323417,peter.nsereko@gmail.com,Mbale,2023-03-30,,+256723323417,+256723323417,valid,Mbale,Mbale,exact,2023-03-30,2023-03-30,%Y-%m-%d,,,missing,,
CUST101515,Nakiganda Kamoga,+256700895131,nakiganda.kamoga@gmail,Jinja,2025-10-11,,0700895131,+256700895131,valid,Jinja,Jinja,exact,11-10-2025,2025-10-11,%d-%m-%Y,,,missing,CUST102150;CUST102434,
CUST101516,Guma Ssimbwa,+256797961805,guma.ssimbwa@mail.com,Tororo,2021-07-08,,+256 79 796 1805,+256797961805,valid,Torroro,Tororo,variant_mapped,08-07-2021,2021-07-08,%d-%m-%Y,,,missing,,
CUST101518,Grace Byaruhanga,,grace.byaruhanga@mail.com,Isingiro,2025-07-22,M,,,missing,Isingiro,Isingiro,exact,2025-07-22,2025-07-22,%Y-%m-%d,Male,M,mapped,,
CUST101519,Dorothy Kyomuhendo,+256784013852,dorothy.kyomuhendo@gmail.com,Gulu,2022-02-11,M,784013852,+256784013852,valid,Gulu,Gulu,exact,2022-02-11,2022-02-11,%Y-%m-%d,Male,M,mapped,,
CUST101521,Nankya Nankya,+256797030292,nankya.nankya@outlook.com,Kampala,2025-05-23,F,0797030292,+256797030292,valid,Kampala Region,Kampala,variant_mapped,23/05/2025,2025-05-23,%d/%m/%Y,F,F,mapped,,
CUST101522,Sarah,+256792964316,sarahgmail.com,Mukono,2023-02-06,M,256792964316,+256792964316,valid,Mukono,Mukono,exact,2023-02-06,2023-02-06,%Y-%m-%d,M,M,mapped,,
CUST101523,Nabbanja Jane,+256738637110,nabbanja.jane@gmail.com,Bundibugyo,2021-09-25,,256738637110,+256738637110,valid,Bundibugyo,Bundibugyo,exact,2021-09-25,2021-09-25,%Y-%m-%d,,,missing,,
CUST101525,Dorothy Munezero,+256746394683,dorothy.munezero@yahoo.com,Wakiso,2022-12-24,,0746394683,+256746394683,valid,Wakiso,Wakiso,exact,2022-12-24,2022-12-24,%Y-%m-%d,,,missing,CUST103059;CUST103957,
CUST101526,LubegaaAhabwe,+256750843664,lubega.ahabwe@srg.co.ug,Kampala,2022-02-18,M,0750843664,+256750843664,valid,Kampala,Kampala,exact,18/02/2022,2022-02-18,%d/%m/%Y,Male,M,mapped,CUST102558,
CUST101527,N. Kambale,+256713264172,nabirye.kambale@gmail.com,Kampala,2021-04-28,F,0713264172,+256713264172,valid,Kampala,Kampala,exact,28/04/2021,2021-04-28,%d/%m/%Y,Female,F,mapped,CUST104686,
CUST101528,Namutebi Ahabwe,+256724243075,namutebi.ahabwe@outlook.com,Arua,2023-04-24,F,0724243075,+256724243075,valid,Arua,Arua,exact,2023-04-24,2023-04-24,%Y-%m-%d,F,F,mapped,,
CUST101529,Mugisha Achieng,+256783834803,mugisha.achieng@yahoo.com,Kiruhura,2024-06-12,M,+256783834803,+256783834803,valid,Kiruhura,Kiruhura,exact,2024-06-12,2024-06-12,%Y-%m-%d,M,M,mapped,CUST101969,
CUST101530,Namutebi Olweny,+256735051149,namutebiolweny@srg.co.ug,Fort Portal,2022-08-23,,+256735051149,+256735051149,valid,Fort Portal,Fort Portal,exact,2022-08-23,2022-08-23,%Y-%m-%d,,,missing,,
CUST101531,OKELLO JOHN,+256717168111,,Soroti,2023-08-31,,+256717168111,+256717168111,valid,Soroti,Soroti,exact,31-08-2023,2023-08-31,%d-%m-%Y,,,missing,CUST103112,
CUST101532,Nabirye Nakayiza,+256749455894,nabirye.nakayiza@outlook.com,Mbale,2025-03-03,F,+256749455894,+256749455894,valid,Mbale,Mbale,exact,2025-03-03,2025-03-03,%Y-%m-%d,Female,F,mapped,,
CUST101533,Kamoga Ssempebwa,+256788195047,kamoga.ssempebwa@gmail.com,Arua,2023-12-02,M,+256788195047,+256788195047,valid,Arua,Arua,exact,02-12-2023,2023-12-02,%d-%m-%Y,Male,M,mapped,,
CUST101534,Kato Ssimbwa,+256710421643,katossimbwa55@srg.co.ug,Kampala,2021-06-26,,071-042-1643,+256710421643,valid,Kampala,Kampala,exact,26/06/2021,2021-06-26,%d/%m/%Y,,,missing,,
CUST101535,Collins Ahabwe,+256757574113,collinsahabwe10@gmail.com,Gulu,2025-03-07,F,0757574113,+256757574113,valid,Gulu,Gulu,exact,2025-03-07,2025-03-07,%Y-%m-%d,Female,F,mapped,,
CUST101536,Nakayiza Kizza,+256701257540,nakayiza.kizza@srg.co.ug,Kumi,,,070-125-7540,+256701257540,valid,Kumi,Kumi,exact,,,missing,,,missing,,
CUST101537,Kafeero Wasswa,+256702929693,kafeero.wasswa@mail.com,Wakiso,,M,256702929693,+256702929693,valid,Wakiso,Wakiso,exact,,,missing,Male,M,mapped,,
CUST101538,Naomi Ssentongo,+256718557816,,Soroti,2025-01-28,F,+256718557816,+256718557816,valid,Soroti,Soroti,exact,2025-01-28,2025-01-28,%Y-%m-%d,Female,F,mapped,,REVIEW: possible duplicate
CUST101539,Michael Nabbanja,+256778602560,michael.nabbanja@mail.com,Jinja,2023-01-12,,778602560,+256778602560,valid,Jinja,Jinja,exact,2023-01-12,2023-01-12,%Y-%m-%d,,,missing,,
CUST101540,Agnes Ktomuhendo,,agnes.kyomuhendo@mail.com,Jinja,2023-04-17,M,,,missing,Jinja City,Jinja,exact,17-04-2023,2023-04-17,%d-%m-%Y,Male,M,mapped,CUST103154,
CUST101541,Okello Katusiime,+256794479254,okello.katusiime@hotmail,Kampala,2023-06-09,M,+256 79 447 9254,+256794479254,valid,Kampala ,Kampala,exact,2023-06-09,2023-06-09,%Y-%m-%d,Male,M,mapped,,
CUST101542,Ninsiima Katusiime,+256757412190,ninsiima.katusiime@srg.co.ug,Kampala,2021-01-02,,+256757412190,+256757412190,valid,Kampala,Kampala,exact,2021-01-02,2021-01-02,%Y-%m-%d,,,missing,CUST104466,
CUST101543,Munezero Kyebambe,+256724992765,munezero.kyebambe@gmail.com,Arua,2023-08-14,F,256724992765,+256724992765,valid,Arua City,Arua,exact,14-08-2023,2023-08-14,%d-%m-%Y,Female,F,mapped,CUST101587,
CUST101544,N. Samuel,+256728520305,nabiryesamuel75@srg.co.ug,Kampala,2021-07-24,M,+256728520305,+256728520305,valid,Kampala,Kampala,exact,24-07-2021,2021-07-24,%d-%m-%Y,Male,M,mapped,CUST102047;CUST104638,
CUST101545,Ssempebwa Godfrey,+256773590149,ssempebwa.godfrey@srg.co.ug,Kabale,2023-07-18,F,0773590149,+256773590149,valid,Kabale,Kabale,exact,18/07/2023,2023-07-18,%d/%m/%Y,F,F,mapped,,
CUST101546,Nakayiza Butime,+256757198867,nakayizabutime13@srg.co.ug,Mbale,2024-09-05,F,+256757198867,+256757198867,valid,mbale,Mbale,exact,2024-09-05,2024-09-05,%Y-%m-%d,F,F,mapped,,
CUST101547,Ssimbwa Nabbanja,+256748665138,ssimbwanabbanja44@hotmail.com,Kampala,2022-02-19,M,748665138,+256748665138,valid,Kampala,Kampala,exact,2022-02-19,2022-02-19,%Y-%m-%d,Male,M,mapped,CUST104709,
CUST101548,Katusiime Ssentongo,+256753516681,katusiime.ssentongo@gmail.com,Kumi,2024-12-21,M,+256753516681,+256753516681,valid,Kumi,Kumi,exact,2024-12-21,2024-12-21,%Y-%m-%d,Male ,M,mapped,,
CUST101549,Namubiru Esther,+256794676440,,Masaka,,M,794676440,+256794676440,valid,Masaka,Masaka,exact,,,missing,M,M,mapped,,
CUST101550,Ssemakula Nakayiza,+256787367239,ssemakula.nakayiza@srg.co.ug,Kampala,2024-08-17,M,256787367239,+256787367239,valid,kampala district,Kampala,variant_mapped,17-08-2024,2024-08-17,%d-%m-%Y,Male,M,mapped,,
CUST101551,Kato Tendo,+256725891439,katotendo@gmail.com,Soroti,2024-03-21,,0725891439,+256725891439,valid,Soroti,Soroti,exact,2024-03-21,2024-03-21,%Y-%m-%d,,,missing,CUST104372,
CUST101552,Mubiru Atim,+256702934785,mubiru.atim@mail.com,,2021-02-19,M,0702934785,+256702934785,valid,  ,,missing,19-02-2021,2021-02-19,%d-%m-%Y,Male,M,mapped,,
CUST101553,Ssempebwa Atukunda,+256726554517,ssempebwa.atukundahotmail.com,Kampala,2021-01-04,M,+256726554517,+256726554517,valid,Kampala,Kampala,exact,2021-01-04,2021-01-04,%Y-%m-%d,Male,M,mapped,,
CUST101554,Guma Ssemakula,+256714855016,guma.ssemakula@srg.co.ug,Gulu,2023-04-24,M,+256 71 485 5016,+256714855016,valid,Gulu,Gulu,exact,2023-04-24,2023-04-24,%Y-%m-%d,Male,M,mapped,,
CUST101555,Ssekandi Mugisha,+256730673369,ssekandi.mugisha@outlook.com,Mukono,2021-09-06,M,+256730673369,+256730673369,valid,Mukkono,Mukono,variant_mapped,2021-09-06,2021-09-06,%Y-%m-%d,Male,M,mapped,,
CUST101556,Byaruhanga Kyebambe,+256783084834,byaruhangakyebambe15@srg.co.ug,Rakai,2024-08-02,M,+256783084834,+256783084834,valid,Rakai,Rakai,exact,2024-08-02,2024-08-02,%Y-%m-%d,Male,M,mapped,CUST104221,
CUST101557,Brian Kambale,+256755412595,brian.kambale@mail.com,Kalangala,2023-05-12,M,755412595,+256755412595,valid,Kalangala,Kalangala,exact,2023-05-12,2023-05-12,%Y-%m-%d,M,M,mapped,,
CUST101558,Florence Ssekandi,+256735594365,florence.ssekandi@hotmail.com,Mpigi,2022-05-23,M,+256 73 559 4365,+256735594365,valid,Mpigi,Mpigi,exact,23/05/2022,2022-05-23,%d/%m/%Y,Male,M,mapped,,
CUST101559,Nakayiza Okello,+256717505144,nakayiza.okello@yahoo.com,Jinja,2024-07-30,F,+256 71 750 5144,+256717505144,valid,Jinja City,Jinja,exact,2024-07-30,2024-07-30,%Y-%m-%d,Female,F,mapped,,
CUST101560,Kambale Kizza,,kambalekizza@mail.com,Kampala,2023-10-15,F,,,missing,Kampala,Kampala,exact,2023-10-15,2023-10-15,%Y-%m-%d,Female,F,mapped,,
CUST101561,Andrew Ouma,+256720784205,andrewouma40@yahoo.com,Kabale,2025-02-27,F,+256720784205,+256720784205,valid,Kabale,Kabale,exact,2025-02-27,2025-02-27,%Y-%m-%d,Female,F,mapped,CUST103410,
CUST101562,Naomi Mukasa,+256751459722,naomi.mukasa@outlook.com,Mukono,2025-05-23,F,0751459722,+256751459722,valid,Mukono,Mukono,exact,23/05/2025,2025-05-23,%d/%m/%Y,Female,F,mapped,,
CUST101563,Byaruhanga Munezero,+256798137154,byaruhanga.munezero@gmail.com,Wakiso,2022-12-18,F,079-813-7154,+256798137154,valid,Wakiso,Wakiso,exact,2022-12-18,2022-12-18,%Y-%m-%d,F,F,mapped,CUST103534,
CUST101565,Nakiganda Okello,+256701077987,nakiganda.okello@yahoo.com,Jinja,2024-12-30,F,+256701077987,+256701077987,valid,Jinja,Jinja,exact,30/12/2024,2024-12-30,%d/%m/%Y,Female,F,mapped,CUST103593,
CUST101566,Andrew Ssekandi,+256731849168,andrewssekandi21@yahoo.com,Soroti,2022-06-22,F,0731849168,+256731849168,valid,Soroti,Soroti,exact,2022-06-22,2022-06-22,%Y-%m-%d,Female,F,mapped,CUST102593,
CUST101567,Samuel Nabbanja,+256742307676,samuel.nabbanja@yahoo.com,Kalangala,2024-11-21,M,742307676,+256742307676,valid,Kalangala,Kalangala,exact,2024-11-21,2024-11-21,%Y-%m-%d,Male,M,mapped,,
CUST101568,Ssempebwa Ouma,+256701392613,ssempebwa.ouma@hotmail.com,Gulu,2021-05-17,M,0701392613,+256701392613,valid,Gulu,Gulu,exact,17/05/2021,2021-05-17,%d/%m/%Y,Male,M,mapped,,
CUST101569,Nakiganda Robert,+256771320642,nakiganda.robert@srg.co.ug,Nakasongola,2021-12-19,M,+256771320642,+256771320642,valid,Nakasongola,Nakasongola,exact,19/12/2021,2021-12-19,%d/%m/%Y,Male,M,mapped,CUST104796,
CUST101570,Catherine Munezero,+256716583948,catherine.munezero@mail.com,Soroti,2022-03-06,M,0716583948,+256716583948,valid,Soroti District,Soroti,variant_mapped,06/03/2022,2022-03-06,%d/%m/%Y,Male,M,mapped,,
CUST101572,Kamoga Ssebugwawo,+256785141333,kamogassebugwawo@outlook.com,Mukono,2023-01-02,M,+256785141333,+256785141333,valid,Mukono,Mukono,exact,02-01-2023,2023-01-02,%d-%m-%Y,Male,M,mapped,,
CUST101573,Olweny Ouma,+256723849456,olweny.ouma@srg.co.ug,Fort Portal,2021-08-21,M,0723849456,+256723849456,valid,Kabarole,Fort Portal,exact,21-08-2021,2021-08-21,%d-%m-%Y,Male,M,mapped,,
CUST101574,Ninsiima Nankya,+256725022737,ninsiima.nankya@srg.co.ug,Mukono,2021-10-13,F,0725022737,+256725022737,valid,Mukono,Mukono,exact,13/10/2021,2021-10-13,%d/%m/%Y,F,F,mapped,CUST103542,
CUST101575,Sarah,+256723983250,sarah@hotmail.com,Arua,2023-09-20,M,0723983250,+256723983250,valid,Arua,Arua,exact,20-09-2023,2023-09-20,%d-%m-%Y,M,M,mapped,,
CUST101576,Florence Tendo,,florence.tendo@hotmail.com,Wakiso,2023-06-27,M,,,missing,Wakiso,Wakiso,exact,27/06/2023,2023-06-27,%d/%m/%Y,Male,M,mapped,CUST103778,
CUST101577,Namubiru Dorothy,+256703716219,namubirudorothy@outlook.com,Mbarara,2022-01-06,M,0703716219,+256703716219,valid,Mbarara,Mbarara,exact,06/01/2022,2022-01-06,%d/%m/%Y,Male,M,mapped,CUST104193,
CUST101578,Francis Kafeero,+256798600012,franciskafeero99@gmail.com,Soroti,2025-07-04,F,798600012,+256798600012,valid,Soroti,Soroti,exact,04/07/2025,2025-07-04,%d/%m/%Y,Female,F,mapped,CUST103609,
CUST101580,Nalubega John,+256755661470,nalubega.john@hotmail.com,Kampala,2023-12-24,M,+256755661470,+256755661470,valid,kampala district,Kampala,variant_mapped,24/12/2023,2023-12-24,%d/%m/%Y,M,M,mapped,,
CUST101581,Mubiru Mugisha,+256742060342,mubiru.mugisha@srg.co.ug,Mbale,2023-05-17,M,0742060342,+256742060342,valid,Mbale,Mbale,exact,2023-05-17,2023-05-17,%Y-%m-%d,Male,M,mapped,,
CUST101583,Ssemakula Ssekandi,+256731444839,ssemakula.ssekandi@hotmail.com,Gulu,2021-08-05,,+256731444839,+256731444839,valid,GULLU,Gulu,variant_mapped,2021-08-05,2021-08-05,%Y-%m-%d,,,missing,CUST104667,
CUST101584,Nalubega Ssimbwa,+256795981548,nalubegassimbwa37yahoo.com,Mbarara,2024-07-12,F,+256795981548,+256795981548,valid,Mbarara,Mbarara,exact,2024-07-12,2024-07-12,%Y-%m-%d,F,F,mapped,,
CUST101585,Sarah Mugisha,,sarah.mugisha@gmail.com,Mukono,2024-08-15,M,,,missing,Mukkono,Mukono,variant_mapped,2024-08-15,2024-08-15,%Y-%m-%d,Male,M,mapped,CUST104355,
CUST101586,Kafeero Catherine,+256738502908,kafeerocatherine@outlook.com,Mukono,2024-04-13,M,+256738502908,+256738502908,valid,Mukono,Mukono,exact,2024-04-13,2024-04-13,%Y-%m-%d,Male,M,mapped,,
CUST101588,John Kambale,+256733198355,john.kambale@srg.co.ug,Wakiso,,M,0733198355,+256733198355,valid,Wakiso,Wakiso,exact,,,missing,Male,M,mapped,CUST104278,
CUST101590,Ssempebwa Tendo,+256770755848,ssempebwa.tendo@yahoo.com,Arua,2021-02-18,,+256770755848,+256770755848,valid,Arua,Arua,exact,2021-02-18,2021-02-18,%Y-%m-%d, ,,missing,CUST103257;CUST103987,
CUST101591,R. Ssekandi,+256715528405,ronald.ssekandi@outlook.com,Mukono,2023-10-01,,+256715528405,+256715528405,valid,Mukono,Mukono,exact,01-10-2023,2023-10-01,%d-%m-%Y,,,missing,CUST102378;CUST103800,
CUST101592,Ssempebwa Ronald,+256770335106,ssempebwaronald52@yahoo.com,Rakai,2023-01-04,M,0770335106,+256770335106,valid,Rakai,Rakai,exact,2023-01-04,2023-01-04,%Y-%m-%d,Male,M,mapped,,
CUST101593,Ssimbwa Guma,+256745967185,ssimbwa.guma@gmail.com,Lira,2022-10-31,,+256 74 596 7185,+256745967185,valid,Lira,Lira,exact,2022-10-31,2022-10-31,%Y-%m-%d,,,missing,,
CUST101594,Tendo Nakayiza,+256794981414,tendonakayiza12@yahoo.com,Hoima,2023-06-21,F,794981414,+256794981414,valid,Hoima,Hoima,exact,21/06/2023,2023-06-21,%d/%m/%Y,Female,F,mapped,,
CUST101595,Olweny Kyebambe,+256756087410,,Mbarara,2025-09-18,,0756087410,+256756087410,valid,Mbararra,Mbarara,variant_mapped,2025-09-18,2025-09-18,%Y-%m-%d,,,missing,,
CUST101596,Ruth Okello,+256740253157,,Kampala,2021-11-30,F,0740253157,+256740253157,valid,kla,Kampala,variant_mapped,2021-11-30,2021-11-30,%Y-%m-%d,Female,F,mapped,,REVIEW: possible duplicate
CUST101597,Catherine Kyebambe,+256772173613,catherine.kyebambe@srg,Kiruhura,2021-03-16,M,256772173613,+256772173613,valid,Kiruhura,Kiruhura,exact,16-03-2021,2021-03-16,%d-%m-%Y,Male,M,mapped,,
CUST101598,Andrew Mukasa,+256746149014,andrew.mukasa@yahoo.com,Sembabule,2023-07-19,F,+256746149014,+256746149014,valid,Sembabule,Sembabule,exact,2023-07-19,2023-07-19,%Y-%m-%d,F,F,mapped,,
CUST101599,Kizza,+256785383017,,Mukono,2024-11-30,M,0785383017,+256785383017,valid,Mukko,Mukono,variant_mapped,2024-11-30,2024-11-30,%Y-%m-%d,Male,M,mapped,CUST103124,REVIEW: possible duplicate
CUST101601,Joan Mubiru,+256700616826,joan.mubiru@srg.co.ug,Jinja,2024-02-17,F,+256700616826,+256700616826,valid,Jinja City,Jinja,exact,2024-02-17,2024-02-17,%Y-%m-%d,Female,F,mapped,,
CUST101602,Guma Isaac,+256730670435,,Soroti,2024-04-12,F,+256730670435,+256730670435,valid,Soroti,Soroti,exact,2024-04-12,2024-04-12,%Y-%m-%d,Female,F,mapped,,
CUST101603,Stephen Tendo,,stephen.tendo@gmail.com,Lira,2022-08-18,F,,,missing,Lira,Lira,exact,2022-08-18,2022-08-18,%Y-%m-%d,F,F,mapped,,
CUST101604,Stephen Kibirige,+256759793498,stephen.kibirige@hotmail.com,Wakiso,,F,+256759793498,+256759793498,valid,Wakiso,Wakiso,exact,,,missing,Female,F,mapped,,
CUST101605,Kamoga Ssebugwawo,+256783315041,kamoga.ssebugwawo@hotmail.com,Mbarara,2024-03-29,,+256 78 331 5041,+256783315041,valid,Mbarara,Mbarara,exact,29/03/2024,2024-03-29,%d/%m/%Y,,,missing,,
CUST101607,Nakayiza Katusiime,+256718731871,nakayiza.katusiimehotmail.com,Jinja,2022-04-27,F,0718731871,+256718731871,valid,Jinja,Jinja,exact,27/04/2022,2022-04-27,%d/%m/%Y,Female,F,mapped,,
CUST101608,Daniel Guma,+256742019763,daniel.guma@gmail.com,Nebbi,2023-12-06,M,074-201-9763,+256742019763,valid,nebbi,Nebbi,exact,2023-12-06,2023-12-06,%Y-%m-%d,Male,M,mapped,,
CUST101610,Beatrice Kyebambe,+256716216708,beatrice.kyebambe@outlook.com,Mbale,2021-04-27,F,716216708,+256716216708,valid,Mbale,Mbale,exact,2021-04-27,2021-04-27,%Y-%m-%d,F,F,mapped,,
CUST101611,Nakato Beatrice,+256728926720,nakato.beatrice@outlook.com,Mbarara,2025-08-08,F,+256 72 892 6720,+256728926720,valid,Mbarara City,Mbarara,exact,08/08/2025,2025-08-08,%d/%m/%Y,F,F,mapped,,
CUST101612,Ssemakula Mugisha,+256706399951,ssemakula.mugisha@srg.co.ug,Soroti,2021-05-11,M,+256 70 639 9951,+256706399951,valid,Soroti,Soroti,exact,11-05-2021,2021-05-11,%d-%m-%Y,Male ,M,mapped,,
CUST101613,Samuel Nabbanja,+256757100833,samuel.nabbanja@hotmail.com,Masaka,2023-08-26,M,+256757100833,+256757100833,valid,Masaka,Masaka,exact,2023-08-26,2023-08-26,%Y-%m-%d,Male ,M,mapped,,
CUST101614,Catherine Nsereko,+256719863347,catherinensereko87@mail.com,Luwero,2025-01-28,M,+256 71 986 3347,+256719863347,valid,Luwero,Luwero,exact,28/01/2025,2025-01-28,%d/%m/%Y,Male,M,mapped,CUST103372,
CUST101615,Okello Nakato,+256735519100,okello.nakato@srg.co.ug,Hoima,2023-07-31,M,0735519100,+256735519100,valid,Homa,Hoima,variant_mapped,2023-07-31,2023-07-31,%Y-%m-%d,Male,M,mapped,,
CUST101616,Alexander Nankya,+256709307296,alexandernankya57@yahoo.com,Wakiso,2024-12-20,F,+256709307296,+256709307296,valid,Wakiso,Wakiso,exact,2024-12-20,2024-12-20,%Y-%m-%d,Female,F,mapped,,
CUST101617,Ssempebwa Mugisha,+256775684638,ssempebwamugisha43@srg.co.ug,Kampala,2025-06-29,M,775684638,+256775684638,valid,Kampala,Kampala,exact,29/06/2025,2025-06-29,%d/%m/%Y,Male,M,mapped,CUST103659,
CUST101618,Tumusiime Stephen,+256750988613,tumusiime.stephen@hotmail.com,Kampala,2024-05-29,F,0750988613,+256750988613,valid,Kampala,Kampala,exact,29/05/2024,2024-05-29,%d/%m/%Y,Female,F,mapped,,
CUST101619,Ssekandi Kato,+256735677412,ssekandikato48@srg.co.ug,Gulu,2023-03-18,,0735677412,+256735677412,valid,Gulu City,Gulu,exact,2023-03-18,2023-03-18,%Y-%m-%d,,,missing,,
CUST101620,David Namubiru,+256752344407,david.namubiru@outlook.com,Wakiso,2023-02-23,M,0752344407,+256752344407,valid,Wakiso,Wakiso,exact,23/02/2023,2023-02-23,%d/%m/%Y,Male ,M,mapped,CUST104212,
CUST101622,Nakayiza Butime,+256735865193,nakayiza.butime@yahoo.com,Masindi,2023-01-18,F,0735865193,+256735865193,valid,Masindi District,Masindi,variant_mapped,18-01-2023,2023-01-18,%d-%m-%Y,F,F,mapped,,
CUST101623,Daniel Kambale,+256700355511,daniel.kambale@mail.com,Kabale,2023-08-29,M,+256700355511,+256700355511,valid,Kabale,Kabale,exact,29/08/2023,2023-08-29,%d/%m/%Y,Male,M,mapped,,
CUST101624,Nankya Okello,+256775674656,nankya.okellomail.com,Kampala,2021-07-04,F,077-567-4656,+256775674656,valid,Kla,Kampala,variant_mapped,2021-07-04,2021-07-04,%Y-%m-%d,Female,F,mapped,,
CUST101625,Peter Nakiganda,+256783288737,peternakiganda@outlook.com,Fort Portal,2023-08-11,,0783288737,+256783288737,valid,Fort Portal,Fort Portal,exact,11/08/2023,2023-08-11,%d/%m/%Y,,,missing,,
CUST101626,Joseph Kibirige,+256710592179,joseph.kibirige@srg.co.ug,Mbarara,2021-10-01,M,710592179,+256710592179,valid,Mbarara,Mbarara,exact,2021-10-01,2021-10-01,%Y-%m-%d,Male,M,mapped,,
CUST101627,Peter Munezero,+256798919485,peter.munezero@mail.com,Kiruhura,2021-02-27,,256798919485,+256798919485,valid,Kiruhura,Kiruhura,exact,2021-02-27,2021-02-27,%Y-%m-%d,,,missing,,
CUST101628,Godfrey Nakayiza,+256787648470,godfrey.nakayiza@outlook,Jinja,2022-01-20,F,+256787648470,+256787648470,valid,jinji,Jinja,variant_mapped,20-01-2022,2022-01-20,%d-%m-%Y,Female,F,mapped,CUST103683,
CUST101629,Jane Byaruhanga,+256701279906,jane.byaruhanga@gmail.com,Kampala,2023-01-08,M,+256701279906,+256701279906,valid,Kampala,Kampala,exact,2023-01-08,2023-01-08,%Y-%m-%d,Male,M,mapped,CUST103997,
CUST101630,Lubega Nankya,+256705162825,lubega.nankyayahoo.com,Tororo,2024-03-03,M,0705162825,+256705162825,valid,Tororo,Tororo,exact,03/03/2024,2024-03-03,%d/%m/%Y,Male,M,mapped,CUST103051,
CUST101631,Mugisha Munezero,+256749278899,mugisha.munezero@mail.com,Kampala,2025-01-17,M,+256749278899,+256749278899,valid,Kampala,Kampala,exact,17/01/2025,2025-01-17,%d/%m/%Y,Male ,M,mapped,,
CUST101632,naomi nakiganda,,naomi.nakiganda@mail.com,Jinja,2021-12-18,F,,,missing,Jinja,Jinja,exact,18/12/2021,2021-12-18,%d/%m/%Y,Female,F,mapped,CUST103404,
CUST101633,Emmanuel Atukunda,+256776782284,emmanuel.atukunda@mail.com,Hoima,2021-03-12,F,256776782284,+256776782284,valid,Hoima,Hoima,exact,12/03/2021,2021-03-12,%d/%m/%Y,Female,F,mapped,,
CUST101634,Collins Atukunda,+256742868868,collins.atukunda@gmail.com,Arua,2021-09-11,F,0742868868,+256742868868,valid,Arua City,Arua,exact,11/09/2021,2021-09-11,%d/%m/%Y,Female,F,mapped,,
CUST101635,Wasswa Lubega,+256791701445,wasswa.lubega@outlook.com,Kampala,2022-08-21,M,+256791701445,+256791701445,valid,Kampala,Kampala,exact,2022-08-21,2022-08-21,%Y-%m-%d,Male,M,mapped,CUST103135,
CUST101636,Daniel Achieng,+256708425550,daniel.achieng@outlook.com,Wakiso,2021-03-13,,+256 70 842 5550,+256708425550,valid,Wakiso,Wakiso,exact,2021-03-13,2021-03-13,%Y-%m-%d,,,missing,CUST104656,
CUST101637,Sarah Ssimbwa,+256771709977,sarah.ssimbwa@outlook.com,Kayunga,2025-04-30,M,256771709977,+256771709977,valid,Kayunga,Kayunga,exact,2025-04-30,2025-04-30,%Y-%m-%d,M,M,mapped,,
CUST101638,Beatrice Nakato,+256796173807,beatricenakato79@srg.co.ug,Mbale,2025-10-06,,0796173807,+256796173807,valid,Mbale,Mbale,exact,2025-10-06,2025-10-06,%Y-%m-%d,,,missing,,
CUST101639,Naomi Kafeero,,naomi.kafeero@hotmail.com,Arua,2021-04-28,F,,,missing,Arua City,Arua,exact,28/04/2021,2021-04-28,%d/%m/%Y,Female,F,mapped,,
CUST101641,Nakato Munezero,+256740757107,nakato.munezero@hotmail.com,Gulu,2023-01-17,F,+256740757107,+256740757107,valid,Gulu,Gulu,exact,2023-01-17,2023-01-17,%Y-%m-%d,F,F,mapped,,
CUST101642,Guma Atukunda,+256776945592,guma.atukunda@gmail.com,Kumi,2021-02-16,M,0776945592,+256776945592,valid,Kumi,Kumi,exact,16/02/2021,2021-02-16,%d/%m/%Y,Male,M,mapped,,
CUST101643,Sheila Mukasa,+256750586905,sheilamukasa11@outlook.com,Mbarara,2025-07-04,F,+256 75 058 6905,+256750586905,valid,Mbarara,Mbarara,exact,2025-07-04,2025-07-04,%Y-%m-%d,Female,F,mapped,,
CUST101644,Kibirige Wanyama,+256746772414,kibirige.wanyama@srg.co.ug,Mbarara,2022-02-10,F,256746772414,+256746772414,valid,Mbarara,Mbarara,exact,2022-02-10,2022-02-10,%Y-%m-%d,F,F,mapped,,
CUST101645,Ruth Nakayiza,+256784846832,ruthnakayiza91@yahoo.com,Jinja,2025-01-19,F,784846832,+256784846832,valid,Jinja,Jinja,exact,2025-01-19,2025-01-19,%Y-%m-%d,Female,F,mapped,CUST102568,
CUST101647,Ouma Ssempebwa,+256708586694,ouma.ssempebwa@mail.com,Wakiso,2025-01-14,M,708586694,+256708586694,valid,Wakiso,Wakiso,exact,14/01/2025,2025-01-14,%d/%m/%Y,Male,M,mapped,,
CUST101648,Ssekandi Sarah,+256755688171,ssekandi.sarah@hotmail.com,Wakiso,2022-12-10,M,0755688171,+256755688171,valid,Wakiso,Wakiso,exact,2022-12-10,2022-12-10,%Y-%m-%d,Male,M,mapped,,
CUST101649,Naomi Lubega,+256759363696,naomi.lubega@mail.com,Gulu,2024-04-19,F,+256759363696,+256759363696,valid,Gulu,Gulu,exact,2024-04-19,2024-04-19,%Y-%m-%d,Female,F,mapped,,
CUST101650,David Ssekandi,+256736790970,david.ssekandi@yahoo.com,Sembabule,2023-02-20,M,256736790970,+256736790970,valid,Sembabule,Sembabule,exact,2023-02-20,2023-02-20,%Y-%m-%d,Male,M,mapped,CUST104690,
CUST101651,Rebecca Ssempebwa,+256793625830,rebecca.ssempebwa@mail,Kalangala,2021-11-19,M,0793625830,+256793625830,valid,Kalangala,Kalangala,exact,2021-11-19,2021-11-19,%Y-%m-%d,M,M,mapped,,
CUST101652,Kato Mugisha,+256714692915,kato.mugisha@mail.com,Entebbe,2021-04-10,M,071-469-2915,+256714692915,valid,entebbe,Entebbe,exact,2021-04-10,2021-04-10,%Y-%m-%d,Male,M,mapped,,
CUST101653,Olweny Dorothy,+256797685807,olwenydorothy@mail.com,Kampala,2021-02-24,M,+256797685807,+256797685807,valid,Kampala,Kampala,exact,2021-02-24,2021-02-24,%Y-%m-%d,Male,M,mapped,,
CUST101654,Peter,+256716787367,peter@yahoo.com,Wakiso,2024-03-02,,716787367,+256716787367,valid,Wakiso,Wakiso,exact,02/03/2024,2024-03-02,%d/%m/%Y,,,missing,,
CUST101655,Ssekandi Wasswa,+256795821324,ssekandi.wasswa@hotmail.com,Kampala,2025-06-16,M,079-582-1324,+256795821324,valid,Kampala,Kampala,exact,2025-06-16,2025-06-16,%Y-%m-%d,Male,M,mapped,,
CUST101656,Ronald Namubiru,+256701365093,ronald.namubiru@outlook.com,Mbarara,2025-09-29,M,0701365093,+256701365093,valid,Mbarara,Mbarara,exact,2025-09-29,2025-09-29,%Y-%m-%d,M,M,mapped,,
CUST101657,Stephen Mubiru,,stephen.mubiru@srg.co.ug,Kitgum,2025-02-04,F,,,missing,kitgum,Kitgum,exact,2025-02-04,2025-02-04,%Y-%m-%d,Female,F,mapped,CUST102083,
CUST101658,Joan Olweny,+256739107158,joan.olweny@srg.co.ug,Kampala,2022-06-17,F,0739107158,+256739107158,valid,Kampala,Kampala,exact,2022-06-17,2022-06-17,%Y-%m-%d,Female,F,mapped,,
CUST101659,Namutebi Ssempebwa,+256771087855,namutebi.ssempebwa@hotmail.com,Kampala,2023-11-19,F,0771087855,+256771087855,valid,Kampala City,Kampala,variant_mapped,2023-11-19,2023-11-19,%Y-%m-%d,Female,F,mapped,,
CUST101660,Alexander Mugihha,+256717898832,alexander.mugisha@yahoo.com,Arua,2023-05-10,F,0717898832,+256717898832,valid,Arua,Arua,exact,2023-05-10,2023-05-10,%Y-%m-%d,Female,F,mapped,CUST104564,
CUST101661,Francis Ssekandi,+256707754585,,Kampala,,F,+256707754585,+256707754585,valid,Kampala,Kampala,exact,,,missing,Female,F,mapped,,
CUST101663,Kizza Atukunda,+256779344517,kizza.atukunda@hotmail.com,Fort Portal,2021-06-16,M,256779344517,+256779344517,valid,fort portal,Fort Portal,exact,2021-06-16,2021-06-16,%Y-%m-%d,Male,M,mapped,,
CUST101664,Byaruhanga Juliet,+256728479521,byaruhangajuliet@mail.com,Masindi,2023-09-21,F,072-847-9521,+256728479521,valid,Masindi,Masindi,exact,2023-09-21,2023-09-21,%Y-%m-%d,F,F,mapped,,
CUST101665,Kamoga Okello,+256775070103,kamogaokello28@mail.com,Masaka,2024-11-17,M,775070103,+256775070103,valid,Masaka,Masaka,exact,17-11-2024,2024-11-17,%d-%m-%Y,Male,M,mapped,CUST103973,
CUST101666,Dorothy Nabbanja,+256778664319,dorothy.nabbanjaoutlook.com,Jinja,,M,077-866-4319,+256778664319,valid,Jinja,Jinja,exact,,,missing,M,M,mapped,,
CUST101667,Nakiganda Ssekandi,+256758095032,nakigandassekandi@gmail.com,Wakiso,2022-10-02,F,256758095032,+256758095032,valid,Wakiso,Wakiso,exact,02-10-2022,2022-10-02,%d-%m-%Y,Female,F,mapped,,
CUST101668,Kyomuhendo Ssemakula,+256735278704,kyomuhendossemakula96@gmail.com,Mbale,2025-01-12,F,+256735278704,+256735278704,valid,Mbale,Mbale,exact,2025-01-12,2025-01-12,%Y-%m-%d,F,F,mapped,,
CUST101669,Kambale Achieng,+256717978326,kambale.achieng@gmail.com,Wakiso,2025-10-12,F,+256717978326,+256717978326,valid,Wakiso,Wakiso,exact,2025-10-12,2025-10-12,%Y-%m-%d,Female,F,mapped,CUST101871,
CUST101670,Alexander Okello,+256754018021,alexander.okello@yahoo.com,Soroti,2021-11-08,F,+256754018021,+256754018021,valid,Soroti,Soroti,exact,2021-11-08,2021-11-08,%Y-%m-%d,Female,F,mapped,,
CUST101671,Ninsiima Ssentongo,+256713261636,ninsiima.ssentongo@hotmail.com,Mukono,2021-05-12,F,0713261636,+256713261636,valid,Mukono,Mukono,exact,2021-05-12,2021-05-12,%Y-%m-%d,Female,F,mapped,CUST102886;CUST104592,
CUST101672,Kambale,+256719289537,kambale@hotmail.com,Mityana,2025-08-20,F,256719289537,+256719289537,valid,Mityana,Mityana,exact,2025-08-20,2025-08-20,%Y-%m-%d,Female,F,mapped,,
CUST101673,Wanyama Jane,+256771606748,,Mpigi,2023-11-29,M,771606748,+256771606748,valid,mpigi,Mpigi,exact,2023-11-29,2023-11-29,%Y-%m-%d,Male,M,mapped,CUST103750,
CUST101674,Mubiru Munezero,+256747707798,mubiru.munezero@hotmail.com,Gulu,2025-01-11,M,747707798,+256747707798,valid,Gulu,Gulu,exact,2025-01-11,2025-01-11,%Y-%m-%d,Male,M,mapped,,
CUST101678,Lubega Ssekandi,+256778320729,lubega.ssekandi@outlook.com,Jinja,2021-08-29,M,256778320729,+256778320729,valid,Jinja Town,Jinja,variant_mapped,2021-08-29,2021-08-29,%Y-%m-%d,Male,M,mapped,,
CUST101679,Stephen Ssimbwa,+256708184847,,Mbale City,2021-05-12,F,+256708184847,+256708184847,valid,Mbale City,Mbale City,exact,12/05/2021,2021-05-12,%d/%m/%Y,Female,F,mapped,,
CUST101680,Ninsiima Kyebambe,+256726522143,ninsiima.kyebambe@gmail.com,Kampala,2022-08-27,F,726522143,+256726522143,valid,Kampala,Kampala,exact,2022-08-27,2022-08-27,%Y-%m-%d,F,F,mapped,,
CUST101681,Joseph Ssebugwawo,+256777169786,joseph.ssebugwawo@mail.com,Gulu,2022-03-30,M,0777169786,+256777169786,valid,Gulu,Gulu,exact,30/03/2022,2022-03-30,%d/%m/%Y,Male ,M,mapped,CUST104989,
CUST101682,Juliet Nabbanja,+256781291740,juliet.nabbanja@gmail.com,Mukono,,F,0781291740,+256781291740,valid,Mukono,Mukono,exact,,,missing,Female,F,mapped,,
CUST101683,Ssekandi Nankya,+256798411728,,Iganga,2025-09-03,M,0798411728,+256798411728,valid,Iganga,Iganga,exact,03/09/2025,2025-09-03,%d/%m/%Y,Male,M,mapped,,REVIEW: possible duplicate
CUST101684,Mukasa Florence,+256777542480,mukasa.florence@srg.co.ug,Masaka,2021-08-17,M,777542480,+256777542480,valid,Masaka,Masaka,exact,17/08/2021,2021-08-17,%d/%m/%Y,Male,M,mapped,,
CUST101686,Andrew Nalubega,+256704081925,andrew.nalubega@srg.co.ug,Kampala,2025-04-04,F,070-408-1925,+256704081925,valid,Kampala,Kampala,exact,04-04-2025,2025-04-04,%d-%m-%Y,Female ,F,mapped,,
CUST101687,Mary Ahabwe,+256731305478,maryahabwe20@gmail.com,Wakiso,2024-07-11,M,256731305478,+256731305478,valid,Wakiso,Wakiso,exact,2024-07-11,2024-07-11,%Y-%m-%d,Male,M,mapped,,
CUST101688,Harriet Ssentongo,+256710190840,harriet.ssentongo@srg.co.ug,Jinja,2024-08-09,F,+256710190840,+256710190840,valid,Jinja,Jinja,exact,2024-08-09,2024-08-09,%Y-%m-%d,Female,F,mapped,CUST101996,
CUST101689,Katusiime Tumusiime,+256798508511,katusiimetumusiime@hotmail.com,Iganga,2022-03-13,,256798508511,+256798508511,valid,Iganga,Iganga,exact,13/03/2022,2022-03-13,%d/%m/%Y,,,missing,,
CUST101690,Kyebambe Ouma,+256703511457,kyebambe.ouma@srg.co.ug,Nebbi,2022-05-16,,0703511457,+256703511457,valid,nebbi,Nebbi,exact,2022-05-16,2022-05-16,%Y-%m-%d,,,missing,CUST104595,
CUST101691,Nabirye Tendo,+256774935147,nabirye.tendo@hotmail.com,Kalangala,2024-06-06,F,0774935147,+256774935147,valid,Kalangala,Kalangala,exact,06-06-2024,2024-06-06,%d-%m-%Y,Female,F,mapped,,
CUST101692,Andrew Ssekandi,+256727201280,andrew.ssekandi@mail.com,Kabale,2024-03-31,F,+256727201280,+256727201280,valid,kabale,Kabale,exact,2024-03-31,2024-03-31,%Y-%m-%d,Female,F,mapped,,
CUST101693,Atim Nalubega,+256733309979,atim.nalubega@hotmail.com,Masaka,2024-01-15,F,733309979,+256733309979,valid,Masacka,Masaka,variant_mapped,15/01/2024,2024-01-15,%d/%m/%Y,Female ,F,mapped,,
CUST101694,Godfrey Kyomuhendo,+256711979042,godfrey.kyomuhendo@mail.com,Nebbi,2021-07-17,F,+256711979042,+256711979042,valid,Nebbi,Nebbi,exact,2021-07-17,2021-07-17,%Y-%m-%d,Female,F,mapped,CUST102839;CUST103934,
CUST101695,Jane Atim,+256797195051,jane.atim@hotmail.com,Kabale,2023-09-15,,+256797195051,+256797195051,valid,Kabale District,Kabale,variant_mapped,15/09/2023,2023-09-15,%d/%m/%Y,,,missing,CUST102741;CUST104295,
CUST101696,Kyomuhendo Ouma,+256781412084,kyomuhendo.ouma@hotmail.com,Mbale,2023-05-21,F,0781412084,+256781412084,valid,Mbale,Mbale,exact,2023-05-21,2023-05-21,%Y-%m-%d,Female,F,mapped,CUST102409,
CUST101698,Nankya Mugisha,+256799086094,nankya.mugishamail.com,Kampala,2022-03-01,F,0799086094,+256799086094,valid,Kampala,Kampala,exact,2022-03-01,2022-03-01,%Y-%m-%d,F,F,mapped,,
CUST101699,Nakiganda Katusiime,+256725838614,nakiganda.katusiime@outlook.com,Gulu,2025-02-14,F,0725838614,+256725838614,valid,GULLU,Gulu,variant_mapped,2025-02-14,2025-02-14,%Y-%m-%d,Female,F,mapped,,
CUST101702,Patrick Ninsiima,+256715394955,patrick.ninsiima@hotmail.com,Kampala,2024-10-01,F,0715394955,+256715394955,valid,Kampala,Kampala,exact,2024-10-01,2024-10-01,%Y-%m-%d,Female,F,mapped,,
CUST101703,Florence Nakiganda,+256758268238,florence.nakiganda@yahoo.com,Mbarara,2022-04-24,M,0758268238,+256758268238,valid,Mbarara,Mbarara,exact,2022-04-24,2022-04-24,%Y-%m-%d,Male,M,mapped,CUST103996,
CUST101704,Grace Okello,+256751742279,grace.okello@hotmail.com,Wakiso,2024-08-21,M,751742279,+256751742279,valid,Wakiso,Wakiso,exact,2024-08-21,2024-08-21,%Y-%m-%d,Male ,M,mapped,,
CUST101705,Okello Nakiganda,+256713479712,okellonakiganda@yahoo.com,Arua,2023-10-24,F,+256713479712,+256713479712,valid,Arua City,Arua,exact,24-10-2023,2023-10-24,%d-%m-%Y,Female,F,mapped,,
CUST101706,Kato Ssimbwa,+256712295536,kato.ssimbwa@outlook.com,Gulu,2023-05-31,M,0712295536,+256712295536,valid,Gulu District,Gulu,variant_mapped,31/05/2023,2023-05-31,%d/%m/%Y,Male,M,mapped,,
CUST101708,Phoebe Munezero,+256726279156,phoebe.munezero@mail.com,Kayunga,2023-10-26,F,726279156,+256726279156,valid,Kayunga,Kayunga,exact,2023-10-26,2023-10-26,%Y-%m-%d,F,F,mapped,CUST103584,
CUST101709,Collins Kyebambe,+256707471588,collins.kyebambe@yahoo.com,Mbarara,2023-08-03,,707471588,+256707471588,valid,Mbarara,Mbarara,exact,2023-08-03,2023-08-03,%Y-%m-%d,,,missing,,
CUST101710,Namubiru Michael,+256706264800,namubiru.michael@srg.co.ug,Kampala,2022-02-13,M,070-626-4800,+256706264800,valid,Kampala,Kampala,exact,13/02/2022,2022-02-13,%d/%m/%Y,Male,M,mapped,CUST103687,
CUST101711,Daniel Ssekandi,+256793168465,daniel.ssekandi@srg.co.ug,Kampala,2023-02-15,,0793168465,+256793168465,valid,Kampala,Kampala,exact,15/02/2023,2023-02-15,%d/%m/%Y,,,missing,CUST102867,
CUST101712,Tendo Samuel,+256733515197,tendo.samuel@outlook.com,Kampala,2023-09-19,M,+256733515197,+256733515197,valid,Kampala,Kampala,exact,2023-09-19,2023-09-19,%Y-%m-%d,Male,M,mapped,CUST103293,
CUST101714,Phoebe Tendo,+256726935686,phoebe.tendo@yahoo.com,Kampala,2023-08-28,F,0726935686,+256726935686,valid,Kampala,Kampala,exact,28-08-2023,2023-08-28,%d-%m-%Y,Female,F,mapped,,
CUST101715,Ssentongo Wanyama,+256711420765,ssentongo.wanyamamail.com,Kampala,2023-05-27,M,071-142-0765,+256711420765,valid,Kampala ,Kampala,exact,2023-05-27,2023-05-27,%Y-%m-%d,Male,M,mapped,,
CUST101717,Dorothy Tendo,+256737126138,dorothy.tendo@hotmail.com,Mukono,2024-12-03,M,+256737126138,+256737126138,valid,mukono,Mukono,exact,2024-12-03,2024-12-03,%Y-%m-%d,Male,M,mapped,,
CUST101718,Ninsiima Nalubega,+256744045095,ninsiima.nalubega@outlook.com,Gulu,2023-09-28,F,0744045095,+256744045095,valid,Gulu,Gulu,exact,2023-09-28,2023-09-28,%Y-%m-%d,Female,F,mapped,,
CUST101720,John Okello,+256771395031,john.okello@yahoo.com,Jinja,2024-09-18,M,0771395031,+256771395031,valid,Jinja,Jinja,exact,18/09/2024,2024-09-18,%d/%m/%Y,Male,M,mapped,CUST102435;CUST102530,
CUST101721,Nalubega Agnes,+256795605093,nalubega.agnes@hotmail.com,Kampala,2024-06-18,M,+256795605093,+256795605093,valid,Kampala,Kampala,exact,18-06-2024,2024-06-18,%d-%m-%Y,Male ,M,mapped,,
CUST101722,Nankya Ssemakula,+256747228331,nankya.ssemakula@gmail,Mbale City,2024-06-22,,0747228331,+256747228331,valid,Mbale City,Mbale City,exact,22-06-2024,2024-06-22,%d-%m-%Y,,,missing,,
CUST101723,Ouma Ninsiima,+256783920813,ouma.ninsiima@srg.co.ug,Kampala,2021-04-20,M,+256783920813,+256783920813,valid,Kampala,Kampala,exact,20/04/2021,2021-04-20,%d/%m/%Y,Male,M,mapped,,
CUST101725,Ninsiima Mubiru,+256787774662,ninsiima.mubiru@mail.com,Jinja,2022-01-26,F,078-777-4662,+256787774662,valid,Jinja,Jinja,exact,2022-01-26,2022-01-26,%Y-%m-%d,Female,F,mapped,,
CUST101726,Phoebe Wasswa,+256714020127,phoebewasswa97@srg.co.ug,Kampala,,F,0714020127,+256714020127,valid,Kampala,Kampala,exact,,,missing,Female,F,mapped,,
CUST101728,Patrick Katusiime,+256735717491,patrick.katusiime@hotmail.com,Mbarara,2025-04-02,F,+256 73 571 7491,+256735717491,valid,Mbarara,Mbarara,exact,2025-04-02,2025-04-02,%Y-%m-%d,Female,F,mapped,,
CUST101729,Nabirye Butime,,nabirye.butime@yahoo.com,Mbarara,2023-07-31,,,,missing,Mbarara,Mbarara,exact,2023-07-31,2023-07-31,%Y-%m-%d,,,missing,,
CUST101731,Nabbanja Nakiganda,+256709218628,nabbanjanakiganda@gmail.com,Kampala,2024-04-21,F,0709218628,+256709218628,valid,Kampala,Kampala,exact,2024-04-21,2024-04-21,%Y-%m-%d,Female,F,mapped,,
CUST101733,FRANCIS,+256743028012,francis@hotmail.com,Gulu,2025-05-24,F,+256 74 302 8012,+256743028012,valid,Gulu,Gulu,exact,2025-05-24,2025-05-24,%Y-%m-%d,Female,F,mapped,CUST102692;CUST103817,
CUST101735,Ronald Ninsiima,+256734994525,ronald.ninsiima@outlook.com,Mukono,2022-03-09,,073-499-4525,+256734994525,valid,Mukono,Mukono,exact,2022-03-09,2022-03-09,%Y-%m-%d,,,missing,,
CUST101736,Butime Robert,+256737717424,butimerobert@mail.com,Kampala,2025-03-28,M,737717424,+256737717424,valid,kla,Kampala,variant_mapped,2025-03-28,2025-03-28,%Y-%m-%d,Male,M,mapped,,
CUST101737,N. Joseph,,nalubega.joseph@yahoo.com,Bushenyi,2023-01-04,M,,,missing,Bushenyi,Bushenyi,exact,2023-01-04,2023-01-04,%Y-%m-%d,Male,M,mapped,,
CUST101738,Emmanuel,+256737773333,emmanuel75@srg.co.ug,Mukono,2023-12-17,F,+256737773333,+256737773333,valid,Mukono,Mukono,exact,17/12/2023,2023-12-17,%d/%m/%Y,Female,F,mapped,,
CUST101739,Peter Byaruhanga,+256712881720,peterbyaruhanga46@srg.co.ug,Kayunga,2025-09-30,,0712881720,+256712881720,valid,Kayunga,Kayunga,exact,2025-09-30,2025-09-30,%Y-%m-%d,,,missing,,
CUST101740,Harriet Kyomuhendo,+256718916863,harriet.kyomuhendo@hotmail.com,Gulu,2022-10-07,F,718916863,+256718916863,valid,Gulu City,Gulu,exact,2022-10-07,2022-10-07,%Y-%m-%d,Female,F,mapped,CUST102441,
CUST101742,Dorothy Ssempebwa,+256727259496,dorothy.ssempebwa@hotmail.com,Kampala,2022-07-11,M,727259496,+256727259496,valid,Kampala,Kampala,exact,11/07/2022,2022-07-11,%d/%m/%Y,Male,M,mapped,,
CUST101743,Florence Nabbanja,+256723058292,florence.nabbanja@gmail.com,Wakiso,2024-06-06,,+256723058292,+256723058292,valid,Wakiso District,Wakiso,variant_mapped,2024-06-06,2024-06-06,%Y-%m-%d,,,missing,,
CUST101744,Ruth Byaruhanga,+256711994860,ruth.byaruhanga@srg.co.ug,Mukono,2023-10-03,F,0711994860,+256711994860,valid,Mukono,Mukono,exact,2023-10-03,2023-10-03,%Y-%m-%d,Female,F,mapped,,
CUST101745,Francis Ninsiima,+256773129360,,Gulu,,F,+256773129360,+256773129360,valid,Gulu,Gulu,exact,,,missing,Female,F,mapped,,
CUST101746,Agnes Kafeero,+256798006107,agneskafeero@outlook.com,Kampala,2025-08-30,,+256798006107,+256798006107,valid,Kampala,Kampala,exact,2025-08-30,2025-08-30,%Y-%m-%d,,,missing,,
CUST101747,Nakiganda Mukasa,+256781622866,nakiganda.mukasa@srg.co.ug,Kabale,2023-05-01,F,+256 78 162 2866,+256781622866,valid,kabale,Kabale,exact,2023-05-01,2023-05-01,%Y-%m-%d,Female,F,mapped,,
CUST101748,Ssempebwa Kamoga,+256722484580,,Kayunga,2024-02-05,M,+256 72 248 4580,+256722484580,valid,kayunga,Kayunga,exact,2024-02-05,2024-02-05,%Y-%m-%d,Male,M,mapped,,
CUST101749,Ssimbwa Nalubega,+256793673140,ssimbwa.nalubega@srg.co.ug,Wakiso,,M,256793673140,+256793673140,valid,Wakiso,Wakiso,exact,,,missing,M,M,mapped,,
CUST101750,Butime Okello,+256735061504,butimeokello71@hotmail.com,Wakiso,2025-06-02,M,0735061504,+256735061504,valid,Wakiso,Wakiso,exact,2025-06-02,2025-06-02,%Y-%m-%d,Male,M,mapped,,
CUST101751,Ssemakula Kyomuhendo,+256733735688,ssemakulakyomuhendo@gmail.com,Fort Portal,2024-06-19,M,0733735688,+256733735688,valid,Kabarole,Fort Portal,exact,2024-06-19,2024-06-19,%Y-%m-%d,Male,M,mapped,CUST104032,
CUST101752,Nakiganda Wanyama,+256722532244,,Kampala,2023-12-12,,256722532244,+256722532244,valid,Kampala,Kampala,exact,12/12/2023,2023-12-12,%d/%m/%Y,,,missing,CUST104030,
CUST101753,Irene Nakayiza,+256739268131,irene.nakayiza@yahoo.com,Sembabule,2023-02-24,F,073-926-8131,+256739268131,valid,sembabule,Sembabule,exact,2023-02-24,2023-02-24,%Y-%m-%d,Female,F,mapped,CUST102825,
CUST101756,Stephen Ssemakula,+256735855982,stephen.ssemakula@srg.co.ug,Mbale City,2021-11-21,F,0735855982,+256735855982,valid,Mbale City,Mbale City,exact,2021-11-21,2021-11-21,%Y-%m-%d,F,F,mapped,,
CUST101757,Kato Munezero,+256790249832,kato.munezero@srg.co.ug,Kampala,2023-07-01,M,+256 79 024 9832,+256790249832,valid,Kampala,Kampala,exact,01/07/2023,2023-07-01,%d/%m/%Y,Male,M,mapped,,
CUST101758,Kambale Lubega,+256743422284,kambale.lubega@yahoo.com,Hoima,,F,+256743422284,+256743422284,valid,Hoima,Hoima,exact,,,missing,Female,F,mapped,,
CUST101759,Naomi Nakiganda,+256719131133,naomi.nakigandamail.com,Mbarara,,F,719131133,+256719131133,valid,Mbarara,Mbarara,exact,,,missing,Female,F,mapped,,
CUST101760,Brian Ssimbwa,+256793932570,brian.ssimbwa@mail.com,Jinja,2024-02-01,M,793932570,+256793932570,valid,Jinja,Jinja,exact,2024-02-01,2024-02-01,%Y-%m-%d,Male,M,mapped,CUST103784,
CUST101761,Kato Nalubega,+256751202443,kato.nalubega@outlook.com,Kumi,2021-10-05,M,+256751202443,+256751202443,valid,Kumi,Kumi,exact,2021-10-05,2021-10-05,%Y-%m-%d,Male,M,mapped,,
CUST101762,John Nabirye,+256789746704,john.nabirye@yahoo.com,Kitgum,2024-04-04,,0789746704,+256789746704,valid,Kitgum,Kitgum,exact,2024-04-04,2024-04-04,%Y-%m-%d,,,missing,,
CUST101763,Beatrice Nakiganda,+256773224527,beatrice.nakiganda@srg.co.ug,Wakiso,2023-06-20,F,+256 77 322 4527,+256773224527,valid,Wakiso District,Wakiso,variant_mapped,20/06/2023,2023-06-20,%d/%m/%Y,Female,F,mapped,CUST100457;CUST101240,
CUST101765,Nabbanja Jane,+256704059910,,Wakiso,2021-02-21,M,704059910,+256704059910,valid,Wakiso,Wakiso,exact,21-02-2021,2021-02-21,%d-%m-%Y,Male,M,mapped,,
CUST101766,Nankya Kyomuhendo,+256720602368,nankya.kyomuhendo@outlook.com,Kitgum,2022-08-28,F,+256720602368,+256720602368,valid,Kitgum,Kitgum,exact,2022-08-28,2022-08-28,%Y-%m-%d,Female ,F,mapped,,
CUST101767,Daniel Kibirige,+256747545516,,Kampala,2021-01-02,,+256747545516,+256747545516,valid,Kampala,Kampala,exact,02/01/2021,2021-01-02,%d/%m/%Y,,,missing,,
CUST101768,Atim Ssempebwa,,atimssempebwa2@gmail.com,Kampala,2024-03-24,F,,,missing,Kampala,Kampala,exact,24/03/2024,2024-03-24,%d/%m/%Y,Female ,F,mapped,,
CUST101769,Nakiganda Munezero,,nakiganda.munezero@yahoo.com,Mbarara,2025-04-01,F,,,missing,Mbarara,Mbarara,exact,2025-04-01,2025-04-01,%Y-%m-%d,Female,F,mapped,,
CUST101770,Nankya Naomi,+256734957128,nankya.naomi@yahoo.com,Mbarara,2024-10-02,F,0734957128,+256734957128,valid,Mbarara,Mbarara,exact,2024-10-02,2024-10-02,%Y-%m-%d,Female,F,mapped,,
CUST101771,Joan Nsereko,+256745243164,joan.nsereko@hotmail.com,Mbale,2024-10-03,F,+256745243164,+256745243164,valid,Mballa,Mbale,variant_mapped,03/10/2024,2024-10-03,%d/%m/%Y,Female,F,mapped,,
CUST101772,Ronald Tendo,+256799416547,ronald.tendo@outlook.com,Mbarara,2022-09-06,,+256799416547,+256799416547,valid,Mbaraa,Mbarara,variant_mapped,2022-09-06,2022-09-06,%Y-%m-%d,,,missing,CUST102703,
CUST101773,Ronald Wanyama,+256722108501,ronald.wanyama@yahoo.com,Kampala,2022-02-16,M,722108501,+256722108501,valid,Kampala,Kampala,exact,16/02/2022,2022-02-16,%d/%m/%Y,M,M,mapped,,
CUST101774,Collins Tumusiime,,collins.tumusiime@gmail.com,Jinja,2021-06-04,F,,,missing,Jinja,Jinja,exact,2021-06-04,2021-06-04,%Y-%m-%d,Female,F,mapped,,
CUST101775,Atim blweny,+256704738471,atim.olweny@srg.co.ug,Mbale,2025-02-28,F,704738471,+256704738471,valid,Mballa,Mbale,variant_mapped,2025-02-28,2025-02-28,%Y-%m-%d,Female,F,mapped,CUST104265,
CUST101776,Florence Nakato,+256735811897,florence.nakato@srg,Jinja,2021-06-08,M,735811897,+256735811897,valid,Jinja,Jinja,exact,2021-06-08,2021-06-08,%Y-%m-%d,Male,M,mapped,,
CUST101777,Ssempebwa Butime,+256740695414,ssempebwa.butime@mail.com,Kampala,2023-07-10,M,074-069-5414,+256740695414,valid,kla,Kampala,variant_mapped,2023-07-10,2023-07-10,%Y-%m-%d,M,M,mapped,CUST102315,
CUST101778,Mercy Nalubega,,,Kampala,2022-01-31,F,,,missing,Kampala,Kampala,exact,31/01/2022,2022-01-31,%d/%m/%Y,F,F,mapped,,
CUST101779,Atim Brian,+256716948783,atim.brian@yahoo.com,Wakiso,2022-08-05,M,256716948783,+256716948783,valid,Wakiso,Wakiso,exact,2022-08-05,2022-08-05,%Y-%m-%d,Male,M,mapped,,
CUST101780,Dorothy Kyomuhendo,+256708389921,dorothy.kyomuhendo@srg.co.ug,Wakiso,2021-04-09,M,0708389921,+256708389921,valid,Wakiso,Wakiso,exact,09/04/2021,2021-04-09,%d/%m/%Y,Male,M,mapped,,
CUST101781,Rebecca Wanyama,+256773956751,rebecca.wanyama@mail.com,Jinja,2025-02-25,M,+256773956751,+256773956751,valid,Jinja,Jinja,exact,2025-02-25,2025-02-25,%Y-%m-%d,M,M,mapped,,
CUST101782,Atim Godfrey,+256734815376,atimgodfrey45@srg.co.ug,Mbale,2025-03-10,,073-481-5376,+256734815376,valid,Mbale,Mbale,exact,10/03/2025,2025-03-10,%d/%m/%Y,,,missing,,
CUST101783,Mubiru Nsereko,+256706631018,mubiru.nsereko@outlook.com,Kampala,2023-07-02,M,+256 70 663 1018,+256706631018,valid,Kampala,Kampala,exact,02/07/2023,2023-07-02,%d/%m/%Y,Male ,M,mapped,,
CUST101784,Esther Okello,+256715449686,esther.okello@outlook.com,Gulu,2021-11-30,,0715449686,+256715449686,valid,Gulu City,Gulu,exact,30/11/2021,2021-11-30,%d/%m/%Y,,,missing,CUST103890,
CUST101785,Okello Mary,+256700351152,okellomary97@gmail.com,Soroti,2024-02-19,M,+256700351152,+256700351152,valid,Soroti,Soroti,exact,2024-02-19,2024-02-19,%Y-%m-%d,Male,M,mapped,CUST102245,
CUST101786,Ssekandi Byaruhanga,+256716847244,ssekandi.byaruhanga@srg.co.ug,Masindi,2024-08-13,M,0716847244,+256716847244,valid,Masindi,Masindi,exact,13-08-2024,2024-08-13,%d-%m-%Y,Male,M,mapped,CUST102840;CUST103442;CUST104042,
CUST101787,Francis Wanyama,+256728527650,francis.wanyama@outlook.com,Isingiro,2022-11-08,F,072-852-7650,+256728527650,valid,Isingiro,Isingiro,exact,2022-11-08,2022-11-08,%Y-%m-%d,Female,F,mapped,,
CUST101788,Wanyama Tumusiime,+256790896758,,Kampala,2024-01-14,F,+256790896758,+256790896758,valid,kampala,Kampala,exact,14-01-2024,2024-01-14,%d-%m-%Y,Female,F,mapped,CUST102729,
CUST101789,Nalubega Ronald,+256774682769,nalubega.ronald@hotmail.com,Wakiso,,,+256774682769,+256774682769,valid,Wakiso,Wakiso,exact,,,missing,,,missing,,
CUST101790,Ssempebwa Olweny,+256725328486,ssempebwa.olweny@hotmail.com,Kitgum,2024-02-02,M,0725328486,+256725328486,valid,Kitgum,Kitgum,exact,2024-02-02,2024-02-02,%Y-%m-%d,Male,M,mapped,,
CUST101791,Jane Kizza,+256798519684,janekizza23@hotmail.com,Gulu,2023-09-01,M,+256798519684,+256798519684,valid,GULLU,Gulu,variant_mapped,2023-09-01,2023-09-01,%Y-%m-%d,Male,M,mapped,,
CUST101793,Andrew,+256784531679,andrew11@hotmail.com,Kampala,2025-05-05,F,0784531679,+256784531679,valid,Kampala,Kampala,exact,05/05/2025,2025-05-05,%d/%m/%Y,F,F,mapped,CUST103583,
CUST101794,Okello Ssentongo,+256746872923,okello.ssentongo@srg.co.ug,Wakiso,2022-05-01,M,746872923,+256746872923,valid,Wakiso,Wakiso,exact,2022-05-01,2022-05-01,%Y-%m-%d,Male,M,mapped,,
CUST101795,Daniel Mukasa,+256772356054,,Gulu,2021-08-06,,+256 77 235 6054,+256772356054,valid,Gulu,Gulu,exact,2021-08-06,2021-08-06,%Y-%m-%d,,,missing,,
CUST101796,Olweny Kyomuhendo,+256790862392,olweny.kyomuhendo@outlook.com,Masaka,2025-08-01,M,0790862392,+256790862392,valid,Masaka,Masaka,exact,01-08-2025,2025-08-01,%d-%m-%Y,Male,M,mapped,,
CUST101797,Francis Ssimbwa,+256784878383,francisssimbwa89@yahoo.com,Mityana,2022-04-10,F,784878383,+256784878383,valid,Mityana,Mityana,exact,2022-04-10,2022-04-10,%Y-%m-%d,Female,F,mapped,,
CUST101798,Nsereko Sheila,+256736729827,nserekosheila55@outlook.com,Wakiso,2022-12-10,F,+256736729827,+256736729827,valid,Wakisio,Wakiso,variant_mapped,10/12/2022,2022-12-10,%d/%m/%Y,Female,F,mapped,,
CUST101799,Joan Ninsiima,+256781439076,joan.ninsiima@outlook.com,Wakiso,2021-03-23,F,+256 78 143 9076,+256781439076,valid,Wakiso,Wakiso,exact,23-03-2021,2021-03-23,%d-%m-%Y,Female,F,mapped,CUST100580;CUST101881;CUST104903,
CUST101800,Harriet Ssekandi,+256781526754,harriet.ssekandi@yahoo.com,Kumi,2022-02-04,F,781526754,+256781526754,valid,Kumi,Kumi,exact,2022-02-04,2022-02-04,%Y-%m-%d,F,F,mapped,,
CUST101801,Ssekandi Namubiru,+256717678823,ssekandi.namubiru@hotmail.com,Rakai,2024-09-16,M,+256717678823,+256717678823,valid,Rakai,Rakai,exact,2024-09-16,2024-09-16,%Y-%m-%d,M,M,mapped,CUST104942,
CUST101802,Kamoga Atim,+256702788722,kamoga.atim@gmail.com,Mbarara,2022-03-11,,0702788722,+256702788722,valid,Mbarara City,Mbarara,exact,2022-03-11,2022-03-11,%Y-%m-%d,,,missing,CUST101340,
CUST101803,Ssekandi Lubega,+256790331789,ssekandi.lubega@outlook.com,Wakiso,2022-09-10,,0790331789,+256790331789,valid,Wakisio,Wakiso,variant_mapped,10-09-2022,2022-09-10,%d-%m-%Y,,,missing,,
CUST101804,Beatrice Ssemakula,+256729652974,,Kampala,2023-10-23,F,0729652974,+256729652974,valid,Kampala,Kampala,exact,2023-10-23,2023-10-23,%Y-%m-%d,Female ,F,mapped,CUST104439,
CUST101805,Ssentongo Katusiime,+256740209400,ssentongo.katusiime@hotmail.com,Mbarara,2021-06-27,,740209400,+256740209400,valid,Mbararra,Mbarara,variant_mapped,27/06/2021,2021-06-27,%d/%m/%Y,,,missing,CUST103968,
CUST101806,Grace Byaruhanga,+256703921549,gracebyaruhanga22@srg.co.ug,Kampala,2021-06-20,M,256703921549,+256703921549,valid,Kampala,Kampala,exact,20/06/2021,2021-06-20,%d/%m/%Y,Male,M,mapped,,
CUST101807,Nsereko Kibirige,+256771310481,nsereko.kibirige@mail.com,Luwero,2021-06-12,M,256771310481,+256771310481,valid,Luwero,Luwero,exact,12/06/2021,2021-06-12,%d/%m/%Y,M,M,mapped,,
CUST101808,Kibirige Mugisha,+256780084229,kibirige.mugisha@mail.com,Wakiso,2021-12-12,M,+256 78 008 4229,+256780084229,valid,Wakiso,Wakiso,exact,2021-12-12,2021-12-12,%Y-%m-%d,Male,M,mapped,,
CUST101809,Butime Katusiime,+256712647738,butime.katusiime@srg.co.ug,Mbarara,2021-08-10,M,0712647738,+256712647738,valid,Mbarara,Mbarara,exact,10-08-2021,2021-08-10,%d-%m-%Y,M,M,mapped,,
CUST101810,Timothy,+256716462816,timothy@mail.com,Wakiso,2023-11-03,F,0716462816,+256716462816,valid,Wakiso,Wakiso,exact,03/11/2023,2023-11-03,%d/%m/%Y,F,F,mapped,,
CUST101811,Ssebugwawo Catherine,+256758340029,ssebugwawo.catherine@yahoo,Gulu,,,758340029,+256758340029,valid,Gulu,Gulu,exact,,,missing,,,missing,,
CUST101813,Florence Kizza,+256777147521,florence.kizza@yahoo,Kampala,2024-06-03,M,256777147521,+256777147521,valid,Kampala,Kampala,exact,03/06/2024,2024-06-03,%d/%m/%Y,Male,M,mapped,,
CUST101814,Nabirye Nabbanja,+256758679913,nabirye.nabbanja@yahoo.com,Mbale,2024-01-18,,+256 75 867 9913,+256758679913,valid,mbale,Mbale,exact,18/01/2024,2024-01-18,%d/%m/%Y,,,missing,,
CUST101815,Robert Nakiganda,,robert.nakiganda@mail.com,Kitgum,2022-11-18,M,,,missing,Kitgum,Kitgum,exact,2022-11-18,2022-11-18,%Y-%m-%d,M,M,mapped,,
CUST101816,Kibirige Wanyama,+256712654188,kibirige.wanyama@outlook.com,Rakai,2021-09-28,M,0712654188,+256712654188,valid,Rakai,Rakai,exact,2021-09-28,2021-09-28,%Y-%m-%d,Male,M,mapped,CUST103182,
CUST101817,Atukunda Peter,+256723264390,atukunda.peterhotmail.com,Wakiso,2024-05-31,M,+256723264390,+256723264390,valid,Wakiso,Wakiso,exact,31/05/2024,2024-05-31,%d/%m/%Y,Male,M,mapped,,
CUST101818,Wanyama Michael,+256742502244,wanyama.michael@yahoo.com,Mpigi,2023-08-08,M,+256742502244,+256742502244,valid,Mpigi,Mpigi,exact,2023-08-08,2023-08-08,%Y-%m-%d,Male,M,mapped,,
CUST101819,Ruth Byaruhanga,+256772430502,ruth.byaruhanga@srg.co.ug,Gulu,2021-10-26,F,0772430502,+256772430502,valid,Gulu,Gulu,exact,2021-10-26,2021-10-26,%Y-%m-%d,F,F,mapped,CUST101980,
CUST101820,David Olweny,+256738312307,david.olweny@gmail.com,Wakiso,2021-12-04,M,256738312307,+256738312307,valid,Wakiso,Wakiso,exact,2021-12-04,2021-12-04,%Y-%m-%d,M,M,mapped,CUST104899,
CUST101822,Ssentongo Nakayiza,+256715782351,ssentongonakayiza9@outlook.com,Wakiso,2023-03-03,M,+256715782351,+256715782351,valid,Wakiso,Wakiso,exact,2023-03-03,2023-03-03,%Y-%m-%d,Male,M,mapped,,
CUST101823,Beatrice Ahabwe,+256739228524,beatriceahabwe78@yahoo.com,Kampala,2025-07-08,F,0739228524,+256739228524,valid,Kampala,Kampala,exact,08-07-2025,2025-07-08,%d-%m-%Y,F,F,mapped,CUST103747,
CUST101824,Butime Kambale,+256787207308,butime.kambale@hotmail.com,Gulu,2022-01-05,M,+256787207308,+256787207308,valid,Gulu,Gulu,exact,05/01/2022,2022-01-05,%d/%m/%Y,Male,M,mapped,,
CUST101825,Stephen Olweny,+256745512270,stephen.olweny@srg.co.ug,Soroti,,F,+256 74 551 2270,+256745512270,valid,Soroti,Soroti,exact,,,missing,Female,F,mapped,,
CUST101826,Ninsiima Atim,+256744513629,ninsiima.atim@srg.co.ug,Masaka,2025-04-13,F,744513629,+256744513629,valid,Masaka,Masaka,exact,13/04/2025,2025-04-13,%d/%m/%Y,Female,F,mapped,CUST103933,
CUST101827,Nsereko Wanyama,+256727455330,,Mukono,2022-03-23,M,727455330,+256727455330,valid,Mukono,Mukono,exact,2022-03-23,2022-03-23,%Y-%m-%d,Male,M,mapped,,REVIEW: possible duplicate
CUST101828,Olweny Wasswa,+256730596400,,Luwero,2023-07-16,M,256730596400,+256730596400,valid,Luweero,Luwero,variant_mapped,16/07/2023,2023-07-16,%d/%m/%Y,M,M,mapped,,
CUST101829,Sarah Atim,+256752787024,sarah.atim@srg.co.ug,Mukono,2022-08-05,M,256752787024,+256752787024,valid,Mukono,Mukono,exact,2022-08-05,2022-08-05,%Y-%m-%d,Male,M,mapped,,
CUST101830,Atim Nabbanja,+256721610751,atimnabbanja92@yahoo.com,Gulu,2021-07-30,F,+256 72 161 0751,+256721610751,valid,gulu,Gulu,exact,2021-07-30,2021-07-30,%Y-%m-%d,Female,F,mapped,,
CUST101831,Katusiime Stephen,+256711262374,katusiimestephen76@srg.co.ug,Kabale,2023-09-25,F,+256 71 126 2374,+256711262374,valid,Kabale,Kabale,exact,25/09/2023,2023-09-25,%d/%m/%Y,Female ,F,mapped,,
CUST101832,Naomi,+256735477751,naomi@gmail.com,Mbarara,2022-08-04,F,256735477751,+256735477751,valid,Mbarara,Mbarara,exact,2022-08-04,2022-08-04,%Y-%m-%d,Female,F,mapped,CUST102581;CUST104224,
CUST101834,Kato Ahabwe,+256737533678,kato.ahabwe@hotmail.com,Kampala,2025-04-01,M,+256737533678,+256737533678,valid,Kla,Kampala,variant_mapped,01-04-2025,2025-04-01,%d-%m-%Y,Male,M,mapped,CUST102984,
CUST101835,Namubiru,+256756634591,namubiru@gmail.com,Kampala,2022-03-14,F,0756634591,+256756634591,valid,Kampala,Kampala,exact,14/03/2022,2022-03-14,%d/%m/%Y,Female,F,mapped,,
CUST101836,Catherine Ssemakula,+256794418397,catherinessemakula6@mail.com,Soroti,,M,079-441-8397,+256794418397,valid,Soroti,Soroti,exact,,,missing,Male,M,mapped,CUST102860,
CUST101837,Phoebe Olweny,+256731046983,phoebeolweny96@gmail.com,Kampala,2024-10-28,F,256731046983,+256731046983,valid,Kampala,Kampala,exact,28/10/2024,2024-10-28,%d/%m/%Y,Female,F,mapped,,
CUST101838,Kambale Kizza,+256756567171,kambalekizza47@srg.co.ug,Mbale City,2023-07-24,F,+256756567171,+256756567171,valid,Mbale City,Mbale City,exact,24/07/2023,2023-07-24,%d/%m/%Y,F,F,mapped,CUST104294,
CUST101839,Joan Mukasa,+256741481393,joanmukasa@gmail.com,Wakiso,2021-12-11,F,+256741481393,+256741481393,valid,Wakiso,Wakiso,exact,11-12-2021,2021-12-11,%d-%m-%Y,Female,F,mapped,,
CUST101840,Nabbanja Okello,+256728385514,nabbanja.okello@outlook.com,Iganga,,F,0728385514,+256728385514,valid,Iganga,Iganga,exact,,,missing,F,F,mapped,,
CUST101842,Ninsiima Namubiru,+256792515841,ninsiima.namubiru@gmail.com,Arua,2025-05-15,F,792515841,+256792515841,valid,Arua City,Arua,exact,15/05/2025,2025-05-15,%d/%m/%Y,Female,F,mapped,,
CUST101843,David,,david@gmail.com,Mukono,2023-11-07,,,,missing,Mukono,Mukono,exact,07/11/2023,2023-11-07,%d/%m/%Y,,,missing,,
CUST101845,Lubega Mugisha,+256736160478,lubega.mugisha@mail.com,Jinja,2022-11-25,M,073-616-0478,+256736160478,valid,Jinja,Jinja,exact,25/11/2022,2022-11-25,%d/%m/%Y,M,M,mapped,,
CUST101846,Ouma Kyomuhendo,+256726395666,ouma.kyomuhendo@outlook,Masaka,2024-04-23,,072-639-5666,+256726395666,valid,Masaka,Masaka,exact,2024-04-23,2024-04-23,%Y-%m-%d,,,missing,,
CUST101848,Kxto Ouma,+256792811557,kato.ouma@outlook.com,Wakiso,2023-12-20,M,0792811557,+256792811557,valid,Wakiso District,Wakiso,variant_mapped,2023-12-20,2023-12-20,%Y-%m-%d,Male,M,mapped,CUST102632,
CUST101849,Robert Okello,+256731223598,robertokello89@gmail.com,Wakiso,2022-04-14,M,073-122-3598,+256731223598,valid,Wakiso,Wakiso,exact,2022-04-14,2022-04-14,%Y-%m-%d,Male,M,mapped,,
CUST101850,Wasswa Atukunda,+256723114495,wasswaatukunda@hotmail.com,Jinja,2022-11-06,,+256723114495,+256723114495,valid,Jinja,Jinja,exact,06-11-2022,2022-11-06,%d-%m-%Y,,,missing,CUST101923;CUST103731,
CUST101851,Mercy Ouma,+256746295447,mercy.ouma@srg.co.ug,Kiboga,2024-09-08,F,+256 74 629 5447,+256746295447,valid,kiboga,Kiboga,exact,2024-09-08,2024-09-08,%Y-%m-%d,Female,F,mapped,,
CUST101852,Mercy,+256731947742,mercy@mail.com,Kampala,2021-02-09,F,0731947742,+256731947742,valid,Kampala Region,Kampala,variant_mapped,2021-02-09,2021-02-09,%Y-%m-%d,F,F,mapped,,
CUST101853,Ssentongo Lubega,+256713866929,ssentongo.lubega@srg.co.ug,Hoima,2023-01-13,,0713866929,+256713866929,valid,Hoima,Hoima,exact,13-01-2023,2023-01-13,%d-%m-%Y,,,missing,CUST102044,
CUST101855,Kibirige Katusiime,+256716741640,kibirige.katusiime@srg.co.ug,Wakiso,2021-12-19,M,716741640,+256716741640,valid,Wakiso,Wakiso,exact,19-12-2021,2021-12-19,%d-%m-%Y,Male ,M,mapped,,
CUST101856,Byaruhanga,+256703643148,byaruhanga@hotmail.com,Kasese,2023-12-15,M,0703643148,+256703643148,valid,kasese,Kasese,exact,15-12-2023,2023-12-15,%d-%m-%Y,Male,M,mapped,CUST102079,
CUST101857,David Katusiime,+256757032742,,Wakiso,2023-05-26,M,0757032742,+256757032742,valid,Wakiso,Wakiso,exact,26/05/2023,2023-05-26,%d/%m/%Y,M,M,mapped,,
CUST101858,Ssekandi Kyomuhendo,+256700513430,,Mbarara,2022-02-10,M,700513430,+256700513430,valid,Mbarara,Mbarara,exact,2022-02-10,2022-02-10,%Y-%m-%d,M,M,mapped,CUST102087,
CUST101859,Naomi Ssentongo,+256702907941,naomi.ssentongo@hotmail.com,Soroti,2025-01-18,F,070-290-7941,+256702907941,valid,Soroti,Soroti,exact,18-01-2025,2025-01-18,%d-%m-%Y,Female,F,mapped,CUST103132,REVIEW: possible duplicate
CUST101860,Namubiru Daniel,,namubiru.daniel@srg.co.ug,Mukono,,,,,missing,Mukono,Mukono,exact,,,missing,,,missing,,
CUST101861,Ssentongo,+256794997176,ssentongo@mail,Hoima,2021-11-18,,+256794997176,+256794997176,valid,Hoima,Hoima,exact,2021-11-18,2021-11-18,%Y-%m-%d,,,missing,CUST100348,
CUST101862,Nakiganda Kizza,+256740147425,nakiganda.kizza@hotmail.com,Kampala,2022-06-13,F,+256740147425,+256740147425,valid,Kampala,Kampala,exact,2022-06-13,2022-06-13,%Y-%m-%d,F,F,mapped,,
CUST101863,Namubiru Atukunda,+256709222729,namubiru.atukunda@yahoo.com,Mbarara,,F,+256709222729,+256709222729,valid,Mbarara,Mbarara,exact,,,missing,F,F,mapped,,
CUST101864,John Kyebambe,+256741519263,john.kyebambe@srg.co.ug,Wakiso,2023-03-30,M,+256741519263,+256741519263,valid,Wakiso,Wakiso,exact,2023-03-30,2023-03-30,%Y-%m-%d,Male,M,mapped,,
CUST101865,Katusiime Kyomuhendo,+256757610262,katusiime.kyomuhendo@outlook.com,Tororo,2021-05-25,F,0757610262,+256757610262,valid,Tororo,Tororo,exact,25-05-2021,2021-05-25,%d-%m-%Y,Female,F,mapped,,
CUST101866,Jane Kyomuhendo,+256727750386,jane.kyomuhendo@hotmail.com,Kampala,2023-06-23,M,+256 72 775 0386,+256727750386,valid,Kampala,Kampala,exact,23-06-2023,2023-06-23,%d-%m-%Y,Male,M,mapped,,
CUST101869,Brian Wasswa,+256728739099,brian.wasswa@gmail.com,Wakiso,2022-04-03,M,256728739099,+256728739099,valid,Wakiso,Wakiso,exact,2022-04-03,2022-04-03,%Y-%m-%d,Male,M,mapped,,
CUST101870,Namubiru Munezero,+256799130174,namubirumunezero@yahoo.com,Jinja,2022-01-03,F,+256799130174,+256799130174,valid,Jinja,Jinja,exact,2022-01-03,2022-01-03,%Y-%m-%d,Female,F,mapped,CUST104898,
CUST101872,Nakiganda Nabirye,+256711310734,nakiganda.nabirye@gmail.com,Wakiso,2021-09-26,F,+256711310734,+256711310734,valid,Wakiso,Wakiso,exact,26/09/2021,2021-09-26,%d/%m/%Y,Female,F,mapped,,
CUST101873,Kato Wasswa,+256730258280,kato.wasswa@outlook.com,Mukono,2021-09-13,M,256730258280,+256730258280,valid,Mukono,Mukono,exact,2021-09-13,2021-09-13,%Y-%m-%d,Male,M,mapped,,
CUST101874,Robert Nabbanja,+256753102270,robert.nabbanja@yahoo.com,Nakasongola,2023-04-12,M,+256753102270,+256753102270,valid,Nakasongola,Nakasongola,exact,2023-04-12,2023-04-12,%Y-%m-%d,Male,M,mapped,,
CUST101875,Ssempebwa Mugisha,+256754203057,,Masaka,2022-08-02,M,+256754203057,+256754203057,valid,Masaka,Masaka,exact,02-08-2022,2022-08-02,%d-%m-%Y,Male,M,mapped,,REVIEW: possible duplicate
CUST101877,Ssemakula Ssempebwa,+256728015693,ssemakula.ssempebwa@gmail,Mukono,2022-12-11,M,728015693,+256728015693,valid,Mukono,Mukono,exact,2022-12-11,2022-12-11,%Y-%m-%d,Male,M,mapped,,
CUST101878,Patrick,+256723046262,patrick@yahoo,Masaka,2022-04-28,F,723046262,+256723046262,valid,Masaka,Masaka,exact,28-04-2022,2022-04-28,%d-%m-%Y,F,F,mapped,,
CUST101879,Kibirige Achieng,,,Isingiro,,M,,,missing,Isingiro,Isingiro,exact,,,missing,Male,M,mapped,,REVIEW: possible duplicate
CUST101880,Mercy Ninsiima,+256703550164,mercy.ninsiima@yahoo.com,Kabale,2025-07-18,F,0703550164,+256703550164,valid,Kabale,Kabale,exact,2025-07-18,2025-07-18,%Y-%m-%d,F,F,mapped,,
CUST101882,Irene Ssimbwa,+256727957071,irene.ssimbwa@gmail.com,Kampala,2023-01-01,F,0727957071,+256727957071,valid,Kampala,Kampala,exact,01-01-2023,2023-01-01,%d-%m-%Y,Female,F,mapped,,
CUST101883,Nakiganda Wanyama,+256707112983,nakiganda.wanyama@srg.co.ug,Mbale,2022-01-05,F,+256707112983,+256707112983,valid,Mbale,Mbale,exact,2022-01-05,2022-01-05,%Y-%m-%d,F,F,mapped,CUST104056,
CUST101884,Joseph Katusiime,+256740881462,josephkatusiime@yahoo.com,Kampala,2023-12-14,M,256740881462,+256740881462,valid,Kampala,Kampala,exact,14/12/2023,2023-12-14,%d/%m/%Y,Male,M,mapped,CUST102232;CUST104377,
CUST101885,Kizza Katusiime,+256730143878,,Kasese,2022-08-31,M,256730143878,+256730143878,valid,kasese,Kasese,exact,31/08/2022,2022-08-31,%d/%m/%Y,Male,M,mapped,CUST103819,
CUST101886,Nabirye Stephen,+256776184407,nabiryestephen45@yahoo.com,Kitgum,2025-03-04,F,0776184407,+256776184407,valid,Kitgum,Kitgum,exact,2025-03-04,2025-03-04,%Y-%m-%d,Female,F,mapped,,
CUST101887,Butime Daniel,+256723879563,butime.daniel@gmail.com,Jinja,2023-05-01,M,0723879563,+256723879563,valid,jinji,Jinja,variant_mapped,01/05/2023,2023-05-01,%d/%m/%Y,Male,M,mapped,,
CUST101888,Joan Butime,+256718760774,joan.butime@hotmail.com,Kampala,,F,0718760774,+256718760774,valid,Kampala,Kampala,exact,,,missing,F,F,mapped,,
CUST101889,Nsereko Kamoga,+256716260576,nsereko.kamoga@hotmail.com,Mukono,2025-03-22,M,0716260576,+256716260576,valid,Mukono,Mukono,exact,22/03/2025,2025-03-22,%d/%m/%Y,M,M,mapped,,
CUST101890,Mugisha Butime,+256731107163,mugisha.butime@hotmail.com,Arua,,,+256731107163,+256731107163,valid,Arua,Arua,exact,,,missing,,,missing,CUST102856;CUST103596,
CUST101891,Mubiru Ssemakula,+256786899591,mubiru.ssemakula@yahoo.com,Mbarara,2024-06-08,,786899591,+256786899591,valid,Mbarara,Mbarara,exact,2024-06-08,2024-06-08,%Y-%m-%d,,,missing,CUST102224,
CUST101892,Nakiganda Tendo,+256746327789,nakigandatendo4@gmail.com,Mukono,2023-10-20,F,+256746327789,+256746327789,valid,Mukono,Mukono,exact,20/10/2023,2023-10-20,%d/%m/%Y,F,F,mapped,,
CUST101893,Tendo Timothy,+256734207546,,Kampala,2022-02-06,F,734207546,+256734207546,valid,Kampala,Kampala,exact,2022-02-06,2022-02-06,%Y-%m-%d,Female ,F,mapped,,
CUST101894,Ssimbja Atim,+256783780170,,Mukono,2022-05-29,,+256783780170,+256783780170,valid,mukono,Mukono,exact,2022-05-29,2022-05-29,%Y-%m-%d,,,missing,CUST104077,
CUST101895,Achieng Beatrice,+256708744592,achieng.beatrice@outlook.com,Mbarara,2021-09-26,,+256 70 874 4592,+256708744592,valid,Mbaraa,Mbarara,variant_mapped,2021-09-26,2021-09-26,%Y-%m-%d,,,missing,CUST103667,
CUST101896,Nabirye Byaruhanga,,nabirye.byaruhanga@hotmail.com,Kampala,2022-06-03,F,,,missing,Kampala,Kampala,exact,2022-06-03,2022-06-03,%Y-%m-%d,Female,F,mapped,,
CUST101898,Francis Wanyama,+256722897777,francis.wanyama@srg.co.ug,Wakiso,2024-05-18,F,256722897777,+256722897777,valid,Wakiso,Wakiso,exact,2024-05-18,2024-05-18,%Y-%m-%d,Female,F,mapped,,
CUST101899,John Ssempebwa,+256721406336,,Kampala,2021-08-11,M,0721406336,+256721406336,valid,Kampala,Kampala,exact,2021-08-11,2021-08-11,%Y-%m-%d,Male,M,mapped,CUST103694;CUST104115,
CUST101900,Wanyama Wasswa,+256705049773,,Kampala,2023-09-16,,+256 70 504 9773,+256705049773,valid,Kampala,Kampala,exact,16/09/2023,2023-09-16,%d/%m/%Y,,,missing,,REVIEW: possible duplicate
CUST101901,Mary Ssentongo,+256748964510,mary.ssentongo@outlook.com,Kampala,2021-12-09,M,+256 74 896 4510,+256748964510,valid,Kampala,Kampala,exact,2021-12-09,2021-12-09,%Y-%m-%d,Male,M,mapped,CUST102134,
CUST101902,Sarah Namubiru,+256759632060,sarahnamubiru10@gmail.com,Wakiso,2025-01-05,M,759632060,+256759632060,valid,Wakiso,Wakiso,exact,2025-01-05,2025-01-05,%Y-%m-%d,Male,M,mapped,,
CUST101903,Nankya Tendo,+256721865404,nankya.tendo@gmail.com,Kampala,,,+256721865404,+256721865404,valid,Kampala,Kampala,exact,,,missing,,,missing,CUST103141,
CUST101904,Nankya,+256797861282,nankya@outlook.com,Jinja,2021-11-09,F,+256797861282,+256797861282,valid,jinja,Jinja,exact,2021-11-09,2021-11-09,%Y-%m-%d,Female,F,mapped,,
CUST101905,Harriet Wasswa,+256798501762,harriet.wasswa@yahoo.com,Mukono,2021-08-21,F,+256798501762,+256798501762,valid,mukono,Mukono,exact,21-08-2021,2021-08-21,%d-%m-%Y,Female,F,mapped,,
CUST101906,Ssemakula Nakiganda,+256758315753,ssemakula.nakiganda@mail.com,Fort Portal,2021-05-12,M,758315753,+256758315753,valid,Kabarole,Fort Portal,exact,2021-05-12,2021-05-12,%Y-%m-%d,Male,M,mapped,,
CUST101908,David Mugisha,+256751103098,david.mugisha@srg.co.ug,Wakiso,2024-01-03,M,075-110-3098,+256751103098,valid,Wakiso,Wakiso,exact,03/01/2024,2024-01-03,%d/%m/%Y,Male ,M,mapped,,
CUST101909,Mercy Mugisha,+256730035415,mercy.mugishagmail.com,Jinja,,F,0730035415,+256730035415,valid,Jinja City,Jinja,exact,,,missing,Female,F,mapped,,
CUST101910,Nankya Nabirye,+256724829578,nankyanabirye65gmail.com,Hoima,2025-02-12,F,724829578,+256724829578,valid,Hoima,Hoima,exact,12/02/2025,2025-02-12,%d/%m/%Y,F,F,mapped,,
CUST101911,Katusiime Ninsiima,+256757773746,katusiime.ninsiima@outlook.com,Kampala,2024-12-13,F,0757773746,+256757773746,valid,Kampala,Kampala,exact,13/12/2024,2024-12-13,%d/%m/%Y,Female,F,mapped,,
CUST101912,Namutebi Byaruhanga,+256788884663,namutebi.byaruhanga@gmail.com,Wakiso,2024-06-04,,0788884663,+256788884663,valid,Wakiso,Wakiso,exact,2024-06-04,2024-06-04,%Y-%m-%d,,,missing,CUST104289,
CUST101913,Katusiime Ssentongo,+256799245878,katusiime.ssentongo@srg.co.ug,Fort Portal,2021-07-15,,+256 79 924 5878,+256799245878,valid,Fort Portal,Fort Portal,exact,2021-07-15,2021-07-15,%Y-%m-%d,,,missing,,
CUST101914,Byaruhanga Kafeero,+256735577571,byaruhanga.kafeero@outlook.com,Wakiso,2024-08-31,M,0735577571,+256735577571,valid,Wakiso,Wakiso,exact,31-08-2024,2024-08-31,%d-%m-%Y,Male,M,mapped,,
CUST101915,Joan Lubega,+256773971300,,Mbarara,2022-05-31,F,256773971300,+256773971300,valid,Mbarara,Mbarara,exact,2022-05-31,2022-05-31,%Y-%m-%d,Female ,F,mapped,,
CUST101916,Byaruhanga Nsereko,+256745174731,byaruhangansereko@mail.com,Mukono,2025-04-20,,074-517-4731,+256745174731,valid,Mukono,Mukono,exact,20/04/2025,2025-04-20,%d/%m/%Y,,,missing,,
CUST101917,John Kyomuhendo,+256743471010,john.kyomuhendo@gmail.com,Entebbe,2024-10-08,,0743471010,+256743471010,valid,Entebbe City,Entebbe,variant_mapped,08-10-2024,2024-10-08,%d-%m-%Y,,,missing,,
CUST101918,Nakigahda Florence,+256758961264,nakiganda.florence@srg.co.ug,Jinja,2021-06-23,M,+256758961264,+256758961264,valid,Jinja City,Jinja,exact,2021-06-23,2021-06-23,%Y-%m-%d,Male,M,mapped,CUST104323,
CUST101919,Lubega Okello,+256791120436,lubega.okello@srg.co.ug,Jinja,2023-12-08,M,0791120436,+256791120436,valid,Jinja,Jinja,exact,2023-12-08,2023-12-08,%Y-%m-%d,Male,M,mapped,,
CUST101920,Sarah Byaruhanga,+256715427461,sarah.byaruhanga@outlook,Hoima,2023-03-28,M,+256715427461,+256715427461,valid,Hoima,Hoima,exact,28/03/2023,2023-03-28,%d/%m/%Y,Male,M,mapped,,
CUST101921,mercy tendo,,mercy.tendo@gmail.com,Fort Portal,2021-04-30,,,,missing,fort portal,Fort Portal,exact,30/04/2021,2021-04-30,%d/%m/%Y,,,missing,CUST102354,
CUST101922,Agnes Guma,+256743111251,agnes.guma@hotmail.com,Mukono,2022-06-24,M,0743111251,+256743111251,valid,Mukono,Mukono,exact,2022-06-24,2022-06-24,%Y-%m-%d,M,M,mapped,,
CUST101924,Ruth Tendo,,ruth.tendosrg.co.ug,Isingiro,2021-10-20,F,,,missing,Isingiro,Isingiro,exact,2021-10-20,2021-10-20,%Y-%m-%d,F,F,mapped,,
CUST101925,Namubiru Kyomuhendo,+256779123208,namubiru.kyomuhendo@mail.com,Kampala,2021-10-13,F,0779123208,+256779123208,valid,Kampala,Kampala,exact,13-10-2021,2021-10-13,%d-%m-%Y,F,F,mapped,,
CUST101926,Timothy,+256747525864,timothy@mail.com,Bundibugyo,2025-08-01,F,+256747525864,+256747525864,valid,Bundibugyo,Bundibugyo,exact,2025-08-01,2025-08-01,%Y-%m-%d,F,F,mapped,CUST102915,
CUST101927,Andrew,+256755591328,andrew@hotmail.com,Wakiso,2025-05-16,F,0755591328,+256755591328,valid,Wakiso,Wakiso,exact,16/05/2025,2025-05-16,%d/%m/%Y,Female,F,mapped,,
CUST101928,Andrew Nsereko,+256712717598,andrewnsereko80@gmail.com,Fort Portal,2022-01-09,,+256 71 271 7598,+256712717598,valid,Kabarole,Fort Portal,exact,09-01-2022,2022-01-09,%d-%m-%Y,,,missing,,
CUST101929,Kato Nabbanja,+256751751473,kato.nabbanja@hotmail.com,Kampala,2022-02-05,M,751751473,+256751751473,valid,Kampala,Kampala,exact,05/02/2022,2022-02-05,%d/%m/%Y,M,M,mapped,,
CUST101930,Beatrice Lubega,+256708656345,beatrice.lubega@srg.co.ug,Mpigi,2022-03-23,F,+256708656345,+256708656345,valid,mpigi,Mpigi,exact,2022-03-23,2022-03-23,%Y-%m-%d,Female,F,mapped,,
CUST101931,Kyomuhendo,+256784787845,,Jinja,2024-10-25,F,784787845,+256784787845,valid,Jinja,Jinja,exact,25/10/2024,2024-10-25,%d/%m/%Y,Female,F,mapped,,
CUST101933,Patrick Ninsiima,+256723503846,patrick.ninsiima@srg.co.ug,Wakiso,2022-11-04,F,0723503846,+256723503846,valid,Wakiso,Wakiso,exact,2022-11-04,2022-11-04,%Y-%m-%d,Female,F,mapped,,
CUST101934,Achieng Kizza,+256799347726,achieng.kizza@srg.co.ug,Nebbi,2022-03-28,M,0799347726,+256799347726,valid,Nebbi,Nebbi,exact,2022-03-28,2022-03-28,%Y-%m-%d,Male,M,mapped,,
CUST101935,Butime Namutebi,,butime.namutebi@outlook.com,Rakai,,F,,,missing,Rakai,Rakai,exact,,,missing,F,F,mapped,,
CUST101936,Ruth Munezero,+256712439738,ruth.munezero@mail.com,Kampala,2023-07-05,F,+256 71 243 9738,+256712439738,valid,Kampala,Kampala,exact,05/07/2023,2023-07-05,%d/%m/%Y,Female,F,mapped,,
CUST101937,Ssempebwa Kyebambe,+256725661387,ssempebwa.kyebambe@mail.com,Rakai,2025-06-11,M,+256725661387,+256725661387,valid,rakai,Rakai,exact,2025-06-11,2025-06-11,%Y-%m-%d,Male,M,mapped,CUST103255,
CUST101938,Isaac Mukasa,+256741504310,isaac.mukasa@yahoo.com,Bushenyi,2023-08-22,F,741504310,+256741504310,valid,Bushenyi,Bushenyi,exact,2023-08-22,2023-08-22,%Y-%m-%d,Female,F,mapped,,
CUST101939,Agnes Ninsiima,+256788488904,agnes.ninsiima@hotmail.com,Kitgum,2024-01-10,M,+256 78 848 8904,+256788488904,valid,Kitgum,Kitgum,exact,10/01/2024,2024-01-10,%d/%m/%Y,Male,M,mapped,,
CUST101940,Alexander Kizza,+256702114391,alexander.kizza@srg.co.ug,Isingiro,2024-12-30,F,0702114391,+256702114391,valid,Isingiro,Isingiro,exact,30/12/2024,2024-12-30,%d/%m/%Y,F,F,mapped,,
CUST101941,Naomi Atim,+256795887264,,Wakiso,2022-08-19,F,+256795887264,+256795887264,valid,Wakiso,Wakiso,exact,2022-08-19,2022-08-19,%Y-%m-%d,Female,F,mapped,,REVIEW: possible duplicate
CUST101942,Ssentongo Nakiganda,+256773140428,ssentongo.nakiganda@outlook.com,Gulu,2025-02-19,F,256773140428,+256773140428,valid,Gulu City,Gulu,exact,19-02-2025,2025-02-19,%d-%m-%Y,Female,F,mapped,,
CUST101943,Alexander Nakayiza,,alexander.nakayiza@outlook.com,Wakiso,2024-08-25,F,,,missing,Wakiso,Wakiso,exact,2024-08-25,2024-08-25,%Y-%m-%d,Female,F,mapped,,
CUST101944,Joseph Munezero,+256785720143,joseph.munezero@yahoo.com,Kampala,2024-06-07,M,0785720143,+256785720143,valid,Kampala,Kampala,exact,2024-06-07,2024-06-07,%Y-%m-%d,Male ,M,mapped,,
CUST101945,Francis Wasswa,+256782524812,francis.wasswa@srg.co.ug,Kampala,2021-11-22,,+256 78 252 4812,+256782524812,valid,Kampala,Kampala,exact,22-11-2021,2021-11-22,%d-%m-%Y,,,missing,,
CUST101946,Nakayiza Ronald,+256783276628,nakayiza.ronald@mail.com,Mbale,2025-08-29,,+256 78 327 6628,+256783276628,valid,Mbale,Mbale,exact,2025-08-29,2025-08-29,%Y-%m-%d,,,missing,,
CUST101947,Daniel Nakayiza,+256779133049,daniel.nakayiza@srg.co.ug,Mukono,2021-09-11,M,+256 77 913 3049,+256779133049,valid,Mukkono,Mukono,variant_mapped,2021-09-11,2021-09-11,%Y-%m-%d,Male,M,mapped,CUST102122,
CUST101948,Dorothy Byaruhanga,+256725221258,dorothy.byaruhanga@outlook.com,Lyantonde,2025-10-16,M,0725221258,+256725221258,valid,Lyantonde,Lyantonde,exact,2025-10-16,2025-10-16,%Y-%m-%d,M,M,mapped,,
CUST101950,Nsereko,+256702788918,nserekooutlook.com,Mukono,2024-02-19,M,+256702788918,+256702788918,valid,Mukko,Mukono,variant_mapped,19/02/2024,2024-02-19,%d/%m/%Y,M,M,mapped,,
CUST101951,Samuel,+256749133067,,Kampala,2025-05-27,M,0749133067,+256749133067,valid,Kampala,Kampala,exact,27/05/2025,2025-05-27,%d/%m/%Y,Male,M,mapped,CUST103174,REVIEW: possible duplicate
CUST101952,Ruth Ninsiima,+256750393215,ruth.ninsiima@srg.co.ug,Gulu,2022-07-14,F,+256750393215,+256750393215,valid,Gulu,Gulu,exact,2022-07-14,2022-07-14,%Y-%m-%d,Female,F,mapped,,
CUST101953,Nakayiza Kyomuhendo,+256707701495,nakayizakyomuhendo41@gmail.com,Mukono,2024-06-01,F,0707701495,+256707701495,valid,Mukkono,Mukono,variant_mapped,01/06/2024,2024-06-01,%d/%m/%Y,Female,F,mapped,,
CUST101954,Joan Mubiru,+256788068171,joan.mubiru@yahoo.com,Jinja,,F,078-806-8171,+256788068171,valid,Jinja,Jinja,exact,,,missing,F,F,mapped,,
CUST101955,Wanyama,+256741737484,wanyama@gmail.com,Rakai,2024-06-23,F,+256741737484,+256741737484,valid,Rakai,Rakai,exact,23/06/2024,2024-06-23,%d/%m/%Y,F,F,mapped,,
CUST101956,Tendo Grace,+256721571450,tendo.grace@outlook.com,Jinja,2021-01-22,M,+256721571450,+256721571450,valid,Jinja,Jinja,exact,22/01/2021,2021-01-22,%d/%m/%Y,Male,M,mapped,,
CUST101958,Okello Katusiime,+256797909052,okello.katusiime@yahoo.com,Wakiso,2021-04-28,F,256797909052,+256797909052,valid,wakiso,Wakiso,exact,2021-04-28,2021-04-28,%Y-%m-%d,Female,F,mapped,,
CUST101959,Mugisha Ssekandi,+256759997680,mugisha.ssekandi@hotmail.com,Kampala,2024-06-13,M,0759997680,+256759997680,valid,Kampala,Kampala,exact,13/06/2024,2024-06-13,%d/%m/%Y,M,M,mapped,CUST102106,
CUST101960,Beatrice Butime,+256784323902,beatrice.butime@gmail.com,Jinja,2022-01-09,F,078-432-3902,+256784323902,valid,Jinja,Jinja,exact,2022-01-09,2022-01-09,%Y-%m-%d,Female,F,mapped,,
CUST101961,COLLINS SSENTONGO,+256776100666,collins.ssentongo@yahoo,Wakiso,2023-11-25,F,0776100666,+256776100666,valid,Wakisio,Wakiso,variant_mapped,25/11/2023,2023-11-25,%d/%m/%Y,F,F,mapped,CUST102430;CUST104673,
CUST101962,Byaruhanga Nankya,+256720648766,byaruhanga.nankya@yahoo.com,Mbarara,2021-01-26,M,0720648766,+256720648766,valid,Mbarara Town,Mbarara,variant_mapped,2021-01-26,2021-01-26,%Y-%m-%d,Male,M,mapped,CUST102165;CUST102858,
CUST101963,Ronald Achieng,+256726003037,,Kampala,2023-08-26,M,+256726003037,+256726003037,valid,Kampala (Central),Kampala,variant_mapped,2023-08-26,2023-08-26,%Y-%m-%d,Male,M,mapped,,REVIEW: possible duplicate
CUST101965,ygnes Ssimbwa,+256731125680,agnes.ssimbwa@srg.co.ug,Kalangala,2024-03-20,,+256731125680,+256731125680,valid,Kalangala,Kalangala,exact,2024-03-20,2024-03-20,%Y-%m-%d,,,missing,CUST102126,
CUST101966,Francis Nalubega,,francisnalubega6@mail.com,Lira,2024-01-21,F,,,missing,Lira,Lira,exact,2024-01-21,2024-01-21,%Y-%m-%d,Female,F,mapped,,
CUST101967,Kyomuhendo Kambale,+256781026364,kyomuhendo.kambale@gmail.com,Arua,2021-03-29,F,0781026364,+256781026364,valid,Arua City,Arua,exact,2021-03-29,2021-03-29,%Y-%m-%d,Female,F,mapped,,
CUST101970,Nankya Florence,+256788503423,nankya.florence@gmail.com,Somewhere,2024-08-20,M,788503423,+256788503423,valid,Somewhere,Somewhere,unresolved,2024-08-20,2024-08-20,%Y-%m-%d,M,M,mapped,CUST103068;CUST104387,
CUST101972,Samuel Kyebambe,+256735417537,samuel.kyebambe@hotmail.com,Kampala,2025-09-23,M,0735417537,+256735417537,valid,Kampala,Kampala,exact,2025-09-23,2025-09-23,%Y-%m-%d,M,M,mapped,,
CUST101973,Atim Nakayiza,+256713310576,atim.nakayiza@gmail.com,Gulu,2024-08-21,F,713310576,+256713310576,valid,Gulu,Gulu,exact,2024-08-21,2024-08-21,%Y-%m-%d,Female,F,mapped,,
CUST101976,Nsereko Tumusiime,+256794814892,nsereko.tumusiime@mail,Mukono,2025-07-02,M,794814892,+256794814892,valid,Mukono,Mukono,exact,2025-07-02,2025-07-02,%Y-%m-%d,Male,M,mapped,,
CUST101977,Harriet Mubiru,+256750179610,harriet.mubiru@outlook.com,Kampala,2024-04-18,F,+256 75 017 9610,+256750179610,valid,Kampala,Kampala,exact,2024-04-18,2024-04-18,%Y-%m-%d,Female,F,mapped,,
CUST101978,Nankya Nalubega,+256785940479,nankyanalubega36@hotmail.com,Kumi,2022-12-12,F,078-594-0479,+256785940479,valid,Kumi,Kumi,exact,12/12/2022,2022-12-12,%d/%m/%Y,Female ,F,mapped,,
CUST101979,Kyomuhendo Mugisha,,kyomuhendo.mugisha@srg.co.ug,Wakiso,2022-12-20,M,,,missing,Wakiso,Wakiso,exact,2022-12-20,2022-12-20,%Y-%m-%d,Male,M,mapped,,
CUST101981,Katusiime Olweny,+256748201982,katusiime.olweny@gmail.com,Wakiso,2021-04-26,F,0748201982,+256748201982,valid,Wakiso,Wakiso,exact,2021-04-26,2021-04-26,%Y-%m-%d,Female,F,mapped,CUST104919,
CUST101982,Samuel Atim,+256742505532,samuel.atim@yahoo.com,Gulu,2025-09-13,M,742505532,+256742505532,valid,Gulu,Gulu,exact,2025-09-13,2025-09-13,%Y-%m-%d,Male,M,mapped,CUST103000,
CUST101983,Kambale Andrew,+256730180623,kambale.andrew@mail.com,Mbarara,2022-12-27,F,+256730180623,+256730180623,valid,Mbarara,Mbarara,exact,27/12/2022,2022-12-27,%d/%m/%Y,Female,F,mapped,CUST104230,
CUST101984,Nankya Atim,+256715784988,nankyaatim@outlook.com,Lyantonde,2023-08-10,F,256715784988,+256715784988,valid,Lyantonde,Lyantonde,exact,10/08/2023,2023-08-10,%d/%m/%Y,Female,F,mapped,,
CUST101985,Naomi Olweny,+256707252679,naomi.olweny@outlook.com,Iganga,2021-04-18,F,0707252679,+256707252679,valid,Iganga,Iganga,exact,18/04/2021,2021-04-18,%d/%m/%Y,Female,F,mapped,CUST104552,
CUST101987,Atim Nabbanja,+256727192754,atim.nabbanja@yahoo.com,Lira,2023-06-08,F,727192754,+256727192754,valid,Lira,Lira,exact,2023-06-08,2023-06-08,%Y-%m-%d,Female,F,mapped,,
CUST101989,Guma Nakayiza,+256795460532,guma.nakayiza@yahoo.com,Kampala,2022-04-15,F,0795460532,+256795460532,valid,Kampala,Kampala,exact,2022-04-15,2022-04-15,%Y-%m-%d,Female,F,mapped,CUST102322,
CUST101990,Guma Atukunda,+256777304363,guma.atukunda@gmail.com,Mbale,2024-07-27,M,256777304363,+256777304363,valid,Mbale,Mbale,exact,2024-07-27,2024-07-27,%Y-%m-%d,M,M,mapped,CUST104664,
CUST101991,Collins,+256787705715,collins@gmail.com,Mbale,2023-02-20,F,0787705715,+256787705715,valid,mbale,Mbale,exact,2023-02-20,2023-02-20,%Y-%m-%d,Female,F,mapped,,
CUST101992,Butime Kamoga,+256799159218,butime.kamoga@mail.com,Bundibugyo,2024-06-11,M,256799159218,+256799159218,valid,Bundibugyo,Bundibugyo,exact,11/06/2024,2024-06-11,%d/%m/%Y,Male,M,mapped,CUST102945;CUST103319,
CUST101993,Lubega Michael,+256792122930,lubega.michael@srg.co.ug,Bundibugyo,2021-06-21,M,+256792122930,+256792122930,valid,Bundibugyo,Bundibugyo,exact,2021-06-21,2021-06-21,%Y-%m-%d,M,M,mapped,CUST102279,
CUST101994,Irene Kizza,+256751768192,irene.kizza@mail.com,Masindi,2022-03-18,,075-176-8192,+256751768192,valid,Masindi,Masindi,exact,18-03-2022,2022-03-18,%d-%m-%Y,,,missing,,
CUST101997,Ninsiima Stephen,+256748032582,ninsiima.stephen@gmail.com,Fort Portal,2025-07-10,F,+256748032582,+256748032582,valid,Kabarole,Fort Portal,exact,10-07-2025,2025-07-10,%d-%m-%Y,F,F,mapped,CUST104071,
CUST101998,Nakayiza Kyebambe,+256703676292,nakayiza.kyebambe@srg.co.ug,Kayunga,2021-09-21,F,0703676292,+256703676292,valid,kayunga,Kayunga,exact,2021-09-21,2021-09-21,%Y-%m-%d,Female,F,mapped,CUST103970,
CUST101999,Peter Ninsiima,+256748494358,peter.ninsiima@hotmail.com,Kalangala,2025-10-16,M,+256748494358,+256748494358,valid,Kalangala,Kalangala,exact,2025-10-16,2025-10-16,%Y-%m-%d,Male,M,mapped,CUST102929,
CUST102000,Sheila Olweny,+256717609769,sheilaolweny@gmail.com,Kampala,2025-10-05,F,0717609769,+256717609769,valid,Kampala,Kampala,exact,05/10/2025,2025-10-05,%d/%m/%Y,Female,F,mapped,,
CUST102001,Nabbanja Mubiru,+256773460106,nabbanja.mubiru@yahoo.com,Mukono,2022-02-28,M,773460106,+256773460106,valid,Mukono,Mukono,exact,28-02-2022,2022-02-28,%d-%m-%Y,Male,M,mapped,,
CUST102002,Kato Lubega,+256751884750,kato.lubega@outlook.com,Kampala,2021-10-24,M,+256 75 188 4750,+256751884750,valid,Kampala,Kampala,exact,2021-10-24,2021-10-24,%Y-%m-%d,M,M,mapped,CUST103304,
CUST102003,Sheila Kafeero,+256741752431,sheila.kafeero@gmail.com,Gulu,2022-03-31,F,074-175-2431,+256741752431,valid,Gulu,Gulu,exact,31/03/2022,2022-03-31,%d/%m/%Y,F,F,mapped,CUST104468,
CUST102004,Florence,+256725230352,florencesrg.co.ug,Wakiso,2022-05-04,M,+256 72 523 0352,+256725230352,valid,Wakiso,Wakiso,exact,2022-05-04,2022-05-04,%Y-%m-%d,M,M,mapped,,
CUST102005,Stephen Wasswa,+256740202735,stephen.wasswa@srg.co.ug,Mbale,2025-02-19,F,740202735,+256740202735,valid,Mbale,Mbale,exact,19/02/2025,2025-02-19,%d/%m/%Y,Female ,F,mapped,,
CUST102006,David Nsereko,+256718390916,david.nsereko@yahoo.com,Mukono,2022-01-09,M,0718390916,+256718390916,valid,Mukono,Mukono,exact,09/01/2022,2022-01-09,%d/%m/%Y,Male,M,mapped,,
CUST102007,Esther Kizza,+256725355714,estherkizza@yahoo.com,Kalangala,2024-02-25,,072-535-5714,+256725355714,valid,Kalangala,Kalangala,exact,2024-02-25,2024-02-25,%Y-%m-%d,,,missing,,
CUST102010,Ssempebwa Nabirye,+256789754239,ssempebwa.nabirye@yahoo.com,Mbale,,M,+256789754239,+256789754239,valid,Mballa,Mbale,variant_mapped,,,missing,Male,M,mapped,,
CUST102011,Nabirye Kyebambe,+256701729682,nabirye.kyebambe@gmail.com,Mbarara,2023-03-12,F,+256701729682,+256701729682,valid,Mbarara,Mbarara,exact,12/03/2023,2023-03-12,%d/%m/%Y,Female,F,mapped,,
CUST102012,Namubiru Mukasa,+256716527212,namubirumukasa79@yahoo.com,Arua,2023-12-22,F,071-652-7212,+256716527212,valid,Arua,Arua,exact,22-12-2023,2023-12-22,%d-%m-%Y,Female,F,mapped,CUST104147,
CUST102013,Kambale Nakiganda,+256781286287,kambale.nakiganda@outlook.com,Wakiso,2025-01-18,F,0781286287,+256781286287,valid,Wakiso,Wakiso,exact,18-01-2025,2025-01-18,%d-%m-%Y,Female,F,mapped,CUST102082;CUST104369,
CUST102014,Samuel Atim,+256750870778,samuel.atim@mail.com,Wakiso,2021-08-26,M,0750870778,+256750870778,valid,Wakiso,Wakiso,exact,2021-08-26,2021-08-26,%Y-%m-%d,M,M,mapped,,
CUST102015,Nakiganda Kibirige,+256733247487,nakiganda.kibirige@outlook.com,Kampala,2022-06-30,F,0733247487,+256733247487,valid,Kampala,Kampala,exact,30-06-2022,2022-06-30,%d-%m-%Y,Female ,F,mapped,CUST103058;CUST103521,
CUST102016,Olweny Nakato,+256789372117,,Masindi,2023-03-11,M,256789372117,+256789372117,valid,Masindi,Masindi,exact,2023-03-11,2023-03-11,%Y-%m-%d,Male,M,mapped,,
CUST102017,Peter Okello,+256749771941,peter.okello@outlook.com,Kampala,2024-01-19,M,749771941,+256749771941,valid,Kampala,Kampala,exact,19-01-2024,2024-01-19,%d-%m-%Y,Male,M,mapped,CUST102534,
CUST102018,Katusiime Kamoga,+256742966285,katusiime.kamoga@yahoo.com,Gulu,2023-11-05,F,0742966285,+256742966285,valid,Gulu,Gulu,exact,05/11/2023,2023-11-05,%d/%m/%Y,F,F,mapped,,
CUST102019,Olweny Nabirye,+256746581329,olweny.nabiryegmail.com,Wakiso,2024-02-07,F,256746581329,+256746581329,valid,Wakiso,Wakiso,exact,07/02/2024,2024-02-07,%d/%m/%Y,Female,F,mapped,,
CUST102020,Butime Sarah,+256784130368,,Iganga,2025-01-16,,0784130368,+256784130368,valid,iganga,Iganga,exact,2025-01-16,2025-01-16,%Y-%m-%d,,,missing,,
CUST102021,Juliet Ssimbwa,+256785578577,julietssimbwa52@yahoo.com,Mukono,2022-10-20,F,256785578577,+256785578577,valid,Mukono,Mukono,exact,2022-10-20,2022-10-20,%Y-%m-%d,Female,F,mapped,,
CUST102022,Stephen Mubiru,+256711084442,stephen.mubiru@gmail.com,Masindi,2024-12-30,F,711084442,+256711084442,valid,Masindi,Masindi,exact,30/12/2024,2024-12-30,%d/%m/%Y,Female,F,mapped,,
CUST102024,Catherine Ssimbwa,+256707605838,catherine.ssimbwa@srg.co.ug,Kampala,2024-10-29,M,0707605838,+256707605838,valid,Kampala,Kampala,exact,2024-10-29,2024-10-29,%Y-%m-%d,Male,M,mapped,CUST103033,
CUST102025,xebecca Kyomuhendo,+256715910453,rebecca.kyomuhendo@srg.co.ug,Nebbi,2024-11-30,M,+256715910453,+256715910453,valid,Nebbi,Nebbi,exact,30/11/2024,2024-11-30,%d/%m/%Y,Male,M,mapped,CUST104243,
CUST102028,Nakayiza,+256743061458,,Kampala,2022-04-17,F,256743061458,+256743061458,valid,Kampala,Kampala,exact,2022-04-17,2022-04-17,%Y-%m-%d,Female,F,mapped,,REVIEW: possible duplicate
CUST102029,Ouma Nabirye,+256799929277,ouma.nabirye@gmail.com,Mbarara,2021-02-08,M,079-992-9277,+256799929277,valid,Mbarara,Mbarara,exact,08-02-2021,2021-02-08,%d-%m-%Y,Male,M,mapped,,
CUST102030,Kambale Ssekandi,+256739828685,kambalessekandi97@yahoo.com,Sembabule,2022-07-23,,+256 73 982 8685,+256739828685,valid,Sembabule,Sembabule,exact,2022-07-23,2022-07-23,%Y-%m-%d,,,missing,,
CUST102031,Sheila Kyebambe,+256756238162,sheila.kyebambe@gmail.com,Jinja,2021-05-02,,0756238162,+256756238162,valid,Jinja,Jinja,exact,2021-05-02,2021-05-02,%Y-%m-%d,,,missing,,
CUST102032,Peter Ssempebwa,+256792297479,peter.ssempebwa@hotmail.com,Mukono,2021-09-05,,0792297479,+256792297479,valid,Mukono,Mukono,exact,2021-09-05,2021-09-05,%Y-%m-%d,,,missing,,
CUST102033,Brian Ssekandi,+256776531878,brianssekandi@mail.com,Bundibugyo,2021-06-08,M,776531878,+256776531878,valid,bundibugyo,Bundibugyo,exact,2021-06-08,2021-06-08,%Y-%m-%d,Male,M,mapped,,
CUST102034,Rebecca Ssempebwa,+256711221635,rebecca.ssempebwa@hotmail.com,Wakiso,2024-02-04,M,0711221635,+256711221635,valid,Wakiso,Wakiso,exact,04/02/2024,2024-02-04,%d/%m/%Y,Male,M,mapped,CUST104396,
CUST102035,Catherine Olweny,,catherineolweny@yahoo.com,Mbale,2025-03-03,M,,,missing,Mbale,Mbale,exact,2025-03-03,2025-03-03,%Y-%m-%d,Male,M,mapped,CUST103015;CUST103356,
CUST102036,Harriet Nankya,+256782808436,,Nebbi,2021-06-16,F,0782808436,+256782808436,valid,Nebbi,Nebbi,exact,2021-06-16,2021-06-16,%Y-%m-%d,Female,F,mapped,CUST104281,
CUST102037,Michael Kizza,+256787991225,michael.kizza@outlook.com,Jinja,2024-12-21,M,+256787991225,+256787991225,valid,Jinja,Jinja,exact,2024-12-21,2024-12-21,%Y-%m-%d,Male,M,mapped,,
CUST102038,Peter Nakato,,peter.nakato@outlook.com,Kampala,2024-06-12,M,,,missing,Kampala,Kampala,exact,12-06-2024,2024-06-12,%d-%m-%Y,Male,M,mapped,,
CUST102039,Ssentongo Mugisha,+256797967130,ssentongo.mugisha@gmail.com,Hoima,2021-03-13,M,256797967130,+256797967130,valid,Hoima,Hoima,exact,2021-03-13,2021-03-13,%Y-%m-%d,Male,M,mapped,,
CUST102040,Peter,+256759258612,petermail.com,Mbarara,,M,075-925-8612,+256759258612,valid,Mbarara,Mbarara,exact,,,missing,Male,M,mapped,CUST103837,
CUST102041,Nsereko Wanyama,+256784166824,nsereko.wanyama@srg.co.ug,Mukono,2025-09-12,M,784166824,+256784166824,valid,Mukono,Mukono,exact,2025-09-12,2025-09-12,%Y-%m-%d,Male,M,mapped,,REVIEW: possible duplicate
CUST102042,Dorothy Kyomuhendo,+256787677436,dorothykyomuhendo77@outlook.com,Arua,2021-11-04,M,787677436,+256787677436,valid,Arua,Arua,exact,2021-11-04,2021-11-04,%Y-%m-%d,Male,M,mapped,CUST102161,
CUST102043,Rebecca,+256707118993,rebecca@mail.com,Mbarara,,M,0707118993,+256707118993,valid,Mbarara,Mbarara,exact,,,missing,Male,M,mapped,,
CUST102045,Rebecca Butime,+256719609856,rebecca.butime@outlook.com,Mukono,,M,0719609856,+256719609856,valid,Mukkono,Mukono,variant_mapped,,,missing,Male,M,mapped,,
CUST102046,Guma Lubega,+256770240133,gumalubega@srg.co.ug,Kampala,2021-06-17,M,770240133,+256770240133,valid,kla,Kampala,variant_mapped,2021-06-17,2021-06-17,%Y-%m-%d,Male ,M,mapped,CUST102205,
CUST102048,Ouma Ouma,+256795258797,ouma.ouma@mail.com,Wakiso,2022-09-12,M,+256 79 525 8797,+256795258797,valid,Wakiso,Wakiso,exact,12/09/2022,2022-09-12,%d/%m/%Y,Male,M,mapped,,
CUST102049,Byaruhanga Guma,+256736380885,byaruhanga.guma@outlook.com,Jinja,2024-03-13,M,0736380885,+256736380885,valid,Jinja City,Jinja,exact,2024-03-13,2024-03-13,%Y-%m-%d,M,M,mapped,,
CUST102050,Timothy Ssentongo,+256711921862,timothy.ssentongo@yahoo.com,Mbale City,2025-10-17,,+256711921862,+256711921862,valid,Mbale City,Mbale City,exact,17-10-2025,2025-10-17,%d-%m-%Y,,,missing,,
CUST102051,Ninsiima Ssebugwawo,+256727636991,ninsiima.ssebugwawo@gmail.com,Gulu,2022-10-12,F,+256727636991,+256727636991,valid,Guluu,Gulu,variant_mapped,2022-10-12,2022-10-12,%Y-%m-%d,Female,F,mapped,,
CUST102052,Namutebi Mubiru,+256745068870,namutebimubiru@yahoo.com,Mbarara,2023-10-18,F,0745068870,+256745068870,valid,MBARARA,Mbarara,exact,2023-10-18,2023-10-18,%Y-%m-%d,F,F,mapped,,
CUST102053,Florence,+256731164914,florence82@yahoo.com,Wakiso,2021-02-11,M,256731164914,+256731164914,valid,Wakiso,Wakiso,exact,11/02/2021,2021-02-11,%d/%m/%Y,Male,M,mapped,CUST102843,
CUST102054,Alexander Munezero,+256789041348,alexander.munezero@srg.co.ug,Wakiso,2024-07-14,F,+256 78 904 1348,+256789041348,valid,Wakiso,Wakiso,exact,2024-07-14,2024-07-14,%Y-%m-%d,F,F,mapped,CUST104041,
CUST102055,Mary Olweny,,mary.olweny@hotmail.com,Gulu,2021-01-25,M,,,missing,Gulu City,Gulu,exact,2021-01-25,2021-01-25,%Y-%m-%d,Male,M,mapped,,
CUST102056,Timothy Kambale,+256718386935,timothy.kambale@hotmail.com,Wakiso,2023-03-27,F,718386935,+256718386935,valid,wakiso,Wakiso,exact,2023-03-27,2023-03-27,%Y-%m-%d,Female,F,mapped,,
CUST102057,Phoebe Olweny,+256709339497,phoebe.olweny@mail.com,Kampala,2022-10-23,F,070-933-9497,+256709339497,valid,Kla,Kampala,variant_mapped,23-10-2022,2022-10-23,%d-%m-%Y,Female,F,mapped,,
CUST102058,Nakiganda Mary,+256747992907,nakigandamary@yahoo.com,Wakiso,2021-06-19,M,0747992907,+256747992907,valid,Wakiso,Wakiso,exact,2021-06-19,2021-06-19,%Y-%m-%d,M,M,mapped,,
CUST102059,Stephen Tumusiime,+256782474171,stephentumusiime77@outlook.com,Kampala,2021-06-02,F,+256782474171,+256782474171,valid,Kampala (Central),Kampala,variant_mapped,2021-06-02,2021-06-02,%Y-%m-%d,Female,F,mapped,,
CUST102060,Kamoga Butime,,kamoga.butime@yahoo.com,Kampala,2022-11-19,M,,,missing,Kampala (Central),Kampala,variant_mapped,19/11/2022,2022-11-19,%d/%m/%Y,Male,M,mapped,CUST104607;CUST104752,
CUST102061,Lubega Ssebugwawo,+256778492880,lubega.ssebugwawo@outlook.com,Kasese,2025-02-25,M,+256778492880,+256778492880,valid,Kasese,Kasese,exact,25/02/2025,2025-02-25,%d/%m/%Y,Male,M,mapped,,
CUST102062,Kamoga Mubiru,,kamoga.mubiru@mail.com,Kiruhura,2021-12-21,M,,,missing,Kiruhura,Kiruhura,exact,21/12/2021,2021-12-21,%d/%m/%Y,Male,M,mapped,,
CUST102063,Nakato Timothy,+256795868109,nakatotimothy19@gmail.com,Kampala,2022-06-17,F,795868109,+256795868109,valid,Kampala,Kampala,exact,2022-06-17,2022-06-17,%Y-%m-%d,Female,F,mapped,CUST103495,
CUST102064,Rebecca Wanyama,+256731938698,rebeccawanyama@yahoo.com,Mbale,2022-12-02,,+256 73 193 8698,+256731938698,valid,Mbale,Mbale,exact,02/12/2022,2022-12-02,%d/%m/%Y,,,missing,,
CUST102065,Kamoga Atukunda,+256746246837,kamoga.atukunda@srg.co.ug,Kampala,2023-06-13,,+256746246837,+256746246837,valid,Kampala,Kampala,exact,13/06/2023,2023-06-13,%d/%m/%Y,,,missing,,
CUST102066,Kibirige Atim,+256783355843,kibirigeatim98@mail.com,Gulu,2024-10-18,M,078-335-5843,+256783355843,valid,Gulu,Gulu,exact,2024-10-18,2024-10-18,%Y-%m-%d,Male,M,mapped,,
CUST102067,Ssemakula,+256730388198,ssemakula50@yahoo.com,Kampala,2023-01-17,M,0730388198,+256730388198,valid,Kla,Kampala,variant_mapped,2023-01-17,2023-01-17,%Y-%m-%d,Male,M,mapped,,
CUST102068,Kato Nakato,,katonakato82@srg.co.ug,Gulu,,M,,,missing,Gulu,Gulu,exact,,,missing,Male,M,mapped,,
CUST102070,Atim Kambale,+256750321115,atim.kambale@srg.co.ug,Masaka,2022-09-24,,+256750321115,+256750321115,valid,Masaka,Masaka,exact,2022-09-24,2022-09-24,%Y-%m-%d,,,missing,,
CUST102072,Florence Ouma,+256747424109,florence.ouma@srg.co.ug,Wakiso,2023-04-11,M,0747424109,+256747424109,valid,Wakiso,Wakiso,exact,2023-04-11,2023-04-11,%Y-%m-%d,Male,M,mapped,CUST102414;CUST103844,
CUST102073,Butime Wasswa,+256778973680,butime.wasswa@yahoo.com,Wakiso,2024-12-14,M,778973680,+256778973680,valid,Wakiso,Wakiso,exact,14/12/2024,2024-12-14,%d/%m/%Y,M,M,mapped,,
CUST102074,Nabirye Mugisha,+256726477125,nabiryemugisha@hotmail.com,Soroti,2024-02-03,,+256726477125,+256726477125,valid,Soroti,Soroti,exact,03/02/2024,2024-02-03,%d/%m/%Y,,,missing,,
CUST102075,Butime Ssemakula,,butimessemakula25yahoo.com,,2025-10-01,,,,missing,none,,missing,2025-10-01,2025-10-01,%Y-%m-%d,,,missing,,
CUST102078,Katusiime Kafeero,+256776038313,katusiime.kafeero@yahoo.com,Somewhere,2023-12-07,F,256776038313,+256776038313,valid,Somewhere,Somewhere,unresolved,07/12/2023,2023-12-07,%d/%m/%Y,Female,F,mapped,,
CUST102080,Rebecca Kambale,+256724942577,rebecca.kambale@srg.co.ug,Kampala,2024-03-10,M,256724942577,+256724942577,valid,Kampala,Kampala,exact,2024-03-10,2024-03-10,%Y-%m-%d,Male,M,mapped,,
CUST102081,Patrick Butime,+256732873415,patrickbutimemail.com,Kiruhura,2024-03-08,F,+256 73 287 3415,+256732873415,valid,Kiruhura,Kiruhura,exact,08/03/2024,2024-03-08,%d/%m/%Y,Female,F,mapped,,REVIEW: possible duplicate
CUST102084,Olweny Butime,+256708518432,olweny.butime@yahoo.com,Mukono,2021-12-31,M,+256 70 851 8432,+256708518432,valid,Mukono,Mukono,exact,2021-12-31,2021-12-31,%Y-%m-%d,Male ,M,mapped,CUST104575,
CUST102085,Isaac Nabbanja,+256700288090,isaac.nabbanja@mail.com,Arua,2023-11-02,F,0700288090,+256700288090,valid,Arua,Arua,exact,02/11/2023,2023-11-02,%d/%m/%Y,Female,F,mapped,CUST102763,
CUST102089,Rebecca Guma,+256719069724,rebecca.guma@hotmail.com,Wakiso,,M,+256719069724,+256719069724,valid,Wakiso,Wakiso,exact,,,missing,Male,M,mapped,,
CUST102092,Ninsiima Mugisha,+256799249049,ninsiima.mugisha@gmail.com,Kampala,2021-09-22,M,0799249049,+256799249049,valid,kla,Kampala,variant_mapped,2021-09-22,2021-09-22,%Y-%m-%d,Male,M,mapped,,
CUST102093,Ninsiima Nakayiza,+256705860196,ninsiima.nakayiza@srg.co.ug,Jinja,,F,+256705860196,+256705860196,valid,Jinja,Jinja,exact,,,missing,Female,F,mapped,,
CUST102094,Kafeero Agnes,,kafeero.agnes@mail.com,Mbarara,2024-10-25,M,,,missing,Mbarara,Mbarara,exact,25-10-2024,2024-10-25,%d-%m-%Y,Male,M,mapped,CUST102983,
CUST102095,Ruth Kyomuhendo,+256798768902,ruth.kyomuhendo@srg.co.ug,Masaka,,,+256798768902,+256798768902,valid,Masaka,Masaka,exact,,,missing,,,missing,,
CUST102096,Joseph Ssemakula,+256708449233,joseph.ssemakula@outlook.com,Kampala,2022-07-29,M,708449233,+256708449233,valid,Kampala,Kampala,exact,2022-07-29,2022-07-29,%Y-%m-%d,Male,M,mapped,,
CUST102097,Ronald Nsereko,+256770805822,,Kampala,2022-05-30,M,+256770805822,+256770805822,valid,Kampala,Kampala,exact,30/05/2022,2022-05-30,%d/%m/%Y,Male,M,mapped,,
CUST102098,Mukasa Namutebi,+256717983763,mukasanamutebi30@hotmail.com,Kampala,2021-12-21,F,256717983763,+256717983763,valid,Kampala,Kampala,exact,2021-12-21,2021-12-21,%Y-%m-%d,Female,F,mapped,,
CUST102099,Ronald Kamoga,+256791588605,ronaldkamoga26@gmail.com,Jinja,2022-04-09,M,+256791588605,+256791588605,valid,Jinja City,Jinja,exact,09/04/2022,2022-04-09,%d/%m/%Y,Male,M,mapped,,
CUST102100,Kibirige Achieng,,kibirige.achieng@mail.com,Masindi,2021-06-11,M,,,missing,Masindi,Masindi,exact,11/06/2021,2021-06-11,%d/%m/%Y,Male,M,mapped,,
CUST102101,Lubega Kyomuhendo,+256729630121,lubegakyomuhendo60@mail.com,Mbarara,2021-03-07,M,+256729630121,+256729630121,valid,Mbarara,Mbarara,exact,07/03/2021,2021-03-07,%d/%m/%Y,M,M,mapped,CUST102930,
CUST102102,Byaruhanga Ssentongo,+256791132838,byaruhanga.ssentongo@hotmail.com,Mukono,2023-04-09,M,+256791132838,+256791132838,valid,Mukono,Mukono,exact,2023-04-09,2023-04-09,%Y-%m-%d,Male,M,mapped,,
CUST102103,Wasswa Munezero,+256738064890,wasswamunezero33@yahoo.com,Kampala,2021-01-07,M,+256 73 806 4890,+256738064890,valid,Kampala CBD,Kampala,fuzzy_mapped,2021-01-07,2021-01-07,%Y-%m-%d,M,M,mapped,CUST103614,
CUST102104,Joseph Kafeero,+256710688119,joseph.kafeero@mail.com,Fort Portal,2023-12-30,M,256710688119,+256710688119,valid,Fort Portal,Fort Portal,exact,2023-12-30,2023-12-30,%Y-%m-%d,Male,M,mapped,CUST102413,
CUST102105,Esther,+256797981174,esther@srg.co.ug,Mbale,2025-05-01,M,256797981174,+256797981174,valid,Mbale,Mbale,exact,2025-05-01,2025-05-01,%Y-%m-%d,Male,M,mapped,CUST104904,
CUST102107,Robert Katusiime,+256730243344,robert.katusiime@yahoo.com,Entebbe,2023-05-21,M,730243344,+256730243344,valid,Entebbe,Entebbe,exact,21-05-2023,2023-05-21,%d-%m-%Y,M,M,mapped,,
CUST102108,Dorothy Nankya,+256734875198,dorothy.nankya@yahoo.com,Kampala,2022-10-23,M,0734875198,+256734875198,valid,Kampala,Kampala,exact,2022-10-23,2022-10-23,%Y-%m-%d,M,M,mapped,,
CUST102109,Emmanuel Butime,+256781247836,emmanuel.butime@outlook.com,Wakiso,2024-06-30,F,0781247836,+256781247836,valid,Wakiso,Wakiso,exact,30/06/2024,2024-06-30,%d/%m/%Y,Female,F,mapped,,
CUST102110,Olweny Atim,+256783558309,olweny.atim@yahoo.com,Lira,2024-12-26,,+256 78 355 8309,+256783558309,valid,Lira,Lira,exact,2024-12-26,2024-12-26,%Y-%m-%d,,,missing,CUST104312;CUST104561,
CUST102111,Mugisha Mubiru,+256789074559,mugisha.mubiru@srg.co.ug,Kampala,2022-03-22,M,+256 78 907 4559,+256789074559,valid,Kampala,Kampala,exact,2022-03-22,2022-03-22,%Y-%m-%d,Male,M,mapped,CUST102359;CUST102567,
CUST102113,Sheila Olweny,+256741678384,sheilaolweny1@hotmail.com,Wakiso,2023-06-24,F,+256741678384,+256741678384,valid,Wakiso,Wakiso,exact,24-06-2023,2023-06-24,%d-%m-%Y,F,F,mapped,CUST104957,
CUST102114,Ssempebwa Tendo,+256789533737,ssempebwa.tendo@hotmail.com,Lira,2024-06-03,M,0789533737,+256789533737,valid,Lira,Lira,exact,2024-06-03,2024-06-03,%Y-%m-%d,M,M,mapped,,
CUST102115,Kibirige Atim,+256749234643,kibirigeatim25@gmail.com,Bundibugyo,2023-11-02,M,+256749234643,+256749234643,valid,Bundibugyo,Bundibugyo,exact,02/11/2023,2023-11-02,%d/%m/%Y,Male,M,mapped,CUST102811;CUST103523,
CUST102116,Joan Kizza,+256758197973,joankizza39@srg,Arua,,F,0758197973,+256758197973,valid,Arua,Arua,exact,,,missing,F,F,mapped,,
CUST102118,Okello Nabbanja,+256727946625,okello.nabbanja@srg.co.ug,Kampala,2021-02-14,M,+256727946625,+256727946625,valid,Kampala,Kampala,exact,2021-02-14,2021-02-14,%Y-%m-%d,M,M,mapped,,
CUST102119,Namutebi Nsereko,+256710371943,namutebi.nsereko@yahoo.com,Bushenyi,2023-06-28,F,256710371943,+256710371943,valid,bushenyi,Bushenyi,exact,2023-06-28,2023-06-28,%Y-%m-%d,F,F,mapped,CUST102557,
CUST102120,Godfrey Nalubega,+256733972147,godfrey.nalubega@srg.co.ug,Hoima,2021-10-17,F,+256733972147,+256733972147,valid,Hoima,Hoima,exact,17/10/2021,2021-10-17,%d/%m/%Y,Female,F,mapped,,
CUST102121,Mubiru Wasswa,+256742585317,mubiru.wasswa@outlook.com,Kitgum,2021-07-31,M,+256 74 258 5317,+256742585317,valid,Kitgum,Kitgum,exact,2021-07-31,2021-07-31,%Y-%m-%d,Male,M,mapped,CUST104945,
CUST102123,DAVID NAKAYIZA,+256723171914,david.nakayiza@gmail.com,Nakasongola,2021-01-06,M,+256723171914,+256723171914,valid,Nakasongola,Nakasongola,exact,2021-01-06,2021-01-06,%Y-%m-%d,Male ,M,mapped,CUST102759;CUST103774,
CUST102125,Catherine Ssentongo,+256750391794,catherine.ssentongo@srg.co.ug,Fort Portal,2021-04-16,M,256750391794,+256750391794,valid,Kabarole,Fort Portal,exact,2021-04-16,2021-04-16,%Y-%m-%d,Male,M,mapped,,
CUST102127,Nsereko Nakayiza,+256786492394,nserekonakayiza74@hotmail.com,Jinja,2022-07-01,M,078-649-2394,+256786492394,valid,Jinja City,Jinja,exact,01/07/2022,2022-07-01,%d/%m/%Y,Male,M,mapped,,
CUST102128,Robert Ninsiima,+256789115470,robert.ninsiima@gmail.com,Lira,2021-06-17,,078-911-5470,+256789115470,valid,Lira,Lira,exact,2021-06-17,2021-06-17,%Y-%m-%d,,,missing,,
CUST102129,Joseph Ssentongo,+256750261422,joseph.ssentongo@gmail.com,Lira,2024-06-23,M,075-026-1422,+256750261422,valid,Lira,Lira,exact,2024-06-23,2024-06-23,%Y-%m-%d,M,M,mapped,,
CUST102130,Harriet Wanyama,+256748088747,,Kampala,2023-09-09,F,0748088747,+256748088747,valid,Kampala,Kampala,exact,2023-09-09,2023-09-09,%Y-%m-%d,Female ,F,mapped,,
CUST102131,Namubiru Ahabwe,+256706198743,namubiru.ahabwe@srg.co.ug,Wakiso,2025-09-21,,706198743,+256706198743,valid,Wakiso,Wakiso,exact,2025-09-21,2025-09-21,%Y-%m-%d,,,missing,CUST103894,
CUST102132,Joan Nalubega,+256794199298,joannalubega74@mail.com,Kayunga,2022-07-07,F,0794199298,+256794199298,valid,Kayunga,Kayunga,exact,2022-07-07,2022-07-07,%Y-%m-%d,Female,F,mapped,CUST103670,
CUST102133,Naomi Atim,+256785593375,naomi.atimmail.com,Arua,2025-03-15,F,0785593375,+256785593375,valid,Arua,Arua,exact,2025-03-15,2025-03-15,%Y-%m-%d,Female,F,mapped,,
CUST102135,Alexander Kyebambe,+256748993068,alexander.kyebambe@hotmail.com,Kampala,2024-10-16,F,074-899-3068,+256748993068,valid,Kampala,Kampala,exact,2024-10-16,2024-10-16,%Y-%m-%d,Female,F,mapped,,
CUST102136,Nakayiza Irene,+256783675772,nakayiza.irene@hotmail.com,Mbarara,2024-09-10,F,783675772,+256783675772,valid,Mbarara,Mbarara,exact,2024-09-10,2024-09-10,%Y-%m-%d,Female,F,mapped,,
CUST102137,Ruth Ssekandi,+256740588662,ruth.ssekandi@hotmail.com,Mukono,2023-12-23,F,740588662,+256740588662,valid,Mukono,Mukono,exact,2023-12-23,2023-12-23,%Y-%m-%d,Female,F,mapped,,
CUST102139,Ssempebwa Nabirye,+256784057432,ssempebwa.nabirye@hotmail.com,Fort Portal,2021-10-16,M,+256784057432,+256784057432,valid,Kabarole,Fort Portal,exact,2021-10-16,2021-10-16,%Y-%m-%d,Male,M,mapped,,
CUST102140,Olweny Kyebambe,+256717060878,olweny.kyebambe@srg.co.ug,Gulu,2023-04-25,,+256717060878,+256717060878,valid,Gulu,Gulu,exact,2023-04-25,2023-04-25,%Y-%m-%d,,,missing,,
CUST102141,Sheila Ouma,,sheila.ouma@gmail.com,Mbarara,2024-02-07,F,,,missing,Mbarara,Mbarara,exact,07/02/2024,2024-02-07,%d/%m/%Y,Female,F,mapped,,
CUST102143,Robert Kafeero,+256713439607,robertkafeero@hotmail.com,Kayunga,2025-07-21,M,+256713439607,+256713439607,valid,Kayunga,Kayunga,exact,2025-07-21,2025-07-21,%Y-%m-%d,Male,M,mapped,CUST103590,
CUST102144,Juliet Nabirye,+256722224316,,Arua,2025-05-30,F,0722224316,+256722224316,valid,Arua,Arua,exact,2025-05-30,2025-05-30,%Y-%m-%d,Female,F,mapped,CUST104194,
CUST102145,Joan Olweny,+256708601172,joanolweny8@srg.co.ug,Rakai,2024-05-16,F,070-860-1172,+256708601172,valid,Rakai,Rakai,exact,2024-05-16,2024-05-16,%Y-%m-%d,Female,F,mapped,,
CUST102147,Phoebe Katusiime,+256799220413,phoebe.katusiime@hotmail.com,Lira,2022-03-21,F,+256799220413,+256799220413,valid,Lira District,Lira,variant_mapped,21/03/2022,2022-03-21,%d/%m/%Y,Female,F,mapped,,
CUST102148,Kyomuhendo Nakayiza,+256709413435,kyomuhendonakayiza29@mail.com,Jinja,2023-04-13,F,+256709413435,+256709413435,valid,Jinja,Jinja,exact,13/04/2023,2023-04-13,%d/%m/%Y,Female,F,mapped,,
CUST102149,Nakiganda Juliet,+256710758462,nakiganda.juliet@gmail.com,Soroti,2021-06-24,F,256710758462,+256710758462,valid,Soroti District,Soroti,variant_mapped,24/06/2021,2021-06-24,%d/%m/%Y,F,F,mapped,CUST102415,
CUST102151,Nabirye Byaruhanga,+256793196757,nabirye.byaruhanga@mail.com,Kampala,2024-03-15,M,+256793196757,+256793196757,valid,Kampala,Kampala,exact,15/03/2024,2024-03-15,%d/%m/%Y,Male,M,mapped,,
CUST102152,Grace Wasswa,+256709456287,,Kampala,2024-01-30,M,0709456287,+256709456287,valid,Kampala,Kampala,exact,2024-01-30,2024-01-30,%Y-%m-%d,Male,M,mapped,,
CUST102153,Jane Nakiganda,+256789645967,jane.nakiganda@hotmail.com,Kampala,2021-05-10,M,+256789645967,+256789645967,valid,Kampala,Kampala,exact,2021-05-10,2021-05-10,%Y-%m-%d,Male,M,mapped,,
CUST102155,Kato Byaruhanga,+256718950030,kato.byaruhanga@hotmail.com,Lyantonde,2023-09-20,M,+256718950030,+256718950030,valid,Lyantonde,Lyantonde,exact,20/09/2023,2023-09-20,%d/%m/%Y,Male,M,mapped,CUST102438;CUST104593,
CUST102156,Munezero Kyomuhendo,+256723274593,munezero.kyomuhendo@outlook.com,Mityana,2025-05-18,F,0723274593,+256723274593,valid,mityana,Mityana,exact,2025-05-18,2025-05-18,%Y-%m-%d,Female,F,mapped,,
CUST102157,Kyebambe Namubiru,+256786217739,kyebambe.namubiru@yahoo.com,Wakiso,2022-01-03,F,+256 78 621 7739,+256786217739,valid,Wakiso,Wakiso,exact,2022-01-03,2022-01-03,%Y-%m-%d,F,F,mapped,,
CUST102158,Patrick,+256789034451,patrick@yahoo.com,Wakiso,2024-04-15,F,0789034451,+256789034451,valid,Wakisio,Wakiso,variant_mapped,15-04-2024,2024-04-15,%d-%m-%Y,Female,F,mapped,,
CUST102160,Ahabwe Olweny,+256777309615,ahabwe.olweny@gmail.com,Wakiso,2023-01-22,M,0777309615,+256777309615,valid,Wakisio,Wakiso,variant_mapped,22/01/2023,2023-01-22,%d/%m/%Y,Male,M,mapped,,
CUST102162,Patrick Ssebugwawo,+256706962462,patrick.ssebugwawo@yahoo.com,Lyantonde,2022-06-04,F,0706962462,+256706962462,valid,Lyantonde,Lyantonde,exact,2022-06-04,2022-06-04,%Y-%m-%d,Female,F,mapped,,
CUST102164,Beatrice,+256759789752,beatrice8@hotmail.com,Luwero,2021-03-19,F,075-978-9752,+256759789752,valid,luwero,Luwero,exact,2021-03-19,2021-03-19,%Y-%m-%d,Female,F,mapped,,
CUST102166,Kamoga Ssebugwawo,,kamoga.ssebugwawo@mail.com,Mbale,2022-07-29,M,,,missing,Mbale,Mbale,exact,29/07/2022,2022-07-29,%d/%m/%Y,M,M,mapped,CUST104239,
CUST102167,Nakayiza Nakayiza,+256733983114,nakayiza.nakayiza@yahoo.com,Jinja,2024-06-16,F,+256733983114,+256733983114,valid,Jinja,Jinja,exact,2024-06-16,2024-06-16,%Y-%m-%d,F,F,mapped,,
CUST102169,Phoebe Nakayiza,+256728924895,phoebe.nakayiza@hotmail.com,Jinja,2025-10-06,F,0728924895,+256728924895,valid,Jinja,Jinja,exact,06/10/2025,2025-10-06,%d/%m/%Y,Female,F,mapped,CUST103418,
CUST102170,Stenhen Byaruhanga,+256726975742,stephen.byaruhanga@outlook.com,Kampala,2024-04-16,F,+256726975742,+256726975742,valid,Kampala,Kampala,exact,16-04-2024,2024-04-16,%d-%m-%Y,Female ,F,mapped,CUST103743,
CUST102171,Katusiime Kato,+256712747043,katusiime.kato@srg.co.ug,Lira,2022-02-27,M,+256712747043,+256712747043,valid,Lira,Lira,exact,2022-02-27,2022-02-27,%Y-%m-%d,Male,M,mapped,,
CUST102172,Catherine Ouma,+256751603287,catherine.ouma@hotmail.com,Wakiso,2023-09-27,,256751603287,+256751603287,valid,Wakiso District,Wakiso,variant_mapped,2023-09-27,2023-09-27,%Y-%m-%d,,,missing,,
CUST102173,Nabbanja Kamoga,+256752632583,nabbanja.kamoga@srg,Kampala,2022-01-23,F,256752632583,+256752632583,valid,Kampala,Kampala,exact,23-01-2022,2022-01-23,%d-%m-%Y,F,F,mapped,,
CUST102174,Ouma Butime,+256704297407,,Luwero,2024-04-11,M,256704297407,+256704297407,valid,Luweero,Luwero,variant_mapped,11/04/2024,2024-04-11,%d/%m/%Y,M,M,mapped,,
CUST102175,Sheila Tendo,+256790854426,sheila.tendo@srg.co.ug,Kampala,2022-11-09,F,+256790854426,+256790854426,valid,Kampala,Kampala,exact,2022-11-09,2022-11-09,%Y-%m-%d,Female,F,mapped,,
CUST102176,Joseph Butime,+256739144174,joseph.butime@outlook.com,Kampala,2024-10-04,M,0739144174,+256739144174,valid,Kampala,Kampala,exact,04/10/2024,2024-10-04,%d/%m/%Y,Male,M,mapped,,
CUST102177,Ssemakula David,+256798030273,ssemakula.david@outlook.com,Jinja,2023-10-25,,079-803-0273,+256798030273,valid,Jinja City,Jinja,exact,2023-10-25,2023-10-25,%Y-%m-%d,,,missing,,
CUST102178,Namubiru Ssentongo,+256741378589,namubiru.ssentongo@hotmail.com,Kiboga,2021-02-03,,256741378589,+256741378589,valid,Kiboga,Kiboga,exact,2021-02-03,2021-02-03,%Y-%m-%d,,,missing,,
CUST102180,Namubiru Ssimbwa,+256740845474,namubirussimbwa@gmail.com,Kampala,2022-01-15,F,0740845474,+256740845474,valid,Kampala,Kampala,exact,2022-01-15,2022-01-15,%Y-%m-%d,Female,F,mapped,,
CUST102181,Ssimbwa,+256734088977,ssimbwa69@yahoo.com,Jinja,2022-11-01,M,0734088977,+256734088977,valid,Jinja,Jinja,exact,2022-11-01,2022-11-01,%Y-%m-%d,M,M,mapped,,
CUST102182,Nalubega Kizza,+256705634953,nalubegakizza@yahoo.com,Kampala,2022-10-13,,+256705634953,+256705634953,valid,Kampala,Kampala,exact,13/10/2022,2022-10-13,%d/%m/%Y,,,missing,CUST102090;CUST103212,
CUST102183,Ssempebwa Ssimbwa,+256758416605,ssempebwa.ssimbwaoutlook.com,Mbarara,2022-02-04,M,+256758416605,+256758416605,valid,Mbarara,Mbarara,exact,04/02/2022,2022-02-04,%d/%m/%Y,M,M,mapped,,
CUST102184,Nankya Nankya,+256787300588,nankya.nankya@outlook.com,Wakiso,,F,0787300588,+256787300588,valid,Wakiso,Wakiso,exact,,,missing,F,F,mapped,CUST104811,
CUST102186,Lubega Kamoga,+256747737901,lubega.kamoga@gmail.com,Wakiso,2024-07-16,M,0747737901,+256747737901,valid,Wakiso,Wakiso,exact,2024-07-16,2024-07-16,%Y-%m-%d,Male,M,mapped,,
CUST102187,Nabirye,,nabirye@gmail.com,Jinja,2021-05-30,F,,,missing,Jinja City,Jinja,exact,30/05/2021,2021-05-30,%d/%m/%Y,Female,F,mapped,,
CUST102189,Kato Ssebugwawo,+256776708603,kato.ssebugwawo@gmail.com,Kampala,2021-12-23,M,077-670-8603,+256776708603,valid,Kampala,Kampala,exact,23/12/2021,2021-12-23,%d/%m/%Y,Male,M,mapped,,
CUST102190,Nankya,+256705109308,nankya@mail.com,Wakiso,2024-12-05,F,070-510-9308,+256705109308,valid,Wakiso,Wakiso,exact,05/12/2024,2024-12-05,%d/%m/%Y,Female,F,mapped,,
CUST102191,butime nakiganda,+256718953656,butime.nakiganda@hotmail.com,Entebbe,2024-01-01,M,0718953656,+256718953656,valid,Enteba,Entebbe,variant_mapped,01-01-2024,2024-01-01,%d-%m-%Y,Male,M,mapped,CUST103436,
CUST102192,Timothy Atukunda,,timothyatukunda@hotmail.com,Kabale,2025-04-03,F,,,missing,Kabale,Kabale,exact,03/04/2025,2025-04-03,%d/%m/%Y,Female,F,mapped,,
CUST102193,Joseph Wanyama,+256741502739,joseph.wanyama@yahoo.com,Mityana,2023-10-10,M,+256741502739,+256741502739,valid,Mityana,Mityana,exact,10-10-2023,2023-10-10,%d-%m-%Y,Male,M,mapped,CUST102571,
CUST102194,Okello Nakayiza,+256743657768,okello.nakayizagmail.com,Bundibugyo,2024-01-19,,+256743657768,+256743657768,valid,Bundibugyo,Bundibugyo,exact,19/01/2024,2024-01-19,%d/%m/%Y,,,missing,,
CUST102195,Ssempebwa Nsereko,+256758628968,ssempebwa.nsereko@yahoo.com,Kampala,2025-08-22,,+256758628968,+256758628968,valid,Kampala,Kampala,exact,2025-08-22,2025-08-22,%Y-%m-%d,,,missing,CUST104001,
CUST102196,Nankya Wanyama,+256709058655,nankyawanyama@outlook.com,Wakiso,2021-01-25,,+256709058655,+256709058655,valid,Wakiso,Wakiso,exact,2021-01-25,2021-01-25,%Y-%m-%d,,,missing,,
CUST102197,Butime Kambale,+256725716243,butime.kambale@hotmail.com,Jinja,2021-10-28,M,+256725716243,+256725716243,valid,Jinja,Jinja,exact,28-10-2021,2021-10-28,%d-%m-%Y,M,M,mapped,,
CUST102198,Guma Achieng,+256734547119,gumaachieng80@mail.com,Kiruhura,2022-03-09,M,+256 73 454 7119,+256734547119,valid,Kiruhura,Kiruhura,exact,2022-03-09,2022-03-09,%Y-%m-%d,Male,M,mapped,,
CUST102199,MERCY KYOMUHENDO,+256720397161,mercy.kyomuhendo@outlook.com,Wakiso,2025-04-20,F,+256 72 039 7161,+256720397161,valid,Wakiso,Wakiso,exact,2025-04-20,2025-04-20,%Y-%m-%d,Female,F,mapped,CUST104371,
CUST102200,Kyomuhendo Namubiru,+256727234072,kyomuhendonamubiru80@hotmail.com,Kalangala,2024-02-06,F,+256727234072,+256727234072,valid,Kalangala,Kalangala,exact,2024-02-06,2024-02-06,%Y-%m-%d,Female,F,mapped,,
CUST102201,Nsereko Ouma,+256749030893,nserekoouma@mail.com,Masaka,,M,+256749030893,+256749030893,valid,Masaka,Masaka,exact,,,missing,Male,M,mapped,,
CUST102202,Ssekandi Ouma,+256719269154,ssekandi.ouma@yahoo.com,Bundibugyo,2021-03-14,M,719269154,+256719269154,valid,Bundibugyo,Bundibugyo,exact,14-03-2021,2021-03-14,%d-%m-%Y,M,M,mapped,,
CUST102203,COLLINS AHABWE,+256780389861,collinsahabwe46@gmail.com,Kayunga,2023-05-04,F,+256780389861,+256780389861,valid,Kayunga,Kayunga,exact,2023-05-04,2023-05-04,%Y-%m-%d,F,F,mapped,CUST103751,
CUST102204,Nakiganda Wasswa,+256746091807,nakigandawasswa21@outlook.com,Wakiso,2022-11-26,F,256746091807,+256746091807,valid,Wakiso,Wakiso,exact,26/11/2022,2022-11-26,%d/%m/%Y,Female,F,mapped,,
CUST102206,Atukunda Ruth,+256751163328,atukunda.ruth@outlook.com,Bushenyi,2025-03-18,F,751163328,+256751163328,valid,Bushenyi,Bushenyi,exact,18-03-2025,2025-03-18,%d-%m-%Y,Female,F,mapped,,
CUST102207,Kambale Ssemakula,+256715910229,,Fort Portal,2025-04-06,F,+256715910229,+256715910229,valid,Fort Portal,Fort Portal,exact,2025-04-06,2025-04-06,%Y-%m-%d,Female,F,mapped,,
CUST102208,Atim Kambale,+256712819381,atim.kambale@yahoo.com,Hoima,2021-07-02,F,712819381,+256712819381,valid,Hoima,Hoima,exact,2021-07-02,2021-07-02,%Y-%m-%d,Female,F,mapped,CUST104707,
CUST102209,Nakiganda Mubiru,+256797228204,nakiganda.mubiru@gmail.com,Mukono,2024-09-03,F,079-722-8204,+256797228204,valid,Mukkono,Mukono,variant_mapped,03/09/2024,2024-09-03,%d/%m/%Y,Female,F,mapped,,
CUST102210,Grace Nabirye,+256778722973,grace.nabirye@srg.co.ug,Mbale,2021-08-04,,0778722973,+256778722973,valid,Mbale,Mbale,exact,04/08/2021,2021-08-04,%d/%m/%Y,,,missing,,
CUST102211,SSENTONGO NANKYA,+256781986648,ssentongo.nankya@yahoo.com,Wakiso,2022-02-19,F,0781986648,+256781986648,valid,Wakiso,Wakiso,exact,2022-02-19,2022-02-19,%Y-%m-%d,Female ,F,mapped,CUST103231,
CUST102213,Kamoga Wanyama,,kamoga.wanyama@outlook.com,Masaka,2025-09-04,M,,,missing,Masaka,Masaka,exact,2025-09-04,2025-09-04,%Y-%m-%d,Male,M,mapped,CUST103715,
CUST102214,Atim Tumusiime,+256777206121,atimtumusiime@yahoo.com,Mpigi,2021-02-11,F,256777206121,+256777206121,valid,Mpigi,Mpigi,exact,2021-02-11,2021-02-11,%Y-%m-%d,Female,F,mapped,,
CUST102216,Atim Ouma,+256776273508,atim.ouma@yahoo.com,Kampala,2024-12-15,F,+256 77 627 3508,+256776273508,valid,Kampala,Kampala,exact,15/12/2024,2024-12-15,%d/%m/%Y,Female,F,mapped,,
CUST102217,Rebecca Nabbanja,+256756795133,rebecca.nabbanjahotmail.com,Arua,2025-04-13,M,+256756795133,+256756795133,valid,Arua,Arua,exact,13/04/2025,2025-04-13,%d/%m/%Y,Male,M,mapped,CUST102347,
CUST102218,Jane Olweny,+256789918275,janeolweny1@gmail.com,Mukono,2025-03-31,M,+256 78 991 8275,+256789918275,valid,Mukono,Mukono,exact,31/03/2025,2025-03-31,%d/%m/%Y,M,M,mapped,,
CUST102219,Lubega Kibirige,+256796437703,lubega.kibirige@outlook.com,Kitgum,2023-09-23,M,079-643-7703,+256796437703,valid,Kitgum,Kitgum,exact,2023-09-23,2023-09-23,%Y-%m-%d,M,M,mapped,CUST103299,
CUST102220,Agnes Tendo,+256754177368,agnes.tendo@outlook.com,Mpigi,2025-05-09,M,+256754177368,+256754177368,valid,Mpigi,Mpigi,exact,2025-05-09,2025-05-09,%Y-%m-%d,M,M,mapped,,
CUST102221,Ruth,+256717755885,ruth@yahoo.com,Kabale,2024-05-15,F,0717755885,+256717755885,valid,Kabale,Kabale,exact,2024-05-15,2024-05-15,%Y-%m-%d,F,F,mapped,CUST104546,
CUST102222,Esther Nabirye,+256792047178,esther.nabirye@outlook.com,Kampala,2023-04-04,,+256 79 204 7178,+256792047178,valid,Kampala,Kampala,exact,2023-04-04,2023-04-04,%Y-%m-%d,,,missing,,
CUST102225,Ssemakula Kyomuhendo,+256797280759,ssemakula.kyomuhendo@outlook.com,Kampala,2024-08-26,M,0797280759,+256797280759,valid,Kampala,Kampala,exact,26/08/2024,2024-08-26,%d/%m/%Y,Male,M,mapped,CUST104307;CUST104654,
CUST102226,Atim Alexander,+256758680352,,Kampala,2024-01-01,F,0758680352,+256758680352,valid,Kampala,Kampala,exact,01-01-2024,2024-01-01,%d-%m-%Y,F,F,mapped,CUST104284,
CUST102227,Timothy Nabirye,+256702473219,timothy.nabirye@srg.co.ug,Iganga,2022-05-16,F,+256702473219,+256702473219,valid,Iganga,Iganga,exact,2022-05-16,2022-05-16,%Y-%m-%d,F,F,mapped,CUST104950,
CUST102228,Mugisha Ouma,,mugisha.ouma@hotmail.com,Lira,2025-04-25,M,,,missing,Lira,Lira,exact,25/04/2025,2025-04-25,%d/%m/%Y,Male,M,mapped,CUST103599,
CUST102230,Ssempebwa Kizza,+256786211015,ssempebwakizza@mail.com,Jinja,2024-05-07,,+256 78 621 1015,+256786211015,valid,Jinja,Jinja,exact,2024-05-07,2024-05-07,%Y-%m-%d,,,missing,,
CUST102231,Olweny Achieng,+256797231896,olweny.achieng@yahoo.com,Kampala,2021-08-09,M,256797231896,+256797231896,valid,Kampala,Kampala,exact,2021-08-09,2021-08-09,%Y-%m-%d,Male ,M,mapped,,
CUST102233,Nabirye Kizza,+256742101395,nabirye.kizza@gmail.com,Mbale,2024-01-26,F,+256742101395,+256742101395,valid,Mbale,Mbale,exact,2024-01-26,2024-01-26,%Y-%m-%d,Female,F,mapped,,
CUST102234,Nabbanja Ninsiima,+256795443311,nabbanjaninsiima@gmail.com,Arua,2025-09-07,F,0795443311,+256795443311,valid,Arua City,Arua,exact,07/09/2025,2025-09-07,%d/%m/%Y,Female,F,mapped,,
CUST102235,Timothy Katusiime,+256789308965,timothy.katusiime@srg.co.ug,Mbarara,2024-06-11,F,256789308965,+256789308965,valid,Mbarara,Mbarara,exact,2024-06-11,2024-06-11,%Y-%m-%d,Female,F,mapped,,
CUST102236,Kambale Butime,+256749915400,kambale.butime@outlook.com,Jinja,2024-12-28,F,0749915400,+256749915400,valid,Jinja City,Jinja,exact,28/12/2024,2024-12-28,%d/%m/%Y,Female,F,mapped,,
CUST102237,Guma Kamoga,+256749602932,guma.kamoga@gmail.com,Gulu,2022-03-25,M,0749602932,+256749602932,valid,Gulu,Gulu,exact,25/03/2022,2022-03-25,%d/%m/%Y,Male ,M,mapped,,
CUST102238,Ruth Kamoga,+256729055072,ruth.kamoga@outlook.com,Jinja,,F,+256729055072,+256729055072,valid,jinji,Jinja,variant_mapped,,,missing,Female,F,mapped,,
CUST102239,Achieng Samuel,+256715300936,achieng.samuel@mail.com,Kampala,2024-06-22,,+256 71 530 0936,+256715300936,valid,Kampala,Kampala,exact,2024-06-22,2024-06-22,%Y-%m-%d,,,missing,,
CUST102240,juliet nsereko,+256782199151,juliet.nsereko@hotmail.com,Kampala,2021-06-28,F,782199151,+256782199151,valid,Kla,Kampala,variant_mapped,28-06-2021,2021-06-28,%d-%m-%Y,F,F,mapped,CUST104852,
CUST102241,Nabirye Byaruhanga,+256786184824,nabiryebyaruhanga@gmail.com,Mukono,2021-01-12,F,256786184824,+256786184824,valid,Mukono,Mukono,exact,2021-01-12,2021-01-12,%Y-%m-%d,Female,F,mapped,,
CUST102242,Ssemakula Olweny,,ssemakulaolweny16@hotmail.com,Wakiso,2021-02-10,M,,,missing,Wakiso,Wakiso,exact,2021-02-10,2021-02-10,%Y-%m-%d,M,M,mapped,,
CUST102243,Irene Katgsiime,+256758064056,,Bundibugyo,2021-04-19,F,256758064056,+256758064056,valid,Bundibugyo,Bundibugyo,exact,19/04/2021,2021-04-19,%d/%m/%Y,Female ,F,mapped,CUST104242,
CUST102244,achieng catherine,+256779044401,achieng.catherine@mail.com,Fort Portal,2022-05-11,M,0779044401,+256779044401,valid,Kabarole,Fort Portal,exact,2022-05-11,2022-05-11,%Y-%m-%d,M,M,mapped,CUST104887,
CUST102246,Byaruhanga Ssempebwa,+256706457218,byaruhanga.ssempebwa@outlook.com,Mbale,2023-09-04,M,256706457218,+256706457218,valid,Mbale,Mbale,exact,04-09-2023,2023-09-04,%d-%m-%Y,Male,M,mapped,,
CUST102248,Byaruhanga iuma,,byaruhanga.guma@outlook.com,Mbarara,2022-04-23,M,,,missing,Mbaraa,Mbarara,variant_mapped,2022-04-23,2022-04-23,%Y-%m-%d,Male,M,mapped,CUST102608;CUST102691,
CUST102249,Ssebugwawo Wasswa,+256711029642,ssebugwawo.wasswa@gmail.com,Mpigi,2022-09-04,M,711029642,+256711029642,valid,Mpigi,Mpigi,exact,2022-09-04,2022-09-04,%Y-%m-%d,M,M,mapped,,
CUST102250,Namubiru Ninsiima,+256741567809,namubiru.ninsiima@outlook.com,Kabale,2025-04-11,F,+256741567809,+256741567809,valid,Kabale,Kabale,exact,2025-04-11,2025-04-11,%Y-%m-%d,Female,F,mapped,CUST104661,
CUST102251,Mercy Nakiganda,,mercynakiganda89@outlook.com,Kampala,2022-05-08,F,,,missing,kla,Kampala,variant_mapped,2022-05-08,2022-05-08,%Y-%m-%d,Female,F,mapped,,
CUST102254,Samuel Okello,+256752728896,samuel.okello@srg.co.ug,Mbale,2025-07-29,M,075-272-8896,+256752728896,valid,Mbale,Mbale,exact,2025-07-29,2025-07-29,%Y-%m-%d,Male,M,mapped,,
CUST102255,Joan Olweny,+256714338480,joan.olweny@srg.co.ug,Kalangala,2022-06-05,F,+256714338480,+256714338480,valid,Kalangala,Kalangala,exact,05/06/2022,2022-06-05,%d/%m/%Y,Female,F,mapped,,
CUST102256,Isaac Kafeero,+256794225718,,Mukono,2021-01-26,F,794225718,+256794225718,valid,Mukono,Mukono,exact,2021-01-26,2021-01-26,%Y-%m-%d,Female,F,mapped,,
CUST102257,Wasswa Harriet,+256703992150,wasswa.harriet@mail.com,Kampala,2024-06-10,F,+256703992150,+256703992150,valid,Kampala,Kampala,exact,2024-06-10,2024-06-10,%Y-%m-%d,Female,F,mapped,,
CUST102258,Ssemakula Olweny,+256735366505,ssemakula.olweny@srg.co.ug,Kampala,2021-02-06,M,0735366505,+256735366505,valid,Kampala,Kampala,exact,2021-02-06,2021-02-06,%Y-%m-%d,Male,M,mapped,,
CUST102259,Beatrice Ssebugwawo,+256708356144,beatricessebugwawo18@gmail.com,Mukono,2023-10-22,F,+256 70 835 6144,+256708356144,valid,Mukono,Mukono,exact,22/10/2023,2023-10-22,%d/%m/%Y,Female,F,mapped,,
CUST102261,ssereko Ssekandi,+256778964865,nsereko.ssekandi@srg.co.ug,Sembabule,2022-05-11,,778964865,+256778964865,valid,Sembabule,Sembabule,exact,11-05-2022,2022-05-11,%d-%m-%Y,,,missing,CUST104907,
CUST102262,Godfrey Nankya,+256734329880,godfreynankya39@gmail.com,Mbarara,2021-08-20,F,+256 73 432 9880,+256734329880,valid,Mbarara,Mbarara,exact,20/08/2021,2021-08-20,%d/%m/%Y,Female,F,mapped,,
CUST102263,Tendo Francis,+256784165542,tendofrancis85@gmail,Kampala,2025-01-19,F,784165542,+256784165542,valid,Kampala,Kampala,exact,19/01/2025,2025-01-19,%d/%m/%Y,F,F,mapped,,
CUST102265,Sarah Kyebambe,+256772585236,sarah.kyebambe@gmail.com,Mbarara,2023-06-19,M,0772585236,+256772585236,valid,Mbarara,Mbarara,exact,2023-06-19,2023-06-19,%Y-%m-%d,Male,M,mapped,,
CUST102266,Beatrice Ssempebwa,+256772755825,beatrice.ssempebwa@yahoo.com,Wakiso,2021-11-12,F,772755825,+256772755825,valid,Wakiso,Wakiso,exact,2021-11-12,2021-11-12,%Y-%m-%d,Female,F,mapped,,
CUST102267,Daniel Namubiru,+256780973198,daniel.namubiru@srg.co.ug,Mbale,2021-03-16,M,780973198,+256780973198,valid,Mbale,Mbale,exact,16/03/2021,2021-03-16,%d/%m/%Y,Male,M,mapped,,
CUST102268,Ssimbwa Ouma,+256756093404,ssimbwa.ouma@gmail.com,Kumi,2023-02-28,M,+256 75 609 3404,+256756093404,valid,Kumi,Kumi,exact,28/02/2023,2023-02-28,%d/%m/%Y,Male,M,mapped,,
CUST102269,Sarah Ahabwe,+256711294518,sarah.ahabwegmail.com,Mbale,2022-10-09,,0711294518,+256711294518,valid,Mbale,Mbale,exact,09/10/2022,2022-10-09,%d/%m/%Y,,,missing,,
CUST102271,Kafeero Michael,+256785321555,kafeeromichael@hotmail.com,Lira,2023-11-05,,+256 78 532 1555,+256785321555,valid,Lira,Lira,exact,05-11-2023,2023-11-05,%d-%m-%Y,,,missing,,
CUST102272,Ninsiima Nabirye,+256719389860,ninsiima.nabirye@srg.co.ug,Mbarara,2021-09-12,,719389860,+256719389860,valid,Mbarara,Mbarara,exact,2021-09-12,2021-09-12,%Y-%m-%d,,,missing,,
CUST102273,Kibirige Atukunda,+256788986679,kibirigeatukunda@mail.com,Wakiso,2025-02-07,M,0788986679,+256788986679,valid,Wakiso,Wakiso,exact,07/02/2025,2025-02-07,%d/%m/%Y,Male,M,mapped,CUST104838,
CUST102274,Kato Nakato,+256711724917,kato.nakato@hotmail.com,Wakiso,2022-08-02,M,0711724917,+256711724917,valid,Wakiso District,Wakiso,variant_mapped,02/08/2022,2022-08-02,%d/%m/%Y,Male,M,mapped,,
CUST102275,Ouma Harriet,+256797641649,oumaharriet@srg,Soroti,2025-07-26,,+256797641649,+256797641649,valid,Soroti,Soroti,exact,2025-07-26,2025-07-26,%Y-%m-%d,,,missing,,
CUST102277,Ouma Butime,+256725028839,ouma.butime@srg.co.ug,Wakiso,2025-01-08,M,+256 72 502 8839,+256725028839,valid,Wakiso,Wakiso,exact,2025-01-08,2025-01-08,%Y-%m-%d,Male,M,mapped,CUST104972,
CUST102278,Kyomuhendo Achieng,+256718701092,kyomuhendoachieng88@gmail.com,Hoima,2022-04-06,,+256718701092,+256718701092,valid,Homa,Hoima,variant_mapped,06/04/2022,2022-04-06,%d/%m/%Y,,,missing,,
CUST102280,Nalubega Olweny,+256723698883,nalubega.olweny@outlook.com,Wakiso,2025-07-20,F,+256723698883,+256723698883,valid,Wakiso,Wakiso,exact,2025-07-20,2025-07-20,%Y-%m-%d,Female,F,mapped,,
CUST102281,Jane,+256748585122,jane@yahoo.com,Jinja,2024-05-11,M,256748585122,+256748585122,valid,Jinja,Jinja,exact,11/05/2024,2024-05-11,%d/%m/%Y,M,M,mapped,,
CUST102282,Stephen Kafeero,+256706395626,,Kampala,2022-04-07,F,0706395626,+256706395626,valid,Kampala,Kampala,exact,2022-04-07,2022-04-07,%Y-%m-%d,F,F,mapped,,REVIEW: possible duplicate
CUST102284,Ssentongo Butime,,ssentongo.butime@mail.com,Mbarara,2023-01-26,,,,missing,Mbarara,Mbarara,exact,2023-01-26,2023-01-26,%Y-%m-%d,,,missing,,
CUST102285,Nabbanja Lubega,+256799580810,nabbanja.lubega@hotmail.com,Kampala,2021-02-05,F,+256799580810,+256799580810,valid,Kampala,Kampala,exact,05-02-2021,2021-02-05,%d-%m-%Y,Female,F,mapped,,
CUST102286,Nabirye Guma,+256727707566,nabirye.guma@mail.com,Isingiro,,F,727707566,+256727707566,valid,Isingiro,Isingiro,exact,,,missing,Female,F,mapped,CUST102445,
CUST102287,Mary Nsereko,+256773528199,mary.nsereko@yahoo.com,Gulu,2024-07-10,M,+256773528199,+256773528199,valid,Gulu,Gulu,exact,2024-07-10,2024-07-10,%Y-%m-%d,Male,M,mapped,,
CUST102288,Namubiru Katusiime,+256700022095,namubiru.katusiime@outlook,Mukono,2023-04-20,F,0700022095,+256700022095,valid,Mukono,Mukono,exact,2023-04-20,2023-04-20,%Y-%m-%d,Female,F,mapped,,
CUST102290,Ssentongo Nabirye,+256748890527,ssentongo.nabirye@gmail.com,Wakiso,2023-08-29,M,074-889-0527,+256748890527,valid,Wakiso,Wakiso,exact,29-08-2023,2023-08-29,%d-%m-%Y,Male,M,mapped,,
CUST102291,Godfrey Achieng,+256733218273,godfreyachieng77@outlook.com,Wakiso,2025-05-12,F,0733218273,+256733218273,valid,Wakiso,Wakiso,exact,2025-05-12,2025-05-12,%Y-%m-%d,F,F,mapped,CUST104087,
CUST102292,Rebecca Ssempebwa,+256737393728,rebeccassempebwa6@mail.com,Wakiso,2021-05-13,,256737393728,+256737393728,valid,Wakiso,Wakiso,exact,13/05/2021,2021-05-13,%d/%m/%Y,,,missing,,
CUST102293,Collins,+256714666727,collins@outlook.com,Fort Portal,2025-05-16,F,+256714666727,+256714666727,valid,FortPortal,Fort Portal,variant_mapped,2025-05-16,2025-05-16,%Y-%m-%d,F,F,mapped,,
CUST102294,Sheila Nankya,+256757718766,sheila.nankya@srg.co.ug,Mbarara,,F,256757718766,+256757718766,valid,Mbarara,Mbarara,exact,,,missing,Female ,F,mapped,CUST100995,
CUST102295,Samuel Guma,+256709858794,samuel.guma@outlook.com,Kampala,2021-09-06,M,+256709858794,+256709858794,valid,Kampala,Kampala,exact,06/09/2021,2021-09-06,%d/%m/%Y,Male,M,mapped,CUST104770,
CUST102296,Okello Atukunda,+256743388180,,Lira,2021-01-07,M,0743388180,+256743388180,valid,Lira,Lira,exact,2021-01-07,2021-01-07,%Y-%m-%d,Male,M,mapped,,
CUST102297,Agnes Achieng,+256734278901,agnesachieng@mail.com,Mbarara,2024-11-24,M,0734278901,+256734278901,valid,Mbarara,Mbarara,exact,24/11/2024,2024-11-24,%d/%m/%Y,Male,M,mapped,,
CUST102298,Timothy Byaruhanga,+256720307376,timothy.byaruhanga@srg.co.ug,Wakiso,2021-10-02,F,256720307376,+256720307376,valid,Wakiso,Wakiso,exact,2021-10-02,2021-10-02,%Y-%m-%d,Female,F,mapped,,
CUST102299,David Kyebambe,+256723292700,david.kyebambe@gmail.com,Mukono,2025-08-15,,0723292700,+256723292700,valid,Mukono,Mukono,exact,15-08-2025,2025-08-15,%d-%m-%Y,,,missing,CUST102349,
CUST102300,Byaruhanga Munezero,+256785314429,byaruhangamunezero@gmail.com,Mbarara,2024-03-21,F,+256785314429,+256785314429,valid,Mbarara,Mbarara,exact,2024-03-21,2024-03-21,%Y-%m-%d,Female,F,mapped,CUST102738,
CUST102301,Sarah Kizza,+256774165746,sarah.kizza@gmail.com,Wakiso,2022-04-13,M,774165746,+256774165746,valid,Wakiso,Wakiso,exact,13/04/2022,2022-04-13,%d/%m/%Y,Male,M,mapped,,
CUST102302,Timothy Okello,+256776992810,,Kampala,2021-08-04,F,077-699-2810,+256776992810,valid,Kla,Kampala,variant_mapped,2021-08-04,2021-08-04,%Y-%m-%d,Female,F,mapped,,REVIEW: possible duplicate
CUST102303,Nabirye Nakato,+256737653294,nabirye.nakato@yahoo.com,Fort Portal,2022-11-11,F,0737653294,+256737653294,valid,FortPortal,Fort Portal,variant_mapped,2022-11-11,2022-11-11,%Y-%m-%d,Female,F,mapped,,
CUST102304,Robert,+256788913504,robert@mail.com,Isingiro,2025-06-11,M,+256788913504,+256788913504,valid,Isingiro,Isingiro,exact,11/06/2025,2025-06-11,%d/%m/%Y,Male ,M,mapped,,
CUST102306,Isaac Kizza,+256793132810,isaac.kizza@gmail.com,Kampala,2021-11-06,F,256793132810,+256793132810,valid,Kampala Region,Kampala,variant_mapped,06/11/2021,2021-11-06,%d/%m/%Y,Female,F,mapped,,
CUST102307,Grace Nabbanja,+256755760959,gracenabbanja62@gmail.com,Kampala,2025-06-25,M,+256 75 576 0959,+256755760959,valid,Kampala,Kampala,exact,25/06/2025,2025-06-25,%d/%m/%Y,Male,M,mapped,,
CUST102308,Peter Olweny,+256781389390,peter.olweny@yahoo.com,Arua,2022-02-22,M,0781389390,+256781389390,valid,Arua,Arua,exact,2022-02-22,2022-02-22,%Y-%m-%d,Male ,M,mapped,,
CUST102310,Nakayiza Mugisha,+256795298254,nakayiza.mugisha@srg.co.ug,Mbarara,2023-09-09,,+256 79 529 8254,+256795298254,valid,Mbarara,Mbarara,exact,2023-09-09,2023-09-09,%Y-%m-%d,,,missing,,
CUST102311,Daniel Katusiime,+256745046211,daniel.katusiime@yahoo.com,Wakiso,2022-04-08,,074-504-6211,+256745046211,valid,Wakiso,Wakiso,exact,08/04/2022,2022-04-08,%d/%m/%Y,,,missing,,
CUST102312,Catherine Mukasa,+256733104174,catherine.mukasa@mail.com,Kampala,2022-02-22,M,073-310-4174,+256733104174,valid,Kampala,Kampala,exact,22/02/2022,2022-02-22,%d/%m/%Y,M,M,mapped,,
CUST102313,Grace Nabirye,+256742893631,grace.nabirye@gmail.com,Wakiso,2021-08-25,M,0742893631,+256742893631,valid,wakiso,Wakiso,exact,2021-08-25,2021-08-25,%Y-%m-%d,Male,M,mapped,,
CUST102316,Joan Nsereko,+256708777064,,Iganga,2021-11-09,F,+256708777064,+256708777064,valid,Iganga,Iganga,exact,2021-11-09,2021-11-09,%Y-%m-%d,Female,F,mapped,CUST104594,
CUST102317,Collins Nabbanja,,,Lira,2021-10-14,F,,,missing,Lira,Lira,exact,2021-10-14,2021-10-14,%Y-%m-%d,F,F,mapped,,
CUST102319,Nabbanja Kyebambe,+256719493632,nabbanjakyebambe10@hotmail.com,Lyantonde,2024-09-09,F,+256719493632,+256719493632,valid,Lyantonde,Lyantonde,exact,09/09/2024,2024-09-09,%d/%m/%Y,Female,F,mapped,,
CUST102320,Ronald Byaruhanga,+256735167350,ronaldbyaruhanga12@hotmail.com,Wakiso,2022-03-21,M,+256735167350,+256735167350,valid,Wakiso,Wakiso,exact,21-03-2022,2022-03-21,%d-%m-%Y,Male,M,mapped,CUST103196,REVIEW: possible duplicate
CUST102321,Lubega Nakato,+256752179100,lubeganakato37@gmail.com,Entebbe,2023-05-29,M,+256 75 217 9100,+256752179100,valid,Entebbe,Entebbe,exact,2023-05-29,2023-05-29,%Y-%m-%d,Male,M,mapped,,
CUST102323,Ninsiima Ssimbwa,+256717371027,ninsiima.ssimbwa@mail.com,Lyantonde,2025-09-17,M,0717371027,+256717371027,valid,Lyantonde,Lyantonde,exact,17/09/2025,2025-09-17,%d/%m/%Y,Male,M,mapped,,
CUST102325,Ninsiima Ssempebwa,+256738757901,ninsiima.ssempebwa@mail.com,Jinja,2024-08-19,F,0738757901,+256738757901,valid,Jinja,Jinja,exact,2024-08-19,2024-08-19,%Y-%m-%d,F,F,mapped,CUST104291,
CUST102326,Sheila Guma,+256739465683,,Jinja,2023-08-30,F,+256 73 946 5683,+256739465683,valid,Jinja,Jinja,exact,2023-08-30,2023-08-30,%Y-%m-%d,Female,F,mapped,,
CUST102329,David Ssebugwawo,+256792095312,david.ssebugwawo@yahoo,Mbarara,2021-03-12,M,0792095312,+256792095312,valid,Mbarara,Mbarara,exact,2021-03-12,2021-03-12,%Y-%m-%d,Male,M,mapped,,
CUST102330,Kafeero Ouma,+256745808029,kafeero.ouma@srg.co.ug,Lira,2025-02-20,,745808029,+256745808029,valid,Lira,Lira,exact,20/02/2025,2025-02-20,%d/%m/%Y,,,missing,CUST104528,
CUST102332,Okello Nakayiza,+256732741228,okellonakayiza@mail.com,Mbale City,2022-03-05,,732741228,+256732741228,valid,Mbale City,Mbale City,exact,05/03/2022,2022-03-05,%d/%m/%Y,,,missing,,
CUST102333,Namutebi Ssentongo,+256786832861,namutebissentongo12@yahoo.com,Sembabule,2021-12-18,F,786832861,+256786832861,valid,Sembabule,Sembabule,exact,2021-12-18,2021-12-18,%Y-%m-%d,F,F,mapped,CUST102525,
CUST102334,Collins,+256735097705,collins@outlook.com,Kampala,2024-05-08,F,256735097705,+256735097705,valid,Kampala,Kampala,exact,08/05/2024,2024-05-08,%d/%m/%Y,Female,F,mapped,,
CUST102335,Mercy Ssebugwawo,+256737549775,,Gulu,2022-01-24,F,+256 73 754 9775,+256737549775,valid,Gulu,Gulu,exact,24/01/2022,2022-01-24,%d/%m/%Y,Female,F,mapped,,
CUST102336,Nsereko Wanyama,+256719177971,nsereko.wanyama@outlook.com,Unknown,2024-09-29,F,+256719177971,+256719177971,valid,Unknown,Unknown,unresolved,2024-09-29,2024-09-29,%Y-%m-%d,Female,F,mapped,,
CUST102337,Patrick Byaruhanga,+256779728350,patrick.byaruhanga@outlook.com,Mukono,,F,+256 77 972 8350,+256779728350,valid,Mukono,Mukono,exact,,,missing,Female,F,mapped,,
CUST102338,Phoebe Nabbanja,+256771639790,phoebe.nabbanjayahoo.com,Mbarara,2024-08-09,F,771639790,+256771639790,valid,mbarara,Mbarara,exact,2024-08-09,2024-08-09,%Y-%m-%d,Female ,F,mapped,,
CUST102339,Wanyama Okello,+256789476378,wanyama.okello@hotmail,Soroti,2022-09-16,F,256789476378,+256789476378,valid,Soroti,Soroti,exact,16-09-2022,2022-09-16,%d-%m-%Y,Female,F,mapped,,
CUST102340,Samuel,+256790110392,samuel57@gmail.com,Fort Portal,2025-02-12,M,790110392,+256790110392,valid,Kabarole,Fort Portal,exact,12/02/2025,2025-02-12,%d/%m/%Y,Male,M,mapped,,
CUST102341,Ssimbwa,+256722306886,ssimbwa@hotmail.com,Jinja,2025-04-05,,256722306886,+256722306886,valid,Jinja,Jinja,exact,2025-04-05,2025-04-05,%Y-%m-%d, ,,missing,,
CUST102342,Nakayiza Wanyama,+256715688913,nakayizawanyama@srg.co.ug,Masaka,2022-06-10,F,+256715688913,+256715688913,valid,Masaka,Masaka,exact,2022-06-10,2022-06-10,%Y-%m-%d,Female,F,mapped,,
CUST102343,Florence Tendo,+256797696302,florence.tendo@hotmail.com,Kalangala,2024-02-08,,0797696302,+256797696302,valid,Kalangala,Kalangala,exact,08/02/2024,2024-02-08,%d/%m/%Y,,,missing,,
CUST102344,Phoebe Ninsiima,+256749287982,phoebe.ninsiima@hotmail.com,Jinja,2021-07-05,F,+256 74 928 7982,+256749287982,valid,Jinja,Jinja,exact,05/07/2021,2021-07-05,%d/%m/%Y,Female,F,mapped,,
CUST102345,Olweny Ouma,+256772405782,olweny.ouma@hotmail.com,Kasese,2023-03-08,,+256772405782,+256772405782,valid,Kasese,Kasese,exact,2023-03-08,2023-03-08,%Y-%m-%d,,,missing,,
CUST102346,Ssemakula Ahabwe,+256795475910,ssemakula.ahabwe@yahoo.com,Kampala,2021-06-20,M,256795475910,+256795475910,valid,Kampala,Kampala,exact,2021-06-20,2021-06-20,%Y-%m-%d,Male,M,mapped,CUST104515,
CUST102350,Patrick Kamoga,+256718640859,patrick.kamoga@outlook.com,Kiruhura,2021-01-28,F,256718640859,+256718640859,valid,Kiruhura,Kiruhura,exact,28/01/2021,2021-01-28,%d/%m/%Y,Female,F,mapped,,
CUST102351,Ruth Nakato,+256717733675,ruth.nakato@outlook.com,Wakiso,2021-06-20,F,256717733675,+256717733675,valid,Wakiso,Wakiso,exact,2021-06-20,2021-06-20,%Y-%m-%d,Female,F,mapped,,REVIEW: possible duplicate
CUST102353,Samuel Atukunda,+256752204041,samuel.atukunda@srg.co.ug,Bundibugyo,2022-12-28,,752204041,+256752204041,valid,Bundibugyo,Bundibugyo,exact,28/12/2022,2022-12-28,%d/%m/%Y,,,missing,,
CUST102355,Mercy Okello,+256753714497,mercyokello@yahoo.com,Gulu,2021-01-01,F,+256753714497,+256753714497,valid,Gulu City,Gulu,exact,01/01/2021,2021-01-01,%d/%m/%Y,F,F,mapped,,
CUST102357,Kizza Nakiganda,+256704445603,kizza.nakiganda@gmail.com,Kampala,2025-05-07,,070-444-5603,+256704445603,valid,Kampala,Kampala,exact,2025-05-07,2025-05-07,%Y-%m-%d,,,missing,,
CUST102358,Byaruhanga Nsereko,+256755306924,byaruhanga.nsereko@outlook,Kampala,2021-06-30,M,256755306924,+256755306924,valid,Kampala,Kampala,exact,30-06-2021,2021-06-30,%d-%m-%Y,Male,M,mapped,,
CUST102360,Namubiru Butime,+256744883265,namubiru.butime@yahoo.com,Kampala,2024-06-29,F,256744883265,+256744883265,valid,Kampala,Kampala,exact,2024-06-29,2024-06-29,%Y-%m-%d,Female,F,mapped,,
CUST102361,Kamoga Munezero,+256714806759,kamoga.munezero@gmail.com,Mbale,2024-06-29,M,0714806759,+256714806759,valid,Mbale,Mbale,exact,29-06-2024,2024-06-29,%d-%m-%Y,Male,M,mapped,,
CUST102362,Jane Byaruhanga,+256719069862,janebyaruhanga@outlook.com,Isingiro,2022-04-04,M,0719069862,+256719069862,valid,isingiro,Isingiro,exact,2022-04-04,2022-04-04,%Y-%m-%d,Male,M,mapped,CUST103586,
CUST102363,Ssemakula Munezero,+256717589422,ssemakula.munezero@mail.com,Wakiso,2023-03-31,M,+256717589422,+256717589422,valid,Wakiso District,Wakiso,variant_mapped,31-03-2023,2023-03-31,%d-%m-%Y,M,M,mapped,,
CUST102364,Ruth Nsereko,+256779994559,ruth.nsereko@yahoo.com,Hoima,2023-12-15,F,0779994559,+256779994559,valid,Hoima,Hoima,exact,2023-12-15,2023-12-15,%Y-%m-%d,F,F,mapped,,
CUST102365,Kizza Namutebi,+256790555366,kizza.namutebi@srg,Mukono,2023-06-20,F,+256790555366,+256790555366,valid,Mukono,Mukono,exact,2023-06-20,2023-06-20,%Y-%m-%d,Female,F,mapped,CUST104204,
CUST102366,Phoebe Atim,+256759416222,phoebeatim@outlook.com,Iganga,2021-09-28,F,759416222,+256759416222,valid,Iganga,Iganga,exact,28/09/2021,2021-09-28,%d/%m/%Y,Female,F,mapped,,
CUST102367,Peter Okello,+256710618868,peter.okello@mail.com,Mbale,2022-11-06,,+256 71 061 8868,+256710618868,valid,Mbale,Mbale,exact,2022-11-06,2022-11-06,%Y-%m-%d,,,missing,,
CUST102368,Katusiime Kamoga,+256732276012,,Kasese,2024-08-18,F,+256 73 227 6012,+256732276012,valid,Kasese,Kasese,exact,18/08/2024,2024-08-18,%d/%m/%Y,Female,F,mapped,,
CUST102369,Namutebi Mugisha,+256718163125,namutebi.mugisha@outlook.com,Kampala,2024-07-04,F,256718163125,+256718163125,valid,Kampala City,Kampala,variant_mapped,2024-07-04,2024-07-04,%Y-%m-%d,F,F,mapped,,
CUST102370,Michael Kyomuhendo,+256752453011,michael.kyomuhendo@yahoo.com,Mbarara,2022-01-05,M,256752453011,+256752453011,valid,Mbarara,Mbarara,exact,05-01-2022,2022-01-05,%d-%m-%Y,Male,M,mapped,,
CUST102371,Munezero Katusiime,+256725367900,munezero.katusiime@srg.co.ug,Wakiso,2024-04-02,F,0725367900,+256725367900,valid,Wakiso,Wakiso,exact,02-04-2024,2024-04-02,%d-%m-%Y,Female,F,mapped,,
CUST102372,Guma Butime,+256744080459,guma.butimeyahoo.com,Jinja,2025-10-04,M,+256744080459,+256744080459,valid,Jinja,Jinja,exact,04-10-2025,2025-10-04,%d-%m-%Y,M,M,mapped,CUST104101;CUST104748,
CUST102373,Kyomuhendo Daniel,+256784549599,,Wakiso,2021-03-24,M,784549599,+256784549599,valid,Wakiso,Wakiso,exact,2021-03-24,2021-03-24,%Y-%m-%d,Male ,M,mapped,,REVIEW: possible duplicate
CUST102375,Kizza Kizza,+256750049550,kizzakizza6@yahoo.com,Nebbi,2025-08-06,M,+256750049550,+256750049550,valid,Nebbi,Nebbi,exact,06/08/2025,2025-08-06,%d/%m/%Y,Male,M,mapped,,
CUST102376,Godfrey Kamoga,+256774178276,godfrey.kamoga@gmail.com,Wakiso,2021-06-12,F,+256774178276,+256774178276,valid,Wakiso,Wakiso,exact,12-06-2021,2021-06-12,%d-%m-%Y,Female,F,mapped,,
CUST102380,Nsereko Ssekandi,+256755056816,nsereko.ssekandi@outlook.com,Jinja,2021-08-09,M,+256755056816,+256755056816,valid,Jinja City,Jinja,exact,09-08-2021,2021-08-09,%d-%m-%Y,Male,M,mapped,,
CUST102381,Daniel Kafeero,+256748791757,daniel.kafeero@hotmail.com,Mityana,2022-08-09,,+256 74 879 1757,+256748791757,valid,Mityana,Mityana,exact,09/08/2022,2022-08-09,%d/%m/%Y,,,missing,,
CUST102382,Nakiganda,+256731280363,nakiganda@mail.com,Kampala,2021-05-02,F,731280363,+256731280363,valid,kampala,Kampala,exact,2021-05-02,2021-05-02,%Y-%m-%d,F,F,mapped,,
CUST102383,Peter Achieng,+256730621208,peter.achieng@outlook.com,Mbale,2024-10-16,,+256730621208,+256730621208,valid,Mbale,Mbale,exact,2024-10-16,2024-10-16,%Y-%m-%d,,,missing,,
CUST102384,Nakiganda Kibirige,+256738432695,nakigandakibirige@yahoo.com,Arua,2023-10-20,,256738432695,+256738432695,valid,Arua,Arua,exact,20/10/2023,2023-10-20,%d/%m/%Y,,,missing,,
CUST102385,Sheila,+256784193995,sheila@srg.co.ug,Fort Portal,2022-05-03,F,+256784193995,+256784193995,valid,Fort Portal,Fort Portal,exact,03-05-2022,2022-05-03,%d-%m-%Y,Female,F,mapped,,
CUST102386,Michael Kyomuhendo,,michael.kyomuhendo@hotmail.com,Wakiso,2024-08-13,,,,missing,Wakiso,Wakiso,exact,2024-08-13,2024-08-13,%Y-%m-%d,,,missing,,
CUST102387,Nsereko Kambale,,nsereko.kambale@mail.com,Mukono,2022-05-16,M,,,missing,Mukono,Mukono,exact,2022-05-16,2022-05-16,%Y-%m-%d,Male,M,mapped,CUST103949,
CUST102388,Agnes Ssempebwa,+256701132056,agnes.ssempebwa@mail.com,Kiruhura,2023-02-21,M,0701132056,+256701132056,valid,Kiruhura,Kiruhura,exact,2023-02-21,2023-02-21,%Y-%m-%d,Male,M,mapped,,
CUST102389,Ssempebwa Ninsiima,+256708494082,ssempebwa.ninsiima@outlook.com,Mukono,2023-01-14,F,+256708494082,+256708494082,valid,Mukko,Mukono,variant_mapped,14/01/2023,2023-01-14,%d/%m/%Y,Female,F,mapped,,
CUST102390,Munezero Nsereko,+256739674203,munezero.nsereko@outlook.com,Wakiso,2023-03-07,,+256 73 967 4203,+256739674203,valid,Wakiso,Wakiso,exact,07-03-2023,2023-03-07,%d-%m-%Y,,,missing,,
CUST102391,Mary Ouma,+256781131619,maryouma77@mail.com,Gulu,2023-03-16,M,781131619,+256781131619,valid,gulu,Gulu,exact,2023-03-16,2023-03-16,%Y-%m-%d,Male,M,mapped,,
CUST102392,Nsereko Wanyama,,nserekowanyama34@yahoo.com,Kampala,2021-10-31,M,,,missing,Kampala,Kampala,exact,2021-10-31,2021-10-31,%Y-%m-%d,Male,M,mapped,,
CUST102393,Nabirye Katusiime,+256777967794,nabirye.katusiime@yahoo.com,Mbale,2021-04-23,F,+256777967794,+256777967794,valid,Mbale,Mbale,exact,23/04/2021,2021-04-23,%d/%m/%Y,Female,F,mapped,,
CUST102394,Nakiganda Mugisha,+256706361478,nakiganda.mugisha@yahoo.com,Iganga,2025-04-21,F,706361478,+256706361478,valid,Iganga,Iganga,exact,21/04/2025,2025-04-21,%d/%m/%Y,Female,F,mapped,,
CUST102395,Nakayiza Kyomuhendo,+256731583559,nakayiza.kyomuhendo@yahoo.com,Entebbe,2024-05-28,F,+256 73 158 3559,+256731583559,valid,Entebbe,Entebbe,exact,2024-05-28,2024-05-28,%Y-%m-%d,Female,F,mapped,,
CUST102396,Munezero Daniel,+256709666130,,Mbarara,2023-01-28,M,256709666130,+256709666130,valid,Mbarara,Mbarara,exact,28/01/2023,2023-01-28,%d/%m/%Y,Male,M,mapped,,
CUST102398,Joseph Kafeero,,josephkafeero5@outlook.com,Kampala,2021-09-21,M,,,missing,Kampala,Kampala,exact,2021-09-21,2021-09-21,%Y-%m-%d,M,M,mapped,,
CUST102400,Timothy Munezero,+256710662606,timothy.munezero@srg.co.ug,Kampala,2021-12-17,F,+256 71 066 2606,+256710662606,valid,Kampala,Kampala,exact,2021-12-17,2021-12-17,%Y-%m-%d,F,F,mapped,,
CUST102402,Catherine Nabirye,,catherine.nabirye@hotmail.com,Kampala,2021-03-25,M,,,missing,Kampala,Kampala,exact,2021-03-25,2021-03-25,%Y-%m-%d,M,M,mapped,,
CUST102403,Florence Butime,+256724826535,florence.butime@hotmail.com,Lyantonde,2025-10-08,M,0724826535,+256724826535,valid,Lyantonde,Lyantonde,exact,2025-10-08,2025-10-08,%Y-%m-%d,Male,M,mapped,CUST101971,
CUST102405,Nsereko Peter,+256777316424,nsereko.peter@gmail.com,Kalangala,2021-03-22,M,777316424,+256777316424,valid,Kalangala,Kalangala,exact,2021-03-22,2021-03-22,%Y-%m-%d,Male,M,mapped,,
CUST102406,Phoebe,+256744308589,phoebe@hotmail,Mukono,2022-09-29,F,0744308589,+256744308589,valid,Mukono,Mukono,exact,2022-09-29,2022-09-29,%Y-%m-%d,Female,F,mapped,,
CUST102407,buma Nakiganda,+256738960466,ouma.nakiganda@gmail.com,Mukono,2021-06-21,M,+256738960466,+256738960466,valid,Mukko,Mukono,variant_mapped,2021-06-21,2021-06-21,%Y-%m-%d,Male,M,mapped,CUST102586,
CUST102408,Nakato Kamoga,,nakato.kamoga@yahoo.com,Arua,2025-07-29,M,,,missing,Arua City,Arua,exact,2025-07-29,2025-07-29,%Y-%m-%d,Male,M,mapped,,
CUST102410,Kibirige Byaruhanga,+256720580652,kibirigebyaruhanga36@mail.com,Kampala,2024-12-09,M,0720580652,+256720580652,valid,Kampala,Kampala,exact,2024-12-09,2024-12-09,%Y-%m-%d,Male,M,mapped,,
CUST102412,Olweny Olweny,+256757567390,olweny.olweny@mail,Kampala,2024-10-16,M,0757567390,+256757567390,valid,Kampala,Kampala,exact,16/10/2024,2024-10-16,%d/%m/%Y,Male,M,mapped,CUST104244;CUST104691,
CUST102417,Kamoga David,,kamoga.david@yahoo.com,Tororo,2022-10-08,M,,,missing,Tororo,Tororo,exact,2022-10-08,2022-10-08,%Y-%m-%d,Male,M,mapped,CUST104635,
CUST102419,Nakayiza Ssimbwa,,nakayiza.ssimbwa@mail.com,Soroti,,F,,,missing,Soroti,Soroti,exact,,,missing,Female,F,mapped,,
CUST102420,Peter Lubega,+256755161052,peter.lubega@mail.com,Entebbe,2021-07-17,M,0755161052,+256755161052,valid,Enteba,Entebbe,variant_mapped,17/07/2021,2021-07-17,%d/%m/%Y,Male,M,mapped,,
CUST102421,Nakayiza Ssimbwa,+256742159959,nakayizassimbwa20@yahoo.com,Kampala,2023-03-04,F,742159959,+256742159959,valid,Kampala,Kampala,exact,2023-03-04,2023-03-04,%Y-%m-%d,Female,F,mapped,,
CUST102422,Alexander Atukunda,,alexander.atukunda@gmail.com,Masaka,2021-03-14,F,,,missing,Masaka,Masaka,exact,14-03-2021,2021-03-14,%d-%m-%Y,Female,F,mapped,,
CUST102423,Kamoga Lubega,+256758404439,kamogalubega30@gmail.com,Mbarara,2022-01-21,M,0758404439,+256758404439,valid,Mbarara,Mbarara,exact,2022-01-21,2022-01-21,%Y-%m-%d,Male,M,mapped,,
CUST102424,Butime John,+256746192928,butime.john@srg.co.ug,Mukono,2024-02-16,,0746192928,+256746192928,valid,Mukono,Mukono,exact,2024-02-16,2024-02-16,%Y-%m-%d,,,missing,,
CUST102425,N. Kizza,+256712046534,namubiru.kizza@gmail.com,Jinja,2023-01-05,F,0712046534,+256712046534,valid,Jinja,Jinja,exact,2023-01-05,2023-01-05,%Y-%m-%d,Female,F,mapped,CUST104548,
CUST102426,Kizza Munezero,+256705631813,,Kampala,2024-07-19,M,+256 70 563 1813,+256705631813,valid,Kampala (Central),Kampala,variant_mapped,2024-07-19,2024-07-19,%Y-%m-%d,M,M,mapped,,
CUST102427,Lubega Nakiganda,+256796094583,lubega.nakiganda@outlook.com,Kampala,2025-02-18,M,+256 79 609 4583,+256796094583,valid,Kampala,Kampala,exact,2025-02-18,2025-02-18,%Y-%m-%d,Male,M,mapped,CUST104375;CUST104401,
CUST102428,Phoebe Tendo,+256747849694,phoebe.tendo@srg.co.ug,Bushenyi,2021-04-01,F,256747849694,+256747849694,valid,Bushenyi District,Bushenyi,variant_mapped,01-04-2021,2021-04-01,%d-%m-%Y,Female,F,mapped,CUST103741,
CUST102429,Nabbanja Kyebambe,+256750804312,nabbanja.kyebambe@mail.com,Masaka,2024-05-02,F,0750804312,+256750804312,valid,Masaka,Masaka,exact,2024-05-02,2024-05-02,%Y-%m-%d,Female ,F,mapped,,
CUST102431,Nabbanja Mukasa,+256792601975,nabbanja.mukasa@hotmail,Nakasongola,2024-08-13,,+256 79 260 1975,+256792601975,valid,Nakasongola,Nakasongola,exact,13-08-2024,2024-08-13,%d-%m-%Y,,,missing,,
CUST102432,Wasswa Nabirye,+256734680425,wasswa.nabirye@srg.co.ug,Mbarara,2023-11-09,M,073-468-0425,+256734680425,valid,Mbaraa,Mbarara,variant_mapped,2023-11-09,2023-11-09,%Y-%m-%d,Male,M,mapped,,
CUST102433,Ninsiima Atim,+256775444625,ninsiimaatim@gmail.com,Arua,2021-09-16,F,775444625,+256775444625,valid,Arua City,Arua,exact,16/09/2021,2021-09-16,%d/%m/%Y,F,F,mapped,,
CUST102436,Wanyama Mubiru,+256740755298,wanyamamubiru@hotmail.com,Bushenyi,2023-10-28,F,+256740755298,+256740755298,valid,bushenyi,Bushenyi,exact,28-10-2023,2023-10-28,%d-%m-%Y,Female,F,mapped,,
CUST102437,Ssekandi Nankya,+256741892051,ssekandi.nankya@outlook.com,Jinja,2022-02-23,M,074-189-2051,+256741892051,valid,jinji,Jinja,variant_mapped,23/02/2022,2022-02-23,%d/%m/%Y,Male,M,mapped,,
CUST102439,Butime Nakato,+256771440677,butimenakato24@outlook.com,Gulu,,,256771440677,+256771440677,valid,Gulu,Gulu,exact,,,missing,,,missing,,
CUST102440,Sarah,+256732678105,sarah@gmail.com,Wakiso,2022-08-09,M,+256732678105,+256732678105,valid,Wakiso,Wakiso,exact,09/08/2022,2022-08-09,%d/%m/%Y,Male,M,mapped,,
CUST102443,Ssemakula Ssebugwawo,+256773787287,ssemakula.ssebugwawo@outlook.com,Kampala,2022-07-27,M,+256773787287,+256773787287,valid,Kampala,Kampala,exact,2022-07-27,2022-07-27,%Y-%m-%d,Male,M,mapped,CUST103368,
CUST102444,Tendo Nakiganda,+256701240386,tendo.nakiganda@yahoo.com,Mbale,2023-06-06,F,0701240386,+256701240386,valid,Mbale,Mbale,exact,06/06/2023,2023-06-06,%d/%m/%Y,Female,F,mapped,,
CUST102446,Butime Jane,+256749877769,butime.jane@outlook.com,Nebbi,2025-04-24,M,0749877769,+256749877769,valid,Nebbi,Nebbi,exact,24/04/2025,2025-04-24,%d/%m/%Y,Male ,M,mapped,,
CUST102447,Ssempebwa Timothy,,ssempebwatimothy43@srg.co.ug,Mbarara,,,,,missing,Mbarara,Mbarara,exact,,,missing,,,missing,,
CUST102449,Guma,,guma@hotmail.com,Wakiso,2021-10-14,M,,,missing,Wakiso,Wakiso,exact,2021-10-14,2021-10-14,%Y-%m-%d,M,M,mapped,,
CUST102450,Sarah Tumusiime,+256741442345,sarahtumusiime51@hotmail.com,Wakiso,2022-04-24,M,741442345,+256741442345,valid,Wakiso,Wakiso,exact,2022-04-24,2022-04-24,%Y-%m-%d,M,M,mapped,CUST104997,
CUST102451,Ouma Kamoga,+256777849734,ouma.kamoga@outlook.com,Arua,2025-07-18,M,+256 77 784 9734,+256777849734,valid,Arua City,Arua,exact,18-07-2025,2025-07-18,%d-%m-%Y,M,M,mapped,,
CUST102453,Wanyama Ssekandi,+256726023509,wanyama.ssekandi@gmail.com,Kampala,2023-11-27,,0726023509,+256726023509,valid,Kampala,Kampala,exact,2023-11-27,2023-11-27,%Y-%m-%d,,,missing,,
CUST102454,Tendo Rebecca,+256712007815,tendo.rebecca@outlook.com,Kampala,2022-10-12,M,+256712007815,+256712007815,valid,Kampala,Kampala,exact,2022-10-12,2022-10-12,%Y-%m-%d,Male,M,mapped,,
CUST102456,Olweny Katusiime,+256710295687,olwenykatusiime96@mail.com,Mbarara,2024-12-18,,+256710295687,+256710295687,valid,mbarara,Mbarara,exact,2024-12-18,2024-12-18,%Y-%m-%d,,,missing,,
CUST102457,Naljbega Mukasa,+256717550241,nalubega.mukasa@gmail.com,Gulu,2022-02-22,F,256717550241,+256717550241,valid,Gulu,Gulu,exact,2022-02-22,2022-02-22,%Y-%m-%d,Female,F,mapped,CUST104184,
CUST102458,Sarah,+256771770142,sarah@yahoo.com,Wakiso,2022-11-24,,077-177-0142,+256771770142,valid,Wakiso,Wakiso,exact,2022-11-24,2022-11-24,%Y-%m-%d,,,missing,,
CUST102459,Ssekandi Nalubega,+256743806690,ssekandi.nalubega@gmail.com,Wakiso,2021-11-22,F,743806690,+256743806690,valid,Wakiso,Wakiso,exact,22-11-2021,2021-11-22,%d-%m-%Y,Female,F,mapped,,
CUST102460,Emmanuel Nakiganda,+256746958382,emmanuel.nakiganda@outlook.com,Kumi,2024-05-22,F,256746958382,+256746958382,valid,Kumi,Kumi,exact,22-05-2024,2024-05-22,%d-%m-%Y,Female,F,mapped,,
CUST102461,Mubiru Ssemakula,+256772026746,mubiru.ssemakula@gmail.com,Arua,2024-10-14,M,+256 77 202 6746,+256772026746,valid,Arua City,Arua,exact,2024-10-14,2024-10-14,%Y-%m-%d,Male,M,mapped,,
CUST102462,Munezero,+256796808831,munezero@hotmail.com,Wakiso,2023-12-26,F,+256796808831,+256796808831,valid,Wakiso,Wakiso,exact,2023-12-26,2023-12-26,%Y-%m-%d,F,F,mapped,,
CUST102463,Andrew Kamoga,+256793527807,andrew.kamoga@hotmail.com,Entebbe,,F,079-352-7807,+256793527807,valid,Entebbe,Entebbe,exact,,,missing,Female,F,mapped,CUST103240,
CUST102464,Beatrice Nsereko,+256750046097,,Kampala,2023-01-21,F,+256750046097,+256750046097,valid,Kampala,Kampala,exact,2023-01-21,2023-01-21,%Y-%m-%d,F,F,mapped,,
CUST102465,Esther Mukasa,+256777374771,esthermukasa90@mail.com,Arua,2024-08-04,,077-737-4771,+256777374771,valid,Arua,Arua,exact,2024-08-04,2024-08-04,%Y-%m-%d,,,missing,CUST103065,
CUST102466,Munezero Catherine,+256708315531,munezero.catherine@mail.com,Kalangala,2022-02-09,M,0708315531,+256708315531,valid,Kalangala,Kalangala,exact,2022-02-09,2022-02-09,%Y-%m-%d,Male,M,mapped,,
CUST102468,Okello Kizza,+256732791323,okello.kizza@mail.com,Jinja,2023-03-23,M,073-279-1323,+256732791323,valid,Jinja City,Jinja,exact,23-03-2023,2023-03-23,%d-%m-%Y,Male ,M,mapped,CUST103522,
CUST102469,Joan Ssimbwa,+256740176882,joan.ssimbwa@hotmail.com,Lira,2024-02-15,F,074-017-6882,+256740176882,valid,Lira District,Lira,variant_mapped,2024-02-15,2024-02-15,%Y-%m-%d,Female ,F,mapped,,
CUST102470,Lubega Nankya,+256724467393,lubega.nankya@mail.com,Jinja,2023-09-08,F,+256724467393,+256724467393,valid,Jinja,Jinja,exact,2023-09-08,2023-09-08,%Y-%m-%d,F,F,mapped,,
CUST102471,Lubega Nakiganda,+256743709535,,Fort Portal,2022-01-27,M,+256743709535,+256743709535,valid,Kabarole,Fort Portal,exact,2022-01-27,2022-01-27,%Y-%m-%d,M,M,mapped,,
CUST102472,Mubiru Michael,+256733981787,mubiru.michael@mail.com,Kampala,,,+256 73 398 1787,+256733981787,valid,Kampala,Kampala,exact,,,missing,,,missing,,
CUST102473,Phoebe Kamoga,+256702188291,phoebe.kamoga@outlook.com,Masindi,2025-07-07,F,+256 70 218 8291,+256702188291,valid,masindi,Masindi,exact,2025-07-07,2025-07-07,%Y-%m-%d,Female,F,mapped,,
CUST102474,Godfrey Munezero,+256735607620,godfrey.munezero@gmail.com,Kiboga,2022-08-07,F,+256735607620,+256735607620,valid,Kiboga,Kiboga,exact,2022-08-07,2022-08-07,%Y-%m-%d,F,F,mapped,,
CUST102475,Florence Kambale,+256711191223,florence.kambale@hotmail.com,Soroti,2023-12-09,M,256711191223,+256711191223,valid,Soroti,Soroti,exact,2023-12-09,2023-12-09,%Y-%m-%d,Male,M,mapped,,
CUST102476,Sarah Okello,+256733553430,sarah.okello@mail.com,Kampala,2023-12-01,M,073-355-3430,+256733553430,valid,kampala district,Kampala,variant_mapped,2023-12-01,2023-12-01,%Y-%m-%d,M,M,mapped,,
CUST102478,Atim Ssemakula,+256717583578,atim.ssemakula@yahoo.com,Kampala,2022-12-03,F,0717583578,+256717583578,valid,Kampala,Kampala,exact,2022-12-03,2022-12-03,%Y-%m-%d,Female,F,mapped,,
CUST102480,Grace Mukasa,+256717508008,grace.mukasa@outlook.com,Bundibugyo,2023-07-29,M,+256 71 750 8008,+256717508008,valid,Bundibugyo,Bundibugyo,exact,2023-07-29,2023-07-29,%Y-%m-%d,Male,M,mapped,CUST103246,
CUST102481,Nabbanja Kyomuhendo,+256719771492,nabbanja.kyomuhendo@hotmail.com,Jinja,2022-11-12,F,0719771492,+256719771492,valid,Jinja,Jinja,exact,2022-11-12,2022-11-12,%Y-%m-%d,Female,F,mapped,,
CUST102482,Naomi Mukasa,+256757241622,naomi.mukasa@gmail.com,Wakiso,2022-07-11,F,757241622,+256757241622,valid,Wakiso,Wakiso,exact,2022-07-11,2022-07-11,%Y-%m-%d,Female,F,mapped,CUST103200,
CUST102483,Wasswa Ninsiima,+256787556613,wasswa.ninsiimaoutlook.com,Kasese,2021-06-09,M,+256 78 755 6613,+256787556613,valid,kasese,Kasese,exact,2021-06-09,2021-06-09,%Y-%m-%d,Male,M,mapped,,
CUST102484,Byaruhanga Atim,+256774976839,byaruhanga.atim@srg.co.ug,Wakiso,2021-12-11,M,+256774976839,+256774976839,valid,Wakiso,Wakiso,exact,2021-12-11,2021-12-11,%Y-%m-%d,Male,M,mapped,CUST104198;CUST104301,
CUST102485,Michael Katusiime,+256745714217,michael.katusiime@srg.co.ug,Rakai,2025-07-13,,0745714217,+256745714217,valid,Rakai,Rakai,exact,2025-07-13,2025-07-13,%Y-%m-%d,,,missing,,
CUST102486,Naomi Ssimbwa,+256730745859,naomi.ssimbwa@gmail.com,Mukono,2024-10-22,F,256730745859,+256730745859,valid,mukono,Mukono,exact,22/10/2024,2024-10-22,%d/%m/%Y,Female,F,mapped,,REVIEW: possible duplicate
CUST102487,Collins Mugisha,+256782788848,collins.mugisha@yahoo.com,Wakiso,2022-02-19,F,0782788848,+256782788848,valid,Wakiso,Wakiso,exact,19/02/2022,2022-02-19,%d/%m/%Y,Female,F,mapped,CUST103875;CUST104763,
CUST102488,Juliet Ninsiima,+256779979788,juliet.ninsiima@mail.com,Kiboga,2025-04-11,F,0779979788,+256779979788,valid,Kiboga,Kiboga,exact,2025-04-11,2025-04-11,%Y-%m-%d,Female,F,mapped,,
CUST102489,Ninsiima Mukasa,+256785802031,ninsiima.mukasa@mail.com,Jinja,2022-11-29,F,+256 78 580 2031,+256785802031,valid,Jinja Town,Jinja,variant_mapped,2022-11-29,2022-11-29,%Y-%m-%d,Female,F,mapped,,
CUST102490,John Nakiganda,+256750132716,john.nakiganda@gmail.com,Tororo,2022-12-12,M,+256750132716,+256750132716,valid,Tororo,Tororo,exact,2022-12-12,2022-12-12,%Y-%m-%d,Male,M,mapped,,
CUST102491,ANDREW MUBIRU,+256759406028,andrewmubiru16@srg.co.ug,Jinja,2023-01-08,F,+256759406028,+256759406028,valid,Jinja,Jinja,exact,2023-01-08,2023-01-08,%Y-%m-%d,Female,F,mapped,CUST104959,
CUST102492,Brian,+256755670309,briangmail.com,Wakiso,2024-12-04,M,755670309,+256755670309,valid,Wakiso,Wakiso,exact,04/12/2024,2024-12-04,%d/%m/%Y,M,M,mapped,,
CUST102493,Ssempebwa Olweny,+256757535979,ssempebwa.olweny@mail.com,Rakai,2024-03-30,M,0757535979,+256757535979,valid,Rakai,Rakai,exact,30/03/2024,2024-03-30,%d/%m/%Y,Male,M,mapped,CUST103972,
CUST102494,Mary Katusiime,+256783065698,mary.katusiime@srg.co.ug,Jinja,,M,+256783065698,+256783065698,valid,Jinja,Jinja,exact,,,missing,Male,M,mapped,,
CUST102495,Katusiime Ssebugwawo,+256783285584,katusiime.ssebugwawo@srg.co.ug,Hoima,2022-08-28,F,783285584,+256783285584,valid,hoima,Hoima,exact,28/08/2022,2022-08-28,%d/%m/%Y,F,F,mapped,CUST103022,
CUST102496,Emmanuel Nankya,+256770578972,emmanuel.nankya@gmail.com,Jinja,2023-11-13,F,770578972,+256770578972,valid,Jinja,Jinja,exact,2023-11-13,2023-11-13,%Y-%m-%d,Female,F,mapped,,
CUST102497,Grace Butime,+256776595370,grace.butime@hotmail.com,Arua,2023-05-31,M,+256 77 659 5370,+256776595370,valid,Arua,Arua,exact,2023-05-31,2023-05-31,%Y-%m-%d,Male,M,mapped,,
CUST102498,Kizza Namubiru,+256745794740,kizza.namubiru@yahoo.com,Gulu,2021-10-15,,745794740,+256745794740,valid,Gulu,Gulu,exact,2021-10-15,2021-10-15,%Y-%m-%d,,,missing,,
CUST102500,Wanyama Ahabwe,+256772120970,wanyama.ahabwe@gmail.com,Arua,2023-10-13,F,256772120970,+256772120970,valid,Arua City,Arua,exact,13/10/2023,2023-10-13,%d/%m/%Y,Female,F,mapped,,
CUST102501,Stephen Ssemakula,+256778792033,stephen.ssemakula@yahoo.com,Kampala,2021-06-27,F,+256 77 879 2033,+256778792033,valid,Kampala,Kampala,exact,2021-06-27,2021-06-27,%Y-%m-%d,Female,F,mapped,,
CUST102502,Irene Wanyama,+256742434402,irenewanyama18@hotmail.com,Gulu,2025-04-16,F,0742434402,+256742434402,valid,Gulu,Gulu,exact,2025-04-16,2025-04-16,%Y-%m-%d,F,F,mapped,,
CUST102504,Nakiganda,+256748488483,nakigandasrg.co.ug,Mbale,,F,+256748488483,+256748488483,valid,Mbale,Mbale,exact,,,missing,F,F,mapped,,
CUST102506,Atim Nabirye,+256719744212,atim.nabirye@srg.co.ug,Mukono,2023-04-02,F,0719744212,+256719744212,valid,Mukono,Mukono,exact,2023-04-02,2023-04-02,%Y-%m-%d,F,F,mapped,,
CUST102507,Mubiru Olweny,+256737827947,mubiru.olweny@srg.co.ug,Jinja,2022-04-15,M,+256737827947,+256737827947,valid,Jinja,Jinja,exact,15/04/2022,2022-04-15,%d/%m/%Y,M,M,mapped,,
CUST102508,Mary Atukunda,+256724689599,mary.atukundahotmail.com,Soroti,2023-08-04,M,+256724689599,+256724689599,valid,Soroti,Soroti,exact,04-08-2023,2023-08-04,%d-%m-%Y,M,M,mapped,,
CUST102510,Atim Ssentongo,+256706864605,atim.ssentongo@hotmail.com,Jinja,2025-03-14,F,070-686-4605,+256706864605,valid,Jinja City,Jinja,exact,14/03/2025,2025-03-14,%d/%m/%Y,F,F,mapped,,
CUST102513,Nabirye Atukunda,+256718481250,nabirye.atukunda@mail.com,Gulu,2024-03-18,F,256718481250,+256718481250,valid,Gulu,Gulu,exact,2024-03-18,2024-03-18,%Y-%m-%d,Female,F,mapped,,
CUST102514,Munezero Tendo,+256790136415,munezero.tendo@mail.com,Jinja,2022-07-28,F,+256 79 013 6415,+256790136415,valid,Jinja,Jinja,exact,2022-07-28,2022-07-28,%Y-%m-%d,Female,F,mapped,,
CUST102516,Olweny Munezero,+256785573552,olweny.munezero@gmail.com,Kampala,2025-05-02,M,0785573552,+256785573552,valid,Kampala,Kampala,exact,2025-05-02,2025-05-02,%Y-%m-%d,Male,M,mapped,,
CUST102517,Stephen Kambale,+256740523905,stephen.kambale@gmail.com,Kampala,2021-06-02,F,740523905,+256740523905,valid,Kampala,Kampala,exact,2021-06-02,2021-06-02,%Y-%m-%d,Female ,F,mapped,,
CUST102518,Butime Nakayiza,+256712242272,butimenakayiza9@yahoo.com,Jinja,2023-10-27,M,0712242272,+256712242272,valid,Jinja,Jinja,exact,27-10-2023,2023-10-27,%d-%m-%Y,Male,M,mapped,,
CUST102520,Rebecca Okello,+256759401667,rebecca.okello@mail.com,Kabale,2023-02-06,M,+256 75 940 1667,+256759401667,valid,Kabale,Kabale,exact,2023-02-06,2023-02-06,%Y-%m-%d,Male,M,mapped,CUST104677,
CUST102521,Peter Wanyama,+256715979806,peter.wanyama@gmail.com,Wakiso,2022-01-15,M,0715979806,+256715979806,valid,wakiso,Wakiso,exact,15-01-2022,2022-01-15,%d-%m-%Y,Male,M,mapped,CUST102764,
CUST102523,Irene Ssentongo,+256784159534,irenessentongo@mail.com,Entebbe,2023-04-25,F,0784159534,+256784159534,valid,Enteba,Entebbe,variant_mapped,25-04-2023,2023-04-25,%d-%m-%Y,F,F,mapped,CUST103074,
CUST102524,Byaruhanga Munezero,+256783532829,byaruhangamunezero74srg.co.ug,Bundibugyo,2023-11-03,M,256783532829,+256783532829,valid,Bundibugyo,Bundibugyo,exact,03/11/2023,2023-11-03,%d/%m/%Y,Male,M,mapped,,
CUST102526,Brian Nabbanja,+256704787397,brian.nabbanja@srg.co.ug,Iganga,2024-05-22,M,070-478-7397,+256704787397,valid,Iganga,Iganga,exact,2024-05-22,2024-05-22,%Y-%m-%d,Male,M,mapped,,
CUST102528,Ronald Nabirye,+256711814042,ronald.nabirye@gmail.com,Nakasongola,2022-07-07,M,711814042,+256711814042,valid,Nakasongola,Nakasongola,exact,07/07/2022,2022-07-07,%d/%m/%Y,M,M,mapped,CUST103572,
CUST102531,Nabirye Atim,+256770230624,nabirye.atim@yahoo.com,Nakasongola,2021-12-23,F,+256770230624,+256770230624,valid,Nakasongola,Nakasongola,exact,2021-12-23,2021-12-23,%Y-%m-%d,Female ,F,mapped,,
CUST102532,Ruth Ssemakula,,ruth.ssemakula@outlook.com,Mbarara,2022-05-25,F,,,missing,Mbarara,Mbarara,exact,25/05/2022,2022-05-25,%d/%m/%Y,Female,F,mapped,,
CUST102533,Naomi Kibirige,,naomi.kibirige@gmail.com,Mbarara,2021-02-28,F,,,missing,Mbarara,Mbarara,exact,2021-02-28,2021-02-28,%Y-%m-%d,F,F,mapped,,
CUST102537,Agnes Nakayiza,+256703388398,agnes.nakayiza@srg.co.ug,Mukono,2021-04-19,M,+256703388398,+256703388398,valid,Mukono,Mukono,exact,19/04/2021,2021-04-19,%d/%m/%Y,Male,M,mapped,CUST103506,
CUST102538,Joan Kyebambe,+256772101992,joan.kyebambe@gmail.com,Wakiso,2022-10-11,F,+256772101992,+256772101992,valid,Wakiso,Wakiso,exact,2022-10-11,2022-10-11,%Y-%m-%d,F,F,mapped,CUST102791;CUST103905,
CUST102540,Achieng Collins,+256794456857,achieng.collins@mail.com,Wakiso,2023-09-29,,+256 79 445 6857,+256794456857,valid,Wakiso,Wakiso,exact,29-09-2023,2023-09-29,%d-%m-%Y,,,missing,,
CUST102541,Munezero Ssebugwawo,+256780441203,munezero.ssebugwawo@hotmail.com,Soroti,2023-02-19,F,0780441203,+256780441203,valid,Soroti District,Soroti,variant_mapped,2023-02-19,2023-02-19,%Y-%m-%d,Female,F,mapped,,
CUST102542,Munezero Namubiru,,munezero.namubiru@srg.co.ug,Kampala,2022-09-09,,,,missing,Kampala,Kampala,exact,2022-09-09,2022-09-09,%Y-%m-%d,,,missing,CUST104953,
CUST102543,Ssimbwa Agnes,+256713895931,ssimbwa.agnes@hotmail.com,Kumi,2024-07-04,M,0713895931,+256713895931,valid,Kumi,Kumi,exact,04/07/2024,2024-07-04,%d/%m/%Y,Male,M,mapped,,
CUST102546,Andrew Mubiru,+256710074253,,Masaka,2022-11-17,,0710074253,+256710074253,valid,masaka,Masaka,exact,17-11-2022,2022-11-17,%d-%m-%Y,,,missing,,
CUST102547,Ssekandi Ruth,+256747849161,ssekandi.ruth@srg.co.ug,Mukono,2023-08-11,F,256747849161,+256747849161,valid,Mukono,Mukono,exact,11-08-2023,2023-08-11,%d-%m-%Y,Female,F,mapped,CUST104938,
CUST102549,Agnes Atukunda,+256734313003,agnesatukunda25@outlook.com,Kalangala,2023-02-15,M,+256 73 431 3003,+256734313003,valid,Kalangala,Kalangala,exact,2023-02-15,2023-02-15,%Y-%m-%d,Male,M,mapped,,
CUST102550,Catherine,+256783155739,catherineyahoo.com,Mukono,2022-02-08,M,256783155739,+256783155739,valid,Mukono,Mukono,exact,2022-02-08,2022-02-08,%Y-%m-%d,Male,M,mapped,,
CUST102552,JOHN WASSWA,+256748204060,john.wasswa@gmail.com,Kampala,2022-06-20,M,256748204060,+256748204060,valid,Kampala Region,Kampala,variant_mapped,2022-06-20,2022-06-20,%Y-%m-%d,M,M,mapped,CUST103479;CUST104784,
CUST102553,Munezero,+256712262708,munezero@gmail.com,Mbale,2022-08-18,F,0712262708,+256712262708,valid,Mbale,Mbale,exact,2022-08-18,2022-08-18,%Y-%m-%d,Female,F,mapped,CUST103260,
CUST102554,Guma Ssebugwawo,+256700774469,guma.ssebugwawo@mail.com,Gulu,2024-03-24,M,+256700774469,+256700774469,valid,GULLU,Gulu,variant_mapped,2024-03-24,2024-03-24,%Y-%m-%d,Male,M,mapped,,
CUST102555,Alexander Kafeero,+256740378152,alexanderkafeero63@yahoo.com,Mbarara,2023-04-05,F,+256740378152,+256740378152,valid,Mbarara,Mbarara,exact,2023-04-05,2023-04-05,%Y-%m-%d,Female,F,mapped,,
CUST102556,Guma Namubiru,+256720226012,guma.namubiru@mail.com,Kampala,2024-05-07,F,720226012,+256720226012,valid,Kampala,Kampala,exact,2024-05-07,2024-05-07,%Y-%m-%d,Female,F,mapped,,
CUST102559,Nalubega Mubiru,+256756405183,nalubega.mubiru@mail.com,Mbarara,2022-08-27,M,0756405183,+256756405183,valid,Mbarara Town,Mbarara,variant_mapped,27/08/2022,2022-08-27,%d/%m/%Y,Male,M,mapped,,
CUST102560,Atim Beatrice,+256707954110,atim.beatrice@hotmail.com,Kumi,2023-11-21,F,070-795-4110,+256707954110,valid,Kumi,Kumi,exact,2023-11-21,2023-11-21,%Y-%m-%d,F,F,mapped,,
CUST102561,Atim Nakayiza,+256750043448,,Lira,2021-03-09,F,+256750043448,+256750043448,valid,Lira,Lira,exact,2021-03-09,2021-03-09,%Y-%m-%d,Female,F,mapped,,
CUST102562,Sheila Kyomuhendo,,sheila.kyomuhendo@hotmail.com,,2025-04-13,F,,,missing,,,missing,13-04-2025,2025-04-13,%d-%m-%Y,Female,F,mapped,,
CUST102563,Mugisha Ssimbwa,+256782831099,mugisha.ssimbwa@yahoo.com,Kampala,2024-11-06,M,+256782831099,+256782831099,valid,Kampala-City,Kampala,variant_mapped,2024-11-06,2024-11-06,%Y-%m-%d,Male,M,mapped,,
CUST102564,Jane Ssempebwa,+256722306022,jane.ssempebwa@hotmail.com,Wakiso,2024-04-05,M,+256722306022,+256722306022,valid,Wakiso District,Wakiso,variant_mapped,2024-04-05,2024-04-05,%Y-%m-%d,Male,M,mapped,,
CUST102565,Kato Achieng,+256779023019,katoachieng74@yahoo.com,Fort Portal,2025-05-12,M,+256779023019,+256779023019,valid,Fort Portal,Fort Portal,exact,12/05/2025,2025-05-12,%d/%m/%Y,Male,M,mapped,,
CUST102566,Joseph Ninsiima,+256736348374,joseph.ninsiima@outlook.com,Lira,2025-08-09,M,0736348374,+256736348374,valid,Lira,Lira,exact,09-08-2025,2025-08-09,%d-%m-%Y,Male,M,mapped,,
CUST102569,Ssempebwa Atim,+256787010653,ssempebwa.atim@srg.co.ug,Jinja,2021-09-27,M,787010653,+256787010653,valid,Jinja District,Jinja,variant_mapped,2021-09-27,2021-09-27,%Y-%m-%d,Male,M,mapped,,
CUST102572,Tumusiime Butime,,tumusiime.butime@outlook.com,Jinja,2022-07-17,,,,missing,Jinja City,Jinja,exact,17/07/2022,2022-07-17,%d/%m/%Y,,,missing,CUST104853,
CUST102573,Nakiganda Mugisha,+256713720119,nakiganda.mugisha@hotmail.com,,2021-07-13,F,713720119,+256713720119,valid,,,missing,2021-07-13,2021-07-13,%Y-%m-%d,Female,F,mapped,,
CUST102574,Ssimbwa Nakiganda,+256783808910,ssimbwa.nakiganda@srg.co.ug,Kalangala,2022-05-13,M,783808910,+256783808910,valid,Kalangala,Kalangala,exact,2022-05-13,2022-05-13,%Y-%m-%d,Male,M,mapped,,
CUST102575,Mubiru Joan,+256759180153,,Lira,2024-08-10,F,075-918-0153,+256759180153,valid,Lira District,Lira,variant_mapped,10/08/2024,2024-08-10,%d/%m/%Y,Female,F,mapped,,
CUST102576,Sheila Nakiganda,+256724034328,sheila.nakiganda@mail.com,Wakiso,2022-07-12,F,+256724034328,+256724034328,valid,Wakiso,Wakiso,exact,12-07-2022,2022-07-12,%d-%m-%Y,Female ,F,mapped,CUST103291,
CUST102577,Kamoga Ssimbwa,+256793148034,kamoga.ssimbwa@srg.co.ug,Kampala,2025-01-24,M,+256793148034,+256793148034,valid,Kampala,Kampala,exact,24/01/2025,2025-01-24,%d/%m/%Y,M,M,mapped,CUST103603,
CUST102579,Agnes Wanyama,+256729741407,agnes.wanyama@outlook.com,Wakiso,2021-05-14,M,+256729741407,+256729741407,valid,Wakiso,Wakiso,exact,14/05/2021,2021-05-14,%d/%m/%Y,M,M,mapped,,
CUST102580,Lubega Byaruhanga,+256791745073,lubega.byaruhanga@gmail.com,Mbarara,2025-08-04,M,+256791745073,+256791745073,valid,mbarara,Mbarara,exact,2025-08-04,2025-08-04,%Y-%m-%d,Male,M,mapped,CUST103910;CUST104864,
CUST102582,Ouma Nankya,+256790509081,ouma.nankya@yahoo.com,Soroti,2025-01-21,M,+256 79 050 9081,+256790509081,valid,Soroti,Soroti,exact,2025-01-21,2025-01-21,%Y-%m-%d,Male,M,mapped,,
CUST102583,Ssentongo Atukunda,+256701692885,ssentongo.atukunda@srg.co.ug,Arua,2022-03-26,,+256701692885,+256701692885,valid,Arua City,Arua,exact,2022-03-26,2022-03-26,%Y-%m-%d,,,missing,,
CUST102584,Byaruhanga Nakayiza,+256794867191,byaruhanga.nakayiza@hotmail.com,Kampala,2024-01-01,M,0794867191,+256794867191,valid,Kampala,Kampala,exact,01-01-2024,2024-01-01,%d-%m-%Y,Male,M,mapped,CUST105000,
CUST102587,Nakiganda Atukunda,+256734829117,nakigandaatukunda95@gmail.com,Rakai,,F,256734829117,+256734829117,valid,Rakai,Rakai,exact,,,missing,Female,F,mapped,,
CUST102588,Emmanuel Guma,+256783091121,emmanuel.guma@yahoo.com,Kabale,2021-08-23,F,256783091121,+256783091121,valid,Kabale,Kabale,exact,2021-08-23,2021-08-23,%Y-%m-%d,F,F,mapped,,
CUST102589,Wasswa Kyomuhendo,+256718758358,wasswa.kyomuhendo@srg.co.ug,Luwero,2025-04-22,M,718758358,+256718758358,valid,Luweero,Luwero,variant_mapped,2025-04-22,2025-04-22,%Y-%m-%d,Male,M,mapped,,
CUST102590,David Achieng,+256777898602,david.achieng@mail.com,Mbarara,2021-04-20,M,+256 77 789 8602,+256777898602,valid,Mbarara,Mbarara,exact,20/04/2021,2021-04-20,%d/%m/%Y,Male,M,mapped,,
CUST102591,Mary Munezero,+256733917645,mary.munezero@hotmail.com,Kampala,2023-12-15,M,+256733917645,+256733917645,valid,Kampala,Kampala,exact,2023-12-15,2023-12-15,%Y-%m-%d,M,M,mapped,,
CUST102592,Esther Nsereko,+256755511443,esthernsereko35@gmail.com,Mityana,2021-12-12,M,0755511443,+256755511443,valid,mityana,Mityana,exact,2021-12-12,2021-12-12,%Y-%m-%d,Male,M,mapped,CUST104203,
CUST102594,Francis Kafeero,+256776300057,francis.kafeero@outlook.com,Arua,2025-08-18,F,0776300057,+256776300057,valid,Arua City,Arua,exact,18/08/2025,2025-08-18,%d/%m/%Y,Female,F,mapped,,
CUST102595,Isaac Mukasa,+256777143635,isaacmukasa40yahoo.com,Jinja,2024-01-03,F,+256777143635,+256777143635,valid,Jinja,Jinja,exact,2024-01-03,2024-01-03,%Y-%m-%d,Female,F,mapped,,
CUST102596,RUTH OLWENY,+256752609134,rutholweny96@gmail.com,Jinja,2025-06-29,F,0752609134,+256752609134,valid,Jinja City,Jinja,exact,2025-06-29,2025-06-29,%Y-%m-%d,Female,F,mapped,CUST104671,
CUST102597,Isaac Mukasa,+256735924675,isaac.mukasa@gmail.com,Kampala,2025-04-16,F,+256 73 592 4675,+256735924675,valid,Kampala,Kampala,exact,2025-04-16,2025-04-16,%Y-%m-%d,Female,F,mapped,,
CUST102598,Phoebe Butime,+256736911657,phoebe.butime@mail.com,Jinja,2024-10-28,F,736911657,+256736911657,valid,Jinja,Jinja,exact,2024-10-28,2024-10-28,%Y-%m-%d,F,F,mapped,CUST103290,
CUST102599,Irene Nankya,+256770883900,irene.nankya@gmail.com,Mityana,2021-06-13,,+256 77 088 3900,+256770883900,valid,Mityana,Mityana,exact,13/06/2021,2021-06-13,%d/%m/%Y,,,missing,,
CUST102600,Tendo Harriet,+256772206276,tendoharriet43@srg.co.ug,Arua,2025-06-01,F,256772206276,+256772206276,valid,Arua,Arua,exact,2025-06-01,2025-06-01,%Y-%m-%d,Female,F,mapped,CUST102804,
CUST102602,Ouma Olweny,+256790356995,ouma.olweny@srg.co.ug,Kampala,2022-09-09,M,0790356995,+256790356995,valid,Kampala,Kampala,exact,09/09/2022,2022-09-09,%d/%m/%Y,Male,M,mapped,,
CUST102604,Tumusiime Stephen,+256715166498,tumusiime.stephen@gmail.com,Sembabule,2023-04-26,F,715166498,+256715166498,valid,sembabule,Sembabule,exact,2023-04-26,2023-04-26,%Y-%m-%d,Female,F,mapped,,
CUST102605,Ssimbwa Ssemakula,+256774279112,ssimbwa.ssemakula@yahoo.com,Bundibugyo,2025-04-22,M,0774279112,+256774279112,valid,Bundibugyo,Bundibugyo,exact,2025-04-22,2025-04-22,%Y-%m-%d,Male,M,mapped,,
CUST102609,Juliet Mugisha,+256778479131,juliet.mugisha@mail.com,Kampala,2023-06-05,F,+256778479131,+256778479131,valid,Kampala,Kampala,exact,05/06/2023,2023-06-05,%d/%m/%Y,Female,F,mapped,CUST102975,
CUST102610,Nakayiza Ssentongo,+256746554347,nakayizassentongo76@srg.co.ug,Mukono,2025-08-21,F,+256746554347,+256746554347,valid,Mukono,Mukono,exact,2025-08-21,2025-08-21,%Y-%m-%d,Female ,F,mapped,,
CUST102611,Alexander Namubiru,+256799346840,alexandernamubiru@yahoo.com,Jinja,2025-05-07,F,+256799346840,+256799346840,valid,Jinja,Jinja,exact,2025-05-07,2025-05-07,%Y-%m-%d,Female,F,mapped,CUST103545,
CUST102612,Andrew Ssemakula,+256756685562,andrew.ssemakula@outlook.com,Gulu,2025-01-26,F,256756685562,+256756685562,valid,Gulu,Gulu,exact,2025-01-26,2025-01-26,%Y-%m-%d,Female,F,mapped,,
CUST102613,Okello Ssentongo,+256798777043,okello.ssentongo@yahoo.com,Bundibugyo,2021-02-12,,798777043,+256798777043,valid,bundibugyo,Bundibugyo,exact,2021-02-12,2021-02-12,%Y-%m-%d,,,missing,,
CUST102614,Mugisha Mugisha,+256717144272,mugisha.mugisha@hotmail.com,Soroti,2025-07-05,M,+256717144272,+256717144272,valid,Soroti,Soroti,exact,05/07/2025,2025-07-05,%d/%m/%Y,Male ,M,mapped,,
CUST102615,Guma Kambale,+256710395495,gumakambale95@srg.co.ug,Lyantonde,2024-05-05,,0710395495,+256710395495,valid,Lyantonde,Lyantonde,exact,2024-05-05,2024-05-05,%Y-%m-%d,,,missing,,
CUST102616,Mugisha Nalubega,,mugisha.nalubegayahoo.com,Gulu,2025-01-12,M,,,missing,gulu,Gulu,exact,2025-01-12,2025-01-12,%Y-%m-%d,Male ,M,mapped,,
CUST102617,Samuel Nalubega,+256776217932,samuel.nalubega@hotmail.com,Kitgum,2022-04-23,M,077-621-7932,+256776217932,valid,Kitgum,Kitgum,exact,23/04/2022,2022-04-23,%d/%m/%Y,M,M,mapped,,
CUST102618,Ouma Kyebambe,+256773224093,ouma.kyebambe@srg.co.ug,Mukono,2023-10-29,M,773224093,+256773224093,valid,Mukono,Mukono,exact,29-10-2023,2023-10-29,%d-%m-%Y,Male,M,mapped,CUST103005;CUST103133,
CUST102619,Nakiganda Nalubega,+256793275381,nakiganda.nalubega@gmail.com,Kampala,2023-12-16,F,+256793275381,+256793275381,valid,kampala,Kampala,exact,2023-12-16,2023-12-16,%Y-%m-%d,Female,F,mapped,,
CUST102620,Wasswa Lubega,+256750589004,wasswa.lubega@gmail.com,Fort Portal,2023-07-13,,075-058-9004,+256750589004,valid,Fort Portal,Fort Portal,exact,2023-07-13,2023-07-13,%Y-%m-%d,,,missing,CUST103692,
CUST102621,Michael Kyebambe,,michael.kyebambe@hotmail.com,Lira,2021-01-10,M,,,missing,Lira,Lira,exact,2021-01-10,2021-01-10,%Y-%m-%d,Male ,M,mapped,CUST104046,
CUST102622,David Kibirige,+256754633864,david.kibirige@gmail.com,Jinja,2024-09-14,M,0754633864,+256754633864,valid,Jinja City,Jinja,exact,14-09-2024,2024-09-14,%d-%m-%Y,Male,M,mapped,CUST104511,
CUST102623,Isaac Okello,+256774117109,isaac.okello@mail.com,Kampala,2022-05-04,F,774117109,+256774117109,valid,Kampala,Kampala,exact,2022-05-04,2022-05-04,%Y-%m-%d,Female,F,mapped,,
CUST102626,Sheila Munezero,+256750328315,sheila.munezero@yahoo.com,Mbale City,2022-08-27,F,075-032-8315,+256750328315,valid,Mbale City,Mbale City,exact,27/08/2022,2022-08-27,%d/%m/%Y,Female,F,mapped,,
CUST102627,Jane Munezero,+256725373362,jane.munezero@srg.co.ug,Mbarara,2023-08-15,M,0725373362,+256725373362,valid,Mbarara,Mbarara,exact,15/08/2023,2023-08-15,%d/%m/%Y,Male,M,mapped,,
CUST102628,Nakiganda Ruth,+256799778878,nakiganda.ruth@gmail.com,Wakiso,2025-01-28,F,0799778878,+256799778878,valid,Wakiso,Wakiso,exact,2025-01-28,2025-01-28,%Y-%m-%d,Female,F,mapped,,
CUST102629,Mubiru Alexander,,mubiru.alexander@yahoo.com,Mbale,2021-03-03,F,,,missing,Mbale,Mbale,exact,2021-03-03,2021-03-03,%Y-%m-%d,Female,F,mapped,CUST104336,
CUST102630,Kato Butime,+256798619726,kato.butime@mail.com,Lyantonde,2021-08-13,M,079-861-9726,+256798619726,valid,Lyantonde,Lyantonde,exact,13/08/2021,2021-08-13,%d/%m/%Y,M,M,mapped,CUST104990,
CUST102633,Guma Ouma,+256773201348,,Wakiso,2024-02-01,M,0773201348,+256773201348,valid,Wakiso,Wakiso,exact,2024-02-01,2024-02-01,%Y-%m-%d,Male,M,mapped,,
CUST102634,Namubiru Olweny,+256712589233,namubiru.olweny@yahoo.com,Wakiso,2022-07-01,M,071-258-9233,+256712589233,valid,wakiso,Wakiso,exact,2022-07-01,2022-07-01,%Y-%m-%d,Male,M,mapped,CUST103333;CUST103360,
CUST102635,Samuel Lubega,+256775899288,samuel.lubega@yahoo.com,Soroti,2021-09-05,,+256 77 589 9288,+256775899288,valid,Soroti,Soroti,exact,2021-09-05,2021-09-05,%Y-%m-%d,,,missing,,
CUST102636,Ssentongo Brian,+256729098463,ssentongo.brian@gmail.com,Mbarara,2025-05-13,M,0729098463,+256729098463,valid,Mbarara,Mbarara,exact,2025-05-13,2025-05-13,%Y-%m-%d,Male ,M,mapped,,
CUST102637,Atim Olweny,+256705895956,atim.olweny@hotmail.com,Iganga,2025-03-05,,+256 70 589 5956,+256705895956,valid,Iganga,Iganga,exact,05/03/2025,2025-03-05,%d/%m/%Y,,,missing,CUST102819;CUST104949,
CUST102639,David Kizza,+256727885374,david.kizza@srg.co.ug,Kiruhura,2025-08-07,M,+256727885374,+256727885374,valid,Kiruhura,Kiruhura,exact,07-08-2025,2025-08-07,%d-%m-%Y,Male,M,mapped,CUST104981,
CUST102640,Kato Ssempebwa,+256786689410,kato.ssempebwa@hotmail.com,Fort Portal,2024-09-26,M,+256786689410,+256786689410,valid,Fort Portal,Fort Portal,exact,26/09/2024,2024-09-26,%d/%m/%Y,Male,M,mapped,CUST103328,
CUST102641,Mercy Kamoga,+256744330805,mercy.kamoga@mail.com,Wakiso,2022-06-19,F,744330805,+256744330805,valid,Wakiso,Wakiso,exact,19/06/2022,2022-06-19,%d/%m/%Y,F,F,mapped,CUST102669,
CUST102643,Kibirige Nakiganda,+256722658596,kibirige.nakiganda@srg.co.ug,Mbale,,M,722658596,+256722658596,valid,Mbale,Mbale,exact,,,missing,Male,M,mapped,,
CUST102644,Byaruhanga Nsereko,+256770696369,byaruhanga.nsereko@gmail.com,Mbale,2023-08-23,,077-069-6369,+256770696369,valid,Mbale,Mbale,exact,2023-08-23,2023-08-23,%Y-%m-%d,,,missing,,
CUST102645,Kyomuhendo Atim,+256734708182,kyomuhendo.atim@outlook.com,Kampala,2022-11-03,F,0734708182,+256734708182,valid,Kampala,Kampala,exact,2022-11-03,2022-11-03,%Y-%m-%d,F,F,mapped,,
CUST102647,Nakato Juliet,+256792608778,nakato.juliet@outlook.com,Kampala,2024-02-03,F,+256 79 260 8778,+256792608778,valid,Kampala,Kampala,exact,2024-02-03,2024-02-03,%Y-%m-%d,Female,F,mapped,,
CUST102648,Nakayiza Butime,+256796539734,nakayiza.butime@yahoo.com,Mbale City,2025-08-29,,256796539734,+256796539734,valid,Mbale City,Mbale City,exact,29/08/2025,2025-08-29,%d/%m/%Y,,,missing,CUST103446,
CUST102649,Kibirige Olweny,+256748699786,,Jinja,2023-02-06,,748699786,+256748699786,valid,Jinja,Jinja,exact,2023-02-06,2023-02-06,%Y-%m-%d,,,missing,CUST103775,
CUST102650,Butime Namubiru,+256787141766,butime.namubiru@yahoo.com,Gulu,2025-05-29,,078-714-1766,+256787141766,valid,GULLU,Gulu,variant_mapped,29/05/2025,2025-05-29,%d/%m/%Y,,,missing,,
CUST102653,Andrew Olweny,+256726239955,andrew.olweny@yahoo,Kiruhura,2023-05-29,F,+256726239955,+256726239955,valid,kiruhura,Kiruhura,exact,29-05-2023,2023-05-29,%d-%m-%Y,Female,F,mapped,,
CUST102654,Nakayiza Mubiru,+256752520442,nakayizamubiru@yahoo.com,Mukono,2024-03-19,F,256752520442,+256752520442,valid,Mukono,Mukono,exact,19/03/2024,2024-03-19,%d/%m/%Y,Female,F,mapped,,
CUST102656,Wasswa Nsereko,+256702231837,wasswa.nsereko@hotmail.com,Mukono,2025-09-06,M,256702231837,+256702231837,valid,Mukono,Mukono,exact,2025-09-06,2025-09-06,%Y-%m-%d,Male,M,mapped,,
CUST102657,Robert Mubiru,+256789123091,robert.mubiru@srg.co.ug,Mbale City,2024-06-01,M,+256 78 912 3091,+256789123091,valid,Mbale City,Mbale City,exact,01/06/2024,2024-06-01,%d/%m/%Y,Male,M,mapped,,
CUST102658,Lubega Mugisha,+256744098482,lubegamugisha32@srg.co.ug,Kampala,2025-04-20,M,256744098482,+256744098482,valid,kampala,Kampala,exact,2025-04-20,2025-04-20,%Y-%m-%d,M,M,mapped,,
CUST102659,Wasswa Achieng,+256710914575,wasswa.achieng@mail.com,Arua,2021-03-26,M,0710914575,+256710914575,valid,Arua,Arua,exact,26/03/2021,2021-03-26,%d/%m/%Y,Male,M,mapped,,
CUST102660,Patrick Tumusiime,+256706669005,patrick.tumusiime@srg.co.ug,Mbale,2024-10-05,F,0706669005,+256706669005,valid,Mbale,Mbale,exact,2024-10-05,2024-10-05,%Y-%m-%d,Female,F,mapped,,
CUST102661,Mary Ssekandi,+256754652815,mary.ssekandi@gmail.com,Wakiso,2022-03-07,M,754652815,+256754652815,valid,Wakiso,Wakiso,exact,2022-03-07,2022-03-07,%Y-%m-%d,Male,M,mapped,,
CUST102662,Sheila,+256737150795,sheila@yahoo,Mbarara,2021-08-20,F,0737150795,+256737150795,valid,Mbarara,Mbarara,exact,2021-08-20,2021-08-20,%Y-%m-%d,Female,F,mapped,,
CUST102663,Katusiime Byaruhanga,+256739498101,katusiime.byaruhanga@srg.co.ug,Gulu,2025-06-20,F,073-949-8101,+256739498101,valid,Gulu,Gulu,exact,2025-06-20,2025-06-20,%Y-%m-%d,F,F,mapped,,
CUST102666,Butime Wasswa,+256771446400,butime.wasswa@mail.com,Mukono,,M,+256771446400,+256771446400,valid,Mukono,Mukono,exact,,,missing,M,M,mapped,,
CUST102667,Mubiru Nabbanja,,mubiru.nabbanja@mail.com,Kampala,2023-04-28,M,,,missing,KAMPALA,Kampala,exact,2023-04-28,2023-04-28,%Y-%m-%d,M,M,mapped,,
CUST102670,Munezero Wanyama,+256714517936,munezero.wanyama@srg.co.ug,Gulu,2023-07-02,F,0714517936,+256714517936,valid,Gulu City,Gulu,exact,2023-07-02,2023-07-02,%Y-%m-%d,Female,F,mapped,CUST103106,
CUST102671,Kambale Tendo,+256724347100,kambale.tendo@srg.co.ug,Mbale,2021-12-07,F,+256724347100,+256724347100,valid,Mbale,Mbale,exact,2021-12-07,2021-12-07,%Y-%m-%d,Female,F,mapped,,
CUST102672,Michael Olweny,+256711266794,michael.olweny@mail.com,Mbarara,2025-03-29,,071-126-6794,+256711266794,valid,Mbarara,Mbarara,exact,29-03-2025,2025-03-29,%d-%m-%Y,,,missing,,
CUST102673,Isaac Mugisha,+256754911949,isaacmugisha@gmail.com,Jinja,,F,+256 75 491 1949,+256754911949,valid,Jinja,Jinja,exact,,,missing,Female,F,mapped,,
CUST102674,Ssempebwa Kyebambe,+256709203667,ssempebwa.kyebambe@hotmail.com,Wakiso,2021-02-12,M,256709203667,+256709203667,valid,Wakiso,Wakiso,exact,2021-02-12,2021-02-12,%Y-%m-%d,Male,M,mapped,,
CUST102676,Ssimbwa Nalubega,+256790589947,ssimbwa.nalubega@gmail.com,Kampala,2023-05-16,F,256790589947,+256790589947,valid,Kampala,Kampala,exact,2023-05-16,2023-05-16,%Y-%m-%d,Female,F,mapped,,
CUST102677,Grace Ninsiima,+256756495670,grace.ninsiimahotmail.com,Lira,2023-06-21,M,0756495670,+256756495670,valid,Lira,Lira,exact,2023-06-21,2023-06-21,%Y-%m-%d,Male,M,mapped,,
CUST102678,Kamoga Wasswa,+256797180330,,Gulu,2021-05-10,,079-718-0330,+256797180330,valid,Gulu,Gulu,exact,2021-05-10,2021-05-10,%Y-%m-%d,,,missing,CUST103891,
CUST102679,Ouma Ssentongo,+256754297187,ouma.ssentongo@yahoo,Gulu,2025-09-18,M,075-429-7187,+256754297187,valid,Gulu,Gulu,exact,2025-09-18,2025-09-18,%Y-%m-%d,M,M,mapped,,
CUST102680,Ruth Byaruhanga,+256789134883,ruthbyaruhanga99@yahoo.com,Jinja,2021-07-22,F,256789134883,+256789134883,valid,Jinja,Jinja,exact,2021-07-22,2021-07-22,%Y-%m-%d,Female ,F,mapped,,
CUST102682,Naomi Ssimbwa,,,Mukono,2023-03-12,,,,missing,Mukono,Mukono,exact,12/03/2023,2023-03-12,%d/%m/%Y,,,missing,,REVIEW: possible duplicate
CUST102683,Mugishi Kizza,+256729518908,mugisha.kizza@srg.co.ug,Gulu,2024-06-16,,729518908,+256729518908,valid,Gulu,Gulu,exact,2024-06-16,2024-06-16,%Y-%m-%d,,,missing,CUST104986,
CUST102685,Alexander Nmkato,+256794098146,alexander.nakato@yahoo.com,Soroti,2025-06-18,,0794098146,+256794098146,valid,Soroti,Soroti,exact,18/06/2025,2025-06-18,%d/%m/%Y,,,missing,CUST104431,
CUST102686,Stephen Wanyama,+256799788849,stephenwanyama86@mail.com,Luwero,2024-10-28,F,079-978-8849,+256799788849,valid,luwero,Luwero,exact,2024-10-28,2024-10-28,%Y-%m-%d,Female,F,mapped,,
CUST102687,Tendo Namubiru,+256743217997,tendo.namubiru@yahoo,Wakiso,2022-08-06,F,256743217997,+256743217997,valid,Wakiso,Wakiso,exact,2022-08-06,2022-08-06,%Y-%m-%d,Female,F,mapped,,
CUST102689,David Guma,+256700295800,davidguma69outlook.com,Kampala,2021-09-11,M,700295800,+256700295800,valid,Kampala,Kampala,exact,2021-09-11,2021-09-11,%Y-%m-%d,Male,M,mapped,CUST103535,
CUST102690,Sarah Mukasa,+256712943876,sarah.mukasa@mail.com,Hoima,2022-05-22,M,+256712943876,+256712943876,valid,Homa,Hoima,variant_mapped,2022-05-22,2022-05-22,%Y-%m-%d,Male,M,mapped,CUST104199,
CUST102693,Esther Kafeero,+256776542958,esther.kafeero@gmail.com,Jinja,2023-11-02,M,+256776542958,+256776542958,valid,Jinja,Jinja,exact,2023-11-02,2023-11-02,%Y-%m-%d,Male ,M,mapped,,
CUST102694,Naomi Achieng,+256728035529,naomi.achienggmail.com,Mbarara,2025-08-24,F,0728035529,+256728035529,valid,MBARARA,Mbarara,exact,24/08/2025,2025-08-24,%d/%m/%Y,Female,F,mapped,,
CUST102695,Achieng Kamoga,+256799272773,achieng.kamoga@hotmail.com,Mbarara,2021-05-01,M,0799272773,+256799272773,valid,Mbarara,Mbarara,exact,2021-05-01,2021-05-01,%Y-%m-%d,M,M,mapped,,
CUST102696,Grace Achieng,+256743719377,grace.achieng@srg.co.ug,Jinja,2023-09-14,M,+256 74 371 9377,+256743719377,valid,Jinjja,Jinja,variant_mapped,2023-09-14,2023-09-14,%Y-%m-%d,Male,M,mapped,,
CUST102697,Joseph Munezero,+256714396728,joseph.munezerohotmail.com,Iganga,2022-01-17,M,071-439-6728,+256714396728,valid,iganga,Iganga,exact,17/01/2022,2022-01-17,%d/%m/%Y,M,M,mapped,,
CUST102698,Nabirye Nakayiza,+256770353177,nabirye.nakayiza@hotmail.com,Masaka,2023-03-07,F,0770353177,+256770353177,valid,Masaka,Masaka,exact,2023-03-07,2023-03-07,%Y-%m-%d,Female,F,mapped,,
CUST102700,Michael Atim,+256734540161,michael.atimoutlook.com,Wakiso,2023-03-05,M,734540161,+256734540161,valid,Wakiso,Wakiso,exact,2023-03-05,2023-03-05,%Y-%m-%d,M,M,mapped,,
CUST102701,Kizza Kyebambe,+256713305792,kizza.kyebambe@yahoo.com,Luwero,2022-05-01,M,0713305792,+256713305792,valid,Luwero,Luwero,exact,2022-05-01,2022-05-01,%Y-%m-%d,M,M,mapped,CUST104422,
CUST102702,Nabirye Kizza,+256759149788,nabirye.kizzayahoo.com,Jinja,2023-08-07,F,+256759149788,+256759149788,valid,Jinja City,Jinja,exact,2023-08-07,2023-08-07,%Y-%m-%d,F,F,mapped,,
CUST102705,Naomi Lubega,+256712935720,,Kampala,2022-02-06,,712935720,+256712935720,valid,Kampala,Kampala,exact,06-02-2022,2022-02-06,%d-%m-%Y,,,missing,,
CUST102706,Irene Kibirige,+256770562672,irene.kibirige@yahoo.com,Mukono,2024-01-13,F,+256770562672,+256770562672,valid,Mukono,Mukono,exact,13-01-2024,2024-01-13,%d-%m-%Y,Female,F,mapped,,
CUST102707,Daniel Kambale,+256776705891,danielkambale58@yahoo.com,Sembabule,2025-05-19,M,0776705891,+256776705891,valid,Sembabule,Sembabule,exact,2025-05-19,2025-05-19,%Y-%m-%d,Male,M,mapped,,
CUST102708,Nalubega Ssempebwa,+256716503326,nalubega.ssempebwa@hotmail,Kampala,2023-05-30,F,0716503326,+256716503326,valid,Kampala,Kampala,exact,30-05-2023,2023-05-30,%d-%m-%Y,Female,F,mapped,CUST102751,
CUST102710,Isaac Katusiime,+256784763317,isaackatusiime28@gmail.com,Kampala,2021-04-13,F,+256784763317,+256784763317,valid,Kampala,Kampala,exact,2021-04-13,2021-04-13,%Y-%m-%d,Female,F,mapped,,
CUST102711,Katusiime Kyebambe,+256716608849,katusiimekyebambe35@hotmail.com,Mbarara,2021-08-06,F,+256716608849,+256716608849,valid,Mbarara,Mbarara,exact,06/08/2021,2021-08-06,%d/%m/%Y,F,F,mapped,CUST104609,
CUST102712,Olweny Robert,+256710473380,olweny.robert@outlook.com,Kampala,2025-01-13,M,710473380,+256710473380,valid,Kampala,Kampala,exact,2025-01-13,2025-01-13,%Y-%m-%d,M,M,mapped,,
CUST102713,Emmanuel Guma,+256713505316,emmanuel.guma@gmail.com,Mbarara,2023-07-31,F,0713505316,+256713505316,valid,Mbarara,Mbarara,exact,31/07/2023,2023-07-31,%d/%m/%Y,Female,F,mapped,CUST104793,
CUST102714,Emmanuel Tendo,+256753855949,emmanuel.tendo@outlook.com,Mukono,2024-03-21,F,753855949,+256753855949,valid,Mukono,Mukono,exact,2024-03-21,2024-03-21,%Y-%m-%d,Female,F,mapped,,
CUST102715,Kizza Kambale,+256736964008,kizza.kambale@outlook.com,Lyantonde,2023-11-09,M,+256736964008,+256736964008,valid,Lyantonde,Lyantonde,exact,2023-11-09,2023-11-09,%Y-%m-%d,Male,M,mapped,,
CUST102716,Grace Guma,+256747689586,graceguma50@outlook.com,Kampala,2025-09-05,M,0747689586,+256747689586,valid,Kampala,Kampala,exact,2025-09-05,2025-09-05,%Y-%m-%d,Male,M,mapped,,REVIEW: possible duplicate
CUST102718,Ssimbwa Nakayiza,+256785325831,ssimbwa.nakayiza@srg.co.ug,Fort Portal,2025-05-29,M,+256785325831,+256785325831,valid,Kabarole,Fort Portal,exact,2025-05-29,2025-05-29,%Y-%m-%d,Male,M,mapped,,
CUST102719,Robert Wanyama,+256712152880,robertwanyama64@yahoo.com,Mukono,2022-02-04,M,0712152880,+256712152880,valid,Mukono,Mukono,exact,2022-02-04,2022-02-04,%Y-%m-%d,Male ,M,mapped,,
CUST102721,Achieng Samuel,+256711637711,achieng.samuel@outlook.com,Wakiso,2022-05-08,M,+256711637711,+256711637711,valid,Wakiso,Wakiso,exact,2022-05-08,2022-05-08,%Y-%m-%d,Male,M,mapped,CUST103886,
CUST102722,Tendo Atim,+256789778336,tendoatim92@yahoo.com,Wakiso,2025-10-12,F,+256789778336,+256789778336,valid,Wakiso,Wakiso,exact,12-10-2025,2025-10-12,%d-%m-%Y,F,F,mapped,CUST103297,
CUST102724,Katusiime Francis,+256752627762,katusiime.francis@gmail.com,Kumi,2022-10-30,F,256752627762,+256752627762,valid,Kumi,Kumi,exact,2022-10-30,2022-10-30,%Y-%m-%d,F,F,mapped,,
CUST102725,Mercy Nankya,+256797566327,mercy.nankya@yahoo.com,Kumi,2021-11-30,F,079-756-6327,+256797566327,valid,Kumi,Kumi,exact,30/11/2021,2021-11-30,%d/%m/%Y,F,F,mapped,,
CUST102728,Olweny vsemakula,+256740592042,olwenyssemakula34@outlook.com,Fort Portal,,M,+256740592042,+256740592042,valid,Kabarole,Fort Portal,exact,,,missing,Male,M,mapped,CUST102809,
CUST102730,Namubiru Joan,+256740472260,namubiru.joan@outlook.com,Gulu,2023-02-12,F,256740472260,+256740472260,valid,Gulu City,Gulu,exact,2023-02-12,2023-02-12,%Y-%m-%d,Female,F,mapped,,
CUST102731,Nalubega Nsereko,+256708358476,nalubega.nsereko@srg.co.ug,Soroti,2021-06-14,F,708358476,+256708358476,valid,Soroti,Soroti,exact,2021-06-14,2021-06-14,%Y-%m-%d,Female,F,mapped,,
CUST102733,Atim Kyomuhendo,+256725830673,atim.kyomuhendo@gmail.com,Mbarara,2025-07-29,F,0725830673,+256725830673,valid,Mbarara City,Mbarara,exact,29/07/2025,2025-07-29,%d/%m/%Y,Female,F,mapped,,
CUST102734,Juliet Katusiime,+256707015117,juliet.katusiime@mail,Masaka,2025-09-27,F,256707015117,+256707015117,valid,Masaka,Masaka,exact,2025-09-27,2025-09-27,%Y-%m-%d,Female,F,mapped,CUST104506;CUST104964,
CUST102736,Kibirige Mubiru,+256750349912,,Gulu,2022-04-28,M,0750349912,+256750349912,valid,Gulu,Gulu,exact,2022-04-28,2022-04-28,%Y-%m-%d,Male,M,mapped,,
CUST102737,Kyomuhendo Ssempebwa,+256795531957,kyomuhendo.ssempebwa@outlook.com,Wakiso,2021-05-06,F,+256795531957,+256795531957,valid,Wakisio,Wakiso,variant_mapped,06/05/2021,2021-05-06,%d/%m/%Y,Female,F,mapped,,
CUST102739,Phoebe Ahabwe,+256709830270,phoebeahabwe@hotmail.com,Mukono,2024-07-15,F,+256709830270,+256709830270,valid,Mukono,Mukono,exact,2024-07-15,2024-07-15,%Y-%m-%d,Female,F,mapped,,
CUST102740,Namubiru Achieng,+256704826042,namubiruachieng23@yahoo.com,Mbarara,2025-02-25,F,+256 70 482 6042,+256704826042,valid,Mbarara,Mbarara,exact,25-02-2025,2025-02-25,%d-%m-%Y,Female,F,mapped,,
CUST102742,Daniel Achieng,+256792372123,daniel.achieng@outlook.com,Lira,,M,0792372123,+256792372123,valid,Lira,Lira,exact,,,missing,Male,M,mapped,,
CUST102743,Butime Kyebambe,+256713025631,butime.kyebambe@outlook.com,Kampala,,,+256713025631,+256713025631,valid,Kampala,Kampala,exact,,,missing,,,missing,,
CUST102744,Byaruhanga Wanyama,+256738492696,byaruhanga.wanyama@srg.co.ug,Mbale,2024-04-02,,256738492696,+256738492696,valid,mbale,Mbale,exact,02/04/2024,2024-04-02,%d/%m/%Y,,,missing,,
CUST102745,Mary Wanyama,+256783699320,mary.wanyama@yahoo.com,Wakiso,2021-07-10,M,+256783699320,+256783699320,valid,Wakiso,Wakiso,exact,10/07/2021,2021-07-10,%d/%m/%Y,Male,M,mapped,,
CUST102746,Jane Ouma,+256758464093,janeouma@hotmail.com,Mbarara,2022-06-19,M,+256758464093,+256758464093,valid,Mbarara,Mbarara,exact,2022-06-19,2022-06-19,%Y-%m-%d,M,M,mapped,,
CUST102747,Stephen,+256791361992,stephen@srg.co.ug,Mukono,2022-11-13,F,0791361992,+256791361992,valid,Mukono,Mukono,exact,13/11/2022,2022-11-13,%d/%m/%Y,Female,F,mapped,,
CUST102748,Mugisha Butime,+256749512223,mugishabutime@gmail.com,Kampala,2025-09-10,M,+256749512223,+256749512223,valid,Kampala,Kampala,exact,2025-09-10,2025-09-10,%Y-%m-%d,Male,M,mapped,CUST104425,
CUST102749,Nabirye Ssentongo,+256744452181,nabiryessentongo13@gmail.com,Mbarara,2023-10-05,M,744452181,+256744452181,valid,Mbarara,Mbarara,exact,05/10/2023,2023-10-05,%d/%m/%Y,Male,M,mapped,,
CUST102750,Kato Ssemakula,+256726679356,kato.ssemakulaoutlook.com,Soroti,2023-01-18,M,+256 72 667 9356,+256726679356,valid,soroti,Soroti,exact,2023-01-18,2023-01-18,%Y-%m-%d,Male,M,mapped,,
CUST102754,David Ssekandi,,david.ssekandi@yahoo,Mbarara,2022-03-16,M,,,missing,Mbararra,Mbarara,variant_mapped,2022-03-16,2022-03-16,%Y-%m-%d,Male,M,mapped,,
CUST102755,Ssemakula Lubega,+256790365139,ssemakula.lubega@srg.co.ug,Kampala,2025-02-12,M,0790365139,+256790365139,valid,Kampala,Kampala,exact,2025-02-12,2025-02-12,%Y-%m-%d,Male,M,mapped,,
CUST102756,Robert Tumusiime,+256724130403,robert.tumusiime@gmail.com,Kampala,2024-02-07,,256724130403,+256724130403,valid,Kampala,Kampala,exact,2024-02-07,2024-02-07,%Y-%m-%d,,,missing,,
CUST102757,Irene Munezero,+256772745641,irene.munezero@outlook.com,Nakasongola,2021-05-18,F,+256 77 274 5641,+256772745641,valid,Nakasongola,Nakasongola,exact,2021-05-18,2021-05-18,%Y-%m-%d,F,F,mapped,,
CUST102758,Kamoga Ssekandi,+256754166124,kamogassekandi70@srg.co.ug,Masaka,2025-05-26,,+256754166124,+256754166124,valid,Masaka,Masaka,exact,2025-05-26,2025-05-26,%Y-%m-%d,,,missing,,
CUST102760,Jane Ouma,+256722106768,jane.ouma@srg.co.ug,Fort Portal,2023-02-16,M,+256722106768,+256722106768,valid,Kabarole,Fort Portal,exact,16-02-2023,2023-02-16,%d-%m-%Y,M,M,mapped,,
CUST102761,Kato Ssentongo,+256790471569,kato.ssentongooutlook.com,Masindi,2023-10-16,M,790471569,+256790471569,valid,Masindi,Masindi,exact,2023-10-16,2023-10-16,%Y-%m-%d,Male,M,mapped,,
CUST102762,Okello Mubiru,+256793459038,okello.mubirumail.com,Kiruhura,2024-11-27,,0793459038,+256793459038,valid,Kiruhura,Kiruhura,exact,2024-11-27,2024-11-27,%Y-%m-%d,,,missing,CUST103032,
CUST102765,Nabirye Wasswa,+256798130316,nabirye.wasswa@outlook.com,Kampala,2021-02-22,F,079-813-0316,+256798130316,valid,Kampala,Kampala,exact,22/02/2021,2021-02-22,%d/%m/%Y,Female,F,mapped,,
CUST102766,Nabbanja Jane,+256740380391,nabbanja.jane@yahoo.com,Kiboga,2023-07-02,M,+256 74 038 0391,+256740380391,valid,kiboga,Kiboga,exact,2023-07-02,2023-07-02,%Y-%m-%d,Male ,M,mapped,,
CUST102767,Ruth Ouma,+256723251219,ruth.ouma@outlook.com,Mukono,2024-01-08,,+256 72 325 1219,+256723251219,valid,Mukono,Mukono,exact,2024-01-08,2024-01-08,%Y-%m-%d,,,missing,CUST102901,
CUST102768,Harriet Nabirye,+256731036437,harriet.nabirye@mail.com,Mukono,2022-07-31,F,+256731036437,+256731036437,valid,Mukono,Mukono,exact,31-07-2022,2022-07-31,%d-%m-%Y,Female,F,mapped,CUST103129;CUST103829,
CUST102770,Patrick,,patrick@gmail.com,Arua,2021-04-27,F,,,missing,Arua,Arua,exact,27/04/2021,2021-04-27,%d/%m/%Y,Female,F,mapped,CUST103038;CUST104038,
CUST102771,Namubiru Mugisha,+256782662275,namubiru.mugisha@mail.com,Gulu,2021-07-23,,+256782662275,+256782662275,valid,Gulu,Gulu,exact,23-07-2021,2021-07-23,%d-%m-%Y,,,missing,,
CUST102772,Nabbanja Byaruhanga,+256787992936,nabbanja.byaruhanga@gmail.com,Jinja,2021-02-14,F,+256787992936,+256787992936,valid,Jinja City,Jinja,exact,2021-02-14,2021-02-14,%Y-%m-%d,Female,F,mapped,,
CUST102773,Kizza Katusiime,+256728863624,kizza.katusiime@outlook.com,Hoima,2021-09-21,M,0728863624,+256728863624,valid,Hoima,Hoima,exact,2021-09-21,2021-09-21,%Y-%m-%d,Male,M,mapped,,
CUST102774,Kambale Kambale,,kambalekambale4@yahoo.com,Mukono,2024-09-13,F,,,missing,Mukono,Mukono,exact,2024-09-13,2024-09-13,%Y-%m-%d,Female,F,mapped,,
CUST102775,Ssemakula Nakayiza,+256746105729,ssemakulanakayiza24@srg.co.ug,Wakiso,2024-12-21,,0746105729,+256746105729,valid,Wakisio,Wakiso,variant_mapped,2024-12-21,2024-12-21,%Y-%m-%d,,,missing,,
CUST102776,Joan Nabirye,,joannabirye18@yahoo.com,Mbarara,2022-12-12,F,,,missing,Mbarara,Mbarara,exact,12/12/2022,2022-12-12,%d/%m/%Y,Female,F,mapped,CUST103280,
CUST102777,Nalubega Isaac,+256771185866,nalubegaisaac94@mail.com,Mbarara,2024-04-10,F,+256771185866,+256771185866,valid,Mbarara,Mbarara,exact,10/04/2024,2024-04-10,%d/%m/%Y,F,F,mapped,,
CUST102778,Butime Lubega,+256789052117,butime.lubega@hotmail.com,Kampala,2025-03-04,M,789052117,+256789052117,valid,Kampala,Kampala,exact,2025-03-04,2025-03-04,%Y-%m-%d,Male,M,mapped,CUST104481,
CUST102779,Okello Nakiganda,+256725277097,okello.nakiganda@mail.com,Mukono,2023-03-31,M,256725277097,+256725277097,valid,Mukono,Mukono,exact,2023-03-31,2023-03-31,%Y-%m-%d,Male,M,mapped,,
CUST102780,Kizza,+256707393615,kizza@gmail.com,Mukono,2023-07-01,M,+256 70 739 3615,+256707393615,valid,Mukkono,Mukono,variant_mapped,01/07/2023,2023-07-01,%d/%m/%Y,Male,M,mapped,,REVIEW: possible duplicate
CUST102781,Kibirige Nakayiza,+256773251059,kibirige.nakayiza@yahoo.com,Nakasongola,2023-10-21,,077-325-1059,+256773251059,valid,Nakasongola,Nakasongola,exact,21/10/2023,2023-10-21,%d/%m/%Y,,,missing,,
CUST102783,Sarah Kafeero,+256771374102,sarah.kafeero@mail.com,Hoima,2025-03-14,M,+256771374102,+256771374102,valid,Hoima,Hoima,exact,2025-03-14,2025-03-14,%Y-%m-%d,Male,M,mapped,,
CUST102784,Joseph Achieng,+256794176644,joseph.achieng@yahoo.com,Kampala,2023-07-05,,+256794176644,+256794176644,valid,Kampala,Kampala,exact,2023-07-05,2023-07-05,%Y-%m-%d,,,missing,,
CUST102785,Emmanuel Ouma,+256785417160,emmanuel.ouma@yahoo.com,Masaka,2024-11-12,F,256785417160,+256785417160,valid,Masacka,Masaka,variant_mapped,2024-11-12,2024-11-12,%Y-%m-%d,Female,F,mapped,,
CUST102786,STEPHEN MUKASA,+256705374540,stephenmukasa34@yahoo.com,Kampala,2021-03-15,F,+256705374540,+256705374540,valid,Kampala,Kampala,exact,2021-03-15,2021-03-15,%Y-%m-%d,Female,F,mapped,CUST103091,
CUST102787,Butime Jane,+256701811555,butime.janeyahoo.com,Masaka,2024-09-18,M,+256701811555,+256701811555,valid,Masaka,Masaka,exact,18/09/2024,2024-09-18,%d/%m/%Y,Male ,M,mapped,,
CUST102788,Collins Wasswa,+256743806671,collins.wasswa@hotmail.com,Mbale,2024-06-28,,+256743806671,+256743806671,valid,Mbale,Mbale,exact,2024-06-28,2024-06-28,%Y-%m-%d,,,missing,,
CUST102789,Mercy Mubiru,+256701734139,mercy.mubiru@outlook.com,Mbarara,,F,256701734139,+256701734139,valid,Mbarara,Mbarara,exact,,,missing,F,F,mapped,,
CUST102790,Ssemakula Atim,+256746824440,ssemakula.atim@gmail.com,Soroti,2021-09-08,,+256746824440,+256746824440,valid,Soroti,Soroti,exact,2021-09-08,2021-09-08,%Y-%m-%d,,,missing,,
CUST102792,Katusiime Katusiime,+256780459201,katusiime.katusiime@srg,Gulu,2024-09-26,F,+256 78 045 9201,+256780459201,valid,Gulu,Gulu,exact,26/09/2024,2024-09-26,%d/%m/%Y,Female,F,mapped,,
CUST102793,Michael Kizza,+256756657808,michael.kizza@mail.com,Kampala,2021-01-15,M,756657808,+256756657808,valid,Kampala,Kampala,exact,2021-01-15,2021-01-15,%Y-%m-%d,Male,M,mapped,,
CUST102794,Isaac,+256717408259,isaac@gmail.com,Kampala,2021-04-02,F,+256717408259,+256717408259,valid,Kampala,Kampala,exact,02/04/2021,2021-04-02,%d/%m/%Y,Female,F,mapped,,
CUST102795,Brian Kamoga,+256755250623,brian.kamoga@yahoo.com,Wakiso,2023-06-09,M,256755250623,+256755250623,valid,Wakiso,Wakiso,exact,2023-06-09,2023-06-09,%Y-%m-%d,Male,M,mapped,,
CUST102796,Dorothy Atukunda,+256752423276,dorothy.atukunda@srg.co.ug,Hoima,2023-11-21,M,256752423276,+256752423276,valid,Hoima,Hoima,exact,2023-11-21,2023-11-21,%Y-%m-%d,Male,M,mapped,,
CUST102797,Grace Ahabwe,+256794387656,grace.ahabwe@hotmail.com,Mukono,2021-10-09,M,+256794387656,+256794387656,valid,Mukkono,Mukono,variant_mapped,09/10/2021,2021-10-09,%d/%m/%Y,Male,M,mapped,,
CUST102798,David Okello,+256713677326,david.okello@srg.co.ug,Kabale,2024-09-02,M,071-367-7326,+256713677326,valid,Kabale,Kabale,exact,02/09/2024,2024-09-02,%d/%m/%Y,Male,M,mapped,,
CUST102799,Ruth Guma,,ruthguma13@hotmail.com,,2025-05-11,F,,,missing,  ,,missing,11-05-2025,2025-05-11,%d-%m-%Y,Female,F,mapped,,
CUST102800,Daniel Wanyama,+256772033989,daniel.wanyama@mail.com,Mbarara,2021-10-06,M,+256 77 203 3989,+256772033989,valid,Mbarara City,Mbarara,exact,2021-10-06,2021-10-06,%Y-%m-%d,Male,M,mapped,,
CUST102802,Katusiime Kyebambe,+256724515320,katusiimekyebambe@yahoo.com,Sembabule,2023-09-07,F,+256724515320,+256724515320,valid,Sembabule,Sembabule,exact,2023-09-07,2023-09-07,%Y-%m-%d,F,F,mapped,,
CUST102803,Robert Munezero,+256712098453,robert.munezero@yahoo.com,Gulu,,,0712098453,+256712098453,valid,Gulu,Gulu,exact,,,missing,,,missing,,
CUST102805,Lubega Ssekandi,+256733675808,lubegassekandi42@yahoo.com,Wakiso,2025-01-23,,+256733675808,+256733675808,valid,Wakiso,Wakiso,exact,2025-01-23,2025-01-23,%Y-%m-%d,,,missing,,
CUST102806,Francis Kamoga,+256770268469,,Sembabule,2024-04-14,F,+256 77 026 8469,+256770268469,valid,Sembabule,Sembabule,exact,2024-04-14,2024-04-14,%Y-%m-%d,F,F,mapped,,
CUST102807,Kyebambe Joan,+256779509007,kyebambe.joan@yahoo.com,Wakiso,2022-08-04,F,+256779509007,+256779509007,valid,Wakiso,Wakiso,exact,2022-08-04,2022-08-04,%Y-%m-%d,Female,F,mapped,,
CUST102810,Joseph Kambale,+256707907717,,Wakiso,2022-10-16,M,0707907717,+256707907717,valid,Wakiso,Wakiso,exact,2022-10-16,2022-10-16,%Y-%m-%d,Male,M,mapped,,
CUST102812,Kizza Tendo,+256726357391,kizza.tendo@hotmail.com,Soroti,2022-12-08,M,+256 72 635 7391,+256726357391,valid,Soroti,Soroti,exact,08-12-2022,2022-12-08,%d-%m-%Y,M,M,mapped,,
CUST102814,Rebecca Ssebugwawo,,rebecca.ssebugwawo@outlook.com,Nakasongola,2025-01-05,M,,,missing,Nakasongola,Nakasongola,exact,2025-01-05,2025-01-05,%Y-%m-%d,M,M,mapped,,
CUST102815,Harriet Nalubega,+256711655838,harriet.nalubega@mail.com,Lira,2024-03-24,F,711655838,+256711655838,valid,Lira,Lira,exact,24-03-2024,2024-03-24,%d-%m-%Y,Female,F,mapped,,
CUST102818,Okello Timothy,+256727331281,okello.timothy@gmail.com,Kampala,2022-07-18,F,256727331281,+256727331281,valid,kampala,Kampala,exact,2022-07-18,2022-07-18,%Y-%m-%d,F,F,mapped,CUST103552,REVIEW: possible duplicate
CUST102820,Olweny Nsereko,+256771334887,olweny.nsereko@yahoo.com,Tororo,2021-06-16,M,0771334887,+256771334887,valid,Tororo,Tororo,exact,16-06-2021,2021-06-16,%d-%m-%Y,Male,M,mapped,,
CUST102821,Ssemakula Ssentongo,+256777552756,ssemakula.ssentongo@outlook.com,Jinja,2024-03-19,M,256777552756,+256777552756,valid,Jinja,Jinja,exact,2024-03-19,2024-03-19,%Y-%m-%d,Male ,M,mapped,,REVIEW: possible duplicate
CUST102822,Isaac Kyomuhendo,+256745291863,isaac.kyomuhendo@gmail.com,Kampala,2022-03-16,F,745291863,+256745291863,valid,Kampala,Kampala,exact,2022-03-16,2022-03-16,%Y-%m-%d,Female,F,mapped,,
CUST102823,Michael Byaruhanga,+256790421852,michael.byaruhanga@yahoo.com,Mbarara,2021-10-29,M,079-042-1852,+256790421852,valid,Mbarara,Mbarara,exact,29-10-2021,2021-10-29,%d-%m-%Y,Male,M,mapped,,
CUST102824,Joseph,+256747690920,,Mukono,2022-02-09,M,074-769-0920,+256747690920,valid,Mukono,Mukono,exact,2022-02-09,2022-02-09,%Y-%m-%d,Male,M,mapped,,
CUST102826,Godfrey Kibirige,+256731821554,godfrey.kibirige@hotmail.com,Mbarara,2025-08-24,F,0731821554,+256731821554,valid,Mbarara City,Mbarara,exact,24/08/2025,2025-08-24,%d/%m/%Y,Female ,F,mapped,,
CUST102827,John Wanyama,+256734019398,johnwanyama@mail.com,Kampala,2021-10-13,M,256734019398,+256734019398,valid,Kampala,Kampala,exact,13-10-2021,2021-10-13,%d-%m-%Y,Male,M,mapped,,
CUST102828,Agnes Atim,+256750873307,agnes.atim@outlook.com,Bundibugyo,2022-06-27,M,+256750873307,+256750873307,valid,Bundibugyo,Bundibugyo,exact,2022-06-27,2022-06-27,%Y-%m-%d,Male,M,mapped,,
CUST102830,Irene Nabbanja,+256790506455,irene.nabbanja@gmail.com,Soroti,2023-01-20,F,0790506455,+256790506455,valid,Soroti,Soroti,exact,2023-01-20,2023-01-20,%Y-%m-%d,F,F,mapped,CUST103990,
CUST102831,John,+256749041225,john@srg.co.ug,Nebbi,2024-12-23,,256749041225,+256749041225,valid,Nebbi,Nebbi,exact,2024-12-23,2024-12-23,%Y-%m-%d,,,missing,,
CUST102832,Andrew Ssentongo,+256775279906,andrew.ssentongo@srg.co.ug,Wakiso,2022-09-21,F,0775279906,+256775279906,valid,Wakiso,Wakiso,exact,2022-09-21,2022-09-21,%Y-%m-%d,Female,F,mapped,,
CUST102833,Michael,,michael12@srg.co.ug,Kampala,2023-06-22,M,,,missing,Kampala,Kampala,exact,2023-06-22,2023-06-22,%Y-%m-%d,Male,M,mapped,CUST103150,
CUST102834,Ssekandi Nsereko,+256797042993,ssekandi.nsereko@outlook.com,Jinja,2022-04-27,,+256797042993,+256797042993,valid,Jinja,Jinja,exact,2022-04-27,2022-04-27,%Y-%m-%d,,,missing,,
CUST102835,Ouma Nankya,+256719256062,ouma.nankya@mail.com,Nebbi,2021-01-06,M,0719256062,+256719256062,valid,nebbi,Nebbi,exact,06/01/2021,2021-01-06,%d/%m/%Y,Male,M,mapped,,
CUST102836,Nakayiza Tendo,+256797235037,nakayizatendo@srg.co.ug,Gulu,2022-12-02,,256797235037,+256797235037,valid,Gulu City,Gulu,exact,02/12/2022,2022-12-02,%d/%m/%Y,,,missing,,
CUST102838,Mugisha Ssempebwa,+256745643874,mugishassempebwa@outlook.com,Mukono,2023-06-16,M,0745643874,+256745643874,valid,Mukko,Mukono,variant_mapped,2023-06-16,2023-06-16,%Y-%m-%d,Male,M,mapped,,
CUST102842,Joan,+256727528755,joan@hotmail.com,Mbarara,2021-09-01,F,0727528755,+256727528755,valid,Mbarara,Mbarara,exact,2021-09-01,2021-09-01,%Y-%m-%d,Female,F,mapped,,
CUST102844,Beatrice Ouma,+256709246756,beatrice.ouma@hotmail.com,Kampala,2024-06-14,F,070-924-6756,+256709246756,valid,Kampala,Kampala,exact,14/06/2024,2024-06-14,%d/%m/%Y,F,F,mapped,,
CUST102845,Godfrey Tumusiime,+256759533060,godfrey.tumusiime@hotmail.com,Iganga,2021-01-22,F,075-953-3060,+256759533060,valid,Iganga,Iganga,exact,22-01-2021,2021-01-22,%d-%m-%Y,Female,F,mapped,,
CUST102846,Atim Nankya,+256702488458,,Jinja,2022-07-28,F,702488458,+256702488458,valid,Jinja,Jinja,exact,28-07-2022,2022-07-28,%d-%m-%Y,F,F,mapped,,
CUST102847,Patrick Ahabwe,+256705035715,patrick.ahabwe@outlook.com,Jinja,,F,256705035715,+256705035715,valid,Jinja,Jinja,exact,,,missing,F,F,mapped,,
CUST102848,Nabirye Wanyama,+256707216043,nabirye.wanyama@hotmail.com,Rakai,2021-09-02,F,+256707216043,+256707216043,valid,rakai,Rakai,exact,2021-09-02,2021-09-02,%Y-%m-%d,Female,F,mapped,,
CUST102849,Godfrey Katusiime,+256746168418,godfrey.katusiime@srg.co.ug,Mbarara,2023-03-12,F,746168418,+256746168418,valid,Mbarara,Mbarara,exact,2023-03-12,2023-03-12,%Y-%m-%d,F,F,mapped,,
CUST102851,Mugisha Wasswa,+256798449184,mugisha.wasswa@gmail.com,Arua,2021-08-14,M,0798449184,+256798449184,valid,Arua,Arua,exact,14/08/2021,2021-08-14,%d/%m/%Y,M,M,mapped,,
CUST102853,Nankya Kafeero,+256733395923,nankyakafeero@hotmail.com,Arua,2023-02-19,F,+256733395923,+256733395923,valid,arua,Arua,exact,2023-02-19,2023-02-19,%Y-%m-%d,Female,F,mapped,CUST103140;CUST104218,
CUST102854,Okello Mugisha,+256784231366,okello.mugisha@yahoo.com,Kasese,2025-07-21,M,784231366,+256784231366,valid,Kasese,Kasese,exact,2025-07-21,2025-07-21,%Y-%m-%d,M,M,mapped,,
CUST102855,Ssemakula Kizza,+256710464632,ssemakulakizza36@mail.com,Wakiso,,M,256710464632,+256710464632,valid,Wakiso,Wakiso,exact,,,missing,M,M,mapped,,
CUST102857,Kamoga Olweny,+256781880282,kamogaolweny@srg.co.ug,Wakiso,2022-10-05,M,+256 78 188 0282,+256781880282,valid,Wakiso,Wakiso,exact,05-10-2022,2022-10-05,%d-%m-%Y,Male,M,mapped,,
CUST102859,Samuel Nsereko,+256791206423,samuel.nsereko@yahoo.com,Kampala,,M,+256791206423,+256791206423,valid,Kampala,Kampala,exact,,,missing,Male,M,mapped,,
CUST102861,Ssebugwawo Sheila,+256715476355,ssebugwawo.sheilamail.com,Lira,2024-08-21,F,+256715476355,+256715476355,valid,Lira District,Lira,variant_mapped,2024-08-21,2024-08-21,%Y-%m-%d,Female,F,mapped,,
CUST102862,Irene,+256797204803,irene@srg.co.ug,Gulu,2024-09-19,F,079-720-4803,+256797204803,valid,Gulu,Gulu,exact,19/09/2024,2024-09-19,%d/%m/%Y,Female ,F,mapped,,
CUST102863,Michael Achieng,+256790669086,michael.achieng@mail.com,Wakiso,2023-03-02,M,079-066-9086,+256790669086,valid,Wakiso,Wakiso,exact,2023-03-02,2023-03-02,%Y-%m-%d,Male,M,mapped,,
CUST102864,Namutebi Tumusiime,+256719358156,namutebi.tumusiime@outlook.com,Kiboga,2024-05-31,F,256719358156,+256719358156,valid,Kiboga,Kiboga,exact,2024-05-31,2024-05-31,%Y-%m-%d,F,F,mapped,,
CUST102865,Nabbanja Ssentongo,+256782254356,nabbanja.ssentongo@mail.com,Kalangala,2025-05-02,F,782254356,+256782254356,valid,Kalangala,Kalangala,exact,02/05/2025,2025-05-02,%d/%m/%Y,Female,F,mapped,,
CUST102866,Katusiime Ssentongo,+256747081218,katusiime.ssentongo@srg.co.ug,Mukono,2021-01-10,F,+256747081218,+256747081218,valid,Mukono,Mukono,exact,2021-01-10,2021-01-10,%Y-%m-%d,Female,F,mapped,,
CUST102868,Kamoga Collins,+256728523142,kamoga.collins@gmail.com,Mbale,2023-12-19,F,+256728523142,+256728523142,valid,Mbale,Mbale,exact,2023-12-19,2023-12-19,%Y-%m-%d,Female,F,mapped,,
CUST102870,Esther Kizza,+256794881951,estherkizza51hotmail.com,Jinja,2022-01-14,M,256794881951,+256794881951,valid,jinji,Jinja,variant_mapped,2022-01-14,2022-01-14,%Y-%m-%d,Male,M,mapped,,
CUST102873,Nsereko Wasswa,+256717301081,nserekowasswa6@yahoo.com,Gulu,2023-11-07,M,0717301081,+256717301081,valid,Gulu,Gulu,exact,2023-11-07,2023-11-07,%Y-%m-%d,M,M,mapped,,
CUST102875,Ronald,+256712636713,ronald82@outlook.com,Mbarara,2024-12-15,M,0712636713,+256712636713,valid,Mbarara,Mbarara,exact,2024-12-15,2024-12-15,%Y-%m-%d,Male,M,mapped,,
CUST102876,Kyebambe Ssentongo,,kyebambe.ssentongo@mail.com,Mbale,2021-11-08,M,,,missing,Mbale,Mbale,exact,2021-11-08,2021-11-08,%Y-%m-%d,M,M,mapped,,
CUST102877,Irene Tendo,+256705935806,irene.tendo@gmail.com,Mbarara,2022-08-23,F,070-593-5806,+256705935806,valid,Mbarara,Mbarara,exact,23-08-2022,2022-08-23,%d-%m-%Y,Female,F,mapped,,
CUST102878,Andrew Nabirye,+256775683721,andrew.nabiryeyahoo.com,Mukono,2025-02-23,F,775683721,+256775683721,valid,Mukono,Mukono,exact,2025-02-23,2025-02-23,%Y-%m-%d,Female,F,mapped,,
CUST102880,Kambale Mugisha,,kambale.mugisha@hotmail.com,Rakai,2023-02-05,,,,missing,Rakai,Rakai,exact,2023-02-05,2023-02-05,%Y-%m-%d,,,missing,,
CUST102881,Mubiru Ssentongo,+256705244773,mubiru.ssentongo@gmail.com,Gulu,2021-08-17,,+256 70 524 4773,+256705244773,valid,gulu,Gulu,exact,2021-08-17,2021-08-17,%Y-%m-%d,,,missing,CUST102990,
CUST102882,Agnes Kyebambe,+256799993737,agnes.kyebambe@hotmail.com,Wakiso,2023-09-03,M,0799993737,+256799993737,valid,Wakiso,Wakiso,exact,2023-09-03,2023-09-03,%Y-%m-%d,M,M,mapped,CUST104166,
CUST102883,Tumusiime Nankya,+256704568015,tumusiimenankya@gmail.com,Soroti,2021-07-29,F,0704568015,+256704568015,valid,Soroti,Soroti,exact,29/07/2021,2021-07-29,%d/%m/%Y,Female,F,mapped,,
CUST102884,Ssemakula Byaruhanga,+256732895131,ssemakulabyaruhanga30@outlook.com,Gulu,2022-11-01,M,256732895131,+256732895131,valid,gulu,Gulu,exact,2022-11-01,2022-11-01,%Y-%m-%d,M,M,mapped,,
CUST102885,Isaac Olweny,+256718270598,isaacolweny88@srg.co.ug,Mbarara,2023-04-28,F,+256718270598,+256718270598,valid,Mbarara,Mbarara,exact,28-04-2023,2023-04-28,%d-%m-%Y,F,F,mapped,,
CUST102887,Ssekandi,+256719885294,ssekandi@yahoo.com,Jinja,,M,0719885294,+256719885294,valid,Jinja,Jinja,exact,,,missing,Male,M,mapped,,
CUST102888,Ahabwe Mugisha,+256709468036,ahabwe.mugisha@hotmail.com,Kalangala,2025-10-04,M,+256 70 946 8036,+256709468036,valid,Kalangala,Kalangala,exact,04-10-2025,2025-10-04,%d-%m-%Y,Male,M,mapped,,
CUST102890,Ninsiima Munezero,+256702926505,ninsiimamunezero18@outlook.com,Wakiso,2024-12-08,F,0702926505,+256702926505,valid,Wakiso,Wakiso,exact,08/12/2024,2024-12-08,%d/%m/%Y,Female,F,mapped,,
CUST102891,Rebecca Butime,+256787330501,rebecca.butime@outlook.com,Wakiso,,,+256787330501,+256787330501,valid,Wakiso,Wakiso,exact,,,missing,,,missing,,
CUST102892,Stephen Kyebambe,+256774173083,stephen.kyebambe@yahoo.com,Mbale City,2023-08-10,F,0774173083,+256774173083,valid,Mbale City,Mbale City,exact,10/08/2023,2023-08-10,%d/%m/%Y,Female,F,mapped,,
CUST102893,Kizza Nakayiza,+256755150090,kizza.nakayiza@outlook.com,Wakiso,2022-09-12,M,+256755150090,+256755150090,valid,Wakisio,Wakiso,variant_mapped,2022-09-12,2022-09-12,%Y-%m-%d,Male ,M,mapped,,
CUST102894,Tendo Ouma,+256771932648,tendo.ouma@gmail.com,Mbale,2024-10-21,M,+256771932648,+256771932648,valid,Mbale,Mbale,exact,21/10/2024,2024-10-21,%d/%m/%Y,Male ,M,mapped,,
CUST102895,Agnes Tumusiime,+256736052065,agnes.tumusiime@gmail.com,Kampala,2023-08-01,,0736052065,+256736052065,valid,Kampala,Kampala,exact,01-08-2023,2023-08-01,%d-%m-%Y,,,missing,,
CUST102896,Butime,+256756706546,butime@gmail.com,Kiboga,2022-06-27,M,0756706546,+256756706546,valid,Kiboga,Kiboga,exact,27/06/2022,2022-06-27,%d/%m/%Y,Male,M,mapped,,
CUST102897,Ssemakula Ssempebwa,+256753944487,,Kampala,2021-10-16,M,256753944487,+256753944487,valid,Kampala,Kampala,exact,16-10-2021,2021-10-16,%d-%m-%Y,M,M,mapped,,
CUST102898,Nabbanja Ssentongo,+256793951315,nabbanja.ssentongo@gmail.com,Jinja,2023-03-05,F,0793951315,+256793951315,valid,Jinja,Jinja,exact,2023-03-05,2023-03-05,%Y-%m-%d,Female,F,mapped,,
CUST102900,Alexander Nakiganda,+256753122275,alexander.nakiganda@mail.com,Kitgum,2024-11-19,F,+256753122275,+256753122275,valid,Kitgum,Kitgum,exact,19/11/2024,2024-11-19,%d/%m/%Y,Female,F,mapped,,
CUST102902,Irene Kyebambe,+256798097663,irene.kyebambe@mail.com,Rakai,2023-10-12,F,+256 79 809 7663,+256798097663,valid,Rakai,Rakai,exact,12/10/2023,2023-10-12,%d/%m/%Y,Female,F,mapped,,
CUST102903,Olweny Lubega,+256706830043,olweny.lubega@hotmail.com,Wakiso,2021-08-22,M,0706830043,+256706830043,valid,Wakiso,Wakiso,exact,22/08/2021,2021-08-22,%d/%m/%Y,M,M,mapped,,
CUST102905,Juliet Katusiime,+256779528865,juliet.katusiime@gmail.com,Kiruhura,2023-10-03,F,0779528865,+256779528865,valid,kiruhura,Kiruhura,exact,2023-10-03,2023-10-03,%Y-%m-%d,Female,F,mapped,,
CUST102906,AtimnFlorence,+256708174944,atimflorence10@yahoo.com,Mbarara,2025-07-25,,+256708174944,+256708174944,valid,Mbaraa,Mbarara,variant_mapped,25-07-2025,2025-07-25,%d-%m-%Y,,,missing,CUST104061;CUST104161,
CUST102907,Nalubega Timothy,,,Mbarara,2023-09-27,F,,,missing,Mbarara,Mbarara,exact,27-09-2023,2023-09-27,%d-%m-%Y,Female,F,mapped,,
CUST102908,Nankya Ssebugwawo,+256733733776,nankya.ssebugwawo@outlook.com,Nebbi,2023-10-18,F,256733733776,+256733733776,valid,Nebbi,Nebbi,exact,18-10-2023,2023-10-18,%d-%m-%Y,Female,F,mapped,,
CUST102909,David Nakato,+256719607149,david.nakato@hotmail.com,Kampala,2022-06-24,M,256719607149,+256719607149,valid,Kampala,Kampala,exact,24/06/2022,2022-06-24,%d/%m/%Y,Male,M,mapped,,
CUST102910,Ssemakula Kamoga,+256702922258,ssemakula.kamoga@yahoo.com,Kampala,2022-05-31,M,0702922258,+256702922258,valid,Kampala,Kampala,exact,2022-05-31,2022-05-31,%Y-%m-%d,Male,M,mapped,,
CUST102911,Ssimbwa Olweny,+256724740070,ssimbwa.olweny@outlook.com,Mukono,2023-08-10,M,0724740070,+256724740070,valid,Mukko,Mukono,variant_mapped,10/08/2023,2023-08-10,%d/%m/%Y,Male ,M,mapped,,
CUST102912,Namutebi Namubiru,+256719280152,namutebi.namubiru@hotmail.com,Kiboga,2023-02-21,F,719280152,+256719280152,valid,Kiboga,Kiboga,exact,21/02/2023,2023-02-21,%d/%m/%Y,Female,F,mapped,,
CUST102913,Stephen Atukunda,+256710982758,stephen.atukunda@hotmail.com,Kampala,2025-04-29,F,+256710982758,+256710982758,valid,Kampala,Kampala,exact,2025-04-29,2025-04-29,%Y-%m-%d,Female,F,mapped,,
CUST102914,Butime Tumusiime,+256798368547,butimetumusiime49@gmail.com,Kampala,2025-08-27,M,+256 79 836 8547,+256798368547,valid,Kampala (Central),Kampala,variant_mapped,27/08/2025,2025-08-27,%d/%m/%Y,Male ,M,mapped,,
CUST102918,Atim Tendo,+256788475385,atim.tendo@gmail.com,Kampala,2021-01-27,F,+256788475385,+256788475385,valid,kampala,Kampala,exact,27/01/2021,2021-01-27,%d/%m/%Y,Female,F,mapped,,
CUST102919,Patrick Kizza,+256723283830,patrick.kizza@gmail.com,Kiruhura,2023-06-16,F,+256723283830,+256723283830,valid,Kiruhura,Kiruhura,exact,16/06/2023,2023-06-16,%d/%m/%Y,Female,F,mapped,,
CUST102920,Catherine Kambale,+256740959910,catherine.kambale@srg.co.ug,Mukono,2021-05-07,M,+256740959910,+256740959910,valid,Mukono,Mukono,exact,07/05/2021,2021-05-07,%d/%m/%Y,Male,M,mapped,CUST104630,
CUST102922,Guma Lubega,+256714892549,gumalubega98@outlook.com,Mbale,,M,+256714892549,+256714892549,valid,Mbale,Mbale,exact,,,missing,Male,M,mapped,,
CUST102923,Grace Namubiru,+256719517057,grace.namubiru@yahoo.com,Arua,2025-02-22,M,0719517057,+256719517057,valid,Arua,Arua,exact,22/02/2025,2025-02-22,%d/%m/%Y,Male,M,mapped,CUST103305,
CUST102924,Brian Ssimbwa,+256748763085,brian.ssimbwa@hotmail.com,Jinja,2023-11-27,M,0748763085,+256748763085,valid,Jinja,Jinja,exact,27/11/2023,2023-11-27,%d/%m/%Y,Male,M,mapped,,
CUST102926,Joseph Mukasa,+256771196098,,Kampala,2025-07-07,,256771196098,+256771196098,valid,Kampala,Kampala,exact,07-07-2025,2025-07-07,%d-%m-%Y,,,missing,CUST103592,
CUST102927,Nsereko Tumusiime,+256773035427,nsereko.tumusiime@mail.com,Fort Portal,2021-01-07,M,0773035427,+256773035427,valid,Fort Portal,Fort Portal,exact,2021-01-07,2021-01-07,%Y-%m-%d,Male,M,mapped,,
CUST102928,Byaruhanga Nakiganda,+256770228462,byaruhanganakiganda@yahoo.com,Kampala,2023-03-22,M,0770228462,+256770228462,valid,Kampala,Kampala,exact,2023-03-22,2023-03-22,%Y-%m-%d,M,M,mapped,,
CUST102932,Munezero Ssentongo,+256711570632,munezero.ssentongo@gmail.com,Jinja,2021-08-05,M,0711570632,+256711570632,valid,Jinja City,Jinja,exact,2021-08-05,2021-08-05,%Y-%m-%d,M,M,mapped,,
CUST102933,Ssempebwa Mkkasa,+256757306568,ssempebwa.mukasa@mail.com,Kampala,,M,256757306568,+256757306568,valid,Kampala,Kampala,exact,,,missing,Male,M,mapped,CUST103904;CUST104261,
CUST102934,Mubiru Wanyama,+256736791135,mubiru.wanyama@gmail.com,Jinja,2022-11-19,M,256736791135,+256736791135,valid,Jinja,Jinja,exact,2022-11-19,2022-11-19,%Y-%m-%d,Male ,M,mapped,CUST104885,
CUST102937,Nakayiza Okello,+256702499629,nakayiza.okellooutlook.com,Wakiso,2024-04-26,F,070-249-9629,+256702499629,valid,Wakiso,Wakiso,exact,2024-04-26,2024-04-26,%Y-%m-%d,Female,F,mapped,,
CUST102938,Joseph Mukasa,+256724750979,joseph.mukasa@outlook.com,Wakiso,2023-04-29,M,256724750979,+256724750979,valid,Wakiso,Wakiso,exact,29/04/2023,2023-04-29,%d/%m/%Y,Male,M,mapped,,
CUST102939,Lubega Lubega,+256722397639,lubega.lubega@srg.co.ug,Mukono,2024-09-24,M,+256 72 239 7639,+256722397639,valid,Mukono,Mukono,exact,2024-09-24,2024-09-24,%Y-%m-%d,M,M,mapped,CUST104657,
CUST102940,Kato Ssemakula,+256776960507,kato.ssemakula@hotmail.com,Isingiro,2023-06-25,M,+256 77 696 0507,+256776960507,valid,isingiro,Isingiro,exact,2023-06-25,2023-06-25,%Y-%m-%d,Male ,M,mapped,,
CUST102941,Timothy Wanyama,+256733963497,timothywanyama20mail.com,Jinja,2022-05-16,,256733963497,+256733963497,valid,Jinja,Jinja,exact,16-05-2022,2022-05-16,%d-%m-%Y,,,missing,,
CUST102942,Tumusiime Katusiime,+256777454578,tumusiime.katusiime@mail.com,Wakiso,2023-02-21,F,0777454578,+256777454578,valid,Wakiso,Wakiso,exact,21/02/2023,2023-02-21,%d/%m/%Y,Female,F,mapped,,
CUST102943,Kambale Olweny,+256743437820,,Mbarara,2021-03-13,F,+256743437820,+256743437820,valid,Mbarara,Mbarara,exact,2021-03-13,2021-03-13,%Y-%m-%d,Female,F,mapped,,
CUST102947,Lubega Kamoga,+256795215827,lubega.kamoga@outlook.com,Mpigi,2022-10-19,M,+256795215827,+256795215827,valid,Mpigi,Mpigi,exact,19/10/2022,2022-10-19,%d/%m/%Y,Male,M,mapped,,
CUST102948,Kato Tumusiime,+256786771884,katotumusiime84@outlook.com,Wakiso,2023-09-07,M,256786771884,+256786771884,valid,Wakiso,Wakiso,exact,07/09/2023,2023-09-07,%d/%m/%Y,Male ,M,mapped,,
CUST102949,Nakayiza Kibirige,+256723017394,nakayiza.kibirige@outlook.com,Mukono,2024-08-10,F,0723017394,+256723017394,valid,Mukono,Mukono,exact,2024-08-10,2024-08-10,%Y-%m-%d,Female ,F,mapped,,
CUST102950,Grace Kafeero,+256729624260,grace.kafeero@srg.co.ug,Iganga,2022-07-08,,+256 72 962 4260,+256729624260,valid,iganga,Iganga,exact,08/07/2022,2022-07-08,%d/%m/%Y,,,missing,CUST104825,
CUST102953,Francis Wanyama,+256755669793,franciswanyama36@srg.co.ug,Masaka,2023-04-06,F,+256755669793,+256755669793,valid,Masaka,Masaka,exact,06-04-2023,2023-04-06,%d-%m-%Y,F,F,mapped,,
CUST102954,Francis Mukasa,+256770131694,francis.mukasa@hotmail.com,Lira,2022-12-22,F,+256770131694,+256770131694,valid,lira,Lira,exact,2022-12-22,2022-12-22,%Y-%m-%d,Female,F,mapped,,
CUST102955,Kibirige Wanyama,+256742774093,kibirigewanyama22@yahoo.com,Kiruhura,2024-11-24,M,0742774093,+256742774093,valid,Kiruhura,Kiruhura,exact,2024-11-24,2024-11-24,%Y-%m-%d,Male,M,mapped,,
CUST102956,Collins Ssekandi,+256782119882,collins.ssekandi@srg.co.ug,Kampala,2021-01-30,F,782119882,+256782119882,valid,Kampala,Kampala,exact,2021-01-30,2021-01-30,%Y-%m-%d,Female,F,mapped,,
CUST102957,Nalubega Ssimbwa,+256736413304,nalubega.ssimbwa@hotmail.com,Wakiso,2024-03-02,,736413304,+256736413304,valid,Wakiso,Wakiso,exact,02-03-2024,2024-03-02,%d-%m-%Y,,,missing,CUST103503,
CUST102958,Namubiru Nalubega,+256750636251,,Entebbe,2024-03-24,F,0750636251,+256750636251,valid,entebbe,Entebbe,exact,2024-03-24,2024-03-24,%Y-%m-%d,Female,F,mapped,,
CUST102959,Butime Ssekandi,+256778832017,butime.ssekandi@yahoo.com,Kasese,,M,077-883-2017,+256778832017,valid,Kasese,Kasese,exact,,,missing,M,M,mapped,,
CUST102960,Beatrice Ssemakula,+256797376434,beatricessemakula15@mail.com,Mbarara,2022-08-12,F,797376434,+256797376434,valid,Mbarara,Mbarara,exact,2022-08-12,2022-08-12,%Y-%m-%d,Female,F,mapped,,
CUST102961,Joseph jsempebwa,+256796258559,joseph.ssempebwa@mail.com,Wakiso,2025-08-21,M,796258559,+256796258559,valid,Wakiso District,Wakiso,variant_mapped,21/08/2025,2025-08-21,%d/%m/%Y,Male,M,mapped,CUST103779,
CUST102962,Harriet Okello,+256783900960,harriet.okello@gmail.com,Kampala,2023-12-24,F,0783900960,+256783900960,valid,Kampala,Kampala,exact,2023-12-24,2023-12-24,%Y-%m-%d,Female,F,mapped,,
CUST102963,Wanyama Ssentongo,+256708112755,wanyama.ssentongo@hotmail.com,Jinja,2024-10-03,F,708112755,+256708112755,valid,Jinja,Jinja,exact,03-10-2024,2024-10-03,%d-%m-%Y,Female,F,mapped,,
CUST102964,Ssempebwa Wanyama,+256746437904,ssempebwa.wanyama@hotmail.com,Kalangala,2022-03-08,M,+256746437904,+256746437904,valid,Kalangala,Kalangala,exact,2022-03-08,2022-03-08,%Y-%m-%d,Male,M,mapped,,
CUST102965,Naomi Atukunda,+256736816591,naomiatukunda@outlook.com,Kampala,2024-02-21,F,0736816591,+256736816591,valid,Kampala,Kampala,exact,2024-02-21,2024-02-21,%Y-%m-%d,Female,F,mapped,CUST103478,
CUST102966,Godfrey Achieng,+256786474001,godfreyachieng52@mail.com,Kalangala,2023-04-01,F,256786474001,+256786474001,valid,Kalangala,Kalangala,exact,01/04/2023,2023-04-01,%d/%m/%Y,F,F,mapped,CUST104408,
CUST102969,Ronald Mugisha,+256789327941,ronaldmugisha50@outlook.com,Kampala,2021-04-16,M,+256 78 932 7941,+256789327941,valid,Kampala,Kampala,exact,16/04/2021,2021-04-16,%d/%m/%Y,Male,M,mapped,,
CUST102970,Juliet Nankya,+256783638215,juliet.nankya@hotmail.com,Mbale,2021-01-02,F,078-363-8215,+256783638215,valid,Mbale,Mbale,exact,02/01/2021,2021-01-02,%d/%m/%Y,Female,F,mapped,,
CUST102971,Jane Mukasa,+256777150758,jane.mukasa@outlook.com,Gulu,2024-02-25,M,777150758,+256777150758,valid,Gulu,Gulu,exact,2024-02-25,2024-02-25,%Y-%m-%d,Male,M,mapped,CUST103753,
CUST102972,Ssempebwa Wanyama,+256718221938,ssempebwa.wanyama@outlook.com,Kampala,2024-08-14,M,256718221938,+256718221938,valid,Kampala,Kampala,exact,14-08-2024,2024-08-14,%d-%m-%Y,Male ,M,mapped,,
CUST102973,Daniel Ssempebwa,+256753899042,danielssempebwa@yahoo.com,Hoima,2025-10-12,M,256753899042,+256753899042,valid,Hoima,Hoima,exact,2025-10-12,2025-10-12,%Y-%m-%d,Male,M,mapped,,
CUST102974,Peter Kibirige,+256746687272,peter.kibirige@outlook.com,Arua,2025-10-03,M,+256746687272,+256746687272,valid,Arua,Arua,exact,2025-10-03,2025-10-03,%Y-%m-%d,Male,M,mapped,CUST103510,
CUST102977,Samuel Kafeero,+256745302154,samuel.kafeero@yahoo.com,Mbarara,2024-12-14,M,256745302154,+256745302154,valid,Mbarara,Mbarara,exact,2024-12-14,2024-12-14,%Y-%m-%d,M,M,mapped,,
CUST102978,Kato Ssekandi,,kato.ssekandi@yahoo.com,Kampala,2024-10-17,M,,,missing,Kampala,Kampala,exact,17/10/2024,2024-10-17,%d/%m/%Y,M,M,mapped,,
CUST102979,Butime Atim,+256711934364,butime.atim@gmail.com,Rakai,2022-07-31,F,0711934364,+256711934364,valid,rakai,Rakai,exact,31/07/2022,2022-07-31,%d/%m/%Y,F,F,mapped,,
CUST102980,Grace Kibirige,+256796348892,gracekibirige@gmail.com,Mukono,2022-03-26,M,0796348892,+256796348892,valid,Mukono,Mukono,exact,2022-03-26,2022-03-26,%Y-%m-%d,Male,M,mapped,,
CUST102981,Peter Namubiru,+256793055179,peternamubiru@outlook.com,Mukono,2024-04-01,M,793055179,+256793055179,valid,Mukono,Mukono,exact,2024-04-01,2024-04-01,%Y-%m-%d,Male,M,mapped,CUST103834,
CUST102982,Ssempebwa Atim,+256791504540,ssempebwa.atim@yahoo.com,Kalangala,2025-05-27,M,079-150-4540,+256791504540,valid,Kalangala,Kalangala,exact,2025-05-27,2025-05-27,%Y-%m-%d,Male,M,mapped,,
CUST102985,Mukasa Ronald,+256787300294,mukasa.ronald@hotmail.com,Wakiso,2024-12-16,M,0787300294,+256787300294,valid,Wakiso,Wakiso,exact,2024-12-16,2024-12-16,%Y-%m-%d,M,M,mapped,,
CUST102986,Collins Kizza,+256728401713,collins.kizza@gmail.com,Wakiso,2021-09-28,,728401713,+256728401713,valid,Wakiso,Wakiso,exact,2021-09-28,2021-09-28,%Y-%m-%d,,,missing,,
CUST102988,Ssimbwa Wasswa,+256759790777,ssimbwa.wasswa@mail.com,Mbale City,2025-01-03,M,+256759790777,+256759790777,valid,Mbale City,Mbale City,exact,2025-01-03,2025-01-03,%Y-%m-%d,M,M,mapped,CUST103783,
CUST102989,Ouma Kamoga,+256785768987,ouma.kamoga@hotmail.com,Gulu,2024-03-08,M,+256785768987,+256785768987,valid,Gulu City,Gulu,exact,2024-03-08,2024-03-08,%Y-%m-%d,Male,M,mapped,,
CUST102991,Naomi Ssimbwa,,,Mukono,2023-03-12,,,,missing,Mukono,Mukono,exact,12/03/2023,2023-03-12,%d/%m/%Y,,,missing,,REVIEW: possible duplicate
CUST102992,Timothy Lubega,+256703690721,timothy.lubega@hotmail.com,Wakiso,2022-12-02,F,+256703690721,+256703690721,valid,Wakiso,Wakiso,exact,02/12/2022,2022-12-02,%d/%m/%Y,F,F,mapped,,
CUST102993,Nabirye,+256787750202,nabirye@srg.co.ug,Mukono,2023-10-13,F,0787750202,+256787750202,valid,Mukono,Mukono,exact,2023-10-13,2023-10-13,%Y-%m-%d,Female,F,mapped,,
CUST102994,Isaac Nakato,+256748666872,isaac.nakato@yahoo.com,Jinja,2024-07-30,F,256748666872,+256748666872,valid,Jinja,Jinja,exact,30-07-2024,2024-07-30,%d-%m-%Y,Female,F,mapped,,
CUST102995,Ssentongo Katusiime,+256776518612,ssentongo.katusiime@mail.com,Kampala,2021-11-21,M,+256776518612,+256776518612,valid,Kampala,Kampala,exact,21/11/2021,2021-11-21,%d/%m/%Y,M,M,mapped,CUST103648,
CUST102996,Esther Nsereko,+256799608457,esther.nsereko@srg.co.ug,Mbale,2022-06-12,M,0799608457,+256799608457,valid,Mbale,Mbale,exact,12/06/2022,2022-06-12,%d/%m/%Y,Male,M,mapped,,
CUST102997,Katusiime Ssemakula,+256729013967,,Wakiso,2022-06-10,F,072-901-3967,+256729013967,valid,Wakiso,Wakiso,exact,2022-06-10,2022-06-10,%Y-%m-%d,Female,F,mapped,,
CUST102999,Daniel,,daniel@gmail.com,Jinja,2021-12-19,M,,,missing,jinja,Jinja,exact,2021-12-19,2021-12-19,%Y-%m-%d,Male,M,mapped,,
CUST103001,Olweny Michael,+256703188978,olweny.michael@yahoo.com,Kampala,2022-01-08,,0703188978,+256703188978,valid,Kampala,Kampala,exact,2022-01-08,2022-01-08,%Y-%m-%d,,,missing,,
CUST103002,Michael Nakayiza,+256791451735,michael.nakayiza@srg.co.ug,Kampala,2021-07-11,M,0791451735,+256791451735,valid,Kampala,Kampala,exact,2021-07-11,2021-07-11,%Y-%m-%d,Male,M,mapped,,
CUST103003,Rebecca Nankya,+256723111043,rebecca.nankya@mail.com,Bushenyi,2023-05-05,,0723111043,+256723111043,valid,Bushenyi,Bushenyi,exact,05-05-2023,2023-05-05,%d-%m-%Y,,,missing,,
CUST103004,Phoebe Kambale,+256717148932,,Mbale,2024-09-15,F,+256717148932,+256717148932,valid,Mbale,Mbale,exact,15/09/2024,2024-09-15,%d/%m/%Y,Female,F,mapped,,
CUST103006,Munezero,+256771306822,munezero@mail.com,Kampala,2022-01-26,F,0771306822,+256771306822,valid,Kampala,Kampala,exact,26/01/2022,2022-01-26,%d/%m/%Y,Female,F,mapped,,
CUST103007,Ssebugwawo Nabbanja,+256773068001,ssebugwawo.nabbanja@gmail.com,Kampala,2024-05-29,,077-306-8001,+256773068001,valid,Kampala,Kampala,exact,2024-05-29,2024-05-29,%Y-%m-%d,,,missing,,
CUST103009,Olweny Achieng,+256719487862,olweny.achieng@outlook.com,Gulu,2025-05-07,,0719487862,+256719487862,valid,Gulu,Gulu,exact,07/05/2025,2025-05-07,%d/%m/%Y,,,missing,,
CUST103011,Irene Kambale,+256785454341,irene.kambale@mail.com,Kampala,2024-04-27,F,+256785454341,+256785454341,valid,Kampala,Kampala,exact,27/04/2024,2024-04-27,%d/%m/%Y,Female,F,mapped,CUST102813,
CUST103013,Kyomuhendo Kibirige,+256716812130,kyomuhendo.kibirige@srg.co.ug,Kayunga,2022-01-12,F,+256716812130,+256716812130,valid,Kayunga,Kayunga,exact,2022-01-12,2022-01-12,%Y-%m-%d,Female,F,mapped,,
CUST103014,Butime Robert,+256797981569,butime.robert@mail.com,Jinja,,M,+256 79 798 1569,+256797981569,valid,Jinja,Jinja,exact,,,missing,Male,M,mapped,,
CUST103016,Wanyama Agnes,+256723533821,wanyama.agnes@gmail.com,Iganga,2023-09-25,M,072-353-3821,+256723533821,valid,Iganga Town,Iganga,variant_mapped,25/09/2023,2023-09-25,%d/%m/%Y,Male,M,mapped,CUST103178;CUST104738,
CUST103017,Joseph Lubega,+256723051171,,Mukono,2024-11-02,M,+256 72 305 1171,+256723051171,valid,Mukono,Mukono,exact,2024-11-02,2024-11-02,%Y-%m-%d,Male,M,mapped,,
CUST103018,Florence Ssimbwa,+256783914601,florence.ssimbwaoutlook.com,Wakiso,2023-10-04,M,783914601,+256783914601,valid,Wakiso,Wakiso,exact,2023-10-04,2023-10-04,%Y-%m-%d,Male,M,mapped,,
CUST103019,Wasswa,+256704502134,wasswa@yahoo.com,Wakiso,2021-10-13,M,+256704502134,+256704502134,valid,Wakiso,Wakiso,exact,2021-10-13,2021-10-13,%Y-%m-%d,Male ,M,mapped,,
CUST103020,Ssemakula Ninsiima,+256755536308,ssemakula.ninsiima@gmail.com,Wakiso,2025-06-13,F,256755536308,+256755536308,valid,Wakiso,Wakiso,exact,2025-06-13,2025-06-13,%Y-%m-%d,Female,F,mapped,,
CUST103021,Andrew Kambale,+256758985867,,Kampala,2022-08-26,F,+256 75 898 5867,+256758985867,valid,Kampala,Kampala,exact,26/08/2022,2022-08-26,%d/%m/%Y,Female,F,mapped,,
CUST103023,Tendo Kibirige,+256773813410,tendo.kibirige@outlook.com,Gulu,2025-10-02,M,+256773813410,+256773813410,valid,Gulu,Gulu,exact,2025-10-02,2025-10-02,%Y-%m-%d,Male,M,mapped,,
CUST103024,Ronald Ahabwe,+256717282753,ronald.ahabwe@srg.co.ug,Mityana,2024-12-14,M,+256717282753,+256717282753,valid,Mityana,Mityana,exact,2024-12-14,2024-12-14,%Y-%m-%d,M,M,mapped,,
CUST103026,Wanyama Katusiime,,wanyama.katusiime@srg.co.ug,Masindi,2023-05-03,F,,,missing,masindi,Masindi,exact,2023-05-03,2023-05-03,%Y-%m-%d,Female,F,mapped,,
CUST103028,Guma Irene,,guma.irene@gmail.com,Mbarara,2023-09-11,F,,,missing,Mbarara,Mbarara,exact,11/09/2023,2023-09-11,%d/%m/%Y,F,F,mapped,,
CUST103029,Brian Ninsiima,+256785031323,brianninsiima40@yahoo.com,Entebbe,2023-10-16,M,0785031323,+256785031323,valid,Entebbe,Entebbe,exact,2023-10-16,2023-10-16,%Y-%m-%d,Male,M,mapped,,
CUST103031,Wasswa Munezero,,wasswa.munezero@yahoo.com,Wakiso,2024-01-16,M,,,missing,Wakiso,Wakiso,exact,2024-01-16,2024-01-16,%Y-%m-%d,Male,M,mapped,,
CUST103034,Esther Nabbanja,+256726932197,esther.nabbanja@mail.com,Wakiso,2021-08-12,M,0726932197,+256726932197,valid,wakiso,Wakiso,exact,2021-08-12,2021-08-12,%Y-%m-%d,Male,M,mapped,,
CUST103035,Ruth Nsereko,+256745661608,ruth.nsereko@srg.co.ug,Kampala,2023-03-18,F,+256745661608,+256745661608,valid,Kampala City,Kampala,variant_mapped,18/03/2023,2023-03-18,%d/%m/%Y,Female,F,mapped,CUST103767,
CUST103036,Wasswa Wanyama,+256793994401,wasswa.wanyama@srg.co.ug,Kampala,2025-03-11,M,256793994401,+256793994401,valid,Kampala,Kampala,exact,11-03-2025,2025-03-11,%d-%m-%Y,Male,M,mapped,CUST100042,REVIEW: possible duplicate
CUST103037,Namutebi Mubiru,+256715555720,namutebi.mubiru@outlook.com,Gulu,2023-12-25,F,0715555720,+256715555720,valid,Gulu,Gulu,exact,2023-12-25,2023-12-25,%Y-%m-%d,F,F,mapped,CUST104241,
CUST103039,Ronald Okello,+256745589112,ronald.okello@outlook.com,Kumi,2021-08-28,M,+256 74 558 9112,+256745589112,valid,Kumi,Kumi,exact,2021-08-28,2021-08-28,%Y-%m-%d,Male,M,mapped,,
CUST103040,Rebecca Mubiru,+256706256543,rebecca.mubiruyahoo.com,Iganga,2025-04-13,M,256706256543,+256706256543,valid,Iganga,Iganga,exact,2025-04-13,2025-04-13,%Y-%m-%d,Male,M,mapped,,
CUST103041,Ssempebwa Guma,+256712495128,ssempebwa.guma@gmail.com,Kampala,2021-10-28,M,071-249-5128,+256712495128,valid,Kampala,Kampala,exact,2021-10-28,2021-10-28,%Y-%m-%d,Male,M,mapped,,REVIEW: possible duplicate
CUST103042,Namubiru,+256788581135,namubiru@srg.co.ug,Mukono,2022-07-29,,256788581135,+256788581135,valid,Mukono,Mukono,exact,2022-07-29,2022-07-29,%Y-%m-%d,,,missing,,
CUST103043,Guma Mubiru,+256718914455,guma.mubiru@mail.com,Masindi,2021-07-01,M,0718914455,+256718914455,valid,Masindi,Masindi,exact,2021-07-01,2021-07-01,%Y-%m-%d,Male,M,mapped,CUST104815,
CUST103044,Agnes Nabirye,+256727536450,,Rakai,2025-04-26,M,0727536450,+256727536450,valid,Rakai,Rakai,exact,26/04/2025,2025-04-26,%d/%m/%Y,Male,M,mapped,,
CUST103045,Harriet Tendo,+256719017242,harriettendo@gmail.com,Isingiro,2023-09-26,F,+256719017242,+256719017242,valid,Isingiro,Isingiro,exact,26/09/2023,2023-09-26,%d/%m/%Y,Female,F,mapped,,
CUST103046,Ssemakula Ssemakula,+256790177159,,Arua,2022-04-05,M,790177159,+256790177159,valid,Arua,Arua,exact,2022-04-05,2022-04-05,%Y-%m-%d,Male,M,mapped,,
CUST103048,Nakiganda Rebecca,+256756867202,nakiganda.rebecca@outlook,Mukono,2023-02-19,,756867202,+256756867202,valid,Mukono,Mukono,exact,19/02/2023,2023-02-19,%d/%m/%Y,,,missing,,
CUST103049,Grace Ouma,,grace.ouma@gmail.com,Lira,2022-02-28,M,,,missing,Lira,Lira,exact,2022-02-28,2022-02-28,%Y-%m-%d,M,M,mapped,,
CUST103050,Nabbanja Nabbanja,+256705840005,nabbanja.nabbanja@outlook.com,Jinja,2024-04-18,F,705840005,+256705840005,valid,Jinja,Jinja,exact,18/04/2024,2024-04-18,%d/%m/%Y,Female,F,mapped,,
CUST103052,Ssemakula Achieng,+256729269883,ssemakula.achieng@gmail.com,Mbarara,2023-12-25,M,+256729269883,+256729269883,valid,Mbarara,Mbarara,exact,25/12/2023,2023-12-25,%d/%m/%Y,Male,M,mapped,,
CUST103053,Olweny Ahabwe,+256791648121,olwenyahabwe64@gmail.com,Jinja,2021-11-13,,+256791648121,+256791648121,valid,Jinja,Jinja,exact,13/11/2021,2021-11-13,%d/%m/%Y,,,missing,,
CUST103054,Namubiru Kibirige,+256732553870,namubiru.kibirige@srg.co.ug,Jinja,2021-09-23,F,256732553870,+256732553870,valid,jinja,Jinja,exact,2021-09-23,2021-09-23,%Y-%m-%d,Female,F,mapped,,
CUST103056,Alexander Kibirige,,alexander.kibirige@gmail.com,Kampala,2021-11-11,F,,,missing,Kampala,Kampala,exact,11/11/2021,2021-11-11,%d/%m/%Y,Female,F,mapped,CUST104913,
CUST103057,Namubiru Kambale,+256783992359,namubiru.kambale@gmail.com,Kiboga,2025-07-19,F,+256 78 399 2359,+256783992359,valid,Kiboga,Kiboga,exact,2025-07-19,2025-07-19,%Y-%m-%d,F,F,mapped,,
CUST103061,Munezero Ronald,+256702854891,munezero.ronald@outlook.com,Jinja,2024-12-18,,0702854891,+256702854891,valid,Jinja,Jinja,exact,2024-12-18,2024-12-18,%Y-%m-%d, ,,missing,,
CUST103063,Beatrice Ssimbwa,+256711099847,beatricessimbwa46@yahoo.com,Lira,2025-06-15,F,0711099847,+256711099847,valid,Lira,Lira,exact,2025-06-15,2025-06-15,%Y-%m-%d,Female,F,mapped,,
CUST103066,Peter Tumusiime,+256798868642,peter.tumusiime@gmail.com,Kiboga,2022-10-07,,0798868642,+256798868642,valid,Kiboga,Kiboga,exact,2022-10-07,2022-10-07,%Y-%m-%d,,,missing,,
CUST103067,joan kamoga,+256773902423,joan.kamoga@hotmail.com,Kampala,,F,256773902423,+256773902423,valid,Kampala,Kampala,exact,,,missing,Female,F,mapped,CUST103419;CUST104006,
CUST103069,Olweny Mubiru,+256787252802,olweny.mubiru@hotmail.com,Jinja,2023-05-20,,787252802,+256787252802,valid,Jinja City,Jinja,exact,2023-05-20,2023-05-20,%Y-%m-%d,,,missing,,
CUST103070,Michael Mugisha,+256726249752,michaelmugisha@gmail.com,Soroti,2024-04-24,M,0726249752,+256726249752,valid,Soroti,Soroti,exact,24/04/2024,2024-04-24,%d/%m/%Y,Male,M,mapped,CUST104467;CUST104958,
CUST103071,Butime Olweny,+256788119774,butime.olweny@outlook.com,Jinja,2024-11-01,M,+256788119774,+256788119774,valid,Jinja,Jinja,exact,2024-11-01,2024-11-01,%Y-%m-%d,M,M,mapped,CUST100405,
CUST103072,Namutebi Kibirige,+256736659203,namutebikibirige42@hotmail.com,Tororo,2021-12-02,F,073-665-9203,+256736659203,valid,Tororo,Tororo,exact,2021-12-02,2021-12-02,%Y-%m-%d,Female,F,mapped,,
CUST103075,Catherine Mugisha,+256731485906,catherine.mugisha@yahoo.com,Gulu,2023-02-02,,256731485906,+256731485906,valid,Gulu,Gulu,exact,02/02/2023,2023-02-02,%d/%m/%Y,,,missing,,
CUST103076,Mary Tumusiime,+256725973705,mary.tumusiime@gmail.com,Mbarara,2025-08-13,M,+256 72 597 3705,+256725973705,valid,Mbarara,Mbarara,exact,2025-08-13,2025-08-13,%Y-%m-%d,Male,M,mapped,,
CUST103077,Joan Kibirige,+256796258763,joan.kibirigesrg.co.ug,Fort Portal,2025-09-05,F,0796258763,+256796258763,valid,Kabarole,Fort Portal,exact,2025-09-05,2025-09-05,%Y-%m-%d,Female,F,mapped,,
CUST103078,Mugisha Wanyama,+256785466191,mugisha.wanyama@srg.co.ug,Kampala,2023-03-06,M,0785466191,+256785466191,valid,Kampala,Kampala,exact,06/03/2023,2023-03-06,%d/%m/%Y,M,M,mapped,,
CUST103079,Ssebugwawo Guma,+256743822835,ssebugwawo.guma@outlook.com,Kampala,2023-09-06,M,+256743822835,+256743822835,valid,Kampala,Kampala,exact,06-09-2023,2023-09-06,%d-%m-%Y,M,M,mapped,,
CUST103080,Timothy Ahabwe,+256720968804,timothyahabwe10@gmail.com,Fort Portal,2021-10-06,F,+256 72 096 8804,+256720968804,valid,Fort Portal,Fort Portal,exact,06/10/2021,2021-10-06,%d/%m/%Y,Female,F,mapped,,
CUST103081,Muchael Munezero,+256719563165,michael.munezero@hotmail.com,Kayunga,2023-03-02,M,+256719563165,+256719563165,valid,kayunga,Kayunga,exact,2023-03-02,2023-03-02,%Y-%m-%d,Male,M,mapped,CUST103594,
CUST103082,Kamoga Nabirye,+256730786038,kamoga.nabirye@hotmail.com,Kampala,2023-11-20,M,0730786038,+256730786038,valid,Kampala,Kampala,exact,20/11/2023,2023-11-20,%d/%m/%Y,M,M,mapped,,
CUST103083,Robert Kamoga,+256709804406,robertkamoga32@yahoo.com,,2024-05-01,M,+256709804406,+256709804406,valid,  ,,missing,2024-05-01,2024-05-01,%Y-%m-%d,Male,M,mapped,CUST104882,
CUST103084,Ruth Wasswa,+256788809168,ruth.wasswa@srg.co.ug,Kitgum,2025-07-29,F,+256 78 880 9168,+256788809168,valid,Kitgum,Kitgum,exact,29/07/2025,2025-07-29,%d/%m/%Y,Female,F,mapped,,
CUST103085,Stephen Byaruhanga,+256754707730,stephen.byaruhanga@outlook.com,Kiruhura,2023-12-17,F,+256 75 470 7730,+256754707730,valid,Kiruhura,Kiruhura,exact,17/12/2023,2023-12-17,%d/%m/%Y,Female,F,mapped,,
CUST103086,Isaac Tumusiime,+256776642888,isaac.tumusiime@outlook.com,Kampala,2023-07-08,F,+256776642888,+256776642888,valid,Kampala,Kampala,exact,2023-07-08,2023-07-08,%Y-%m-%d,Female,F,mapped,,
CUST103089,Michael Nsereko,+256726103120,michael.nsereko@yahoo.com,Wakiso,2021-08-05,M,0726103120,+256726103120,valid,Wakiso,Wakiso,exact,2021-08-05,2021-08-05,%Y-%m-%d,Male,M,mapped,,
CUST103090,Daniel Nalubega,+256700962753,daniel.nalubega@gmail.com,Wakiso,2023-06-19,M,700962753,+256700962753,valid,Wakisio,Wakiso,variant_mapped,19/06/2023,2023-06-19,%d/%m/%Y,Male,M,mapped,,
CUST103092,Mary Tendo,+256776739318,mary.tendo@gmail.com,Kampala,,,+256776739318,+256776739318,valid,Kampala,Kampala,exact,,,missing,,,missing,,
CUST103095,Nankya Mukasa,+256795498802,nankyamukasa95@outlook.com,Kampala,2024-07-20,F,+256795498802,+256795498802,valid,Kampala Region,Kampala,variant_mapped,2024-07-20,2024-07-20,%Y-%m-%d,Female,F,mapped,,
CUST103096,Ssempebwa Kafeero,+256733713891,ssempebwa.kafeero@gmail.com,Kampala,2025-07-09,,256733713891,+256733713891,valid,Kampala,Kampala,exact,2025-07-09,2025-07-09,%Y-%m-%d,,,missing,,
CUST103097,Okello Kizza,+256792052211,okello.kizza@srg.co.ug,Kayunga,2023-01-10,M,079-205-2211,+256792052211,valid,Kayunga,Kayunga,exact,2023-01-10,2023-01-10,%Y-%m-%d,M,M,mapped,,
CUST103098,Jane Nalubega,+256706063015,jane.nalubega@gmail.com,Sembabule,2024-12-24,M,706063015,+256706063015,valid,Sembabule,Sembabule,exact,2024-12-24,2024-12-24,%Y-%m-%d,Male,M,mapped,CUST104099,
CUST103099,Ronald Katusiime,+256710642967,,Bushenyi,2025-10-02,M,256710642967,+256710642967,valid,Bushenyi,Bushenyi,exact,02/10/2025,2025-10-02,%d/%m/%Y,Male,M,mapped,,
CUST103100,Ronald Kyebambe,+256746728435,ronald.kyebambe@yahoo.com,Masindi,2025-06-14,M,+256 74 672 8435,+256746728435,valid,Masindi District,Masindi,variant_mapped,2025-06-14,2025-06-14,%Y-%m-%d,Male,M,mapped,,
CUST103101,Mubiru Okello,+256780894589,mubiru.okello@outlook.com,Kampala,2023-03-31,M,+256780894589,+256780894589,valid,Kampala,Kampala,exact,31/03/2023,2023-03-31,%d/%m/%Y,Male,M,mapped,,
CUST103103,Atim Lubega,+256783308083,atim.lubega@gmail,Wakiso,2023-05-26,F,256783308083,+256783308083,valid,Wakiso,Wakiso,exact,26-05-2023,2023-05-26,%d-%m-%Y,Female,F,mapped,,
CUST103104,Mugisha,+256770355053,mugisha@hotmail.com,Mbale,2025-07-08,M,770355053,+256770355053,valid,Mbale,Mbale,exact,08/07/2025,2025-07-08,%d/%m/%Y,M,M,mapped,,
CUST103105,Stephen Ssentongo,+256797614144,stephen.ssentongo@yahoo.com,Wakiso,2024-06-28,F,079-761-4144,+256797614144,valid,Wakiso,Wakiso,exact,28-06-2024,2024-06-28,%d-%m-%Y,F,F,mapped,,
CUST103107,Alexander,+256711831496,alexander95@mail.com,Mbale,2024-05-23,,+256 71 183 1496,+256711831496,valid,Mbale,Mbale,exact,2024-05-23,2024-05-23,%Y-%m-%d,,,missing,,
CUST103108,Jane Munezero,+256719149253,jane.munezero@outlook.com,Kampala,2024-10-09,M,+256719149253,+256719149253,valid,Kampala,Kampala,exact,2024-10-09,2024-10-09,%Y-%m-%d,Male,M,mapped,,
CUST103110,Godfrey Mugisha,+256734577186,godfreymugisha9@mail.com,Mukono,2024-11-03,F,256734577186,+256734577186,valid,Mukono,Mukono,exact,03-11-2024,2024-11-03,%d-%m-%Y,Female,F,mapped,,
CUST103111,Florence Butime,+256783229908,florencebutime15@outlook.com,Wakiso,2022-05-22,M,+256783229908,+256783229908,valid,Wakiso,Wakiso,exact,2022-05-22,2022-05-22,%Y-%m-%d,Male,M,mapped,,
CUST103114,Nabirye Ahabwe,+256701933432,nabirye.ahabwe@gmail.com,Tororo,2024-05-04,F,0701933432,+256701933432,valid,Tororo,Tororo,exact,2024-05-04,2024-05-04,%Y-%m-%d,F,F,mapped,,
CUST103115,Mugisha Nalubega,+256711954548,mugisha.nalubega@yahoo.com,Wakiso,2022-03-05,,0711954548,+256711954548,valid,Wakiso,Wakiso,exact,2022-03-05,2022-03-05,%Y-%m-%d,,,missing,,
CUST103116,Catherine Tendo,,catherinetendo71@yahoo.com,Kampala,,M,,,missing,Kampala,Kampala,exact,,,missing,Male,M,mapped,CUST104688,
CUST103117,Kyomuhendo Emmanuel,+256759964068,kyomuhendoemmanuel25@yahoo.com,Luwero,2024-11-30,F,+256759964068,+256759964068,valid,Luwero,Luwero,exact,30-11-2024,2024-11-30,%d-%m-%Y,Female,F,mapped,,
CUST103118,Olweny Okello,+256743587512,olweny.okello@yahoo.com,Mbarara,2023-06-23,M,074-358-7512,+256743587512,valid,Mbarara City,Mbarara,exact,2023-06-23,2023-06-23,%Y-%m-%d,Male ,M,mapped,,
CUST103119,Daniel Kyomuhendo,+256798371158,daniel.kyomuhendo@srg.co.ug,Wakiso,2024-02-13,,256798371158,+256798371158,valid,Wakiso,Wakiso,exact,2024-02-13,2024-02-13,%Y-%m-%d,,,missing,,REVIEW: possible duplicate
CUST103120,Nabirye,+256795353328,nabirye@yahoo.com,Kampala,2021-10-24,F,+256 79 535 3328,+256795353328,valid,Kampala,Kampala,exact,24/10/2021,2021-10-24,%d/%m/%Y,Female,F,mapped,,
CUST103121,Rebecca Mubiru,+256793754157,rebecca.mubiru@mail.com,Mbarara,2022-07-28,M,+256793754157,+256793754157,valid,Mbarara,Mbarara,exact,2022-07-28,2022-07-28,%Y-%m-%d,M,M,mapped,,
CUST103123,Ruth Ouma,,ruth.ouma@outlook.com,Arua,2025-05-05,F,,,missing,Arua City,Arua,exact,2025-05-05,2025-05-05,%Y-%m-%d,F,F,mapped,,
CUST103125,Mary Kyomuhendo,,mary.kyomuhendo@mail.com,Kampala,2024-05-13,M,,,missing,Kampala,Kampala,exact,13-05-2024,2024-05-13,%d-%m-%Y,Male,M,mapped,,
CUST103126,Okello Okello,+256796868175,okello.okello@mail.com,Masindi,2023-02-26,M,796868175,+256796868175,valid,Masindi,Masindi,exact,2023-02-26,2023-02-26,%Y-%m-%d,Male,M,mapped,,
CUST103128,Joseph Kibirige,+256756562411,josephkibirige@gmail.com,Entebbe,2025-08-29,M,+256756562411,+256756562411,valid,Entebbe,Entebbe,exact,29/08/2025,2025-08-29,%d/%m/%Y,M,M,mapped,,
CUST103131,Beatrice Guma,+256755150678,beatrice.guma@hotmail.com,Tororo,2022-12-03,F,+256755150678,+256755150678,valid,Tororo,Tororo,exact,2022-12-03,2022-12-03,%Y-%m-%d,Female ,F,mapped,,
CUST103136,Florence Munezero,+256719812282,florence.munezero@yahoo.com,Mukono,2021-10-18,M,+256719812282,+256719812282,valid,Mukono,Mukono,exact,2021-10-18,2021-10-18,%Y-%m-%d,Male,M,mapped,,
CUST103137,Michael Kyebambe,+256706730112,michael.kyebambe@yahoo.com,Mukono,2024-09-05,M,+256 70 673 0112,+256706730112,valid,Mukono,Mukono,exact,05/09/2024,2024-09-05,%d/%m/%Y,Male ,M,mapped,CUST103773,
CUST103138,Mary Nankya,+256742999276,mary.nankyagmail.com,Kampala,2021-12-20,,256742999276,+256742999276,valid,Kampala,Kampala,exact,2021-12-20,2021-12-20,%Y-%m-%d,,,missing,,
CUST103139,Nakayiza Ssimbwa,+256754732641,nakayiza.ssimbwa@hotmail.com,Mukono,2022-09-10,F,754732641,+256754732641,valid,Mukono,Mukono,exact,2022-09-10,2022-09-10,%Y-%m-%d,F,F,mapped,,
CUST103142,Nankya Kibirige,+256706908219,nankya.kibirige@mail.com,Kampala,2021-11-07,M,+256706908219,+256706908219,valid,Kampala-City,Kampala,variant_mapped,07/11/2021,2021-11-07,%d/%m/%Y,Male,M,mapped,CUST104789,
CUST103143,Munezero Kyomuhendo,+256728840439,munezero.kyomuhendo@mail.com,Kampala,2023-01-18,F,0728840439,+256728840439,valid,Kampala,Kampala,exact,18/01/2023,2023-01-18,%d/%m/%Y,Female ,F,mapped,,
CUST103144,Nabirye Kyomuhendo,+256775734414,,Gulu,2024-09-10,F,775734414,+256775734414,valid,Gulu City,Gulu,exact,2024-09-10,2024-09-10,%Y-%m-%d,Female ,F,mapped,CUST104157,
CUST103145,John Wanyama,+256772598922,johnwanyama@hotmail.com,Lira,2021-03-02,M,0772598922,+256772598922,valid,Lira,Lira,exact,02/03/2021,2021-03-02,%d/%m/%Y,Male,M,mapped,,
CUST103146,Nabbanja Nankya,+256737908834,nabbanja.nankya@gmail.com,Soroti,2023-05-05,F,0737908834,+256737908834,valid,Soroti,Soroti,exact,2023-05-05,2023-05-05,%Y-%m-%d,Female,F,mapped,,
CUST103148,Esther Guma,+256784367923,esther.guma@srg.co.ug,Lira,2021-01-14,M,784367923,+256784367923,valid,Lira,Lira,exact,2021-01-14,2021-01-14,%Y-%m-%d,Male,M,mapped,,
CUST103151,Kyomuhendo Olweny,+256757582134,kyomuhendo.olweny@yahoo.com,Hoima,2023-08-01,F,075-758-2134,+256757582134,valid,Hoima,Hoima,exact,01/08/2023,2023-08-01,%d/%m/%Y,Female,F,mapped,,
CUST103153,Ssemakula Kibirige,+256743027914,ssemakula.kibirige@yahoo.com,Kampala,2022-08-04,,+256743027914,+256743027914,valid,Kampala,Kampala,exact,04/08/2022,2022-08-04,%d/%m/%Y,,,missing,,
CUST103155,Robert Olweny,+256776565462,robert.olweny@gmail.com,Kampala,2024-04-14,,776565462,+256776565462,valid,Kampala,Kampala,exact,14/04/2024,2024-04-14,%d/%m/%Y,,,missing,,
CUST103156,Munezero Munezero,+256720185823,munezeromunezero45@yahoo.com,Isingiro,2023-11-30,F,0720185823,+256720185823,valid,Isingiro,Isingiro,exact,30/11/2023,2023-11-30,%d/%m/%Y,Female,F,mapped,,
CUST103157,Harriet Munezero,+256770246974,,Kayunga,2022-10-20,F,+256770246974,+256770246974,valid,Kayunga,Kayunga,exact,20/10/2022,2022-10-20,%d/%m/%Y,Female,F,mapped,,
CUST103158,Byaruhanga Esther,+256708991510,byaruhanga.esther@outlook.com,Kampala,2021-12-25,M,+256708991510,+256708991510,valid,Kampala,Kampala,exact,2021-12-25,2021-12-25,%Y-%m-%d,Male,M,mapped,,
CUST103159,Wasswa Ssemakula,+256710049465,wasswa.ssemakula@hotmail.com,Lira,,M,0710049465,+256710049465,valid,Lira,Lira,exact,,,missing,Male,M,mapped,CUST104916,
CUST103160,Alexander Ssimbwa,+256770818336,alexanderssimbwa19@gmail.com,Jinja,2024-10-22,F,+256 77 081 8336,+256770818336,valid,Jinja,Jinja,exact,2024-10-22,2024-10-22,%Y-%m-%d,Female,F,mapped,,
CUST103161,Godfrey Ssempebwa,+256793555184,godfrey.ssempebwa@mail.com,Masaka,2022-07-16,,+256 79 355 5184,+256793555184,valid,Masaka,Masaka,exact,16/07/2022,2022-07-16,%d/%m/%Y,,,missing,,
CUST103162,Collins Okello,+256758068585,collins.okello@gmail.com,Kampala,2024-03-14,F,0758068585,+256758068585,valid,Kampala,Kampala,exact,14/03/2024,2024-03-14,%d/%m/%Y,Female,F,mapped,,
CUST103163,Rebecca Ahabwe,+256773739284,rebecca.ahabwe@srg.co.ug,Mukono,2024-04-26,,256773739284,+256773739284,valid,Mukono,Mukono,exact,2024-04-26,2024-04-26,%Y-%m-%d,,,missing,,
CUST103164,Lubega Beatrice,+256785535036,lubega.beatrice@gmail.com,Mukono,2023-04-14,F,+256785535036,+256785535036,valid,Mukono,Mukono,exact,2023-04-14,2023-04-14,%Y-%m-%d,F,F,mapped,,
CUST103165,Nalubega Kato,+256713707528,nalubega.kato@srg.co.ug,Hoima,2025-06-09,M,256713707528,+256713707528,valid,Hoima,Hoima,exact,2025-06-09,2025-06-09,%Y-%m-%d,M,M,mapped,,
CUST103166,Nabirye Namubiru,+256708566031,nabirye.namubiru@hotmail.com,Mbale,2023-03-03,F,708566031,+256708566031,valid,Mbale,Mbale,exact,03/03/2023,2023-03-03,%d/%m/%Y,Female,F,mapped,CUST103487,
CUST103167,Nankya Mubiru,+256716354756,nankya.mubiru@yahoo.com,Wakiso,2024-05-16,F,256716354756,+256716354756,valid,Wakiso,Wakiso,exact,2024-05-16,2024-05-16,%Y-%m-%d,Female,F,mapped,CUST104162,
CUST103168,Ouma Tumusiime,+256799326782,ouma.tumusiime@gmail.com,Soroti,2022-06-26,M,0799326782,+256799326782,valid,Soroti District,Soroti,variant_mapped,26/06/2022,2022-06-26,%d/%m/%Y,Male,M,mapped,,
CUST103169,John Nakato,,john.nakato@srg.co.ug,Kalangala,2024-05-22,M,,,missing,Kalangala,Kalangala,exact,2024-05-22,2024-05-22,%Y-%m-%d,Male ,M,mapped,,
CUST103171,Samuel Nsereko,+256719492022,samuel.nsereko@gmail.com,Soroti,2023-07-08,M,+256 71 949 2022,+256719492022,valid,Soroti,Soroti,exact,2023-07-08,2023-07-08,%Y-%m-%d,Male,M,mapped,,
CUST103175,Beatrice Ssekandi,+256745288901,beatrice.ssekandi@outlook.com,Arua,2021-08-20,F,0745288901,+256745288901,valid,Arua,Arua,exact,2021-08-20,2021-08-20,%Y-%m-%d,Female,F,mapped,,
CUST103179,Ssekandi Phoebe,+256751023721,ssekandi.phoebe@hotmail.com,Kampala,2024-08-22,F,0751023721,+256751023721,valid,Kampala,Kampala,exact,2024-08-22,2024-08-22,%Y-%m-%d,Female,F,mapped,,
CUST103181,Nsereko Joan,,nserekojoan@gmail.com,Mbarara,2023-02-22,F,,,missing,Mbarara,Mbarara,exact,22/02/2023,2023-02-22,%d/%m/%Y,Female,F,mapped,,
CUST103184,Dorothy Ssimbwa,+256721079177,dorothy.ssimbwa@outlook.com,Kampala,2024-04-14,M,+256721079177,+256721079177,valid,Kampala,Kampala,exact,2024-04-14,2024-04-14,%Y-%m-%d,M,M,mapped,,
CUST103185,Daniel Munezero,+256734739930,danielmunezero42@hotmail.com,Kampala,2021-05-24,M,256734739930,+256734739930,valid,Kampala,Kampala,exact,2021-05-24,2021-05-24,%Y-%m-%d,Male,M,mapped,,
CUST103186,Kyomuhendo Byaruhanga,+256748076422,kyomuhendo.byaruhanga@srg,Kiruhura,2024-01-14,F,748076422,+256748076422,valid,kiruhura,Kiruhura,exact,2024-01-14,2024-01-14,%Y-%m-%d,Female,F,mapped,,
CUST103188,Ouma Katusiime,+256796491307,ouma.katusiime@outlook.com,Jinja,2024-12-12,M,+256 79 649 1307,+256796491307,valid,jinja,Jinja,exact,2024-12-12,2024-12-12,%Y-%m-%d,Male,M,mapped,CUST103595,
CUST103189,Ssekandi,+256771072283,ssekandi@yahoo.com,Mukono,2023-03-16,M,0771072283,+256771072283,valid,Mukono,Mukono,exact,2023-03-16,2023-03-16,%Y-%m-%d,Male,M,mapped,,
CUST103191,Andrew Namubiru,+256727750497,andrew.namubiru@mail.com,Mukono,2021-09-21,F,+256 72 775 0497,+256727750497,valid,Mukono,Mukono,exact,21/09/2021,2021-09-21,%d/%m/%Y,Female,F,mapped,,
CUST103193,Samuel Kizza,+256747971329,samuel.kizza@gmail.com,Wakiso,2024-07-11,M,0747971329,+256747971329,valid,Wakiso,Wakiso,exact,2024-07-11,2024-07-11,%Y-%m-%d,Male,M,mapped,,
CUST103194,Patrick Munezero,+256724692016,patrick.munezero@mail.com,Mukono,2025-03-31,,0724692016,+256724692016,valid,mukono,Mukono,exact,2025-03-31,2025-03-31,%Y-%m-%d,,,missing,,
CUST103195,Nankya Atukunda,+256707975318,,Kiboga,2021-09-21,F,0707975318,+256707975318,valid,Kiboga,Kiboga,exact,2021-09-21,2021-09-21,%Y-%m-%d,Female,F,mapped,,
CUST103197,Emmanuel Olweny,+256734410507,emmanuel.olweny@srg.co.ug,Masaka,2024-11-24,,256734410507,+256734410507,valid,Masaka,Masaka,exact,24-11-2024,2024-11-24,%d-%m-%Y,,,missing,,
CUST103198,Emmanuel Ssemakula,+256745125588,emmanuel.ssemakula@mail.com,Mbale City,2023-06-09,F,+256 74 512 5588,+256745125588,valid,Mbale City,Mbale City,exact,2023-06-09,2023-06-09,%Y-%m-%d,Female ,F,mapped,,
CUST103199,Wasswa,+256775380218,wasswa14@hotmail.com,Gulu,2024-08-18,M,0775380218,+256775380218,valid,Gulu,Gulu,exact,18-08-2024,2024-08-18,%d-%m-%Y,Male,M,mapped,,
CUST103201,Agnes Nsereko,+256719652919,agnesnsereko63@hotmail.com,Kampala,,M,719652919,+256719652919,valid,Kampala,Kampala,exact,,,missing,Male,M,mapped,CUST103474,
CUST103202,Ssentongo Nalubega,+256758407704,ssentongo.nalubega@gmail.com,Sembabule,2024-02-13,M,+256 75 840 7704,+256758407704,valid,Sembabule,Sembabule,exact,13/02/2024,2024-02-13,%d/%m/%Y,Male,M,mapped,,
CUST103204,Tendo Butime,+256796483620,tendo.butime@mail.com,Kampala,2024-05-12,M,+256 79 648 3620,+256796483620,valid,Kampala,Kampala,exact,12/05/2024,2024-05-12,%d/%m/%Y,M,M,mapped,,
CUST103205,Nabbanja Kyomuhendo,+256772203332,nabbanjakyomuhendo29@mail.com,Gulu,2024-04-12,F,256772203332,+256772203332,valid,Gulu,Gulu,exact,2024-04-12,2024-04-12,%Y-%m-%d,Female,F,mapped,,
CUST103206,Ssempebwa Lubega,,ssempebwa.lubega@srg.co.ug,Jinja,2022-12-28,M,,,missing,Jinja,Jinja,exact,2022-12-28,2022-12-28,%Y-%m-%d,Male,M,mapped,,
CUST103208,Sarah Nakato,,sarah.nakato@gmail.com,Kampala,2022-12-26,M,,,missing,Kampala,Kampala,exact,2022-12-26,2022-12-26,%Y-%m-%d,Male,M,mapped,,
CUST103209,Namutebi Nabbanja,,namutebi.nabbanja@mail.com,Kampala,2025-07-24,F,,,missing,Kampala,Kampala,exact,24/07/2025,2025-07-24,%d/%m/%Y,Female,F,mapped,CUST104768,
CUST103210,Lubega Okello,+256772233206,lubega.okello@mail.com,Mbale,2025-04-04,,0772233206,+256772233206,valid,Mbale,Mbale,exact,2025-04-04,2025-04-04,%Y-%m-%d,,,missing,,
CUST103211,Patrick Kambale,+256700432716,,Masaka,2024-11-13,F,+256 70 043 2716,+256700432716,valid,Masaka,Masaka,exact,2024-11-13,2024-11-13,%Y-%m-%d,F,F,mapped,,
CUST103213,Nalubega Tumusiime,+256703481389,nalubega.tumusiime@gmail.com,Mbarara,,F,+256703481389,+256703481389,valid,Mbarara,Mbarara,exact,,,missing,Female,F,mapped,CUST103569,
CUST103214,Phoebe Nakayiza,+256784580665,phoebe.nakayiza@gmail.com,Kampala,2024-07-06,F,0784580665,+256784580665,valid,Kampala,Kampala,exact,2024-07-06,2024-07-06,%Y-%m-%d,F,F,mapped,,
CUST103215,Sheila Kyomuhendo,+256715668920,sheilakyomuhendo@mail.com,Bundibugyo,2025-02-16,F,071-566-8920,+256715668920,valid,bundibugyo,Bundibugyo,exact,16-02-2025,2025-02-16,%d-%m-%Y,F,F,mapped,,
CUST103216,Collins Munezero,+256793370470,collins.munezero@outlook.com,Kampala,2025-07-12,F,+256793370470,+256793370470,valid,Kampala,Kampala,exact,2025-07-12,2025-07-12,%Y-%m-%d,F,F,mapped,,
CUST103217,Isaac Ahabwe,+256735779093,isaacahabwe52@outlook.com,Mbale,2021-06-17,F,0735779093,+256735779093,valid,Mbale,Mbale,exact,2021-06-17,2021-06-17,%Y-%m-%d,Female,F,mapped,,
CUST103218,Timothy Kibirige,+256789636249,timothy.kibirige@mail,Kampala,2023-04-25,F,789636249,+256789636249,valid,Kampala,Kampala,exact,25/04/2023,2023-04-25,%d/%m/%Y,Female,F,mapped,,
CUST103219,Ronald Butime,,ronaldbutime54@hotmail.com,Kampala,2021-09-22,M,,,missing,Kampala,Kampala,exact,22/09/2021,2021-09-22,%d/%m/%Y,Male ,M,mapped,,
CUST103220,Kambale Wasswa,+256738856762,kambale.wasswa@mail.com,Gulu,2021-02-28,,+256738856762,+256738856762,valid,Gulu,Gulu,exact,2021-02-28,2021-02-28,%Y-%m-%d,,,missing,,
CUST103222,Ssempebwa Esther,+256707278979,ssempebwa.esther@gmail.com,Kampala,,M,+256707278979,+256707278979,valid,Kampala,Kampala,exact,,,missing,Male,M,mapped,CUST103248,
CUST103224,Kizza Harriet,+256741241825,kizza.harriet@yahoo.com,Mukono,2021-06-21,F,+256741241825,+256741241825,valid,Mukono,Mukono,exact,2021-06-21,2021-06-21,%Y-%m-%d,F,F,mapped,,
CUST103225,Namubiru Mugisha,+256727073992,namubiru.mugisha@srg.co.ug,Kampala,2022-05-08,F,727073992,+256727073992,valid,Kampala,Kampala,exact,08/05/2022,2022-05-08,%d/%m/%Y,F,F,mapped,,
CUST103226,Rebecca,+256738464976,rebecca@outlook.com,Kampala,2025-09-04,M,+256738464976,+256738464976,valid,Kampala,Kampala,exact,04/09/2025,2025-09-04,%d/%m/%Y,Male,M,mapped,,
CUST103227,Godfrey,+256705524255,godfrey@srg.co.ug,Lira,2025-04-01,F,+256705524255,+256705524255,valid,Lira,Lira,exact,2025-04-01,2025-04-01,%Y-%m-%d,Female,F,mapped,CUST103566,
CUST103228,Mercy Nakato,+256709665216,mercy.nakato@yahoo.com,Mukono,2024-07-18,F,+256 70 966 5216,+256709665216,valid,Mukko,Mukono,variant_mapped,18/07/2024,2024-07-18,%d/%m/%Y,Female,F,mapped,,
CUST103229,Ssentongo Ssemakula,+256776430028,,Jinja,2022-06-17,M,+256776430028,+256776430028,valid,Jinja,Jinja,exact,2022-06-17,2022-06-17,%Y-%m-%d,Male,M,mapped,,REVIEW: possible duplicate
CUST103230,Michael Achieng,+256701653012,michael.achieng@hotmail.com,Gulu,2025-05-17,M,701653012,+256701653012,valid,Gulu,Gulu,exact,17/05/2025,2025-05-17,%d/%m/%Y,Male ,M,mapped,,
CUST103232,Godfrey Lubega,+256788069367,,Kampala,2025-01-29,F,078-806-9367,+256788069367,valid,Kampala1,Kampala,fuzzy_mapped,2025-01-29,2025-01-29,%Y-%m-%d,Female,F,mapped,,
CUST103233,Mukasa Mugisha,+256724620589,mukasamugisha96@hotmail.com,Jinja,,M,0724620589,+256724620589,valid,Jinja,Jinja,exact,,,missing,Male,M,mapped,CUST103481,
CUST103234,Harriet Ssemakula,+256756104549,harrietssemakula@mail.com,Wakiso,2022-10-27,F,+256756104549,+256756104549,valid,Wakiso,Wakiso,exact,2022-10-27,2022-10-27,%Y-%m-%d,Female,F,mapped,CUST104053,
CUST103235,Kyomuhendo Mubiru,+256756587033,,Mukono,2025-08-31,,256756587033,+256756587033,valid,Mukko,Mukono,variant_mapped,2025-08-31,2025-08-31,%Y-%m-%d,,,missing,,
CUST103237,Munezero Kibirige,+256746891933,munezero.kibirige@outlook.com,Mbarara,2022-03-24,F,0746891933,+256746891933,valid,Mbarara,Mbarara,exact,2022-03-24,2022-03-24,%Y-%m-%d,Female,F,mapped,,
CUST103238,Ronald Ninsiima,+256714869451,ronaldninsiima75@outlook.com,Masaka,2021-02-15,,714869451,+256714869451,valid,masaka,Masaka,exact,2021-02-15,2021-02-15,%Y-%m-%d,,,missing,,
CUST103241,Naomi Ahabwe,+256798063384,naomi.ahabwe@hotmail,Soroti,2022-06-27,F,+256798063384,+256798063384,valid,Soroti,Soroti,exact,27-06-2022,2022-06-27,%d-%m-%Y,Female,F,mapped,,
CUST103243,Ssempebwa Okello,+256743700180,ssempebwa.okello@gmail.com,Kitgum,2022-04-11,M,0743700180,+256743700180,valid,Kitgum,Kitgum,exact,2022-04-11,2022-04-11,%Y-%m-%d,M,M,mapped,,
CUST103245,Achieng Nabirye,+256703320448,,Mbarara,2021-10-26,F,0703320448,+256703320448,valid,Mbarara City,Mbarara,exact,26/10/2021,2021-10-26,%d/%m/%Y,Female,F,mapped,,
CUST103249,Rebecca Ninsiima,+256701608380,rebecca.ninsiima@mail.com,Jinja,2024-07-14,M,+256701608380,+256701608380,valid,Jinja,Jinja,exact,2024-07-14,2024-07-14,%Y-%m-%d,Male,M,mapped,,
CUST103250,Florence Kizza,+256797968989,florencekizza42@gmail.com,Kabale,2022-07-07,M,0797968989,+256797968989,valid,kabale,Kabale,exact,07/07/2022,2022-07-07,%d/%m/%Y,M,M,mapped,,
CUST103251,Kizza Ssentongo,+256755635099,kizza.ssentongo@hotmail.com,Mbarara,2021-04-02,M,256755635099,+256755635099,valid,Mbarara,Mbarara,exact,2021-04-02,2021-04-02,%Y-%m-%d,Male,M,mapped,,
CUST103252,OKELLO NABIRYE,,,Gulu,2025-04-07,M,,,missing,Gulu,Gulu,exact,07/04/2025,2025-04-07,%d/%m/%Y,Male,M,mapped,,REVIEW: possible duplicate
CUST103256,Wasswa Nakato,+256750326639,wasswa.nakato@hotmail.com,Mbale,2024-07-21,M,0750326639,+256750326639,valid,mbale,Mbale,exact,2024-07-21,2024-07-21,%Y-%m-%d,Male,M,mapped,,
CUST103258,Okello Nakato,+256745461787,,Kampala,2025-06-22,M,+256 74 546 1787,+256745461787,valid,Kampala,Kampala,exact,22/06/2025,2025-06-22,%d/%m/%Y,M,M,mapped,,
CUST103259,Joan Lubega,+256722521068,joan.lubega@gmail.com,Wakiso,,F,0722521068,+256722521068,valid,Wakiso,Wakiso,exact,,,missing,Female,F,mapped,,
CUST103262,Wanyama Atukunda,+256780510662,wanyama.atukunda@srg.co.ug,Mbarara,2022-06-29,F,780510662,+256780510662,valid,Mbarara,Mbarara,exact,29/06/2022,2022-06-29,%d/%m/%Y,Female,F,mapped,CUST103754,
CUST103263,Olweny Munezero,+256747160694,olweny.munezero@yahoo.com,Masaka,2021-05-31,M,+256747160694,+256747160694,valid,Masacka,Masaka,variant_mapped,31-05-2021,2021-05-31,%d-%m-%Y,Male,M,mapped,,
CUST103264,Rebecca Mugisha,+256757475498,rebecca.mugisha@srg.co.ug,Wakiso,2021-08-11,M,757475498,+256757475498,valid,Wakiso,Wakiso,exact,2021-08-11,2021-08-11,%Y-%m-%d,Male,M,mapped,,
CUST103265,Ssempebwa Nakato,+256774261652,ssempebwanakato54@gmail.com,Gulu,2024-09-02,,+256774261652,+256774261652,valid,Gulu District,Gulu,variant_mapped,2024-09-02,2024-09-02,%Y-%m-%d,,,missing,CUST104828,
CUST103266,John Atukunda,+256778435719,johnatukunda38@gmail,Mbale,2025-07-14,M,256778435719,+256778435719,valid,Mballa,Mbale,variant_mapped,2025-07-14,2025-07-14,%Y-%m-%d,Male,M,mapped,,
CUST103267,Tumusiime Guma,+256715941669,tumusiime.guma@outlook.com,Kampala,2022-01-06,M,+256715941669,+256715941669,valid,Kampala,Kampala,exact,2022-01-06,2022-01-06,%Y-%m-%d,Male ,M,mapped,,
CUST103268,Phoebe Kizza,+256714774892,phoebe.kizza@yahoo.com,Jinja,2021-03-21,F,+256714774892,+256714774892,valid,Jinja,Jinja,exact,2021-03-21,2021-03-21,%Y-%m-%d,Female,F,mapped,,
CUST103269,Andrew Ssemakula,+256798397059,andrewssemakula@yahoo.com,Kalangala,2025-10-16,,+256798397059,+256798397059,valid,Kalangala,Kalangala,exact,16/10/2025,2025-10-16,%d/%m/%Y,,,missing,,
CUST103270,Sheila Nabbanja,+256796294218,sheila.nabbanja@hotmail.com,Entebbe,,F,256796294218,+256796294218,valid,Entebbe City,Entebbe,variant_mapped,,,missing,Female,F,mapped,,
CUST103271,Michael Kyomuhendo,+256770775906,michaelkyomuhendo@outlook.com,Kampala,2022-11-11,M,256770775906,+256770775906,valid,Kampala,Kampala,exact,2022-11-11,2022-11-11,%Y-%m-%d,Male,M,mapped,,
CUST103273,Grace Guma,+256782366295,grace.guma@yahoo.com,Kampala,2025-07-16,M,256782366295,+256782366295,valid,Kampala,Kampala,exact,16-07-2025,2025-07-16,%d-%m-%Y,Male,M,mapped,,REVIEW: possible duplicate
CUST103274,Juliet,+256731661616,juliet@outlook.com,Mbale,2023-07-17,F,073-166-1616,+256731661616,valid,Mbale,Mbale,exact,17/07/2023,2023-07-17,%d/%m/%Y,Female,F,mapped,,
CUST103275,Butime Atim,+256735353416,butime.atim@yahoo.com,Rakai,2021-11-20,F,735353416,+256735353416,valid,rakai,Rakai,exact,2021-11-20,2021-11-20,%Y-%m-%d,Female,F,mapped,,
CUST103276,Beatrice Ouma,+256777966779,beatrice.ouma@gmail.com,Jinja,2023-08-17,F,077-796-6779,+256777966779,valid,Jinja,Jinja,exact,2023-08-17,2023-08-17,%Y-%m-%d,Female,F,mapped,,
CUST103277,Ronald Ssimbwa,+256750547748,ronald.ssimbwa@outlook.com,Mukono,2023-09-16,,0750547748,+256750547748,valid,Mukono,Mukono,exact,16/09/2023,2023-09-16,%d/%m/%Y,,,missing,,
CUST103278,Alexander Guma,,alexander.guma@yahoo.com,Nebbi,2024-04-17,F,,,missing,Nebbi,Nebbi,exact,2024-04-17,2024-04-17,%Y-%m-%d,Female,F,mapped,,
CUST103279,Mugisha Nabbanja,+256707101826,mugishanabbanja5@mail.com,Luwero,2022-06-14,M,070-710-1826,+256707101826,valid,Luwero District,Luwero,variant_mapped,2022-06-14,2022-06-14,%Y-%m-%d,Male,M,mapped,,
CUST103282,Isaac Lubega,+256719181487,isaaclubega71@hotmail.com,Wakiso,2025-02-19,F,+256 71 918 1487,+256719181487,valid,Wakiso,Wakiso,exact,2025-02-19,2025-02-19,%Y-%m-%d,Female,F,mapped,,
CUST103283,Nalubega Robert,+256770234472,nalubega.robert@mail.com,Mbale,2021-07-08,M,+256770234472,+256770234472,valid,Mbale,Mbale,exact,2021-07-08,2021-07-08,%Y-%m-%d,Male,M,mapped,,
CUST103284,Ninsiima Ninsiima,+256719088143,ninsiima.ninsiima@outlook.com,Kampala,2023-09-22,F,071-908-8143,+256719088143,valid,Kampala,Kampala,exact,22/09/2023,2023-09-22,%d/%m/%Y,F,F,mapped,,
CUST103285,Ssimbwa Ssekandi,+256744794236,ssimbwa.ssekandi@srg.co.ug,Hoima,2024-02-26,M,0744794236,+256744794236,valid,Hoima,Hoima,exact,2024-02-26,2024-02-26,%Y-%m-%d,Male,M,mapped,,
CUST103286,Ssekandi Nakato,+256721610194,ssekandi.nakato@outlook.com,Lira,2022-06-02,M,+256721610194,+256721610194,valid,Lira District,Lira,variant_mapped,02-06-2022,2022-06-02,%d-%m-%Y,Male,M,mapped,,
CUST103287,Phoebe Atim,+256715519070,phoebe.atim@gmail.com,Wakiso,2022-06-26,F,+256 71 551 9070,+256715519070,valid,wakiso,Wakiso,exact,26/06/2022,2022-06-26,%d/%m/%Y,Female,F,mapped,,
CUST103288,Beatrice Butime,+256750315307,beatrice.butime@yahoo.com,Sembabule,2021-06-23,F,075-031-5307,+256750315307,valid,Sembabule,Sembabule,exact,2021-06-23,2021-06-23,%Y-%m-%d,Female,F,mapped,,
CUST103289,Ruth Kizza,,,Wakiso,2021-02-25,F,,,missing,Wakiso,Wakiso,exact,2021-02-25,2021-02-25,%Y-%m-%d,F,F,mapped,,
CUST103294,Mary Mubiru,+256775705049,marymubiru@outlook.com,Mukono,2024-08-17,M,0775705049,+256775705049,valid,Mukono,Mukono,exact,2024-08-17,2024-08-17,%Y-%m-%d,M,M,mapped,,
CUST103295,Kambale Nabbanja,,kambale.nabbanja@mail.com,Kiruhura,2021-03-31,F,,,missing,Kiruhura,Kiruhura,exact,2021-03-31,2021-03-31,%Y-%m-%d,F,F,mapped,CUST103527,
CUST103298,Mugisha Katusiime,+256735730735,mugisha.katusiime@hotmail.com,Kampala,2025-08-17,M,256735730735,+256735730735,valid,Kampala,Kampala,exact,2025-08-17,2025-08-17,%Y-%m-%d,M,M,mapped,,
CUST103300,Ssimbwa Atim,+256750286890,ssimbwa.atim@hotmail.com,Lira,2021-09-05,M,0750286890,+256750286890,valid,Lira,Lira,exact,05/09/2021,2021-09-05,%d/%m/%Y,Male,M,mapped,,
CUST103302,Ssemakula Ahabwe,+256746253989,ssemakulaahabwe56@outlook.com,Jinja,2023-09-30,,074-625-3989,+256746253989,valid,Jinja,Jinja,exact,30/09/2023,2023-09-30,%d/%m/%Y, ,,missing,,
CUST103303,Michael Butime,+256734276288,michael.butime@srg.co.ug,Masaka,,M,073-427-6288,+256734276288,valid,Masaka,Masaka,exact,,,missing,Male,M,mapped,,
CUST103306,Phoebe Kibirige,+256727049602,phoebekibirige79mail.com,Kabale,2021-01-06,,256727049602,+256727049602,valid,Kabale,Kabale,exact,06/01/2021,2021-01-06,%d/%m/%Y,,,missing,,
CUST103307,Godfrey Nalubega,+256730328116,godfrey.nalubega@yahoo.com,Gulu,2023-09-10,F,+256730328116,+256730328116,valid,Gulu,Gulu,exact,2023-09-10,2023-09-10,%Y-%m-%d,Female,F,mapped,,
CUST103308,Katusiime Nankya,+256791091789,katusiime.nankya@mail.com,Kampala,2022-02-17,F,791091789,+256791091789,valid,Kampala,Kampala,exact,17-02-2022,2022-02-17,%d-%m-%Y,Female,F,mapped,,
CUST103309,Beatrice Nsereko,+256790920409,beatrice.nsereko@srg.co.ug,Kabale,2024-09-24,,+256790920409,+256790920409,valid,Kabale,Kabale,exact,24-09-2024,2024-09-24,%d-%m-%Y,,,missing,,
CUST103310,Katusiime Kibirige,+256788276069,katusiime.kibirige@hotmail.com,Mbarara,2024-04-03,F,0788276069,+256788276069,valid,Mbarara,Mbarara,exact,03-04-2024,2024-04-03,%d-%m-%Y,F,F,mapped,,
CUST103311,Kamoga Kambale,+256710347570,kamoga.kambale@mail.com,Kitgum,2023-02-27,M,+256710347570,+256710347570,valid,Kitgum,Kitgum,exact,27-02-2023,2023-02-27,%d-%m-%Y,Male,M,mapped,CUST104891,
CUST103312,Nakayiza Achieng,+256773947842,nakayiza.achieng@hotmail.com,Hoima,2022-08-26,F,0773947842,+256773947842,valid,Hoima,Hoima,exact,2022-08-26,2022-08-26,%Y-%m-%d,Female,F,mapped,CUST104413,
CUST103313,Katusiime Nabirye,+256794535735,katusiimenabirye@srg.co.ug,Gulu,2023-09-05,F,0794535735,+256794535735,valid,Gulu,Gulu,exact,2023-09-05,2023-09-05,%Y-%m-%d,Female,F,mapped,,
CUST103314,Mubiru Kamoga,+256727114213,mubiru.kamoga@mail.com,Kampala,2021-01-27,M,727114213,+256727114213,valid,Kampala,Kampala,exact,2021-01-27,2021-01-27,%Y-%m-%d,Male,M,mapped,,
CUST103315,Kamoga Kibirige,+256784509556,kamoga.kibirige@mail.com,Mukono,,M,784509556,+256784509556,valid,Mukono,Mukono,exact,,,missing,Male,M,mapped,,
CUST103316,John Kyebambe,,john.kyebambe@gmail.com,Mukono,2024-11-05,M,,,missing,Mukko,Mukono,variant_mapped,2024-11-05,2024-11-05,%Y-%m-%d,M,M,mapped,,
CUST103318,Grace Wanyama,,,Kampala,2024-05-20,M,,,missing,Kampala,Kampala,exact,2024-05-20,2024-05-20,%Y-%m-%d,Male,M,mapped,,REVIEW: possible duplicate
CUST103321,Ssempebwa Nankya,,ssempebwanankya11@outlook.com,Mukono,2025-04-20,,,,missing,Mukono,Mukono,exact,20/04/2025,2025-04-20,%d/%m/%Y,,,missing,,
CUST103322,Mercy Ninsiima,+256791037400,mercy.ninsiima@srg.co.ug,Isingiro,2024-08-19,F,+256791037400,+256791037400,valid,Isingiro,Isingiro,exact,2024-08-19,2024-08-19,%Y-%m-%d,Female,F,mapped,CUST102270,
CUST103325,Guma Wasswa,+256796237680,gumawasswa@mail.com,Mbarara,2021-04-12,M,0796237680,+256796237680,valid,Mbarara,Mbarara,exact,2021-04-12,2021-04-12,%Y-%m-%d,M,M,mapped,CUST103531,
CUST103326,Esther Nsereko,+256798029027,esther.nsereko@outlook.com,Gulu,2023-08-12,M,+256798029027,+256798029027,valid,Gulu,Gulu,exact,2023-08-12,2023-08-12,%Y-%m-%d,M,M,mapped,CUST104426,
CUST103327,Kyomuhendo Byaruhanga,+256787290386,,Lira,2023-10-31,M,0787290386,+256787290386,valid,Lira,Lira,exact,31/10/2023,2023-10-31,%d/%m/%Y,Male,M,mapped,,
CUST103329,Esther,+256786727776,esther@outlook.com,Mbarara,2022-09-03,M,+256786727776,+256786727776,valid,Mbarara,Mbarara,exact,2022-09-03,2022-09-03,%Y-%m-%d,M,M,mapped,,
CUST103330,Mercy Katusiime,+256772763365,mercy.katusiime@gmail.com,Gulu,2024-08-19,,772763365,+256772763365,valid,Gulu,Gulu,exact,2024-08-19,2024-08-19,%Y-%m-%d,,,missing,,
CUST103331,Wasswa Mary,+256739280641,wasswamary99@yahoo.com,Kalangala,2022-05-14,M,+256739280641,+256739280641,valid,Kalangala,Kalangala,exact,14/05/2022,2022-05-14,%d/%m/%Y,M,M,mapped,,
CUST103332,Ssentongo Nakayiza,+256718223860,ssentongonakayiza69@outlook,Wakiso,2025-09-12,M,+256 71 822 3860,+256718223860,valid,Wakiso,Wakiso,exact,2025-09-12,2025-09-12,%Y-%m-%d,M,M,mapped,,
CUST103334,Phoebe Nakato,+256788808225,phoebenakato32@yahoo.com,Kampala,2024-07-03,,+256 78 880 8225,+256788808225,valid,Kampala,Kampala,exact,03/07/2024,2024-07-03,%d/%m/%Y,,,missing,CUST104339,
CUST103335,Brian Tumusiime,+256718900582,brian.tumusiime@mail.com,Mukono,2023-05-05,M,+256718900582,+256718900582,valid,Mukono,Mukono,exact,2023-05-05,2023-05-05,%Y-%m-%d,Male,M,mapped,,
CUST103336,Guma Olweny,+256741823781,guma.olweny@gmail.com,Kiboga,2024-11-23,M,0741823781,+256741823781,valid,kiboga,Kiboga,exact,2024-11-23,2024-11-23,%Y-%m-%d,Male,M,mapped,,
CUST103338,Ssimbwa Atim,,ssimbwa.atim@mail.com,Kampala,2022-01-11,M,,,missing,Kampala,Kampala,exact,2022-01-11,2022-01-11,%Y-%m-%d,Male,M,mapped,,
CUST103339,Rebecca Ssempebwa,+256782648486,rebecca.ssempebwa@mail.com,Iganga,2023-05-14,M,0782648486,+256782648486,valid,Iganga,Iganga,exact,14/05/2023,2023-05-14,%d/%m/%Y,Male,M,mapped,,
CUST103340,Wanyama John,+256740157910,wanyama.john@srg.co.ug,Kampala,2024-04-11,M,+256740157910,+256740157910,valid,Kampala,Kampala,exact,2024-04-11,2024-04-11,%Y-%m-%d,Male,M,mapped,,
CUST103341,Mubiru Ssebugwawo,+256799726632,mubirussebugwawo39@gmail.com,Jinja,2021-12-20,M,0799726632,+256799726632,valid,Jinja City,Jinja,exact,2021-12-20,2021-12-20,%Y-%m-%d,Male,M,mapped,,
CUST103343,Collins Kambale,+256791665881,collins.kambale@yahoo.com,Wakiso,2024-12-06,,+256791665881,+256791665881,valid,Wakiso,Wakiso,exact,2024-12-06,2024-12-06,%Y-%m-%d,,,missing,,
CUST103344,Nakiganda Ninsiima,+256754351939,nakiganda.ninsiima@hotmail.com,Mbale,2022-01-13,F,+256754351939,+256754351939,valid,Mballa,Mbale,variant_mapped,13/01/2022,2022-01-13,%d/%m/%Y,Female,F,mapped,,
CUST103345,Kyomuhendo Mukasa,+256700498593,kyomuhendo.mukasa@mail.com,Tororo,2024-06-11,F,700498593,+256700498593,valid,Tororo,Tororo,exact,2024-06-11,2024-06-11,%Y-%m-%d,Female,F,mapped,,
CUST103346,Nabirye Kamoga,+256723897976,nabirye.kamoga@outlook.com,Jinja,2024-10-27,,256723897976,+256723897976,valid,Jinja,Jinja,exact,2024-10-27,2024-10-27,%Y-%m-%d,,,missing,CUST103874,
CUST103347,Jane Kyomuhendo,+256718493827,jane.kyomuhendo@mail.com,Wakiso,2025-07-08,M,+256 71 849 3827,+256718493827,valid,Wakiso,Wakiso,exact,2025-07-08,2025-07-08,%Y-%m-%d,Male,M,mapped,,
CUST103348,Daniel Ouma,+256738417082,daniel.oumasrg.co.ug,Gulu,2023-11-04,,073-841-7082,+256738417082,valid,Gulu,Gulu,exact,04-11-2023,2023-11-04,%d-%m-%Y,,,missing,,
CUST103350,Okello Kyebambe,+256740863767,okellokyebambe33@gmail.com,Kampala,2023-09-14,,+256740863767,+256740863767,valid,Kampala,Kampala,exact,2023-09-14,2023-09-14,%Y-%m-%d,,,missing,,
CUST103351,Kyomuhendo Ssentongo,+256782710052,kyomuhendo.ssentongo@hotmail.com,Wakiso,,M,0782710052,+256782710052,valid,Wakiso,Wakiso,exact,,,missing,Male,M,mapped,,
CUST103352,Ruth Byaruhanga,+256733476838,ruth.byaruhanga@gmail.com,Wakiso,2023-03-10,F,733476838,+256733476838,valid,Wakiso District,Wakiso,variant_mapped,10-03-2023,2023-03-10,%d-%m-%Y,Female,F,mapped,,
CUST103353,Ssimbwa Nankya,+256751342111,ssimbwa.nankyamail.com,Kampala,2021-11-10,,256751342111,+256751342111,valid,Kampala,Kampala,exact,10/11/2021,2021-11-10,%d/%m/%Y,,,missing,,
CUST103357,Grace Nalubega,+256730260706,grace.nalubega@outlook.com,Gulu,2021-01-19,M,0730260706,+256730260706,valid,Gulu,Gulu,exact,19-01-2021,2021-01-19,%d-%m-%Y,Male ,M,mapped,,
CUST103358,Florence Munezero,+256791878978,florence.munezero@outlook.com,Lira,2023-11-16,M,+256 79 187 8978,+256791878978,valid,Lira,Lira,exact,16/11/2023,2023-11-16,%d/%m/%Y,M,M,mapped,,
CUST103359,Mugisha Stephen,+256784330995,mugisha.stephen@outlook.com,Kampala,2024-09-13,F,+256 78 433 0995,+256784330995,valid,Kampala,Kampala,exact,2024-09-13,2024-09-13,%Y-%m-%d,F,F,mapped,,
CUST103361,Catherine Ssentongo,+256716170676,catherinessentongo20@gmail.com,Wakiso,2022-09-02,M,071-617-0676,+256716170676,valid,Wakiso,Wakiso,exact,2022-09-02,2022-09-02,%Y-%m-%d,M,M,mapped,,
CUST103362,Wasswa Nalubega,+256796172889,wasswa.nalubega@hotmail.com,Kabale,2021-03-28,M,+256796172889,+256796172889,valid,Kabale,Kabale,exact,2021-03-28,2021-03-28,%Y-%m-%d,Male,M,mapped,CUST104034,
CUST103363,Nalubega Butime,+256754297603,nalubega.butime@yahoo.com,Gulu,2022-09-15,F,0754297603,+256754297603,valid,Gulu,Gulu,exact,2022-09-15,2022-09-15,%Y-%m-%d,F,F,mapped,,REVIEW: possible duplicate
CUST103364,Sarah Kizza,+256787038560,sarah.kizza@gmail.com,Lira,2021-01-31,M,787038560,+256787038560,valid,Lira,Lira,exact,31-01-2021,2021-01-31,%d-%m-%Y,Male,M,mapped,,
CUST103365,Ssempebwa Wanyama,+256770709686,ssempebwawanyama@hotmail.com,Mbarara,2021-03-31,M,256770709686,+256770709686,valid,Mbarara City,Mbarara,exact,2021-03-31,2021-03-31,%Y-%m-%d,Male,M,mapped,,
CUST103366,Mukasa Munezero,+256753744936,mukasa.munezero@mail.com,Wakiso,2025-02-28,F,753744936,+256753744936,valid,Wakiso,Wakiso,exact,2025-02-28,2025-02-28,%Y-%m-%d,F,F,mapped,,
CUST103367,Katusiime Nakiganda,+256778271544,katusiimenakiganda3@gmail,Jinja,2025-06-28,F,0778271544,+256778271544,valid,Jinja,Jinja,exact,28/06/2025,2025-06-28,%d/%m/%Y,Female,F,mapped,,
CUST103369,Peter Kyomuhendo,,peter.kyomuhendo@outlook.com,Gulu,2021-02-15,M,,,missing,Gulu,Gulu,exact,2021-02-15,2021-02-15,%Y-%m-%d,Male,M,mapped,,
CUST103370,Mary Ssemakula,+256721504981,mary.ssemakula@srg.co.ug,Kiboga,2021-02-24,M,+256 72 150 4981,+256721504981,valid,Kiboga,Kiboga,exact,2021-02-24,2021-02-24,%Y-%m-%d,Male,M,mapped,,
CUST103373,John Munezero,+256705114029,john.munezero@gmail.com,Sembabule,2022-07-17,M,705114029,+256705114029,valid,Sembabule,Sembabule,exact,2022-07-17,2022-07-17,%Y-%m-%d,Male,M,mapped,,
CUST103374,Ssemakula Harriet,+256726973188,ssemakula.harriet@hotmail.com,Gulu,,F,+256 72 697 3188,+256726973188,valid,Gulu,Gulu,exact,,,missing,Female,F,mapped,,
CUST103375,Okello Kyomuhendo,+256708062528,okello.kyomuhendo@gmail.com,Wakiso,2024-06-28,,0708062528,+256708062528,valid,Wakiso,Wakiso,exact,28/06/2024,2024-06-28,%d/%m/%Y,,,missing,,
CUST103376,Olweny Kibirige,+256774075375,olweny.kibirige@outlook.com,Kampala,2023-09-05,M,0774075375,+256774075375,valid,Kampala,Kampala,exact,05-09-2023,2023-09-05,%d-%m-%Y,Male,M,mapped,,
CUST103377,Kato Ssentongo,+256727183490,kato.ssentongo@yahoo.com,Wakiso,2024-12-13,M,0727183490,+256727183490,valid,Wakiso,Wakiso,exact,2024-12-13,2024-12-13,%Y-%m-%d,Male,M,mapped,,
CUST103378,Grace Wanyama,+256728393955,grace.wanyama@mail.com,Hoima,2023-11-18,M,0728393955,+256728393955,valid,Hoima,Hoima,exact,18/11/2023,2023-11-18,%d/%m/%Y,Male,M,mapped,,
CUST103379,Samuel Nankya,+256721733269,samuel.nankya@mail.com,Lira,2023-12-27,M,0721733269,+256721733269,valid,Lira District,Lira,variant_mapped,2023-12-27,2023-12-27,%Y-%m-%d,Male,M,mapped,,
CUST103380,Munezero Ssekandi,+256751194977,munezerossekandi79@gmail.com,Mukono,2021-06-01,F,0751194977,+256751194977,valid,Mukono,Mukono,exact,2021-06-01,2021-06-01,%Y-%m-%d,Female,F,mapped,,
CUST103381,Nabbanja John,+256747260864,nabbanja.john@yahoo.com,Kampala,2024-09-11,,0747260864,+256747260864,valid,kampala district,Kampala,variant_mapped,11-09-2024,2024-09-11,%d-%m-%Y,,,missing,CUST103730,
CUST103382,Timothy Kamoga,+256799210438,timothy.kamoga@mail.com,Masindi,2025-09-29,F,079-921-0438,+256799210438,valid,Masindi,Masindi,exact,29/09/2025,2025-09-29,%d/%m/%Y,Female,F,mapped,,
CUST103383,Kibirige,+256721640735,kibirige@yahoo.com,Mbale City,2023-08-28,M,0721640735,+256721640735,valid,Mbale City,Mbale City,exact,2023-08-28,2023-08-28,%Y-%m-%d,Male,M,mapped,CUST103899,
CUST103384,Ssimbwa Godfrey,+256741805259,ssimbwa.godfrey@gmail.com,Mbarara,2025-09-14,F,0741805259,+256741805259,valid,Mbarara,Mbarara,exact,14/09/2025,2025-09-14,%d/%m/%Y,Female,F,mapped,,
CUST103385,Daniel Nakiganda,+256734258498,daniel.nakiganda@mail.com,Kampala,2023-05-29,M,256734258498,+256734258498,valid,Kampala,Kampala,exact,2023-05-29,2023-05-29,%Y-%m-%d,Male,M,mapped,,
CUST103386,Sheila Byaruhanga,+256712953753,,Kampala,2022-09-05,,+256712953753,+256712953753,valid,Kampala,Kampala,exact,05/09/2022,2022-09-05,%d/%m/%Y,,,missing,,
CUST103387,Ssemakula Achieng,+256783283368,ssemakula.achieng@hotmail.com,Kitgum,,M,+256783283368,+256783283368,valid,Kitgum,Kitgum,exact,,,missing,Male,M,mapped,,
CUST103388,Patrick Mubiru,+256730105420,patrickmubiru64@outlook.com,Soroti,2024-08-07,F,0730105420,+256730105420,valid,Soroti,Soroti,exact,2024-08-07,2024-08-07,%Y-%m-%d,Female,F,mapped,,
CUST103389,Lubega Nalubega,+256717962981,lubeganalubega63@yahoo.com,Kayunga,,,717962981,+256717962981,valid,Kayunga,Kayunga,exact,,,missing,,,missing,,
CUST103391,Ronald Nsereko,+256736042113,ronald.nsereko@hotmail.com,Mbarara,2024-02-22,,+256736042113,+256736042113,valid,Mbarara,Mbarara,exact,2024-02-22,2024-02-22,%Y-%m-%d,,,missing,,
CUST103393,Isaac Nakato,+256705628041,isaacnakato@gmail.com,Kampala,2023-12-13,F,0705628041,+256705628041,valid,Kampala,Kampala,exact,2023-12-13,2023-12-13,%Y-%m-%d,Female ,F,mapped,,
CUST103394,Stephen Nabirye,+256753362758,stephennabirye@hotmail.com,Arua,2023-09-27,F,0753362758,+256753362758,valid,arua,Arua,exact,2023-09-27,2023-09-27,%Y-%m-%d,Female,F,mapped,CUST104310,
CUST103395,Ouma Timothy,+256724351525,oumatimothy34@outlook.com,Kampala,2025-01-04,F,+256 72 435 1525,+256724351525,valid,Kampala,Kampala,exact,04/01/2025,2025-01-04,%d/%m/%Y,Female,F,mapped,,
CUST103397,Francis Mugisha,+256703539354,francismugisha53@yahoo.com,Jinja,2021-01-10,F,0703539354,+256703539354,valid,Jinja,Jinja,exact,2021-01-10,2021-01-10,%Y-%m-%d,Female,F,mapped,,
CUST103398,Atim Munezero,+256718922106,atim.munezero@srg.co.ug,Jinja,2022-12-12,F,0718922106,+256718922106,valid,Jinja,Jinja,exact,12/12/2022,2022-12-12,%d/%m/%Y,Female,F,mapped,,
CUST103400,Ssemakula Katusiime,+256747271327,ssemakulakatusiime70@srg.co.ug,Mbale,2021-10-31,,747271327,+256747271327,valid,Mbale,Mbale,exact,2021-10-31,2021-10-31,%Y-%m-%d,,,missing,,
CUST103402,Mubiru Butime,+256723973197,mubiru.butime@srg.co.ug,Mukono,2022-12-22,,+256723973197,+256723973197,valid,Mukono,Mukono,exact,22/12/2022,2022-12-22,%d/%m/%Y,,,missing,CUST104807,
CUST103403,Byaruhanga Isaac,+256742382887,byaruhanga.isaac@srg.co.ug,Fort Portal,2024-09-07,F,0742382887,+256742382887,valid,Fort Portal,Fort Portal,exact,2024-09-07,2024-09-07,%Y-%m-%d,Female,F,mapped,,
CUST103406,Isaac Ssemakula,+256776210760,isaacssemakula@yahoo.com,Mukono,2025-08-12,F,+256 77 621 0760,+256776210760,valid,Mukono,Mukono,exact,12/08/2025,2025-08-12,%d/%m/%Y,Female,F,mapped,,
CUST103407,Irene Wasswa,+256700561389,irene.wasswa@outlook.com,Mbale,2025-02-14,F,256700561389,+256700561389,valid,Mbale,Mbale,exact,2025-02-14,2025-02-14,%Y-%m-%d,Female,F,mapped,CUST104621,
CUST103408,Ssebugwawo Ouma,+256722344121,ssebugwawo.ouma@outlook.com,Jinja,2024-08-27,M,+256722344121,+256722344121,valid,jinja,Jinja,exact,2024-08-27,2024-08-27,%Y-%m-%d,Male,M,mapped,,
CUST103409,Joan Katusiime,+256753436584,joan.katusiime@mail.com,Jinja,2024-02-20,F,256753436584,+256753436584,valid,Jinja,Jinja,exact,2024-02-20,2024-02-20,%Y-%m-%d,F,F,mapped,,
CUST103411,Ouma Nabirye,+256735793566,ouma.nabirye@srg.co.ug,Mukono,2025-02-04,,0735793566,+256735793566,valid,Mukkono,Mukono,variant_mapped,2025-02-04,2025-02-04,%Y-%m-%d, ,,missing,CUST103795,
CUST103412,David Guma,+256728139528,david.guma@yahoo.com,Wakiso,2024-07-15,M,+256728139528,+256728139528,valid,Wakiso,Wakiso,exact,2024-07-15,2024-07-15,%Y-%m-%d,Male,M,mapped,,
CUST103413,David Nabbanja,+256796981863,davidnabbanja28@gmail.com,Kabale,2025-05-22,M,+256 79 698 1863,+256796981863,valid,Kabale,Kabale,exact,2025-05-22,2025-05-22,%Y-%m-%d,Male,M,mapped,,
CUST103414,Naomi Mugisha,,naomi.mugisha@yahoo.com,Kayunga,2021-01-12,F,,,missing,Kayunga,Kayunga,exact,12-01-2021,2021-01-12,%d-%m-%Y,Female ,F,mapped,,
CUST103415,Beatrice Ninsiima,+256773582710,beatrice.ninsiima@hotmail.com,Arua,2023-06-04,F,256773582710,+256773582710,valid,Arua,Arua,exact,2023-06-04,2023-06-04,%Y-%m-%d,Female,F,mapped,,
CUST103416,Robert Kamoga,+256713420855,,Arua,2022-05-11,M,+256713420855,+256713420855,valid,Arua,Arua,exact,2022-05-11,2022-05-11,%Y-%m-%d,Male,M,mapped,,
CUST103417,Stephen Kamoga,,stephen.kamoga@outlook.com,Gulu,,F,,,missing,Gulu,Gulu,exact,,,missing,Female,F,mapped,,
CUST103420,Byaruhanga Ssekandi,+256716134572,byaruhanga.ssekandi@outlook.com,Jinja,2024-09-01,M,+256 71 613 4572,+256716134572,valid,Jinjja,Jinja,variant_mapped,01/09/2024,2024-09-01,%d/%m/%Y,Male,M,mapped,,
CUST103421,Olweny Butime,,olweny.butime@srg.co.ug,Mbarara,2023-11-07,M,,,missing,Mbarara,Mbarara,exact,2023-11-07,2023-11-07,%Y-%m-%d,Male,M,mapped,,
CUST103422,Sheila Lubega,+256781727494,,Kiruhura,2024-12-06,F,+256781727494,+256781727494,valid,Kiruhura,Kiruhura,exact,2024-12-06,2024-12-06,%Y-%m-%d,Female,F,mapped,,
CUST103423,Nsereko Nankya,+256738606827,nserekonankya@gmail.com,Kabale,2022-03-08,M,+256738606827,+256738606827,valid,Kabale,Kabale,exact,2022-03-08,2022-03-08,%Y-%m-%d,Male,M,mapped,CUST104988,
CUST103424,Lubega Kafeero,+256746895725,lubega.kafeero@mail.com,Bushenyi,2023-03-26,,+256746895725,+256746895725,valid,Bushenyi,Bushenyi,exact,26/03/2023,2023-03-26,%d/%m/%Y,,,missing,,
CUST103425,Katusiime Mubiru,+256781051448,katusiimemubiruyahoo.com,Mbale,2025-02-15,,781051448,+256781051448,valid,Mbale,Mbale,exact,2025-02-15,2025-02-15,%Y-%m-%d, ,,missing,,
CUST103426,Jane Olweny,+256727994720,jane.olweny@srg.co.ug,Kampala,2025-05-10,M,0727994720,+256727994720,valid,Kampala,Kampala,exact,10/05/2025,2025-05-10,%d/%m/%Y,Male,M,mapped,,
CUST103428,Grace Nabbanja,,grace.nabbanja@hotmail.com,Kasese,2024-11-17,M,,,missing,kasese,Kasese,exact,17/11/2024,2024-11-17,%d/%m/%Y,Male,M,mapped,,
CUST103429,Atim Kizza,+256774681269,atimkizza53@yahoo.com,Kayunga,2022-11-03,,774681269,+256774681269,valid,Kayunga,Kayunga,exact,2022-11-03,2022-11-03,%Y-%m-%d,,,missing,,
CUST103430,Lubega Phoebe,+256779008061,lubega.phoebe@mail.com,Gulu,2021-01-31,F,+256779008061,+256779008061,valid,Gulu,Gulu,exact,2021-01-31,2021-01-31,%Y-%m-%d,Female,F,mapped,,
CUST103431,Catherine Achieng,+256796196984,catherineachieng91@srg.co.ug,Jinja,2024-08-01,M,0796196984,+256796196984,valid,Jinja,Jinja,exact,2024-08-01,2024-08-01,%Y-%m-%d,Male,M,mapped,,
CUST103432,Peter Mukasa,+256787726789,peter.mukasa@outlook.com,Kampala,2022-02-02,M,787726789,+256787726789,valid,Kampala,Kampala,exact,2022-02-02,2022-02-02,%Y-%m-%d,M,M,mapped,,
CUST103433,Olweny Byaruhanga,+256707188868,olweny.byaruhanga@srg.co.ug,Kampala,2022-10-20,M,0707188868,+256707188868,valid,Kampala,Kampala,exact,2022-10-20,2022-10-20,%Y-%m-%d,Male,M,mapped,,
CUST103434,Irene Namubiru,+256770504036,irene.namubiru@hotmail.com,Arua,2023-02-15,F,256770504036,+256770504036,valid,Arua City,Arua,exact,2023-02-15,2023-02-15,%Y-%m-%d,Female,F,mapped,,
CUST103435,Juliet Nakato,+256711412091,juliet.nakato@mail.com,Kampala,2022-03-20,F,+256 71 141 2091,+256711412091,valid,Kampala,Kampala,exact,2022-03-20,2022-03-20,%Y-%m-%d,Female,F,mapped,CUST104818,
CUST103440,Namutebi Okello,+256706343420,namutebi.okello@hotmail.com,Wakiso,2022-01-16,F,+256706343420,+256706343420,valid,Wakiso,Wakiso,exact,16-01-2022,2022-01-16,%d-%m-%Y,Female,F,mapped,,
CUST103441,Stephen Atim,+256734983068,stephenatim85@hotmail.com,Mukono,2025-03-10,F,+256 73 498 3068,+256734983068,valid,Mukono,Mukono,exact,10/03/2025,2025-03-10,%d/%m/%Y,F,F,mapped,CUST104910,
CUST103444,Esther Okello,,estherokello@yahoo.com,Kabale,2024-03-07,M,,,missing,Kabale,Kabale,exact,07/03/2024,2024-03-07,%d/%m/%Y,Male,M,mapped,,
CUST103445,Michael Okello,+256729065399,michael.okello@outlook.com,Arua,2024-11-22,M,256729065399,+256729065399,valid,Arua,Arua,exact,2024-11-22,2024-11-22,%Y-%m-%d,M,M,mapped,,
CUST103447,Nsereko Ssempebwa,+256789999204,nsereko.ssempebwa@yahoo.com,Sembabule,2025-02-18,M,789999204,+256789999204,valid,Sembabule,Sembabule,exact,2025-02-18,2025-02-18,%Y-%m-%d,Male,M,mapped,,
CUST103448,Andrew Kafeero,+256786917591,andrew.kafeero@mail.com,Mukono,2025-10-15,F,+256 78 691 7591,+256786917591,valid,Mukono,Mukono,exact,15-10-2025,2025-10-15,%d-%m-%Y,Female,F,mapped,CUST104861,
CUST103449,Jane Mubiru,+256717756900,jane.mubiru@outlook.com,Mukono,2021-07-10,M,717756900,+256717756900,valid,Mukono,Mukono,exact,10/07/2021,2021-07-10,%d/%m/%Y,Male,M,mapped,,
CUST103451,Ruth Mugisha,+256710549839,ruth.mugisha@srg.co.ug,Kalangala,2021-02-26,F,0710549839,+256710549839,valid,Kalangala,Kalangala,exact,26/02/2021,2021-02-26,%d/%m/%Y,Female,F,mapped,CUST104679,
CUST103452,Nsereko Ouma,+256710499322,nsereko.ouma@yahoo,Kampala,,M,+256710499322,+256710499322,valid,Kampala (Central),Kampala,variant_mapped,,,missing,Male,M,mapped,CUST100187,
CUST103453,Nalubega Ssimbwa,+256774644258,nalubegassimbwa54@hotmail.com,Hoima,2022-11-27,F,+256774644258,+256774644258,valid,Hoima,Hoima,exact,2022-11-27,2022-11-27,%Y-%m-%d,Female,F,mapped,,
CUST103454,Agnes Nakiganda,+256700473093,agnesnakiganda@gmail.com,Kampala,2021-11-09,,0700473093,+256700473093,valid,Kampala,Kampala,exact,09-11-2021,2021-11-09,%d-%m-%Y,,,missing,,
CUST103455,Wasswa Stephen,+256749548265,wasswa.stephen@outlook.com,Fort Portal,2022-03-02,F,+256749548265,+256749548265,valid,Fort Portal,Fort Portal,exact,02/03/2022,2022-03-02,%d/%m/%Y,F,F,mapped,,
CUST103457,Sheila Ssebugwawo,+256728801008,sheila.ssebugwawo@yahoo.com,Kampala,2021-06-30,F,+256728801008,+256728801008,valid,Kampala City,Kampala,variant_mapped,2021-06-30,2021-06-30,%Y-%m-%d,Female,F,mapped,CUST102850,
CUST103458,Peter Ssemakula,+256787391348,peter.ssemakula@mail.com,Gulu,2021-08-08,M,+256787391348,+256787391348,valid,Gulu,Gulu,exact,2021-08-08,2021-08-08,%Y-%m-%d,Male,M,mapped,,
CUST103459,Lubega Kambale,+256714055580,lubega.kambale@hotmail,Mbarara,,M,0714055580,+256714055580,valid,Mbarara,Mbarara,exact,,,missing,Male,M,mapped,,
CUST103460,Mercy Nabbanja,+256747829860,mercy.nabbanja@gmail.com,Jinja,2021-01-03,F,+256 74 782 9860,+256747829860,valid,Jinja,Jinja,exact,2021-01-03,2021-01-03,%Y-%m-%d,F,F,mapped,,
CUST103461,Kyebambe Kambale,+256740592342,kyebambe.kambale@mail.com,Kampala,2024-03-27,F,256740592342,+256740592342,valid,Kampala,Kampala,exact,2024-03-27,2024-03-27,%Y-%m-%d,Female,F,mapped,,
CUST103462,Atim Ssebugwawo,,atim.ssebugwawo@yahoo.com,Wakiso,2023-08-26,F,,,missing,Wakiso,Wakiso,exact,2023-08-26,2023-08-26,%Y-%m-%d,Female,F,mapped,,
CUST103465,Esther Nankya,+256702459049,esther.nankya@outlook,Jinja,2023-12-04,M,+256702459049,+256702459049,valid,Jinja,Jinja,exact,2023-12-04,2023-12-04,%Y-%m-%d,Male,M,mapped,,
CUST103466,Ahabwe Kambale,,ahabwe.kambale@yahoo.com,Mukono,2024-05-03,,,,missing,Mukono,Mukono,exact,2024-05-03,2024-05-03,%Y-%m-%d,,,missing,,
CUST103467,Ssentongo Nabbanja,+256706502309,ssentongo.nabbanja@outlook.com,Lyantonde,2024-09-02,M,+256 70 650 2309,+256706502309,valid,Lyantonde,Lyantonde,exact,2024-09-02,2024-09-02,%Y-%m-%d,Male,M,mapped,,
CUST103469,Guma Nankya,+256704864807,guma.nankya@mail.com,Mbarara,2025-02-08,M,0704864807,+256704864807,valid,MBARARA,Mbarara,exact,2025-02-08,2025-02-08,%Y-%m-%d,Male,M,mapped,,
CUST103470,Brian Mugisha,+256726818129,brian.mugisha@hotmail.com,Fort Portal,2025-04-09,M,+256726818129,+256726818129,valid,Kabarole,Fort Portal,exact,2025-04-09,2025-04-09,%Y-%m-%d,Male ,M,mapped,,
CUST103471,Ronald Mugisha,+256745433487,ronald.mugisha@yahoo.com,Gulu,2024-11-14,,0745433487,+256745433487,valid,Gulu,Gulu,exact,2024-11-14,2024-11-14,%Y-%m-%d,,,missing,CUST103619,
CUST103472,Ssemakula Mubiru,+256704690919,ssemakulamubiru80@mail.com,Kampala,2021-04-05,M,0704690919,+256704690919,valid,Kampala,Kampala,exact,05/04/2021,2021-04-05,%d/%m/%Y,Male,M,mapped,CUST103604,
CUST103475,Mercy Ouma,+256717373264,mercy.ouma@mail.com,Gulu,2025-08-12,F,0717373264,+256717373264,valid,Gulu District,Gulu,variant_mapped,2025-08-12,2025-08-12,%Y-%m-%d,Female ,F,mapped,CUST104044,
CUST103476,Nalubega Mugisha,+256719580236,nalubega.mugisha@srg.co.ug,Masaka,2022-10-27,,719580236,+256719580236,valid,Masaka,Masaka,exact,2022-10-27,2022-10-27,%Y-%m-%d,,,missing,,
CUST103477,Namutebi,+256715180084,namutebi@yahoo.com,Fort Portal,,F,+256715180084,+256715180084,valid,fort portal,Fort Portal,exact,,,missing,F,F,mapped,,
CUST103480,Munezero Nsereko,+256705947773,munezero.nsereko@outlook.com,Kampala,2023-11-26,F,0705947773,+256705947773,valid,Kampala,Kampala,exact,26/11/2023,2023-11-26,%d/%m/%Y,Female,F,mapped,,
CUST103482,Namubiru,+256770420391,namubiru@gmail.com,Masaka,2021-02-09,F,+256 77 042 0391,+256770420391,valid,Masaka,Masaka,exact,09-02-2021,2021-02-09,%d-%m-%Y,F,F,mapped,,
CUST103483,Namubiru Nankya,+256706715184,,Iganga,2023-10-27,F,706715184,+256706715184,valid,Iganga,Iganga,exact,2023-10-27,2023-10-27,%Y-%m-%d,Female,F,mapped,,
CUST103484,Francis Ssentongo,+256744274048,francisssentongo75@outlook.com,Wakiso,,F,744274048,+256744274048,valid,Wakiso,Wakiso,exact,,,missing,Female ,F,mapped,,
CUST103485,Collins Nakiganda,+256704033931,collins.nakiganda@outlook.com,Kampala,,F,256704033931,+256704033931,valid,Kampala,Kampala,exact,,,missing,Female ,F,mapped,,
CUST103486,Timothy Ahabwe,+256736552622,timothyahabwe@hotmail.com,Jinja,2021-02-26,,0736552622,+256736552622,valid,Jinja,Jinja,exact,26/02/2021,2021-02-26,%d/%m/%Y,,,missing,,
CUST103488,Agnes Ouma,,agnes.ouma@gmail.com,Lira,2025-01-23,M,,,missing,Lira,Lira,exact,2025-01-23,2025-01-23,%Y-%m-%d,Male,M,mapped,,
CUST103490,Lubega Ninsiima,+256732603083,lubega.ninsiima@gmail.com,Mukono,2024-05-20,,732603083,+256732603083,valid,Mukono,Mukono,exact,20/05/2024,2024-05-20,%d/%m/%Y,,,missing,,
CUST103492,Joseph Nankya,+256708277970,joseph.nankya@yahoo.com,Kiboga,2025-05-26,M,070-827-7970,+256708277970,valid,Kiboga,Kiboga,exact,26/05/2025,2025-05-26,%d/%m/%Y,Male,M,mapped,,
CUST103493,Agnes Byaruhanga,+256791935111,agnes.byaruhanga@hotmail.com,Wakiso,2021-08-08,M,+256791935111,+256791935111,valid,Wakiso,Wakiso,exact,2021-08-08,2021-08-08,%Y-%m-%d,Male,M,mapped,,
CUST103494,Ssentongo Catherine,+256729630507,ssentongo.catherine@yahoo.com,Mbale,2025-01-27,,256729630507,+256729630507,valid,Mbale,Mbale,exact,27/01/2025,2025-01-27,%d/%m/%Y,,,missing,,
CUST103496,Mubiru Wasswa,+256747245083,mubiru.wasswa@gmail.com,Kampala,2022-12-18,M,074-724-5083,+256747245083,valid,Kampala,Kampala,exact,2022-12-18,2022-12-18,%Y-%m-%d,Male,M,mapped,,REVIEW: possible duplicate
CUST103497,Esther Nabbanja,+256780483214,esthernabbanja83@gmail.com,Wakiso,2023-12-21,M,0780483214,+256780483214,valid,Wakiso,Wakiso,exact,2023-12-21,2023-12-21,%Y-%m-%d,Male,M,mapped,CUST104338,
CUST103498,Nalubega Nankya,+256707826173,nalubega.nankya@hotmail.com,Kayunga,,F,0707826173,+256707826173,valid,Kayunga,Kayunga,exact,,,missing,Female,F,mapped,,
CUST103500,Katusiime Ssekandi,+256783183920,katusiime.ssekandi@gmail.com,Kampala,2023-06-21,F,+256 78 318 3920,+256783183920,valid,Kampala,Kampala,exact,21/06/2023,2023-06-21,%d/%m/%Y,Female,F,mapped,,
CUST103502,Phoebe Nabirye,+256714177894,phoebenabirye@srg.co.ug,Kalangala,2023-08-15,,0714177894,+256714177894,valid,Kalangala,Kalangala,exact,15/08/2023,2023-08-15,%d/%m/%Y,,,missing,,
CUST103504,Mercy Wanyama,+256742878711,mercy.wanyama@gmail.com,Kasese,2025-01-31,F,+256742878711,+256742878711,valid,Kisese,Kasese,variant_mapped,2025-01-31,2025-01-31,%Y-%m-%d,F,F,mapped,,
CUST103505,Mugisha Kafeero,+256748651361,mugishakafeero73@mail.com,Mukono,2023-05-17,M,+256748651361,+256748651361,valid,Mukko,Mukono,variant_mapped,17/05/2023,2023-05-17,%d/%m/%Y,Male,M,mapped,,
CUST103508,Munezero Ssentongo,+256701699632,munezero.ssentongo@gmail.com,Kabale,2024-05-14,F,+256 70 169 9632,+256701699632,valid,kabale,Kabale,exact,2024-05-14,2024-05-14,%Y-%m-%d,Female,F,mapped,,
CUST103509,Nakiganda Atukunda,,nakigandaatukunda7@srg.co.ug,Wakiso,2022-01-22,F,,,missing,Wakiso,Wakiso,exact,22/01/2022,2022-01-22,%d/%m/%Y,Female,F,mapped,,
CUST103512,Wasswa Wanyama,+256739402760,wasswa.wanyama@gmail.com,Hoima,2022-06-08,,0739402760,+256739402760,valid,Homa,Hoima,variant_mapped,08-06-2022,2022-06-08,%d-%m-%Y,,,missing,CUST104316,
CUST103513,Francis Mukasa,+256795966053,francismukasa52@mail.com,Jinja,2022-08-03,,256795966053,+256795966053,valid,Jinja,Jinja,exact,2022-08-03,2022-08-03,%Y-%m-%d,,,missing,,
CUST103514,Grace Kizza,+256743427774,gracekizza73@gmail.com,Mukono,2024-12-05,M,256743427774,+256743427774,valid,Mukono,Mukono,exact,2024-12-05,2024-12-05,%Y-%m-%d,Male,M,mapped,,
CUST103515,Mubiru Nankya,+256701011875,mubirunankya@outlook.com,Kampala,2023-08-24,F,0701011875,+256701011875,valid,Kampala,Kampala,exact,2023-08-24,2023-08-24,%Y-%m-%d,Female,F,mapped,,
CUST103516,Andrew Kyomuhendo,+256726442288,,Mukono,2023-12-12,F,+256 72 644 2288,+256726442288,valid,Mukono,Mukono,exact,2023-12-12,2023-12-12,%Y-%m-%d,Female,F,mapped,,
CUST103517,Kibirige Kafeero,+256739111606,kibirige.kafeero@hotmail,Kabale,2025-01-04,M,+256739111606,+256739111606,valid,Kabale,Kabale,exact,04/01/2025,2025-01-04,%d/%m/%Y,Male,M,mapped,,
CUST103518,Florence Kibirige,+256783018510,florence.kibirige@gmail.com,Kampala,2022-06-18,M,0783018510,+256783018510,valid,Kampala,Kampala,exact,18-06-2022,2022-06-18,%d-%m-%Y,Male,M,mapped,,
CUST103519,Naomi Lubega,+256752143131,naomi.lubega@srg.co.ug,Gulu,2021-04-25,F,+256752143131,+256752143131,valid,Gulu,Gulu,exact,2021-04-25,2021-04-25,%Y-%m-%d,Female,F,mapped,,
CUST103520,Mugisha Kyomuhendo,+256795734971,mugisha.kyomuhendo@gmail.com,Mbale City,,M,+256795734971,+256795734971,valid,Mbale City,Mbale City,exact,,,missing,Male ,M,mapped,,
CUST103526,Alexander Nakayiza,+256700292485,alexander.nakayiza@srg.co.ug,Hoima,2025-02-23,F,070-029-2485,+256700292485,valid,Hoima,Hoima,exact,2025-02-23,2025-02-23,%Y-%m-%d,Female,F,mapped,,REVIEW: possible duplicate
CUST103528,Ruth Lubega,+256733534170,ruth.lubega@srg.co.ug,Kampala,2021-04-09,F,0733534170,+256733534170,valid,Kampala,Kampala,exact,2021-04-09,2021-04-09,%Y-%m-%d,F,F,mapped,,
CUST103529,Ouma Nankya,+256773153490,oumanankya32@srg.co.ug,Kampala,2023-10-09,M,0773153490,+256773153490,valid,Kampala,Kampala,exact,2023-10-09,2023-10-09,%Y-%m-%d,Male,M,mapped,,
CUST103530,Njnkya Tumusiime,+256716488729,nankyatumusiime54@outlook.com,Soroti,2021-01-02,F,256716488729,+256716488729,valid,Soroti,Soroti,exact,2021-01-02,2021-01-02,%Y-%m-%d,F,F,mapped,CUST104092,
CUST103532,Naomi Ssekandi,+256787254147,naomi.ssekandi@yahoo.com,Mukono,2021-02-09,F,+256787254147,+256787254147,valid,Mukono,Mukono,exact,2021-02-09,2021-02-09,%Y-%m-%d,Female,F,mapped,,
CUST103533,Ninsiima Nabbanja,+256732130315,ninsiima.nabbanja@gmail.com,Tororo,2023-08-24,F,+256732130315,+256732130315,valid,tororo,Tororo,exact,2023-08-24,2023-08-24,%Y-%m-%d,Female,F,mapped,,
CUST103538,Wasswa Wasswa,+256739376622,wasswa.wasswa@yahoo.com,Wakiso,2023-12-12,M,0739376622,+256739376622,valid,Wakiso,Wakiso,exact,12/12/2023,2023-12-12,%d/%m/%Y,Male,M,mapped,,
CUST103539,Beatrice Ssebugwawo,+256787744330,beatrice.ssebugwawo@srg.co.ug,Hoima,2022-11-27,F,787744330,+256787744330,valid,Hoima,Hoima,exact,2022-11-27,2022-11-27,%Y-%m-%d,F,F,mapped,,
CUST103540,Mubiru Mugisha,+256793723083,mubiru.mugisha@gmail.com,Mityana,2024-06-02,M,+256793723083,+256793723083,valid,Mityana,Mityana,exact,2024-06-02,2024-06-02,%Y-%m-%d,Male,M,mapped,,
CUST103541,Wasswa Namutebi,+256703562322,wasswa.namutebi@yahoo.com,Bushenyi,2023-06-03,,+256703562322,+256703562322,valid,Bushenyi,Bushenyi,exact,2023-06-03,2023-06-03,%Y-%m-%d,,,missing,,
CUST103543,Wasswa Kizza,+256792039665,wasswa.kizza@yahoo.com,Kampala,2024-08-20,M,0792039665,+256792039665,valid,Kampala,Kampala,exact,20/08/2024,2024-08-20,%d/%m/%Y,Male,M,mapped,,
CUST103544,David Ssemakula,+256751744542,david.ssemakula@outlook.com,Mukono,2024-05-03,,+256 75 174 4542,+256751744542,valid,Mukono,Mukono,exact,03-05-2024,2024-05-03,%d-%m-%Y,,,missing,,
CUST103547,Ouma Namubiru,+256734178039,ouma.namubiru@yahoo.com,Mbarara,2021-03-02,M,0734178039,+256734178039,valid,Mbarara,Mbarara,exact,2021-03-02,2021-03-02,%Y-%m-%d,Male,M,mapped,,
CUST103549,Ninsiima,+256785409183,,Kampala,2023-07-02,F,+256785409183,+256785409183,valid,Kampala,Kampala,exact,2023-07-02,2023-07-02,%Y-%m-%d,Female,F,mapped,,REVIEW: possible duplicate
CUST103550,Beatrice Kibirige,+256730808375,beatrice.kibirige@gmail.com,Hoima,2021-09-16,F,256730808375,+256730808375,valid,Hoima,Hoima,exact,16/09/2021,2021-09-16,%d/%m/%Y,Female,F,mapped,,
CUST103551,Namutebi Kamoga,+256715108761,namutebikamoga@srg.co.ug,Kiboga,2024-09-29,F,256715108761,+256715108761,valid,Kiboga,Kiboga,exact,29/09/2024,2024-09-29,%d/%m/%Y,Female,F,mapped,,
CUST103553,Godfrey Nabirye,+256754614813,godfreynabirye76@hotmail.com,Kampala,2022-03-01,F,075-461-4813,+256754614813,valid,Kampala,Kampala,exact,2022-03-01,2022-03-01,%Y-%m-%d,Female,F,mapped,,
CUST103554,Kizza Ssekandi,+256707970184,kizza.ssekandi@yahoo.com,Mukono,,M,+256 70 797 0184,+256707970184,valid,Mukono,Mukono,exact,,,missing,Male,M,mapped,,
CUST103555,Alexander Mukasa,+256705519115,alexandermukasa@gmail.com,Kasese,2023-06-20,F,+256705519115,+256705519115,valid,Kasese,Kasese,exact,2023-06-20,2023-06-20,%Y-%m-%d,Female,F,mapped,,
CUST103556,Florence Mukasa,+256759516149,florence.mukasa@outlook.com,Mbale,2023-03-28,M,0759516149,+256759516149,valid,Mbale,Mbale,exact,2023-03-28,2023-03-28,%Y-%m-%d,M,M,mapped,,
CUST103557,Nakayiza Butime,+256742046495,nakayiza.butimehotmail.com,Kampala,2025-04-01,F,256742046495,+256742046495,valid,Kampala,Kampala,exact,01/04/2025,2025-04-01,%d/%m/%Y,F,F,mapped,,
CUST103558,Nalubega Mugisha,+256784578080,nalubega.mugisha@outlook.com,Jinja,2021-12-29,F,078-457-8080,+256784578080,valid,Jinja,Jinja,exact,2021-12-29,2021-12-29,%Y-%m-%d,F,F,mapped,,
CUST103559,Mugisha Ninsiima,+256700722799,mugisha.ninsiimasrg.co.ug,Jinja,2021-06-18,,0700722799,+256700722799,valid,Jinja,Jinja,exact,18-06-2021,2021-06-18,%d-%m-%Y,,,missing,,
CUST103561,Grace Kizza,+256736964410,grace.kizza@gmail.com,Masaka,2024-03-14,M,736964410,+256736964410,valid,Masaka,Masaka,exact,14/03/2024,2024-03-14,%d/%m/%Y,Male,M,mapped,,
CUST103562,Munezero Ssekandi,+256754165497,,Kasese,2025-05-04,F,754165497,+256754165497,valid,Kasese,Kasese,exact,2025-05-04,2025-05-04,%Y-%m-%d,Female,F,mapped,,
CUST103563,Collins,,collins@gmail.com,Wakiso,2023-05-29,F,,,missing,Wakisio,Wakiso,variant_mapped,29/05/2023,2023-05-29,%d/%m/%Y,Female,F,mapped,,
CUST103564,Achieng Alexander,,achieng.alexander@outlook.com,Kampala,2022-08-07,F,,,missing,Kampala,Kampala,exact,2022-08-07,2022-08-07,%Y-%m-%d,F,F,mapped,,
CUST103567,Sheila Nalubega,+256700516121,sheila.nalubega@hotmail.com,Jinja,2022-08-08,F,0700516121,+256700516121,valid,Jinja City,Jinja,exact,08/08/2022,2022-08-08,%d/%m/%Y,Female,F,mapped,,
CUST103570,Florence Kyomuhendo,+256736225800,florence.kyomuhendosrg.co.ug,Mukono,2024-03-25,,073-622-5800,+256736225800,valid,Mukono,Mukono,exact,2024-03-25,2024-03-25,%Y-%m-%d,,,missing,,
CUST103571,Harriet Nankya,+256755670799,harriet.nankya@outlook.com,Gulu,2022-03-31,F,+256755670799,+256755670799,valid,Gulu,Gulu,exact,2022-03-31,2022-03-31,%Y-%m-%d,Female,F,mapped,CUST104532,
CUST103573,Ssemakula Nankya,+256725548857,ssemakulanankya70@gmail.com,Mbale,2025-06-24,M,725548857,+256725548857,valid,Mbale,Mbale,exact,2025-06-24,2025-06-24,%Y-%m-%d,M,M,mapped,CUST104128,
CUST103574,Jdliet Nakayiza,+256744464176,juliet.nakayiza@hotmail.com,Mukono,2023-04-01,F,0744464176,+256744464176,valid,Mukono,Mukono,exact,2023-04-01,2023-04-01,%Y-%m-%d,Female ,F,mapped,CUST104655,
CUST103576,Grace Butime,+256754130374,gracebutime@mail.com,Mpigi,2022-02-20,M,256754130374,+256754130374,valid,Mpigi,Mpigi,exact,20/02/2022,2022-02-20,%d/%m/%Y,Male,M,mapped,,
CUST103577,Kibirige Ssekandi,+256722783534,kibirige.ssekandi@hotmail.com,Kampala,2021-12-05,,+256722783534,+256722783534,valid,Kampala,Kampala,exact,2021-12-05,2021-12-05,%Y-%m-%d,,,missing,,
CUST103578,Ssentongo Mubiru,+256737495028,ssentongo.mubiru@yahoo.com,Wakiso,2021-02-05,,256737495028,+256737495028,valid,Wakiso,Wakiso,exact,2021-02-05,2021-02-05,%Y-%m-%d,,,missing,,
CUST103579,Ahabwe Namubiru,+256723294560,,Bundibugyo,2021-01-21,F,0723294560,+256723294560,valid,Bundibugyo,Bundibugyo,exact,21-01-2021,2021-01-21,%d-%m-%Y,Female,F,mapped,,
CUST103580,Isaac Nabirye,+256789676520,isaac.nabirye@srg.co.ug,Mityana,2024-09-13,,+256789676520,+256789676520,valid,Mityana,Mityana,exact,2024-09-13,2024-09-13,%Y-%m-%d,,,missing,,
CUST103581,Kizza Atim,+256723429308,kizza.atim@gmail.com,Wakiso,2023-10-18,,256723429308,+256723429308,valid,Wakiso,Wakiso,exact,18/10/2023,2023-10-18,%d/%m/%Y,,,missing,,
CUST103585,Ssentongo Lubega,+256758499166,ssentongo.lubega@srg,Lira,2024-06-08,M,+256 75 849 9166,+256758499166,valid,Lira,Lira,exact,08/06/2024,2024-06-08,%d/%m/%Y,M,M,mapped,CUST104775,
CUST103587,Munezerc Ruth,+256733230929,munezero.ruth@srg.co.ug,Kampala,2025-07-11,F,256733230929,+256733230929,valid,Kampala,Kampala,exact,2025-07-11,2025-07-11,%Y-%m-%d,Female,F,mapped,CUST103749,
CUST103588,Collins Kamoga,+256728036507,,Jinja,2023-03-04,F,256728036507,+256728036507,valid,Jinja,Jinja,exact,2023-03-04,2023-03-04,%Y-%m-%d,Female,F,mapped,,
CUST103591,Beatrice Nakiganda,+256709867401,beatrice.nakiganda@yahoo.com,Wakiso,2024-12-28,F,+256709867401,+256709867401,valid,Wakiso,Wakiso,exact,2024-12-28,2024-12-28,%Y-%m-%d,Female,F,mapped,,
CUST103598,Okello Ssebugwawo,+256709993143,okellossebugwawo69@mail.com,Kiboga,2024-07-30,M,+256709993143,+256709993143,valid,Kiboga,Kiboga,exact,2024-07-30,2024-07-30,%Y-%m-%d,Male,M,mapped,,
CUST103601,Olweny Wanyama,+256709067618,olwenywanyama@srg.co.ug,Soroti,2025-10-08,M,0709067618,+256709067618,valid,Soroti,Soroti,exact,2025-10-08,2025-10-08,%Y-%m-%d,Male,M,mapped,,
CUST103602,David Nabbanja,+256785978886,david.nabbanja@outlook.com,Jinja,2021-02-17,M,0785978886,+256785978886,valid,Jinja,Jinja,exact,2021-02-17,2021-02-17,%Y-%m-%d,M,M,mapped,,
CUST103605,Dorothy Katusiime,+256775915835,dorothy.katusiime@yahoo.com,Lira,2024-12-05,M,+256 77 591 5835,+256775915835,valid,Lira District,Lira,variant_mapped,2024-12-05,2024-12-05,%Y-%m-%d,M,M,mapped,,
CUST103606,Alexander Ssebugwawo,+256781240322,alexander.ssebugwawo@gmail.com,Iganga,2022-06-10,F,0781240322,+256781240322,valid,Iganga,Iganga,exact,2022-06-10,2022-06-10,%Y-%m-%d,Female,F,mapped,,
CUST103607,Wasswa Stephen,+256732845467,wasswa.stephen@gmail.com,Gulu,2024-08-16,F,732845467,+256732845467,valid,Gulu,Gulu,exact,2024-08-16,2024-08-16,%Y-%m-%d,F,F,mapped,,
CUST103608,Naomi Kizza,+256775206427,naomi.kizza@yahoo.com,Luwero,2022-06-19,F,256775206427,+256775206427,valid,Luwero,Luwero,exact,2022-06-19,2022-06-19,%Y-%m-%d,F,F,mapped,,
CUST103610,Mary Ssebugwawo,,,Mbale,2023-08-19,M,,,missing,Mbale,Mbale,exact,2023-08-19,2023-08-19,%Y-%m-%d,M,M,mapped,,
CUST103611,Emmanuel,+256758374941,,Kampala,2024-03-06,F,+256758374941,+256758374941,valid,Kampala ,Kampala,exact,06/03/2024,2024-03-06,%d/%m/%Y,Female ,F,mapped,,
CUST103612,David Ssekandi,+256775015375,david.ssekandi@srg.co.ug,Isingiro,2021-05-04,M,+256 77 501 5375,+256775015375,valid,Isingiro,Isingiro,exact,2021-05-04,2021-05-04,%Y-%m-%d,Male,M,mapped,,
CUST103613,Peter,+256742615448,peter@mail.com,Kampala,2021-11-14,M,074-261-5448,+256742615448,valid,Kampala Region,Kampala,variant_mapped,2021-11-14,2021-11-14,%Y-%m-%d,Male,M,mapped,,
CUST103617,Daniel Mubiru,,daniel.mubiru@yahoo.com,Kampala,2021-04-21,M,,,missing,Kampala,Kampala,exact,2021-04-21,2021-04-21,%Y-%m-%d,Male,M,mapped,CUST100318;CUST100541,
CUST103618,Sheila Ssemakula,+256743264844,sheila.ssemakula@outlook.com,Wakiso,2025-03-13,F,0743264844,+256743264844,valid,Wakisio,Wakiso,variant_mapped,2025-03-13,2025-03-13,%Y-%m-%d,F,F,mapped,,
CUST103620,Florence Butime,+256745910252,florence.butime@gmail.com,Hoima,2021-01-27,M,+256745910252,+256745910252,valid,Hoima,Hoima,exact,2021-01-27,2021-01-27,%Y-%m-%d,Male,M,mapped,,
CUST103621,Sslntongo Kafeero,+256775284181,,Lira,2022-10-13,M,0775284181,+256775284181,valid,Lira,Lira,exact,2022-10-13,2022-10-13,%Y-%m-%d,Male,M,mapped,CUST104869,
CUST103622,Ruth Ouma,+256717528055,ruthouma92@hotmail.com,Mbarara,,F,+256 71 752 8055,+256717528055,valid,Mbaraa,Mbarara,variant_mapped,,,missing,Female,F,mapped,,
CUST103623,Nankya Kyebambe,+256748421423,nankya.kyebambe@yahoo.com,Kiruhura,2024-10-01,F,0748421423,+256748421423,valid,kiruhura,Kiruhura,exact,2024-10-01,2024-10-01,%Y-%m-%d,Female,F,mapped,CUST100907,
CUST103624,Ronald Wanyama,+256742391027,ronald.wanyama@gmail.com,Gulu,2021-07-01,M,+256742391027,+256742391027,valid,Gulu City,Gulu,exact,01/07/2021,2021-07-01,%d/%m/%Y,Male,M,mapped,,
CUST103625,Francis Nankya,+256708137822,francisnankya89@srg.co.ug,Soroti,2024-08-16,F,256708137822,+256708137822,valid,Soroti,Soroti,exact,2024-08-16,2024-08-16,%Y-%m-%d,F,F,mapped,,
CUST103627,Peter Ssentongo,+256751208467,peterssentongo69@mail.com,Tororo,2021-05-18,M,751208467,+256751208467,valid,Tororo,Tororo,exact,2021-05-18,2021-05-18,%Y-%m-%d,Male,M,mapped,,
CUST103628,Dorothy Kibirige,+256717314658,,Jinja,2022-01-05,,256717314658,+256717314658,valid,Jinja,Jinja,exact,2022-01-05,2022-01-05,%Y-%m-%d,,,missing,,
CUST103629,Samuel Ahabwe,+256740683130,samuel.ahabwe@yahoo.com,Gulu,2025-06-02,M,0740683130,+256740683130,valid,Gulu District,Gulu,variant_mapped,2025-06-02,2025-06-02,%Y-%m-%d,Male,M,mapped,,
CUST103630,Mubiru Mugisha,+256731826300,mubiru.mugisha@yahoo.com,Jinja,2022-08-20,M,0731826300,+256731826300,valid,Jinja,Jinja,exact,2022-08-20,2022-08-20,%Y-%m-%d,Male,M,mapped,,
CUST103632,Catherine Achieng,+256742677020,catherine.achieng@hotmail.com,Wakiso,2022-12-25,M,074-267-7020,+256742677020,valid,Wakiso,Wakiso,exact,2022-12-25,2022-12-25,%Y-%m-%d,Male,M,mapped,,
CUST103633,Catherine Okello,+256753486910,catherine.okello@mail.com,Mbale,2023-03-11,M,256753486910,+256753486910,valid,Mbale,Mbale,exact,2023-03-11,2023-03-11,%Y-%m-%d,Male ,M,mapped,,
CUST103634,Catherine Atukunda,+256710023540,catherine.atukunda@gmail.com,Masaka,2024-12-25,M,+256 71 002 3540,+256710023540,valid,Masacka,Masaka,variant_mapped,2024-12-25,2024-12-25,%Y-%m-%d,Male,M,mapped,,
CUST103635,Ahabwe Butime,+256787412297,ahabwe.butime@gmail.com,Kampala,2023-09-12,M,256787412297,+256787412297,valid,Kampala,Kampala,exact,12-09-2023,2023-09-12,%d-%m-%Y,Male,M,mapped,,
CUST103637,Kizza Atukunda,+256718716237,kizza.atukunda@gmail.com,Masaka,2021-12-24,M,718716237,+256718716237,valid,Masaka,Masaka,exact,24-12-2021,2021-12-24,%d-%m-%Y,Male,M,mapped,,
CUST103638,Guma Ouma,+256791654483,,Entebbe,2023-09-14,,0791654483,+256791654483,valid,Entebbe,Entebbe,exact,2023-09-14,2023-09-14,%Y-%m-%d,,,missing,,
CUST103640,EMMANUEL KAMBALE,+256798358573,emmanuelkambale@outlook.com,Wakiso,2024-11-23,F,256798358573,+256798358573,valid,Wakiso,Wakiso,exact,2024-11-23,2024-11-23,%Y-%m-%d,F,F,mapped,CUST104217,
CUST103641,Kizza Nabbanja,+256740878975,kizza.nabbanja@outlook.com,Fort Portal,2022-08-31,,+256740878975,+256740878975,valid,Kabarole,Fort Portal,exact,2022-08-31,2022-08-31,%Y-%m-%d,,,missing,,
CUST103642,Jane Nakato,+256756494275,,Mbarara,2022-07-22,M,756494275,+256756494275,valid,Mbarara,Mbarara,exact,2022-07-22,2022-07-22,%Y-%m-%d,Male,M,mapped,,
CUST103643,Mary Nabbanja,+256714794357,mary.nabbanja@srg.co.ug,Gulu,2023-02-26,M,+256 71 479 4357,+256714794357,valid,Gulu City,Gulu,exact,2023-02-26,2023-02-26,%Y-%m-%d,Male,M,mapped,,
CUST103644,Kambale John,+256752487466,kambale.john@hotmail.com,Kampala,2025-09-08,M,+256 75 248 7466,+256752487466,valid,kampala district,Kampala,variant_mapped,2025-09-08,2025-09-08,%Y-%m-%d,Male,M,mapped,,
CUST103645,David Ssempebwa,+256777919107,david.ssempebwa@srg.co.ug,Gulu,2022-08-09,M,256777919107,+256777919107,valid,Guluu,Gulu,variant_mapped,2022-08-09,2022-08-09,%Y-%m-%d,Male,M,mapped,CUST103565,
CUST103646,Mugisha Kambale,+256715452547,mugisha.kambale@yahoo.com,Isingiro,2021-02-09,M,256715452547,+256715452547,valid,Isingiro,Isingiro,exact,2021-02-09,2021-02-09,%Y-%m-%d,Male,M,mapped,,
CUST103647,Ninsiima Olweny,+256702983103,ninsiima.olweny@srg.co.ug,Mukono,2022-10-07,M,0702983103,+256702983103,valid,Mukono,Mukono,exact,07-10-2022,2022-10-07,%d-%m-%Y,M,M,mapped,,
CUST103649,Kato,+256715303852,kato@yahoo.com,Jinja,,M,0715303852,+256715303852,valid,Jinja,Jinja,exact,,,missing,M,M,mapped,,
CUST103650,Namubiru,+256721399107,namubiru@yahoo.com,Lyantonde,2023-07-26,,+256721399107,+256721399107,valid,Lyantonde,Lyantonde,exact,26/07/2023,2023-07-26,%d/%m/%Y,,,missing,,
CUST103651,Kamoga Ouma,,kamoga.ouma@outlook.com,Hoima,2022-04-19,M,,,missing,hoima,Hoima,exact,2022-04-19,2022-04-19,%Y-%m-%d,M,M,mapped,,
CUST103652,Ssekandi Nakato,+256771436023,ssekandinakato@mail.com,Wakiso,2022-02-01,M,0771436023,+256771436023,valid,Wakiso District,Wakiso,variant_mapped,2022-02-01,2022-02-01,%Y-%m-%d,Male,M,mapped,,
CUST103653,Wanyama Ssentongo,+256713035412,wanyama.ssentongo@gmail.com,Mbale City,2025-06-26,F,+256713035412,+256713035412,valid,Mbale City,Mbale City,exact,2025-06-26,2025-06-26,%Y-%m-%d,Female,F,mapped,,
CUST103655,Stephen Munezero,+256743163167,stephenmunezero@gmail.com,Wakiso,2024-12-05,F,743163167,+256743163167,valid,Wakiso,Wakiso,exact,05/12/2024,2024-12-05,%d/%m/%Y,Female,F,mapped,,
CUST103656,Ruth Kamoga,+256716377506,ruth.kamoga@gmail.com,Sembabule,2023-11-17,F,0716377506,+256716377506,valid,Sembabule,Sembabule,exact,17/11/2023,2023-11-17,%d/%m/%Y,Female,F,mapped,,
CUST103658,Rebecca Nakiganda,+256795998259,rebecca.nakigandaoutlook.com,Mbale,2021-10-18,M,+256795998259,+256795998259,valid,Mballa,Mbale,variant_mapped,18/10/2021,2021-10-18,%d/%m/%Y,M,M,mapped,,
CUST103660,Mercy Nalubega,+256796531321,mercy.nalubega@gmail.com,Wakiso,,F,796531321,+256796531321,valid,Wakiso,Wakiso,exact,,,missing,Female,F,mapped,,
CUST103661,Butime Kizza,,butime.kizza@mail.com,Mbale,2022-10-27,M,,,missing,Mbale,Mbale,exact,2022-10-27,2022-10-27,%Y-%m-%d,M,M,mapped,,
CUST103662,Robert,+256731261931,robert@srg.co.ug,Mukono,2023-03-16,M,256731261931,+256731261931,valid,Mukono,Mukono,exact,2023-03-16,2023-03-16,%Y-%m-%d,Male,M,mapped,,
CUST103663,Ouma Nsereko,+256747656528,ouma.nsereko@hotmail.com,Jinja,2022-07-12,M,074-765-6528,+256747656528,valid,Jinja,Jinja,exact,12/07/2022,2022-07-12,%d/%m/%Y,Male,M,mapped,,
CUST103664,Francis Ssimbwa,+256711699366,francis.ssimbwa@yahoo.com,Soroti,2021-05-27,,0711699366,+256711699366,valid,Soroti District,Soroti,variant_mapped,2021-05-27,2021-05-27,%Y-%m-%d,,,missing,,
CUST103665,Lubega Atim,,lubega.atim@hotmail.com,Lira,,M,,,missing,Lira,Lira,exact,,,missing,Male,M,mapped,CUST104478,
CUST103666,Andrew Kyomuhendo,+256742209832,,Kayunga,2022-02-19,F,0742209832,+256742209832,valid,Kayunga,Kayunga,exact,2022-02-19,2022-02-19,%Y-%m-%d,Female,F,mapped,,
CUST103668,Mukasa Joan,+256757231797,mukasajoan67@srg.co.ug,Mbarara,2024-04-16,,+256757231797,+256757231797,valid,Mbarara City,Mbarara,exact,2024-04-16,2024-04-16,%Y-%m-%d,,,missing,,
CUST103669,Wasswa Mubiru,+256786870670,wasswa.mubiru@gmail.com,Wakiso,2023-09-24,M,0786870670,+256786870670,valid,Wakiso,Wakiso,exact,2023-09-24,2023-09-24,%Y-%m-%d,Male,M,mapped,,
CUST103671,Kibirige Nakiganda,+256738106623,kibirige.nakiganda@yahoo.com,Lira,2025-04-29,M,+256 73 810 6623,+256738106623,valid,lira,Lira,exact,2025-04-29,2025-04-29,%Y-%m-%d,M,M,mapped,,
CUST103673,Collins Olweny,+256756795286,collins.olweny@yahoo.com,Mbale,2023-06-28,,+256756795286,+256756795286,valid,Mbale,Mbale,exact,2023-06-28,2023-06-28,%Y-%m-%d,,,missing,,
CUST103674,Jane,+256753655710,jane@mail.com,Kampala,2022-12-29,M,0753655710,+256753655710,valid,Kampala,Kampala,exact,29/12/2022,2022-12-29,%d/%m/%Y,Male,M,mapped,,
CUST103675,Kibirige Kafeero,+256743609846,kibirige.kafeero@hotmail,Mukono,2025-05-22,M,0743609846,+256743609846,valid,Mukono,Mukono,exact,2025-05-22,2025-05-22,%Y-%m-%d,Male,M,mapped,CUST103948,
CUST103676,Juliet Ninsiima,+256727685074,juliet.ninsiima@srg.co.ug,Arua,2023-02-23,,+256727685074,+256727685074,valid,Arua,Arua,exact,23/02/2023,2023-02-23,%d/%m/%Y,,,missing,,
CUST103677,Mary Byaruhanga,+256791775892,marybyaruhanga2@outlook.com,Wakiso,2023-01-25,M,0791775892,+256791775892,valid,Wakiso,Wakiso,exact,25/01/2023,2023-01-25,%d/%m/%Y,Male,M,mapped,,
CUST103678,Nakato Godfrey,+256721128695,nakato.godfrey@outlook.com,Kampala,2023-05-15,F,0721128695,+256721128695,valid,Kampala,Kampala,exact,15/05/2023,2023-05-15,%d/%m/%Y,Female,F,mapped,,
CUST103679,Ssekandi Ssempebwa,+256770532970,ssekandi.ssempebwa@yahoo.com,Mbarara,2021-05-29,M,0770532970,+256770532970,valid,Mbarara,Mbarara,exact,29/05/2021,2021-05-29,%d/%m/%Y,Male,M,mapped,,
CUST103680,Patrick Butime,+256746134938,patrickbutime@yahoo.com,Wakiso,,F,746134938,+256746134938,valid,Wakiso,Wakiso,exact,,,missing,Female,F,mapped,,
CUST103682,Nakayiza Okello,+256798601730,nakayiza.okello@srg.co.ug,Kampala,,M,079-860-1730,+256798601730,valid,Kampala ,Kampala,exact,,,missing,M,M,mapped,,
CUST103684,Nabbanja Nakato,+256784011044,nabbanja.nakato@outlook.com,Gulu,2021-12-15,F,0784011044,+256784011044,valid,Gulu,Gulu,exact,15/12/2021,2021-12-15,%d/%m/%Y,F,F,mapped,CUST104715,
CUST103685,Nabbanja Mubiru,+256718739696,nabbanjamubiru96@yahoo.com,Kalangala,2023-12-17,F,+256 71 873 9696,+256718739696,valid,Kalangala,Kalangala,exact,2023-12-17,2023-12-17,%Y-%m-%d,Female ,F,mapped,CUST103134,
CUST103686,Nabbanja Namutebi,+256730592847,nabbanja.namutebi@gmail.com,Lyantonde,2023-06-25,F,+256730592847,+256730592847,valid,Lyantonde,Lyantonde,exact,25/06/2023,2023-06-25,%d/%m/%Y,F,F,mapped,,
CUST103688,Mercy Olweny,+256781807909,mercy.olweny@hotmail.com,Mbarara,2024-02-07,F,0781807909,+256781807909,valid,Mbarara,Mbarara,exact,2024-02-07,2024-02-07,%Y-%m-%d,Female,F,mapped,,
CUST103690,Nakiganda Kambale,+256713757452,nakiganda.kambale@yahoo.com,Gulu,2024-06-16,F,+256713757452,+256713757452,valid,Gulu,Gulu,exact,16-06-2024,2024-06-16,%d-%m-%Y,Female,F,mapped,,
CUST103693,Namubiru Collins,+256743485925,namubiru.collins@mail.com,Wakiso,2025-06-30,F,256743485925,+256743485925,valid,Wakiso,Wakiso,exact,2025-06-30,2025-06-30,%Y-%m-%d,Female,F,mapped,,
CUST103695,Nabbanja Nabbanja,+256723571382,nabbanja.nabbanja@gmail.com,Mbarara,2022-04-06,F,0723571382,+256723571382,valid,Mbarara City,Mbarara,exact,06/04/2022,2022-04-06,%d/%m/%Y,Female,F,mapped,,
CUST103696,Jane Nabbanja,+256784017159,janenabbanja@hotmail.com,Kampala,2024-07-02,,+256 78 401 7159,+256784017159,valid,kla,Kampala,variant_mapped,02/07/2024,2024-07-02,%d/%m/%Y,,,missing,,
CUST103700,Harriet Achieng,,harrietachieng68@mail.com,Gulu,2021-01-28,F,,,missing,Gulu,Gulu,exact,2021-01-28,2021-01-28,%Y-%m-%d,Female,F,mapped,,
CUST103701,Mugisha Wanyama,,mugishawanyama87@outlook.com,Kampala,2024-10-02,M,,,missing,Kampala,Kampala,exact,02/10/2024,2024-10-02,%d/%m/%Y,M,M,mapped,CUST103759,
CUST103702,Mukasa Katusiime,+256795641219,mukasakatusiime80@mail.com,Mbale,2022-04-28,F,+256795641219,+256795641219,valid,Mballa,Mbale,variant_mapped,2022-04-28,2022-04-28,%Y-%m-%d,Female,F,mapped,CUST104476,
CUST103703,Guha Atim,+256723126904,guma.atim@mail.com,Nakasongola,2022-09-20,F,+256723126904,+256723126904,valid,Nakasongola,Nakasongola,exact,20/09/2022,2022-09-20,%d/%m/%Y,Female,F,mapped,CUST104495,
CUST103704,Isaac Nalubega,+256795407298,isaac.nalubega@gmail.com,Arua,2021-07-26,F,0795407298,+256795407298,valid,Arua,Arua,exact,2021-07-26,2021-07-26,%Y-%m-%d,F,F,mapped,,
CUST103706,Kyomuhendo Olweny,+256786890951,kyomuhendoolweny78@gmail.com,Kampala,2022-11-17,F,078-689-0951,+256786890951,valid,Kampala,Kampala,exact,2022-11-17,2022-11-17,%Y-%m-%d,F,F,mapped,,
CUST103707,Robert Nakiganda,+256753427558,robert.nakiganda@mail.com,Kampala,2021-12-16,M,0753427558,+256753427558,valid,Kampala,Kampala,exact,2021-12-16,2021-12-16,%Y-%m-%d,Male,M,mapped,,
CUST103708,Ouma Ssempebwa,+256771595259,,Kampala,2021-08-31,M,+256771595259,+256771595259,valid,Kampala,Kampala,exact,31/08/2021,2021-08-31,%d/%m/%Y,Male,M,mapped,CUST104792,REVIEW: possible duplicate
CUST103709,Ninsiima Kyebambe,+256770608446,ninsiima.kyebambe@mail.com,Kampala,2023-12-18,F,+256770608446,+256770608446,valid,Kampala,Kampala,exact,18/12/2023,2023-12-18,%d/%m/%Y,Female,F,mapped,,
CUST103710,Ninsiima,+256758179366,ninsiimamail.com,Kampala,2023-08-10,,758179366,+256758179366,valid,Kampala,Kampala,exact,2023-08-10,2023-08-10,%Y-%m-%d,,,missing,,REVIEW: possible duplicate
CUST103712,Stephen Ssempebwa,+256786827840,,Iganga,2024-08-23,F,+256786827840,+256786827840,valid,Iganga,Iganga,exact,2024-08-23,2024-08-23,%Y-%m-%d,F,F,mapped,,
CUST103713,Sheila Lubega,+256798288294,sheilalubega@yahoo.com,Kampala,2022-05-31,F,+256 79 828 8294,+256798288294,valid,Kampala,Kampala,exact,31/05/2022,2022-05-31,%d/%m/%Y,Female,F,mapped,,
CUST103714,Nsereko Butime,+256742509428,nserekobutimeoutlook.com,Kampala,2022-09-01,,+256 74 250 9428,+256742509428,valid,Kampala ,Kampala,exact,2022-09-01,2022-09-01,%Y-%m-%d,,,missing,,
CUST103716,Timothy Olweny,+256739882370,timothy.olweny@hotmail.com,Mbale City,2022-02-22,F,739882370,+256739882370,valid,Mbale City,Mbale City,exact,2022-02-22,2022-02-22,%Y-%m-%d,Female,F,mapped,,
CUST103717,Kafeero Dorothy,+256725950909,kafeero.dorothy@srg.co.ug,Wakiso,2021-06-08,,0725950909,+256725950909,valid,Wakiso,Wakiso,exact,2021-06-08,2021-06-08,%Y-%m-%d,,,missing,,
CUST103718,Katusiime Kambale,,katusiime.kambale@mail.com,Lira,2021-03-23,F,,,missing,Lira,Lira,exact,23/03/2021,2021-03-23,%d/%m/%Y,Female,F,mapped,,
CUST103719,Kamoga Samuel,+256774841650,kamoga.samuel@gmail.com,Mukono,2023-04-21,,256774841650,+256774841650,valid,Mukono,Mukono,exact,21/04/2023,2023-04-21,%d/%m/%Y,,,missing,,
CUST103720,Sarah Tumusiime,+256781462999,sarahtumusiime26@mail.com,Kalangala,2022-10-24,M,+256781462999,+256781462999,valid,Kalangala,Kalangala,exact,24/10/2022,2022-10-24,%d/%m/%Y,Male,M,mapped,,
CUST103721,Francis,+256797346829,francis15srg.co.ug,Wakiso,2023-07-19,F,0797346829,+256797346829,valid,Wakiso,Wakiso,exact,2023-07-19,2023-07-19,%Y-%m-%d,Female,F,mapped,,
CUST103723,Ninsiima Wanyama,+256721205832,ninsiima.wanyama@yahoo.com,Gulu,2022-07-19,F,0721205832,+256721205832,valid,gulu,Gulu,exact,19/07/2022,2022-07-19,%d/%m/%Y,F,F,mapped,,
CUST103724,Byaruhanga Ssebugwawo,,byaruhanga.ssebugwawo@gmail,Arua,2024-10-01,M,,,missing,Arua,Arua,exact,2024-10-01,2024-10-01,%Y-%m-%d,M,M,mapped,CUST104192;CUST104926,
CUST103725,Munezero Wanyama,+256757245231,munezero.wanyama@mail.com,Hoima,2023-01-02,F,256757245231,+256757245231,valid,Hoima,Hoima,exact,02/01/2023,2023-01-02,%d/%m/%Y,Female,F,mapped,,
CUST103726,Collins Nabbanja,+256733436497,collinsnabbanja79@gmail.com,Mbale,2025-05-08,F,+256 73 343 6497,+256733436497,valid,Mbale,Mbale,exact,2025-05-08,2025-05-08,%Y-%m-%d,Female,F,mapped,,
CUST103727,Lubega Nakato,+256784845867,lubega.nakato@outlook.com,Mbarara,2021-07-10,M,784845867,+256784845867,valid,Mbarara City,Mbarara,exact,10/07/2021,2021-07-10,%d/%m/%Y,Male,M,mapped,,
CUST103728,Joseph Ssekandi,+256703250620,joseph.ssekandi@gmail.com,Mukono,2024-04-01,,+256703250620,+256703250620,valid,Mukko,Mukono,variant_mapped,01/04/2024,2024-04-01,%d/%m/%Y,,,missing,,
CUST103729,Ouma Irene,+256703065100,ouma.irene@mail.com,Wakiso,2025-06-14,F,0703065100,+256703065100,valid,Wakiso,Wakiso,exact,14-06-2025,2025-06-14,%d-%m-%Y,Female,F,mapped,CUST104290;CUST104632,
CUST103732,Sheila Byaruhanga,+256720895803,sheila.byaruhanga@outlook.com,Mbarara,2021-09-14,,+256720895803,+256720895803,valid,Mbarara,Mbarara,exact,14-09-2021,2021-09-14,%d-%m-%Y,,,missing,,
CUST103733,Ssimbwa Tumusiime,+256712377242,ssimbwa.tumusiime@yahoo.com,Kampala,2025-09-02,M,0712377242,+256712377242,valid,Kampala,Kampala,exact,2025-09-02,2025-09-02,%Y-%m-%d,Male,M,mapped,,
CUST103734,Esther Ouma,+256777044267,estherouma2@outlook.com,Kumi,2023-04-27,,0777044267,+256777044267,valid,Kumi,Kumi,exact,2023-04-27,2023-04-27,%Y-%m-%d,,,missing,,
CUST103735,Nabirye Ssimbwa,+256724703757,nabiryessimbwa@outlook.com,Wakiso,2025-04-26,,0724703757,+256724703757,valid,Wakiso,Wakiso,exact,2025-04-26,2025-04-26,%Y-%m-%d,,,missing,CUST100408,
CUST103736,Joseph Nabbanja,+256773770186,joseph.nabbanjahotmail.com,Soroti,2024-08-05,,+256 77 377 0186,+256773770186,valid,soroti,Soroti,exact,2024-08-05,2024-08-05,%Y-%m-%d,,,missing,,
CUST103737,Atim Ssempebwa,+256704142498,atimssempebwa@outlook.com,Wakiso,2024-08-11,F,+256704142498,+256704142498,valid,Wakiso,Wakiso,exact,2024-08-11,2024-08-11,%Y-%m-%d,Female,F,mapped,,
CUST103738,Nabbanja Jane,,nabbanja.jane@gmail.com,Kabale,2024-08-18,M,,,missing,Kabale,Kabale,exact,18/08/2024,2024-08-18,%d/%m/%Y,Male,M,mapped,,
CUST103739,Kyomuhendo Katusiime,+256738506281,kyomuhendo.katusiime@outlook.com,Mbarara,2021-11-01,F,+256738506281,+256738506281,valid,Mbarara Town,Mbarara,variant_mapped,2021-11-01,2021-11-01,%Y-%m-%d,Female,F,mapped,,
CUST103740,Daniel Mubiru,+256771801761,danielmubiru25@gmail.com,Kampala,,M,256771801761,+256771801761,valid,Kampala,Kampala,exact,,,missing,Male,M,mapped,,
CUST103742,Namutebi Ssemakula,+256784928453,namutebissemakula29@outlook.com,Wakiso,2025-03-31,F,0784928453,+256784928453,valid,Wakiso District,Wakiso,variant_mapped,2025-03-31,2025-03-31,%Y-%m-%d,F,F,mapped,,
CUST103744,Ssimbwa Guma,+256788312609,ssimbwaguma80@srg.co.ug,Mbarara,2024-04-04,M,+256788312609,+256788312609,valid,Mbarara,Mbarara,exact,2024-04-04,2024-04-04,%Y-%m-%d,M,M,mapped,,
CUST103745,Katusiime Joseph,+256748856240,katusiime.joseph@hotmail.com,Mbarara,2023-03-16,M,748856240,+256748856240,valid,Mbarara,Mbarara,exact,2023-03-16,2023-03-16,%Y-%m-%d,Male,M,mapped,,
CUST103746,Grace Kizza,+256726548903,,Wakiso,2021-10-30,M,0726548903,+256726548903,valid,Wakiso,Wakiso,exact,2021-10-30,2021-10-30,%Y-%m-%d,M,M,mapped,,
CUST103748,Nalubega Samuel,+256744765006,nalubega.samuel@outlook,Kampala,2023-05-20,M,+256744765006,+256744765006,valid,Kampala,Kampala,exact,20/05/2023,2023-05-20,%d/%m/%Y,M,M,mapped,,
CUST103752,Brian Mugisha,+256732901951,brian.mugisha@srg.co.ug,Kiboga,2021-04-29,M,732901951,+256732901951,valid,Kiboga,Kiboga,exact,2021-04-29,2021-04-29,%Y-%m-%d,Male ,M,mapped,,
CUST103755,Grace Nakayiza,+256776667720,gracenakayiza18@outlook.com,Mukono,,M,077-666-7720,+256776667720,valid,Mukono,Mukono,exact,,,missing,Male,M,mapped,,
CUST103756,Nakayiza Nakato,+256738797259,nakayiza.nakato@mail.com,Kampala,,F,073-879-7259,+256738797259,valid,Kampala,Kampala,exact,,,missing,F,F,mapped,,
CUST103757,Rebecca Atim,+256702827214,rebecca.atim@gmail.com,Bushenyi,2025-08-09,,+256702827214,+256702827214,valid,bushenyi,Bushenyi,exact,09-08-2025,2025-08-09,%d-%m-%Y,,,missing,,
CUST103758,Ruth Mubiru,+256775502525,ruth.mubiru@hotmail.com,Kampala,2024-10-17,F,+256 77 550 2525,+256775502525,valid,Kampala,Kampala,exact,17/10/2024,2024-10-17,%d/%m/%Y,F,F,mapped,,
CUST103760,Nabirye Butime,+256730362328,nabirye.butime@outlook.com,Wakiso,,F,0730362328,+256730362328,valid,Wakiso,Wakiso,exact,,,missing,Female,F,mapped,,
CUST103761,Emmanuel Nsereko,+256749913719,emmanuel.nsereko@yahoo.com,Mukono,2023-11-20,F,749913719,+256749913719,valid,Mukko,Mukono,variant_mapped,2023-11-20,2023-11-20,%Y-%m-%d,Female,F,mapped,CUST104135,
CUST103762,Ouma Ssempebwa,+256770993403,ouma.ssempebwa@srg.co.ug,Mbarara,2024-11-14,M,077-099-3403,+256770993403,valid,Mbarara City,Mbarara,exact,2024-11-14,2024-11-14,%Y-%m-%d,Male,M,mapped,,
CUST103763,Catherine Kamoga,+256759497480,catherine.kamogaoutlook.com,Gulu,2021-09-26,M,0759497480,+256759497480,valid,Gulu,Gulu,exact,26/09/2021,2021-09-26,%d/%m/%Y,Male,M,mapped,,
CUST103764,John Nankya,+256781050111,john.nankya@srg.co.ug,Kampala,2025-05-24,M,+256 78 105 0111,+256781050111,valid,Kampala,Kampala,exact,2025-05-24,2025-05-24,%Y-%m-%d,Male,M,mapped,,
CUST103765,Atim Okello,+256744145448,atim.okello@hotmail.com,Arua,,F,0744145448,+256744145448,valid,Arua,Arua,exact,,,missing,Female,F,mapped,CUST101732,
CUST103766,Nakiganda Nakiganda,+256722461284,nakiganda.nakiganda@yahoo.com,Kampala,2023-04-30,F,+256722461284,+256722461284,valid,Kampala,Kampala,exact,2023-04-30,2023-04-30,%Y-%m-%d,Female,F,mapped,,
CUST103768,Nakiganda Ssimbwa,+256711363565,nakiganda.ssimbwa@mail.com,Gulu,2021-09-14,F,071-136-3565,+256711363565,valid,Gulu City,Gulu,exact,14/09/2021,2021-09-14,%d/%m/%Y,Female,F,mapped,CUST100624,
CUST103769,Daniel Namubiru,+256706421180,danielnamubiru73@hotmail.com,Jinja,2021-05-31,M,256706421180,+256706421180,valid,Jinja,Jinja,exact,2021-05-31,2021-05-31,%Y-%m-%d,M,M,mapped,,
CUST103771,Kato Kambale,+256726588491,kato.kambale@srg,Fort Portal,2021-09-10,M,0726588491,+256726588491,valid,Kabarole,Fort Portal,exact,2021-09-10,2021-09-10,%Y-%m-%d,M,M,mapped,,
CUST103772,Wanyama Guma,,,Wakiso,2024-03-15,F,,,missing,Wakiso,Wakiso,exact,15/03/2024,2024-03-15,%d/%m/%Y,Female,F,mapped,,REVIEW: possible duplicate
CUST103776,Esther Ssemakula,+256722275358,,Kumi,2021-03-15,M,256722275358,+256722275358,valid,Kumi,Kumi,exact,2021-03-15,2021-03-15,%Y-%m-%d,Male ,M,mapped,,REVIEW: possible duplicate
CUST103777,Ssimbwa Munezero,+256736029310,,Wakiso,2022-06-09,M,+256736029310,+256736029310,valid,Wakiso,Wakiso,exact,2022-06-09,2022-06-09,%Y-%m-%d,Male,M,mapped,,
CUST103780,Ruth Atim,,,Kampala,2025-07-29,F,,,missing,Kampala,Kampala,exact,29-07-2025,2025-07-29,%d-%m-%Y,F,F,mapped,,REVIEW: possible duplicate
CUST103781,Butime Butime,+256759679289,butime.butime@yahoo.com,Kiruhura,2022-02-11,M,+256759679289,+256759679289,valid,Kiruhura,Kiruhura,exact,11/02/2022,2022-02-11,%d/%m/%Y,Male,M,mapped,,
CUST103782,Catherine,,catherine@yahoo.com,Wakiso,2024-01-14,M,,,missing,Wakiso,Wakiso,exact,2024-01-14,2024-01-14,%Y-%m-%d,Male ,M,mapped,,
CUST103785,Mercy Wasswa,+256778277279,mercy.wasswa@srg.co.ug,Wakiso,2021-09-21,F,256778277279,+256778277279,valid,Wakiso,Wakiso,exact,2021-09-21,2021-09-21,%Y-%m-%d,Female,F,mapped,,
CUST103786,Kibirige Ssempebwa,,kibirige.ssempebwagmail.com,Kampala,2022-03-29,M,,,missing,Kampala,Kampala,exact,2022-03-29,2022-03-29,%Y-%m-%d,M,M,mapped,,
CUST103789,Nankya Wasswa,+256730193292,nankya.wasswa@yahoo.com,Mukono,2024-03-03,F,0730193292,+256730193292,valid,Mukono,Mukono,exact,2024-03-03,2024-03-03,%Y-%m-%d,Female,F,mapped,CUST104496,
CUST103790,Patrick Ssimbwa,+256783278682,patrick.ssimbwa@yahoo.com,Kampala,2023-09-09,F,0783278682,+256783278682,valid,Kampala,Kampala,exact,09/09/2023,2023-09-09,%d/%m/%Y,Female,F,mapped,,
CUST103791,Nakiganda Andrew,+256788409021,nakigandaandrew@gmail.com,Arua,2021-02-12,F,+256788409021,+256788409021,valid,Arua,Arua,exact,12/02/2021,2021-02-12,%d/%m/%Y,Female,F,mapped,,
CUST103793,Phoebe Nakiganda,+256779777259,phoebe.nakiganda@outlook.com,Mukono,2021-06-12,F,0779777259,+256779777259,valid,Mukono,Mukono,exact,2021-06-12,2021-06-12,%Y-%m-%d,Female,F,mapped,,
CUST103794,Ssimbwa Mugisha,+256782187085,ssimbwa.mugisha@mail.com,Wakiso,2025-06-27,M,078-218-7085,+256782187085,valid,Wakiso,Wakiso,exact,27/06/2025,2025-06-27,%d/%m/%Y,Male ,M,mapped,,
CUST103796,Nabbanja Nakayiza,+256708567758,nabbanja.nakayiza@hotmail.com,Jinja,2021-12-06,F,0708567758,+256708567758,valid,Jinja,Jinja,exact,06-12-2021,2021-12-06,%d-%m-%Y,Female,F,mapped,,
CUST103797,Ronald Byaruhanga,+256748406867,,Wakiso,2025-10-02,M,748406867,+256748406867,valid,Wakiso,Wakiso,exact,2025-10-02,2025-10-02,%Y-%m-%d,M,M,mapped,,REVIEW: possible duplicate
CUST103799,Namubiru Nankya,+256733540590,namubiru.nankya@srg.co.ug,Lira,2024-12-02,F,733540590,+256733540590,valid,Lira,Lira,exact,02/12/2024,2024-12-02,%d/%m/%Y,Female,F,mapped,,
CUST103801,Wanyama Ssentongo,+256713240185,wanyamassentongo16@outlook.com,Mpigi,2021-02-27,F,256713240185,+256713240185,valid,Mpigi,Mpigi,exact,2021-02-27,2021-02-27,%Y-%m-%d,Female,F,mapped,,
CUST103802,Lubega Nakato,+256711045334,lubega.nakato@yahoo.com,Jinja,2021-04-25,M,+256711045334,+256711045334,valid,Jinja,Jinja,exact,2021-04-25,2021-04-25,%Y-%m-%d,Male,M,mapped,,
CUST103803,Nalubega Kyebambe,+256735782656,nalubegakyebambe36@gmail,Tororo,2021-03-05,F,256735782656,+256735782656,valid,Tororo,Tororo,exact,2021-03-05,2021-03-05,%Y-%m-%d,Female,F,mapped,CUST100578,
CUST103804,Namutebi Mugisha,+256750420010,namutebi.mugisha@hotmail.com,Kampala,2025-05-28,F,256750420010,+256750420010,valid,Kampala,Kampala,exact,28/05/2025,2025-05-28,%d/%m/%Y,F,F,mapped,,
CUST103805,Naomi Tumusiime,+256798476185,naomi.tumusiime@mail.com,Jinja,2022-01-23,F,256798476185,+256798476185,valid,Jinja,Jinja,exact,2022-01-23,2022-01-23,%Y-%m-%d,F,F,mapped,,
CUST103806,Sheila Nsereko,+256794879779,sheila.nsereko@srg.co.ug,Isingiro,2022-05-01,F,+256794879779,+256794879779,valid,isingiro,Isingiro,exact,01-05-2022,2022-05-01,%d-%m-%Y,Female,F,mapped,,
CUST103807,Andrew,+256746019918,andrew65@mail.com,Nakasongola,2022-01-21,F,+256746019918,+256746019918,valid,Nakasongola,Nakasongola,exact,2022-01-21,2022-01-21,%Y-%m-%d,Female,F,mapped,,
CUST103808,Kambale Guma,+256719711311,kambale.guma@srg.co.ug,Jinja,2024-11-01,F,0719711311,+256719711311,valid,Jinja,Jinja,exact,01/11/2024,2024-11-01,%d/%m/%Y,Female,F,mapped,,
CUST103809,Mary Ahabwe,+256796560929,mary.ahabwe@hotmail.com,Bushenyi,2023-07-01,M,+256 79 656 0929,+256796560929,valid,Bushenyi,Bushenyi,exact,2023-07-01,2023-07-01,%Y-%m-%d,Male ,M,mapped,,
CUST103811,Michael,+256772793852,michael@yahoo.com,Masindi,2021-03-21,M,772793852,+256772793852,valid,Masindi,Masindi,exact,21/03/2021,2021-03-21,%d/%m/%Y,Male ,M,mapped,,
CUST103812,Nakayiza Mukasa,+256793554380,nakayiza.mukasa@srg.co.ug,Soroti,2021-01-18,F,793554380,+256793554380,valid,Soroti,Soroti,exact,18/01/2021,2021-01-18,%d/%m/%Y,Female,F,mapped,,
CUST103813,Wanyama Kyebambe,+256700148685,wanyama.kyebambe@hotmail.com,Wakiso,2022-02-17,F,+256 70 014 8685,+256700148685,valid,Wakiso,Wakiso,exact,17/02/2022,2022-02-17,%d/%m/%Y,Female,F,mapped,CUST104996,
CUST103814,Juliet Nakayiza,+256780237526,juliet.nakayiza@srg.co.ug,Kampala,2023-01-02,,256780237526,+256780237526,valid,Kampala,Kampala,exact,2023-01-02,2023-01-02,%Y-%m-%d,,,missing,,
CUST103815,Ouma,+256752677492,ouma@outlook.com,Kampala,2025-06-14,M,752677492,+256752677492,valid,Kampala,Kampala,exact,2025-06-14,2025-06-14,%Y-%m-%d,Male,M,mapped,,
CUST103816,Nabbanja Ouma,+256729540360,nabbanja.ouma@gmail.com,Masaka,2022-05-26,F,+256729540360,+256729540360,valid,Masaka,Masaka,exact,26-05-2022,2022-05-26,%d-%m-%Y,Female,F,mapped,,
CUST103818,Mercy Ssentongo,,mercy.ssentongo@yahoo.com,Jinja,2024-08-21,F,,,missing,Jinja,Jinja,exact,21/08/2024,2024-08-21,%d/%m/%Y,F,F,mapped,,
CUST103820,Nabirye Agnes,+256714734176,nabiryeagnes43@hotmail.com,Kasese,2025-07-31,M,+256714734176,+256714734176,valid,Kasese,Kasese,exact,31/07/2025,2025-07-31,%d/%m/%Y,Male,M,mapped,,
CUST103821,Ouma,+256781524746,ouma48@hotmail,Mbarara,2022-07-12,,+256781524746,+256781524746,valid,Mbarara,Mbarara,exact,2022-07-12,2022-07-12,%Y-%m-%d,,,missing,,
CUST103822,Kato Nakayiza,+256772515507,kato.nakayiza@mail.com,Kampala,2021-07-11,M,772515507,+256772515507,valid,Kampala,Kampala,exact,2021-07-11,2021-07-11,%Y-%m-%d,M,M,mapped,,
CUST103823,Mercy Ssfmpebwa,+256755160845,mercy.ssempebwa@gmail.com,Kampala,2025-07-18,F,0755160845,+256755160845,valid,Kampala,Kampala,exact,2025-07-18,2025-07-18,%Y-%m-%d,Female,F,mapped,CUST104463,
CUST103824,Florence Butime,+256706086572,florence.butime@outlook.com,Kampala,2024-10-23,M,0706086572,+256706086572,valid,Kampala,Kampala,exact,2024-10-23,2024-10-23,%Y-%m-%d,M,M,mapped,,
CUST103825,Florence Okello,+256707629196,florence.okello@mail.com,Mbarara,2021-02-12,M,070-762-9196,+256707629196,valid,Mbaraa,Mbarara,variant_mapped,12-02-2021,2021-02-12,%d-%m-%Y,M,M,mapped,,
CUST103826,Nalubega Mubiru,,nalubega.mubiru@hotmail.com,Mukono,2021-10-20,,,,missing,Mukono,Mukono,exact,20-10-2021,2021-10-20,%d-%m-%Y,,,missing,,
CUST103827,Kibirige Katusiime,+256728513337,kibirige.katusiime@hotmail.com,Kampala,2022-08-10,F,+256 72 851 3337,+256728513337,valid,Kampala,Kampala,exact,2022-08-10,2022-08-10,%Y-%m-%d,F,F,mapped,,
CUST103828,Sheila Kibirige,+256789828001,sheilakibirige99@gmail.com,Kampala,2024-12-22,,+256789828001,+256789828001,valid,Kampala,Kampala,exact,2024-12-22,2024-12-22,%Y-%m-%d,,,missing,,
CUST103830,Wanyama Patrick,+256736416253,wanyama.patrick@outlook.com,Mukono,2024-01-27,F,+256 73 641 6253,+256736416253,valid,Mukono,Mukono,exact,2024-01-27,2024-01-27,%Y-%m-%d,F,F,mapped,,
CUST103831,Namubiru Butime,+256740181897,namubirubutime34@yahoo.com,Mbarara,2022-05-24,F,+256740181897,+256740181897,valid,Mbarara,Mbarara,exact,2022-05-24,2022-05-24,%Y-%m-%d,Female,F,mapped,CUST104947,
CUST103832,Joan Byaruhanga,+256752099503,joan.byaruhanga@srg.co.ug,Kampala,2023-12-08,F,+256752099503,+256752099503,valid,Kampala,Kampala,exact,2023-12-08,2023-12-08,%Y-%m-%d,Female,F,mapped,,
CUST103833,Wasswa,+256706035421,wasswa@gmail.com,Gulu,2021-08-14,M,706035421,+256706035421,valid,Gulu,Gulu,exact,14/08/2021,2021-08-14,%d/%m/%Y,Male,M,mapped,CUST104253,
CUST103835,Timothy Okello,+256705160199,timothy.okello@hotmail.com,Kampala,2024-07-13,,+256 70 516 0199,+256705160199,valid,Kampala,Kampala,exact,13/07/2024,2024-07-13,%d/%m/%Y,,,missing,,REVIEW: possible duplicate
CUST103836,Guma Nankya,+256702903611,guma.nankya@mail.com,Wakiso,2021-12-24,M,0702903611,+256702903611,valid,Wakisio,Wakiso,variant_mapped,2021-12-24,2021-12-24,%Y-%m-%d,Male,M,mapped,,
CUST103838,Sarah Munezero,+256740416016,sarahmunezero57@mail.com,Jinja,2023-10-31,M,+256740416016,+256740416016,valid,Jinja,Jinja,exact,2023-10-31,2023-10-31,%Y-%m-%d,Male,M,mapped,,
CUST103839,Mary Munezero,+256743930306,mary.munezero@yahoo.com,Masaka,2023-10-22,M,+256 74 393 0306,+256743930306,valid,Masacka,Masaka,variant_mapped,2023-10-22,2023-10-22,%Y-%m-%d,Male,M,mapped,,
CUST103840,Beatrice Olweny,+256750152675,beatrice.olweny@mail.com,Mbarara,2021-02-28,F,0750152675,+256750152675,valid,Mbarara,Mbarara,exact,28/02/2021,2021-02-28,%d/%m/%Y,Female,F,mapped,,
CUST103841,Ruth Nakiganda,+256745696972,ruth.nakiganda@srg.co.ug,Mpigi,2024-05-02,F,0745696972,+256745696972,valid,Mpigi,Mpigi,exact,02/05/2024,2024-05-02,%d/%m/%Y,Female,F,mapped,,
CUST103842,Andrew Ssebugwawo,+256739721723,andrew.ssebugwawo@gmail.com,Gulu,2024-04-12,F,0739721723,+256739721723,valid,Gulu City,Gulu,exact,2024-04-12,2024-04-12,%Y-%m-%d,Female,F,mapped,,
CUST103843,Irene Ouma,+256718626798,irene.ouma@hotmail.com,Soroti,2023-05-06,,0718626798,+256718626798,valid,Soroti,Soroti,exact,06/05/2023,2023-05-06,%d/%m/%Y,,,missing,CUST104054,
CUST103846,Agnes Ssebugwawo,,agnes.ssebugwawo@outlook.com,Mbale,2023-04-03,,,,missing,Mbale,Mbale,exact,03-04-2023,2023-04-03,%d-%m-%Y,,,missing,CUST104229,
CUST103847,Joan Nakayiza,,joan.nakayiza@srg.co.ug,Mpigi,2022-04-22,F,,,missing,Mpigi,Mpigi,exact,2022-04-22,2022-04-22,%Y-%m-%d,Female,F,mapped,,
CUST103848,Ssimbwa Nabbanja,+256738673592,ssimbwa.nabbanja@hotmail.com,Mukono,2022-08-10,M,738673592,+256738673592,valid,Mukono,Mukono,exact,2022-08-10,2022-08-10,%Y-%m-%d,Male,M,mapped,,
CUST103851,Guma Patrick,+256702058322,guma.patrick@hotmail.com,Wakiso,2023-04-10,F,702058322,+256702058322,valid,Wakiso,Wakiso,exact,10-04-2023,2023-04-10,%d-%m-%Y,Female,F,mapped,,
CUST103852,Mubiru Kafeero,+256749669302,mubiru.kafeero@hotmail.com,Mbarara,2025-04-06,,+256749669302,+256749669302,valid,Mbarara,Mbarara,exact,2025-04-06,2025-04-06,%Y-%m-%d,,,missing,,
CUST103853,Mercy,+256725005956,mercy@mail.com,Mbale,2022-03-21,F,0725005956,+256725005956,valid,mbale,Mbale,exact,2022-03-21,2022-03-21,%Y-%m-%d,F,F,mapped,CUST101176,
CUST103855,David Butime,+256791770370,david.butime@outlook.com,Arua,2023-11-07,M,+256 79 177 0370,+256791770370,valid,Arua,Arua,exact,07/11/2023,2023-11-07,%d/%m/%Y,Male,M,mapped,,
CUST103857,Phoebe Guma,+256709486292,phoebe.guma@yahoo.com,Kiruhura,2024-03-13,F,+256709486292,+256709486292,valid,kiruhura,Kiruhura,exact,2024-03-13,2024-03-13,%Y-%m-%d,F,F,mapped,,
CUST103858,Kibirige Nakato,+256796061259,kibirigenakato35@srg.co.ug,Gulu,2025-05-25,M,0796061259,+256796061259,valid,Gulu City,Gulu,exact,2025-05-25,2025-05-25,%Y-%m-%d,M,M,mapped,,
CUST103859,Guma Sheila,+256794337774,guma.sheila@mail.com,Lira,2023-10-05,F,079-433-7774,+256794337774,valid,Lira,Lira,exact,05/10/2023,2023-10-05,%d/%m/%Y,Female,F,mapped,,
CUST103860,Godfrey Tendo,+256718122101,godfrey.tendo@outlook.com,Jinja,2025-05-07,F,0718122101,+256718122101,valid,Jinja,Jinja,exact,2025-05-07,2025-05-07,%Y-%m-%d,Female,F,mapped,,
CUST103861,Naomi Kyebambe,+256780098898,naomi.kyebambe@outlook.com,Isingiro,2023-07-26,F,256780098898,+256780098898,valid,isingiro,Isingiro,exact,26/07/2023,2023-07-26,%d/%m/%Y,Female,F,mapped,,
CUST103862,Ssebugwawo Beatrice,,ssebugwawo.beatrice@outlook,Iganga,2025-08-13,F,,,missing,Iganga,Iganga,exact,13-08-2025,2025-08-13,%d-%m-%Y,Female,F,mapped,,
CUST103863,John Namubiru,+256776599103,john.namubiru@srg.co.ug,Mbale,2025-03-28,M,256776599103,+256776599103,valid,Mbale,Mbale,exact,28/03/2025,2025-03-28,%d/%m/%Y,M,M,mapped,,
CUST103864,Andrew Olweny,+256748813500,andrew.olweny@yahoo.com,Nebbi,2023-04-13,F,256748813500,+256748813500,valid,Nebbi,Nebbi,exact,13/04/2023,2023-04-13,%d/%m/%Y,Female,F,mapped,,
CUST103865,Florence,+256719060164,florence@mail.com,Kabale,2024-12-08,M,+256719060164,+256719060164,valid,Kabale,Kabale,exact,2024-12-08,2024-12-08,%Y-%m-%d,Male,M,mapped,,
CUST103867,Nsereko Ninsiima,+256721867181,nserekoninsiima@gmail.com,Kampala,2024-09-27,F,721867181,+256721867181,valid,Kampala,Kampala,exact,27/09/2024,2024-09-27,%d/%m/%Y,Female,F,mapped,CUST104939,
CUST103868,Mercy Butime,+256795648534,mercybutime87@yahoo.com,Jinja,,F,+256795648534,+256795648534,valid,Jinja,Jinja,exact,,,missing,Female,F,mapped,,
CUST103869,Kamoga Ruth,+256789831846,kamoga.ruth@outlook.com,Soroti,2022-05-23,F,256789831846,+256789831846,valid,Soroti,Soroti,exact,2022-05-23,2022-05-23,%Y-%m-%d,Female,F,mapped,,
CUST103870,Rebecca,+256773822493,rebecca@gmail,Jinja,2024-03-18,M,+256773822493,+256773822493,valid,Jinja,Jinja,exact,2024-03-18,2024-03-18,%Y-%m-%d,Male ,M,mapped,CUST100208,
CUST103871,Kambale Tumusiime,+256732126309,kambale.tumusiime@hotmail.com,Bushenyi,2021-07-18,F,+256 73 212 6309,+256732126309,valid,Bushenyi,Bushenyi,exact,2021-07-18,2021-07-18,%Y-%m-%d,F,F,mapped,CUST104195,
CUST103872,Atim Harriet,+256707979022,atim.harriet@yahoo.com,Lyantonde,2022-07-27,F,070-797-9022,+256707979022,valid,lyantonde,Lyantonde,exact,27/07/2022,2022-07-27,%d/%m/%Y,Female,F,mapped,,
CUST103873,Kambale Nabbanja,,,Wakiso,2023-06-03,F,,,missing,Wakiso,Wakiso,exact,2023-06-03,2023-06-03,%Y-%m-%d,F,F,mapped,,REVIEW: possible duplicate
CUST103876,Joseph Kyebambe,+256778293654,joseph.kyebambe@outlook.com,Mukono,2024-01-16,,256778293654,+256778293654,valid,Mukko,Mukono,variant_mapped,2024-01-16,2024-01-16,%Y-%m-%d,,,missing,,
CUST103877,Kizza Katusiime,+256741767054,kizza.katusiime@yahoo.com,Jinja,2025-05-02,M,+256 74 176 7054,+256741767054,valid,Jinja,Jinja,exact,2025-05-02,2025-05-02,%Y-%m-%d,Male,M,mapped,,
CUST103878,Wanyama Butime,+256741979451,wanyama.butime@yahoo.com,Gulu,2022-08-27,,+256741979451,+256741979451,valid,Gulu,Gulu,exact,2022-08-27,2022-08-27,%Y-%m-%d,,,missing,,
CUST103880,Nabirye Atim,+256717092808,nabirye.atim@srg.co.ug,Gulu,2025-08-25,F,0717092808,+256717092808,valid,Gulu,Gulu,exact,25/08/2025,2025-08-25,%d/%m/%Y,Female,F,mapped,,
CUST103882,Brian Tendo,+256725421639,briantendo1@gmail.com,Mbarara,,M,725421639,+256725421639,valid,Mbarara,Mbarara,exact,,,missing,Male,M,mapped,,
CUST103884,Patrick Mukasa,+256775762698,patrick.mukasa@gmail.com,Mbale,2023-01-11,F,775762698,+256775762698,valid,Mbale,Mbale,exact,2023-01-11,2023-01-11,%Y-%m-%d,F,F,mapped,,
CUST103885,Alexander Tendo,+256794962972,alexander.tendo@gmail.com,Kabale,2024-06-03,,0794962972,+256794962972,valid,Kabale District,Kabale,variant_mapped,2024-06-03,2024-06-03,%Y-%m-%d,,,missing,,
CUST103887,Mubiru Nsereko,+256704367196,mubiru.nsereko@hotmail.com,Mukono,2022-09-21,M,0704367196,+256704367196,valid,Mukono,Mukono,exact,2022-09-21,2022-09-21,%Y-%m-%d,Male,M,mapped,,
CUST103888,Namutebi Ouma,+256704238199,namutebiouma85@mail.com,Jinja,2025-01-19,F,0704238199,+256704238199,valid,Jinja,Jinja,exact,2025-01-19,2025-01-19,%Y-%m-%d,F,F,mapped,,
CUST103889,Rebecca Nabbanja,+256728603382,rebecca.nabbanja@srg.co.ug,Jinja,2023-02-04,M,728603382,+256728603382,valid,Jinja,Jinja,exact,2023-02-04,2023-02-04,%Y-%m-%d,Male,M,mapped,,
CUST103892,Jane Nakayiza,+256700465882,jane.nakayiza@yahoo.com,Mityana,2023-03-26,M,+256700465882,+256700465882,valid,Mityana,Mityana,exact,26/03/2023,2023-03-26,%d/%m/%Y,M,M,mapped,,
CUST103893,Nakayiza Atukunda,+256706998859,nakayiza.atukunda@mail.com,Mbale,2021-02-14,F,256706998859,+256706998859,valid,Mbale,Mbale,exact,2021-02-14,2021-02-14,%Y-%m-%d,F,F,mapped,,
CUST103896,Patrick Tendo,,patrick.tendo@hotmail.com,Kampala,2023-09-12,F,,,missing,Kampala,Kampala,exact,12/09/2023,2023-09-12,%d/%m/%Y,Female,F,mapped,,REVIEW: possible duplicate
CUST103897,Collins Munezero,+256710504976,collins.munezero@outlook.com,Nebbi,2021-09-12,,+256710504976,+256710504976,valid,Nebbi,Nebbi,exact,12/09/2021,2021-09-12,%d/%m/%Y,,,missing,,
CUST103898,Mugisha Phoebe,+256790761213,mugisha.phoebe@gmail.com,Wakiso,2023-06-17,F,0790761213,+256790761213,valid,Wakisio,Wakiso,variant_mapped,2023-06-17,2023-06-17,%Y-%m-%d,F,F,mapped,,
CUST103900,Irene Kamoga,+256777894899,irene.kamoga@srg.co.ug,Kampala,2022-06-27,F,256777894899,+256777894899,valid,Kampala,Kampala,exact,2022-06-27,2022-06-27,%Y-%m-%d,Female,F,mapped,,
CUST103901,Ahabwe Catherine,+256715393575,ahabwe.catherine@gmail.com,Mukono,2025-03-04,M,256715393575,+256715393575,valid,Mukono,Mukono,exact,04/03/2025,2025-03-04,%d/%m/%Y,Male,M,mapped,,
CUST103902,Daniel Ninsiima,+256722462019,daniel.ninsiima@outlook.com,Kampala,2025-08-02,,+256722462019,+256722462019,valid,kampala,Kampala,exact,2025-08-02,2025-08-02,%Y-%m-%d,,,missing,CUST104611,
CUST103903,Nakayiza,+256777110228,nakayiza@mail.com,Masaka,2023-10-15,F,+256 77 711 0228,+256777110228,valid,Masaka,Masaka,exact,2023-10-15,2023-10-15,%Y-%m-%d,Female,F,mapped,,
CUST103906,Ssekandi Ssekandi,+256705819108,ssekandi.ssekandi@hotmail.com,Jinja,2023-08-08,M,+256705819108,+256705819108,valid,Jinja,Jinja,exact,2023-08-08,2023-08-08,%Y-%m-%d,Male,M,mapped,,
CUST103907,Kizza Guma,+256708854226,kizza.guma@srg.co.ug,Mbarara,,M,0708854226,+256708854226,valid,Mbarara,Mbarara,exact,,,missing,M,M,mapped,,
CUST103908,Patrick Ahabwe,+256721179813,patrick.ahabwe@srg.co.ug,Wakiso,2021-04-28,F,072-117-9813,+256721179813,valid,Wakiso District,Wakiso,variant_mapped,2021-04-28,2021-04-28,%Y-%m-%d,Female ,F,mapped,,
CUST103909,Kyomuhendo Ssekandi,+256774668720,kyomuhendo.ssekandi@gmail.com,Wakiso,2021-05-22,,774668720,+256774668720,valid,Wakisio,Wakiso,variant_mapped,22/05/2021,2021-05-22,%d/%m/%Y,,,missing,,
CUST103911,Ssimbwa Patrick,+256735443080,ssimbwa.patrick@mail.com,Kampala,2023-09-07,F,0735443080,+256735443080,valid,Kampala,Kampala,exact,2023-09-07,2023-09-07,%Y-%m-%d,Female,F,mapped,,
CUST103912,Butime Wanyama,+256787948632,butime.wanyama@outlook.com,Kalangala,,M,0787948632,+256787948632,valid,Kalangala,Kalangala,exact,,,missing,M,M,mapped,,
CUST103913,Kamoga Kibirige,+256720663708,kamoga.kibirige@srg.co.ug,Kampala,2022-06-11,M,256720663708,+256720663708,valid,Kampala,Kampala,exact,11/06/2022,2022-06-11,%d/%m/%Y,Male ,M,mapped,,
CUST103914,Ouma Munezero,+256781013856,ouma.munezero@yahoo.com,Kiruhura,2023-06-16,M,0781013856,+256781013856,valid,kiruhura,Kiruhura,exact,2023-06-16,2023-06-16,%Y-%m-%d,M,M,mapped,CUST104028,
CUST103915,Brian Katusiime,+256708186903,brian.katusiime@srg.co.ug,Mukono,2024-06-08,M,0708186903,+256708186903,valid,Mukono,Mukono,exact,2024-06-08,2024-06-08,%Y-%m-%d,Male,M,mapped,,
CUST103917,Nalubega Kizza,+256735824888,nalubega.kizza@srg.co.ug,Mbarara,2024-02-14,F,+256735824888,+256735824888,valid,Mbarara,Mbarara,exact,2024-02-14,2024-02-14,%Y-%m-%d,Female,F,mapped,,
CUST103918,Jane Nabirye,+256710373876,jane.nabirye@gmail.com,Kampala,2022-08-23,M,0710373876,+256710373876,valid,Kampala,Kampala,exact,2022-08-23,2022-08-23,%Y-%m-%d,M,M,mapped,CUST104681,
CUST103919,Nakayiza Okello,+256773884554,nakayiza.okello@srg.co.ug,Jinja,2021-05-27,F,0773884554,+256773884554,valid,Jinja,Jinja,exact,27/05/2021,2021-05-27,%d/%m/%Y,Female,F,mapped,,
CUST103920,Timothy,+256787475150,timothy@yahoo.com,Mbale,2024-09-30,F,+256787475150,+256787475150,valid,mbale,Mbale,exact,30/09/2024,2024-09-30,%d/%m/%Y,Female,F,mapped,CUST103895,
CUST103921,Nabirye Nsereko,+256700953690,nabirye.nsereko@srg.co.ug,Kampala,2023-01-02,F,+256700953690,+256700953690,valid,Kampala,Kampala,exact,02/01/2023,2023-01-02,%d/%m/%Y,Female,F,mapped,,
CUST103922,Ouma Ruth,+256791376908,oumaruth30@yahoo.com,Mbarara,2021-04-07,,+256791376908,+256791376908,valid,Mbarara City,Mbarara,exact,07/04/2021,2021-04-07,%d/%m/%Y,,,missing,,
CUST103923,Kibirige Byaruhanga,+256738788155,kibirige.byaruhanga@outlook.com,Wakiso,2022-11-30,M,+256 73 878 8155,+256738788155,valid,Wakiso,Wakiso,exact,2022-11-30,2022-11-30,%Y-%m-%d,Male,M,mapped,,
CUST103924,Agnes Achieng,,agnes.achieng@yahoo.com,Soroti,2024-09-03,,,,missing,Soroti,Soroti,exact,03/09/2024,2024-09-03,%d/%m/%Y,,,missing,,
CUST103925,Ssekandi Kafeero,+256783114095,ssekandi.kafeero@srg.co.ug,Mbarara,2024-03-31,M,+256783114095,+256783114095,valid,Mbarara,Mbarara,exact,31/03/2024,2024-03-31,%d/%m/%Y,Male,M,mapped,,
CUST103926,Kyomuhendo Nakiganda,,kyomuhendonakiganda65@yahoo.com,Jinja,2024-06-05,,,,missing,Jinja,Jinja,exact,2024-06-05,2024-06-05,%Y-%m-%d,,,missing,,
CUST103927,Godfrey,+256785968059,godfrey@srg.co.ug,Luwero,2024-06-23,F,+256 78 596 8059,+256785968059,valid,Luwero District,Luwero,variant_mapped,23/06/2024,2024-06-23,%d/%m/%Y,Female,F,mapped,,
CUST103928,Munezero Olweny,+256733894046,munezero.olweny@outlook.com,Kampala,2025-03-31,F,0733894046,+256733894046,valid,Kampala,Kampala,exact,2025-03-31,2025-03-31,%Y-%m-%d,Female,F,mapped,,
CUST103929,Nabirye Wanyama,+256720386655,nabirye.wanyama@srg.co.ug,Gulu,2024-05-24,F,256720386655,+256720386655,valid,Gulu,Gulu,exact,24/05/2024,2024-05-24,%d/%m/%Y,Female,F,mapped,,
CUST103930,Nankya Nabirye,+256745053955,nankya.nabirye@hotmail.com,Mbarara,2022-09-06,F,0745053955,+256745053955,valid,Mbarara,Mbarara,exact,06/09/2022,2022-09-06,%d/%m/%Y,Female,F,mapped,,
CUST103931,Emmanuel Nalubega,+256715070282,emmanuel.nalubega@gmail.com,Jinja,2022-02-22,F,+256715070282,+256715070282,valid,Jinja,Jinja,exact,2022-02-22,2022-02-22,%Y-%m-%d,Female,F,mapped,CUST104225,
CUST103932,Nankya,+256737283706,nankya29@srg.co.ug,Jinja,2025-09-28,F,0737283706,+256737283706,valid,Jinja Town,Jinja,variant_mapped,28/09/2025,2025-09-28,%d/%m/%Y,Female,F,mapped,,
CUST103937,Naomi Ssemakula,+256740773453,naomi.ssemakula@mail.com,Mbale,2021-12-24,F,740773453,+256740773453,valid,Mbale,Mbale,exact,2021-12-24,2021-12-24,%Y-%m-%d,Female,F,mapped,CUST104469;CUST104974,
CUST103939,Joseph Wasswa,,joseph.wasswa@yahoo.com,Gulu,2022-08-14,M,,,missing,Gulu,Gulu,exact,14-08-2022,2022-08-14,%d-%m-%Y,Male,M,mapped,,
CUST103940,Munezero Ssebugwawo,+256756218905,munezero.ssebugwawo@yahoo.com,Rakai,2021-07-11,F,0756218905,+256756218905,valid,Rakai,Rakai,exact,2021-07-11,2021-07-11,%Y-%m-%d,Female,F,mapped,,
CUST103941,Sarah Wanyama,+256730240703,sarahwanyama@yahoo.com,Mukono,2023-08-13,M,0730240703,+256730240703,valid,mukono,Mukono,exact,2023-08-13,2023-08-13,%Y-%m-%d,Male ,M,mapped,,
CUST103942,Mugisha Rebecca,+256712102684,mugisharebecca75@hotmail.com,Jinja,2023-01-19,M,0712102684,+256712102684,valid,Jinja,Jinja,exact,19/01/2023,2023-01-19,%d/%m/%Y,Male,M,mapped,,
CUST103943,Ssimbwa Nabirye,+256733723525,ssimbwa.nabirye@mail.com,Mukono,2021-05-07,M,073-372-3525,+256733723525,valid,Mukono,Mukono,exact,2021-05-07,2021-05-07,%Y-%m-%d,M,M,mapped,,
CUST103944,Rebecca Nabbanja,+256740060546,rebecca.nabbanja@yahoo.com,Kampala,2024-01-30,M,0740060546,+256740060546,valid,kla,Kampala,variant_mapped,30/01/2024,2024-01-30,%d/%m/%Y,Male,M,mapped,,
CUST103945,Ronald Wasswa,+256747414647,ronald.wasswa@yahoo.com,Mbale,2024-02-19,M,0747414647,+256747414647,valid,Mbale,Mbale,exact,2024-02-19,2024-02-19,%Y-%m-%d,Male ,M,mapped,,
CUST103946,Juliet Lubega,+256786754372,juliet.lubega@gmail.com,Masindi,2021-01-26,,0786754372,+256786754372,valid,Masindi,Masindi,exact,26/01/2021,2021-01-26,%d/%m/%Y,,,missing,,
CUST103947,Stephen Nankya,+256796133052,stephen.nankya@mail.com,Kampala,2024-09-08,F,0796133052,+256796133052,valid,Kampala,Kampala,exact,2024-09-08,2024-09-08,%Y-%m-%d,F,F,mapped,,
CUST103950,Agnes Ssentongo,+256742164771,agnes.ssentongo@srg.co.ug,Tororo,2022-07-31,M,+256 74 216 4771,+256742164771,valid,Tororo,Tororo,exact,2022-07-31,2022-07-31,%Y-%m-%d,Male,M,mapped,CUST101754,
CUST103951,Byaruhanga Nsereko,+256701563030,byaruhanga.nsereko@mail.com,Kitgum,2024-05-24,M,0701563030,+256701563030,valid,Kitgum,Kitgum,exact,2024-05-24,2024-05-24,%Y-%m-%d,Male,M,mapped,,
CUST103953,Guma Katusiime,+256739117126,gumakatusiime53@mail.com,Kitgum,2023-01-12,M,256739117126,+256739117126,valid,Kitgum,Kitgum,exact,2023-01-12,2023-01-12,%Y-%m-%d,Male,M,mapped,,
CUST103954,Katusiime Atim,+256723495083,,Mukono,,F,+256723495083,+256723495083,valid,Mukono,Mukono,exact,,,missing,F,F,mapped,,
CUST103955,Okello Ninsiima,+256799523004,okello.ninsiima@yahoo.com,Bundibugyo,2023-02-25,F,256799523004,+256799523004,valid,Bundibugyo,Bundibugyo,exact,25/02/2023,2023-02-25,%d/%m/%Y,Female,F,mapped,,
CUST103956,Mubiru,+256783171897,mubiru@gmail.com,Soroti,2025-03-15,,+256 78 317 1897,+256783171897,valid,Soroti,Soroti,exact,15/03/2025,2025-03-15,%d/%m/%Y,,,missing,,
CUST103958,Kambale Namutebi,+256702008621,kambale.namutebi@hotmail.com,Wakiso,2022-03-09,,702008621,+256702008621,valid,Wakiso,Wakiso,exact,2022-03-09,2022-03-09,%Y-%m-%d,,,missing,,REVIEW: possible duplicate
CUST103959,Ssimbwa Rebecca,+256703190895,ssimbwarebecca17@srg.co.ug,Lyantonde,2025-05-27,M,+256703190895,+256703190895,valid,Lyantonde,Lyantonde,exact,2025-05-27,2025-05-27,%Y-%m-%d,Male,M,mapped,,
CUST103960,Nabirye Ssimbwa,+256735809063,nabirye.ssimbwa@gmail.com,Mbarara,2025-07-17,,0735809063,+256735809063,valid,Mbarara,Mbarara,exact,17/07/2025,2025-07-17,%d/%m/%Y,,,missing,,
CUST103962,Kizza Guma,+256784541189,kizza.guma@gmail.com,Sembabule,2024-08-06,M,+256784541189,+256784541189,valid,Sembabule,Sembabule,exact,2024-08-06,2024-08-06,%Y-%m-%d,Male,M,mapped,CUST103976,
CUST103963,Ruth Atukunda,+256799246427,ruth.atukundamail.com,Soroti,2023-02-07,F,256799246427,+256799246427,valid,Soroti,Soroti,exact,2023-02-07,2023-02-07,%Y-%m-%d,F,F,mapped,,
CUST103964,Mugisha Ssekandi,+256799450348,mugisha.ssekandi@gmail.com,Jinja,,M,0799450348,+256799450348,valid,Jinja City,Jinja,exact,,,missing,Male,M,mapped,,
CUST103967,Nakayiza,,nakayiza46@srg.co.ug,Soroti,2024-12-09,F,,,missing,Soroti,Soroti,exact,2024-12-09,2024-12-09,%Y-%m-%d,F,F,mapped,,
CUST103969,Kambale Nankya,+256715891438,kambale.nankya@gmail.com,Wakiso,2024-02-02,F,0715891438,+256715891438,valid,Wakiso,Wakiso,exact,2024-02-02,2024-02-02,%Y-%m-%d,Female,F,mapped,,
CUST103971,Ninsiima Nakato,+256728990073,ninsiima.nakato@hotmail.com,Gulu,2023-02-26,F,256728990073,+256728990073,valid,Gulu,Gulu,exact,26-02-2023,2023-02-26,%d-%m-%Y,F,F,mapped,,
CUST103974,Nsereko,+256741828940,nsereko@gmail,Jinja,2021-03-17,M,0741828940,+256741828940,valid,Jinja City,Jinja,exact,2021-03-17,2021-03-17,%Y-%m-%d,Male,M,mapped,CUST104370,
CUST103975,Ssempebwa,+256770377139,ssempebwa@gmail.com,Kampala,2025-01-19,M,+256770377139,+256770377139,valid,Kampala,Kampala,exact,2025-01-19,2025-01-19,%Y-%m-%d,Male,M,mapped,,REVIEW: possible duplicate
CUST103978,Kamoga Ssekandi,+256719799446,kamoga.ssekandi@hotmail.com,Jinja,2024-12-10,M,+256719799446,+256719799446,valid,Jinja,Jinja,exact,10/12/2024,2024-12-10,%d/%m/%Y,Male,M,mapped,,
CUST103979,Nabbanja Byaruhanga,+256722679094,nabbanja.byaruhanga@yahoo.com,Gulu,2025-05-26,F,072-267-9094,+256722679094,valid,Guluu,Gulu,variant_mapped,26/05/2025,2025-05-26,%d/%m/%Y,F,F,mapped,,
CUST103981,Ninsiima Mary,+256773634376,ninsiima.mary@hotmail.com,Sembabule,2024-10-22,M,+256 77 363 4376,+256773634376,valid,sembabule,Sembabule,exact,22/10/2024,2024-10-22,%d/%m/%Y,Male,M,mapped,,
CUST103982,Mary Lubega,+256792409319,mary.lubega@srg.co.ug,Kampala,2025-03-24,M,256792409319,+256792409319,valid,Kampala,Kampala,exact,24-03-2025,2025-03-24,%d-%m-%Y,Male,M,mapped,,
CUST103983,Kizza Samuel,+256707141402,kizza.samuel@yahoo.com,Mbarara,2023-06-04,M,0707141402,+256707141402,valid,Mbarara,Mbarara,exact,2023-06-04,2023-06-04,%Y-%m-%d,Male,M,mapped,,
CUST103984,Butime Kyebambe,+256709187017,,Lira,2022-06-17,M,709187017,+256709187017,valid,Lira,Lira,exact,2022-06-17,2022-06-17,%Y-%m-%d,Male,M,mapped,,
CUST103986,Ssimbwa Wanyama,+256749309601,ssimbwa.wanyama@outlook.com,Kabale,2025-04-26,M,0749309601,+256749309601,valid,Kabale,Kabale,exact,2025-04-26,2025-04-26,%Y-%m-%d,Male,M,mapped,,
CUST103989,Kamoga Ahabwe,+256775026970,kamoga.ahabwe@srg,Arua,2024-06-06,M,256775026970,+256775026970,valid,Arua City,Arua,exact,06/06/2024,2024-06-06,%d/%m/%Y,Male,M,mapped,,
CUST103991,Nakiganda Mubiru,+256720905793,nakiganda.mubiru@outlook.com,Kumi,2025-02-28,F,+256 72 090 5793,+256720905793,valid,Kumi,Kumi,exact,2025-02-28,2025-02-28,%Y-%m-%d,F,F,mapped,,
CUST103992,Patrick Olweny,+256759914846,patrick.olweny@hotmail.com,Gulu,2022-10-29,F,0759914846,+256759914846,valid,Gulu,Gulu,exact,2022-10-29,2022-10-29,%Y-%m-%d,Female,F,mapped,,
CUST103994,Peter Ouma,+256742050156,peter.ouma@srg.co.ug,Mbarara,2024-10-24,,0742050156,+256742050156,valid,Mbarara,Mbarara,exact,24/10/2024,2024-10-24,%d/%m/%Y,,,missing,,
CUST103995,Katusiime Nalubega,+256778776065,katusiimenalubega59@gmail.com,Kampala,2023-11-11,F,0778776065,+256778776065,valid,Kampala1,Kampala,fuzzy_mapped,2023-11-11,2023-11-11,%Y-%m-%d,Female,F,mapped,,
CUST103998,Achieng Robert,+256716891487,achieng.robertoutlook.com,Kasese,2023-09-12,M,071-689-1487,+256716891487,valid,Kasese,Kasese,exact,2023-09-12,2023-09-12,%Y-%m-%d,Male,M,mapped,,
CUST103999,Byaruhanga Kibirige,+256748516290,byaruhanga.kibirige@hotmail.com,Wakiso,2023-09-02,,256748516290,+256748516290,valid,Wakiso,Wakiso,exact,2023-09-02,2023-09-02,%Y-%m-%d,,,missing,,
CUST104003,Roberf Nakiganda,+256715154019,robert.nakiganda@yahoo.com,Mbarara,2022-05-15,M,+256715154019,+256715154019,valid,Mbarara,Mbarara,exact,2022-05-15,2022-05-15,%Y-%m-%d,Male,M,mapped,CUST104078;CUST104993,
CUST104007,Nalubega Butime,+256719063364,nalubega.butime@gmail.com,Mukono,2024-01-05,F,0719063364,+256719063364,valid,Mukono,Mukono,exact,2024-01-05,2024-01-05,%Y-%m-%d,Female,F,mapped,CUST101218;CUST104637,
CUST104008,Nankya Beatrice,,nankyabeatrice98@srg.co.ug,Mukono,2023-05-19,F,,,missing,mukono,Mukono,exact,19/05/2023,2023-05-19,%d/%m/%Y,F,F,mapped,,
CUST104009,Collins Namubiru,+256744964165,collins.namubiru@hotmail.com,Kampala,2021-03-02,F,744964165,+256744964165,valid,Kampala,Kampala,exact,2021-03-02,2021-03-02,%Y-%m-%d,Female,F,mapped,,
CUST104010,Naomi,+256706681257,naomi@outlook.com,Bushenyi,2024-03-24,F,+256706681257,+256706681257,valid,Bushenyi District,Bushenyi,variant_mapped,2024-03-24,2024-03-24,%Y-%m-%d,Female,F,mapped,,
CUST104012,Kambale Mugisha,,kambalemugisha@gmail.com,Jinja,2022-03-30,,,,missing,Jinja,Jinja,exact,30/03/2022,2022-03-30,%d/%m/%Y,,,missing,,
CUST104013,Tumusiime Catherine,+256781108515,tumusiime.catherine@mail.com,Kiboga,2021-10-31,M,0781108515,+256781108515,valid,kiboga,Kiboga,exact,2021-10-31,2021-10-31,%Y-%m-%d,M,M,mapped,,
CUST104014,Wasswa Ssekandi,+256772817683,wasswassekandi73@gmail.com,Gulu,2024-12-26,M,+256 77 281 7683,+256772817683,valid,Gulu,Gulu,exact,26/12/2024,2024-12-26,%d/%m/%Y,Male,M,mapped,,
CUST104015,Juliet Atim,+256707106067,juliet.atim@outlook.com,Wakiso,2023-10-28,F,+256707106067,+256707106067,valid,Wakiso,Wakiso,exact,2023-10-28,2023-10-28,%Y-%m-%d,Female,F,mapped,,
CUST104016,Emmanuel Guma,+256789317772,emmanuelguma78@hotmail.com,Wakiso,2025-03-17,F,+256 78 931 7772,+256789317772,valid,Wakiso,Wakiso,exact,2025-03-17,2025-03-17,%Y-%m-%d,Female,F,mapped,,
CUST104017,Nalubega Tendo,+256790538625,nalubega.tendo@srg.co.ug,Mukono,2023-04-21,F,+256790538625,+256790538625,valid,Mukono,Mukono,exact,21/04/2023,2023-04-21,%d/%m/%Y,Female,F,mapped,,
CUST104018,Namubiru Ssemakula,+256775777744,namubirussemakula49@mail.com,Wakiso,2025-08-25,,0775777744,+256775777744,valid,Wakiso,Wakiso,exact,2025-08-25,2025-08-25,%Y-%m-%d,,,missing,CUST104758,
CUST104019,Ruth Namubiru,+256774565709,ruth.namubiru@yahoo.com,Wakiso,2021-01-25,,+256 77 456 5709,+256774565709,valid,Wakisio,Wakiso,variant_mapped,25/01/2021,2021-01-25,%d/%m/%Y,,,missing,,
CUST104020,Ninsiima Ninsiima,+256741570294,ninsiima.ninsiima@outlook.com,Mukono,2021-11-05,F,256741570294,+256741570294,valid,Mukono,Mukono,exact,05/11/2021,2021-11-05,%d/%m/%Y,F,F,mapped,,
CUST104021,Godfrey Kizza,+256722867183,godfrey.kizza@mail.com,Fort Portal,2021-01-14,,256722867183,+256722867183,valid,Fort-Portal,Fort Portal,variant_mapped,14/01/2021,2021-01-14,%d/%m/%Y,,,missing,CUST104698,
CUST104022,Munezero Atim,+256711426961,munezeroatim94@hotmail.com,Kampala,2023-07-26,F,0711426961,+256711426961,valid,Kampala,Kampala,exact,26/07/2023,2023-07-26,%d/%m/%Y,Female,F,mapped,CUST104216,
CUST104023,Nsereko Ouma,+256718478488,nserekoouma5@srg.co.ug,Mbarara,2021-06-17,M,0718478488,+256718478488,valid,Mbarara,Mbarara,exact,2021-06-17,2021-06-17,%Y-%m-%d,Male,M,mapped,,
CUST104024,Lubega Ssemakula,+256749364698,lubega.ssemakula@hotmail.com,Kabale,2024-05-29,M,0749364698,+256749364698,valid,Kabale,Kabale,exact,29/05/2024,2024-05-29,%d/%m/%Y,Male,M,mapped,,
CUST104025,Mubiru Mugisha,+256795237620,mubiru.mugisha@mail.com,Fort Portal,2023-02-17,M,0795237620,+256795237620,valid,FortPortal,Fort Portal,variant_mapped,2023-02-17,2023-02-17,%Y-%m-%d,M,M,mapped,,
CUST104026,Kafeero Ssimbwa,+256780246551,,Mukono,2021-11-13,M,+256780246551,+256780246551,valid,Mukono,Mukono,exact,2021-11-13,2021-11-13,%Y-%m-%d,Male,M,mapped,,
CUST104029,Naomi Ssempebwa,+256710028242,naomissempebwa@hotmail.com,Wakiso,2025-04-27,F,256710028242,+256710028242,valid,Wakiso District,Wakiso,variant_mapped,2025-04-27,2025-04-27,%Y-%m-%d,Female,F,mapped,,
CUST104031,Ssempebwa Kamoga,+256773461444,ssempebwa.kamoga@srg.co.ug,Kasese,2023-12-10,M,256773461444,+256773461444,valid,Kasese,Kasese,exact,2023-12-10,2023-12-10,%Y-%m-%d,Male,M,mapped,CUST104470,
CUST104033,Sheila Kyomuhendo,+256785193840,sheila.kyomuhendo@hotmail.com,,2025-04-13,F,+256785193840,+256785193840,valid,,,missing,13-04-2025,2025-04-13,%d-%m-%Y,Female,F,mapped,,
CUST104035,Juliet Namubiru,+256703464403,julietnamubiru@mail.com,Entebbe,2021-09-17,F,+256 70 346 4403,+256703464403,valid,Enteba,Entebbe,variant_mapped,2021-09-17,2021-09-17,%Y-%m-%d,Female,F,mapped,,
CUST104036,David Nabirye,+256789357928,david.nabirye@outlook.com,Kasese,2023-02-13,M,256789357928,+256789357928,valid,Kasese,Kasese,exact,2023-02-13,2023-02-13,%Y-%m-%d,Male,M,mapped,CUST100418,
CUST104037,Kamoga Katusiime,+256700895587,kamoga.katusiime@outlook.com,Kampala,2024-05-01,M,0700895587,+256700895587,valid,Kampala,Kampala,exact,2024-05-01,2024-05-01,%Y-%m-%d,Male,M,mapped,,
CUST104039,Nalubega Kyomuhendo,+256770198788,,Mbale,2021-02-03,F,+256 77 019 8788,+256770198788,valid,Mbale,Mbale,exact,2021-02-03,2021-02-03,%Y-%m-%d,Female,F,mapped,,
CUST104040,Ssentongo Kyebambe,+256770607576,ssentongo.kyebambe@mail.com,Tororo,,M,+256770607576,+256770607576,valid,Torroro,Tororo,variant_mapped,,,missing,Male,M,mapped,,
CUST104043,Kamoga Samuel,+256783661429,kamoga.samuel@outlook.com,Kitgum,,M,+256 78 366 1429,+256783661429,valid,Kitgum,Kitgum,exact,,,missing,Male,M,mapped,,
CUST104045,Joseph Tendo,+256742877234,joseph.tendo@outlook.com,Kampala,2024-12-22,M,742877234,+256742877234,valid,Kampala,Kampala,exact,22/12/2024,2024-12-22,%d/%m/%Y,Male,M,mapped,,
CUST104047,JOAN ACHIENG,+256722038764,joan.achieng@gmail.com,Kampala,2021-10-31,F,0722038764,+256722038764,valid,Kampala,Kampala,exact,31/10/2021,2021-10-31,%d/%m/%Y,Female,F,mapped,CUST104188;CUST104288,
CUST104049,Ssekandi Butime,+256752579702,ssekandi.butime@yahoo.com,Tororo,2021-05-09,M,075-257-9702,+256752579702,valid,Torroro,Tororo,variant_mapped,09/05/2021,2021-05-09,%d/%m/%Y,Male,M,mapped,,
CUST104050,Joan Kibirige,+256780522223,joan.kibirige@yahoo.com,Entebbe,2023-01-15,F,+256 78 052 2223,+256780522223,valid,Entebbe City,Entebbe,variant_mapped,2023-01-15,2023-01-15,%Y-%m-%d,F,F,mapped,,
CUST104051,Dorothy,+256789785741,dorothy@gmail.com,Mukono,2025-01-01,M,+256 78 978 5741,+256789785741,valid,Mukono,Mukono,exact,2025-01-01,2025-01-01,%Y-%m-%d,Male,M,mapped,CUST104165,
CUST104055,Harriet Mugisha,,harriet.mugishayahoo.com,Jinja,2022-11-17,F,,,missing,Jinja,Jinja,exact,17/11/2022,2022-11-17,%d/%m/%Y,Female ,F,mapped,,
CUST104057,Nsereko Olweny,+256700539564,nserekoolweny54@srg.co.ug,Mbarara,2022-07-18,,+256 70 053 9564,+256700539564,valid,Mbarara,Mbarara,exact,18-07-2022,2022-07-18,%d-%m-%Y,,,missing,,
CUST104058,Munezero Nabbanja,+256788591693,munezero.nabbanja@hotmail.com,Rakai,2021-10-24,F,+256788591693,+256788591693,valid,rakai,Rakai,exact,24/10/2021,2021-10-24,%d/%m/%Y,Female,F,mapped,,
CUST104059,Samuel Namubiru,+256752280191,samuel.namubiru@yahoo.com,Mbarara,2021-11-21,,+256752280191,+256752280191,valid,Mbarara,Mbarara,exact,2021-11-21,2021-11-21,%Y-%m-%d,,,missing,CUST101131,
CUST104060,Butime Mukasa,,butime.mukasa@mail.com,Kampala,2024-11-05,M,,,missing,Kampala,Kampala,exact,2024-11-05,2024-11-05,%Y-%m-%d,Male,M,mapped,,
CUST104062,Ssentongo Nabbanja,+256729994104,,Iganga,2024-08-05,M,256729994104,+256729994104,valid,Iganga,Iganga,exact,2024-08-05,2024-08-05,%Y-%m-%d,Male,M,mapped,,
CUST104063,Francis Nakato,+256770823106,francis.nakato@gmail.com,Mbarara,2021-10-30,F,0770823106,+256770823106,valid,Mbarara,Mbarara,exact,30/10/2021,2021-10-30,%d/%m/%Y,Female,F,mapped,,
CUST104064,Esther Munezero,+256731078078,esther.munezero@outlook.com,Kampala,2023-11-10,,+256731078078,+256731078078,valid,Kampala,Kampala,exact,10-11-2023,2023-11-10,%d-%m-%Y,,,missing,,
CUST104065,Andrew Munezero,+256729018876,andrewmunezero58mail.com,Mbarara,2021-12-20,F,0729018876,+256729018876,valid,Mbarara,Mbarara,exact,20/12/2021,2021-12-20,%d/%m/%Y,Female,F,mapped,,
CUST104066,Achieng Timothy,+256799900389,achieng.timothy@hotmail.com,Mityana,2022-07-01,F,0799900389,+256799900389,valid,Mityana,Mityana,exact,2022-07-01,2022-07-01,%Y-%m-%d,Female,F,mapped,CUST100721,
CUST104067,Kyomuhendo Katusiime,+256743369561,kyomuhendokatusiime4@yahoo.com,Gulu,2024-11-19,F,+256743369561,+256743369561,valid,Gulu City,Gulu,exact,19/11/2024,2024-11-19,%d/%m/%Y,Female,F,mapped,,
CUST104068,Nakiganda Mubiru,,nakiganda.mubiru@mail.com,Kampala,2023-07-30,F,,,missing,Kampala,Kampala,exact,30/07/2023,2023-07-30,%d/%m/%Y,F,F,mapped,,
CUST104069,Kamoga Namubiru,+256738740559,kamoga.namubiru@outlook.com,Kampala,2024-03-03,M,+256738740559,+256738740559,valid,Kampala,Kampala,exact,03/03/2024,2024-03-03,%d/%m/%Y,M,M,mapped,,
CUST104072,Kizza Wanyama,+256719499473,kizzawanyama33@mail.com,Mbale,2024-01-25,M,0719499473,+256719499473,valid,mbale,Mbale,exact,25-01-2024,2024-01-25,%d-%m-%Y,Male,M,mapped,,
CUST104073,Michael Namubiru,+256734117490,michael.namubiruoutlook.com,Lira,2021-08-25,,0734117490,+256734117490,valid,Lira,Lira,exact,25-08-2021,2021-08-25,%d-%m-%Y,,,missing,CUST104477,
CUST104075,Naomi Nabirye,+256711212825,naomi.nabirye@gmail.com,Kiruhura,2021-02-10,F,0711212825,+256711212825,valid,Kiruhura,Kiruhura,exact,10/02/2021,2021-02-10,%d/%m/%Y,F,F,mapped,,
CUST104076,Katusiime Nakiganda,+256755852704,katusiimenakiganda@gmail.com,Kampala,2021-07-15,F,256755852704,+256755852704,valid,Kampala,Kampala,exact,15/07/2021,2021-07-15,%d/%m/%Y,Female,F,mapped,CUST104213,
CUST104079,Ssekandi Kibirige,+256784975444,ssekandi.kibirigeyahoo.com,Kampala,2023-02-15,M,256784975444,+256784975444,valid,Kampala-City,Kampala,variant_mapped,2023-02-15,2023-02-15,%Y-%m-%d,Male,M,mapped,,
CUST104080,Florence Kambale,+256791531049,florencekambale23@gmail.com,Kayunga,2023-04-18,,0791531049,+256791531049,valid,Kayunga,Kayunga,exact,2023-04-18,2023-04-18,%Y-%m-%d,,,missing,,
CUST104081,Esther Nabirye,+256737716746,esthernabirye@srg.co.ug,Gulu,2021-05-05,M,0737716746,+256737716746,valid,Gulu City,Gulu,exact,2021-05-05,2021-05-05,%Y-%m-%d,Male,M,mapped,CUST104117,
CUST104082,Mubiru Atim,+256795049266,mubiruatim@mail.com,Wakiso,2021-10-01,F,079-504-9266,+256795049266,valid,wakiso,Wakiso,exact,2021-10-01,2021-10-01,%Y-%m-%d,Female,F,mapped,,REVIEW: possible duplicate
CUST104084,Kizza Kambale,+256706206625,kizza.kambale@gmail.com,Kayunga,2022-01-05,M,+256706206625,+256706206625,valid,kayunga,Kayunga,exact,2022-01-05,2022-01-05,%Y-%m-%d,Male,M,mapped,,
CUST104085,Joan Olweny,+256740202203,joan.olweny@hotmail.com,Mbarara,2024-08-14,F,074-020-2203,+256740202203,valid,Mbarara,Mbarara,exact,14/08/2024,2024-08-14,%d/%m/%Y,F,F,mapped,,
CUST104086,Beatrice Nalubega,,beatrice.nalubega@srg.co.ug,Fort Portal,,F,,,missing,Kabarole,Fort Portal,exact,,,missing,Female,F,mapped,,
CUST104090,Ruth Nakato,+256725712081,,Wakiso,2022-04-25,F,+256725712081,+256725712081,valid,Wakiso,Wakiso,exact,2022-04-25,2022-04-25,%Y-%m-%d,Female,F,mapped,,REVIEW: possible duplicate
CUST104091,Kibirige Nakayiza,+256702148242,kibirige.nakayiza@gmail.com,Kampala,2021-01-24,M,702148242,+256702148242,valid,Kampala,Kampala,exact,2021-01-24,2021-01-24,%Y-%m-%d,M,M,mapped,,
CUST104093,Atukunda Naomi,+256731574962,atukunda.naomi@outlook.com,Kampala,2025-01-07,F,0731574962,+256731574962,valid,Kampala,Kampala,exact,2025-01-07,2025-01-07,%Y-%m-%d,Female,F,mapped,,
CUST104094,Irene Kibirige,+256778484350,irenekibirige44@hotmail.com,Gulu,2025-02-13,F,256778484350,+256778484350,valid,Gulu City,Gulu,exact,13/02/2025,2025-02-13,%d/%m/%Y,Female,F,mapped,CUST103965,
CUST104096,Peter Wanyama,,peter.wanyama@yahoo.com,Kampala,2024-06-10,M,,,missing,Kampala,Kampala,exact,2024-06-10,2024-06-10,%Y-%m-%d,Male,M,mapped,,
CUST104097,Kyomuhendo Sarah,+256737913557,kyomuhendo.sarah@outlook.com,Gulu,2025-01-01,M,+256737913557,+256737913557,valid,Guluu,Gulu,variant_mapped,2025-01-01,2025-01-01,%Y-%m-%d,Male,M,mapped,,
CUST104098,Okello Nakayiza,+256726310448,okellonakayiza52@hotmail.com,Soroti,2022-09-27,F,256726310448,+256726310448,valid,soroti,Soroti,exact,2022-09-27,2022-09-27,%Y-%m-%d,Female,F,mapped,,
CUST104100,Michael Kambale,,michael.kambalesrg.co.ug,Mbale,2021-08-24,M,,,missing,Mbale,Mbale,exact,2021-08-24,2021-08-24,%Y-%m-%d,Male,M,mapped,CUST104488,
CUST104102,Ssentongo Nakiganda,+256711633976,ssentongo.nakiganda@gmail.com,Hoima,2023-04-04,F,+256 71 163 3976,+256711633976,valid,Hoima,Hoima,exact,2023-04-04,2023-04-04,%Y-%m-%d,Female,F,mapped,,
CUST104103,Joseph Katusiime,+256792888363,joseph.katusiime@srg.co.ug,Mbale,2024-05-19,M,0792888363,+256792888363,valid,Mbale,Mbale,exact,19/05/2024,2024-05-19,%d/%m/%Y,Male,M,mapped,,
CUST104104,Godfrey,+256738159762,godfrey@yahoo.com,Lira,2024-12-07,F,738159762,+256738159762,valid,Lira,Lira,exact,2024-12-07,2024-12-07,%Y-%m-%d,Female,F,mapped,,
CUST104105,Harriet Atukunda,+256750921399,harrietatukunda@srg.co.ug,Kampala,2023-12-07,F,+256750921399,+256750921399,valid,KAMPALA,Kampala,exact,07/12/2023,2023-12-07,%d/%m/%Y,Female,F,mapped,,
CUST104106,David Kafeero,+256747665072,davidkafeero81@srg.co.ug,Kampala,2024-01-02,M,0747665072,+256747665072,valid,Kampala,Kampala,exact,2024-01-02,2024-01-02,%Y-%m-%d,M,M,mapped,,
CUST104110,Wanyama,+256738354009,wanyama96@mail.com,Sembabule,2024-05-08,F,0738354009,+256738354009,valid,Sembabule,Sembabule,exact,08-05-2024,2024-05-08,%d-%m-%Y,Female,F,mapped,CUST103654,
CUST104111,Michael Ssimbwa,+256738239083,michael.ssimbwa@hotmail.com,Lira,2024-05-29,M,+256738239083,+256738239083,valid,Lira,Lira,exact,29/05/2024,2024-05-29,%d/%m/%Y,Male,M,mapped,,
CUST104112,Kibirige Achieng,,,Isingiro,,M,,,missing,Isingiro,Isingiro,exact,,,missing,Male,M,mapped,,REVIEW: possible duplicate
CUST104113,Dorothy Byaruhanga,+256713321973,dorothy.byaruhanga@srg.co.ug,Rakai,2021-11-08,M,0713321973,+256713321973,valid,Rakai,Rakai,exact,2021-11-08,2021-11-08,%Y-%m-%d,Male,M,mapped,,
CUST104114,Nabirye Kibirige,+256778469664,nabirye.kibirige@outlook.com,Kampala,2022-12-25,,0778469664,+256778469664,valid,Kampala,Kampala,exact,25-12-2022,2022-12-25,%d-%m-%Y,,,missing,,
CUST104116,John Tendo,+256701764110,john.tendo@outlook.com,Bundibugyo,2024-10-14,M,701764110,+256701764110,valid,Bundibugyo,Bundibugyo,exact,14/10/2024,2024-10-14,%d/%m/%Y,Male,M,mapped,,
CUST104118,Olweny Ouma,+256729763913,olweny.ouma@hotmail.com,Mukono,2021-01-11,,256729763913,+256729763913,valid,Mukono,Mukono,exact,11-01-2021,2021-01-11,%d-%m-%Y,,,missing,,
CUST104120,Florence Ouma,,florence.ouma@srg.co.ug,Kayunga,2024-07-22,M,,,missing,Kayunga,Kayunga,exact,22-07-2024,2024-07-22,%d-%m-%Y,Male,M,mapped,,
CUST104121,Katusiime Kibirige,+256737553395,katusiime.kibirige@outlook.com,Wakiso,2024-02-15,F,+256737553395,+256737553395,valid,Wakiso,Wakiso,exact,15/02/2024,2024-02-15,%d/%m/%Y,F,F,mapped,,
CUST104122,Namubiru Katusiime,+256787401475,,Lira,2024-05-13,F,0787401475,+256787401475,valid,Lira,Lira,exact,13-05-2024,2024-05-13,%d-%m-%Y,Female,F,mapped,,
CUST104123,Nakayiza Wasswa,+256772088330,nakayiza.wasswa@mail.com,Kampala,2025-05-10,F,772088330,+256772088330,valid,Kampala,Kampala,exact,10/05/2025,2025-05-10,%d/%m/%Y,Female,F,mapped,CUST100310,
CUST104124,Mugisha Nabbanja,+256708662386,mugishanabbanja68@mail.com,Mbarara,2021-01-09,M,0708662386,+256708662386,valid,Mbarara,Mbarara,exact,2021-01-09,2021-01-09,%Y-%m-%d,Male,M,mapped,,
CUST104125,Namutebi Kyebambe,+256770038375,namutebi.kyebambe@mail.com,Gulu,2021-08-02,F,+256 77 003 8375,+256770038375,valid,Gulu,Gulu,exact,2021-08-02,2021-08-02,%Y-%m-%d,Female,F,mapped,,
CUST104126,Esther Ssempebwa,,esther.ssempebwa@yahoo.com,Fort Portal,2021-07-18,M,,,missing,Kabarole,Fort Portal,exact,18/07/2021,2021-07-18,%d/%m/%Y,Male,M,mapped,,
CUST104127,Butime Kambale,+256710795603,butime.kambale@hotmail.com,Arua,2021-06-02,,0710795603,+256710795603,valid,arua,Arua,exact,2021-06-02,2021-06-02,%Y-%m-%d,,,missing,,
CUST104129,Kyomuhendo Ssentongo,+256774715802,kyomuhendo.ssentongo@mail.com,Mbarara,2025-01-28,,774715802,+256774715802,valid,Mbarara,Mbarara,exact,28/01/2025,2025-01-28,%d/%m/%Y,,,missing,,
CUST104130,Kato Ssentongo,+256717720759,kato.ssentongo@srg.co.ug,Kitgum,2024-05-12,M,256717720759,+256717720759,valid,Kitgum,Kitgum,exact,12-05-2024,2024-05-12,%d-%m-%Y,Male,M,mapped,,
CUST104131,Atim Ssekandi,+256718316676,atim.ssekandi@gmail.com,Arua,,F,0718316676,+256718316676,valid,Arua City,Arua,exact,,,missing,Female,F,mapped,,
CUST104132,Timothy Achieng,+256745029969,timothy.achieng@yahoo.com,Kabale,2023-06-30,F,256745029969,+256745029969,valid,Kabale,Kabale,exact,2023-06-30,2023-06-30,%Y-%m-%d,F,F,mapped,,
CUST104133,Wasswa Munezero,+256726149640,wasswa.munezero@hotmail.com,Kumi,2022-09-27,M,+256726149640,+256726149640,valid,Kumi,Kumi,exact,27/09/2022,2022-09-27,%d/%m/%Y,Male,M,mapped,,
CUST104134,Kamoga Namubiru,,kamoga.namubiru@mail.com,Kampala,2022-11-28,M,,,missing,Kampala-City,Kampala,variant_mapped,28/11/2022,2022-11-28,%d/%m/%Y,Male,M,mapped,,
CUST104136,Munezero Tendo,+256732742629,munezero.tendo@outlook.com,Fort Portal,2024-02-02,F,256732742629,+256732742629,valid,Fort Portal,Fort Portal,exact,02/02/2024,2024-02-02,%d/%m/%Y,Female,F,mapped,,
CUST104137,Catherine Nabirye,+256740906790,catherine.nabirye@mail.com,Wakiso,2023-04-25,,074-090-6790,+256740906790,valid,Wakiso District,Wakiso,variant_mapped,2023-04-25,2023-04-25,%Y-%m-%d,,,missing,,
CUST104138,Nsereko Nakato,+256738118893,nserekonakato21@srg.co.ug,Kalangala,2023-11-14,M,0738118893,+256738118893,valid,Kalangala,Kalangala,exact,2023-11-14,2023-11-14,%Y-%m-%d,Male,M,mapped,,
CUST104139,Ssemakula Kafeero,+256751924756,ssemakula.kafeero@hotmail.com,Sembabule,2025-04-27,M,+256751924756,+256751924756,valid,Sembabule,Sembabule,exact,2025-04-27,2025-04-27,%Y-%m-%d,Male ,M,mapped,,
CUST104141,Beatrice Tumusiime,+256736170798,beatrice.tumusiime@gmail,Masaka,2024-03-15,F,256736170798,+256736170798,valid,Masaka,Masaka,exact,2024-03-15,2024-03-15,%Y-%m-%d,Female,F,mapped,,
CUST104142,Ruth Nabirye,+256701992066,ruth.nabirye@srg.co.ug,Gulu,2021-09-21,F,+256701992066,+256701992066,valid,Gulu,Gulu,exact,2021-09-21,2021-09-21,%Y-%m-%d,Female,F,mapped,,
CUST104144,Patrick Lubega,+256779753706,patricklubega94@yahoo.com,Mbarara,2021-09-13,F,779753706,+256779753706,valid,Mbarara,Mbarara,exact,2021-09-13,2021-09-13,%Y-%m-%d,F,F,mapped,,
CUST104145,Collins Ahabwe,+256784037403,collins.ahabwe@yahoo.com,Wakiso,2021-05-26,,784037403,+256784037403,valid,Wakiso,Wakiso,exact,2021-05-26,2021-05-26,%Y-%m-%d,,,missing,,
CUST104146,Nalubega Nsereko,+256793502760,nalubegansereko@mail.com,Mukono,2023-08-30,F,793502760,+256793502760,valid,Mukkono,Mukono,variant_mapped,2023-08-30,2023-08-30,%Y-%m-%d,Female,F,mapped,,
CUST104149,Naomi,+256747685797,naomi@mail.com,Kampala,2024-02-08,F,0747685797,+256747685797,valid,Kampala,Kampala,exact,08-02-2024,2024-02-08,%d-%m-%Y,Female,F,mapped,,
CUST104150,Daniel Ssimbwa,,daniel.ssimbwa@outlook.com,Luwero,2022-11-11,,,,missing,Luweero,Luwero,variant_mapped,2022-11-11,2022-11-11,%Y-%m-%d,,,missing,,
CUST104152,Munezero Nalubega,+256710799361,munezero.nalubega@hotmail.com,Wakiso,2023-10-14,F,0710799361,+256710799361,valid,Wakiso,Wakiso,exact,2023-10-14,2023-10-14,%Y-%m-%d,Female,F,mapped,,
CUST104153,Kizza Nabirye,+256743914660,kizza.nabirye@gmail.com,Wakiso,2023-04-21,M,0743914660,+256743914660,valid,Wakisio,Wakiso,variant_mapped,2023-04-21,2023-04-21,%Y-%m-%d,Male,M,mapped,,
CUST104154,Kizza Agnes,+256741673702,kizzaagnes@outlook.com,Wakiso,,M,256741673702,+256741673702,valid,Wakiso,Wakiso,exact,,,missing,M,M,mapped,,
CUST104155,Kambale Timothy,+256738791588,kambaletimothy78@srg.co.ug,Soroti,2025-09-17,F,+256738791588,+256738791588,valid,Soroti,Soroti,exact,2025-09-17,2025-09-17,%Y-%m-%d,Female,F,mapped,,
CUST104158,Naomi Nakiganda,+256706987272,naominakiganda@gmail.com,Mukono,2021-02-08,F,+256706987272,+256706987272,valid,Mukono,Mukono,exact,2021-02-08,2021-02-08,%Y-%m-%d,Female ,F,mapped,,
CUST104159,Ninsiima Sarah,+256770619098,ninsiima.sarah@yahoo.com,Bushenyi,2021-05-05,M,+256 77 061 9098,+256770619098,valid,Bushenyi,Bushenyi,exact,2021-05-05,2021-05-05,%Y-%m-%d,Male,M,mapped,,
CUST104160,John Namubiru,+256707191096,john.namubirugmail.com,Mbale,2024-01-28,M,0707191096,+256707191096,valid,Mbale,Mbale,exact,28/01/2024,2024-01-28,%d/%m/%Y,Male,M,mapped,,
CUST104163,Agnes Ssekandi,,agnes.ssekandi@yahoo.com,Jinja,2024-12-16,M,,,missing,jinja,Jinja,exact,2024-12-16,2024-12-16,%Y-%m-%d,M,M,mapped,,
CUST104167,Kambale Tumusiime,+256777946192,kambaletumusiime98@outlook.com,Kumi,,,0777946192,+256777946192,valid,Kumi,Kumi,exact,,,missing,,,missing,,
CUST104168,Patrick,+256798275984,patrick@outlook.com,Mbarara,2022-09-04,F,798275984,+256798275984,valid,Mbarara,Mbarara,exact,2022-09-04,2022-09-04,%Y-%m-%d,Female,F,mapped,,
CUST104169,Ouma Kambale,+256772738999,oumakambale21@mail.com,Soroti,2025-05-13,,0772738999,+256772738999,valid,Soroti,Soroti,exact,2025-05-13,2025-05-13,%Y-%m-%d,,,missing,,
CUST104170,Guma Namubiru,+256729979909,gumanamubiru@hotmail.com,Kalangala,2022-08-19,M,729979909,+256729979909,valid,Kalangala,Kalangala,exact,2022-08-19,2022-08-19,%Y-%m-%d,Male,M,mapped,,
CUST104171,Kamoga Namubiru,+256759796316,kamoga.namubiru@mail.com,Masaka,2025-07-31,M,0759796316,+256759796316,valid,Masacka,Masaka,variant_mapped,2025-07-31,2025-07-31,%Y-%m-%d,Male,M,mapped,,
CUST104172,Nabbanja Nankya,+256754458083,nabbanja.nankya@srg.co.ug,Lira,2021-03-20,F,256754458083,+256754458083,valid,Lira,Lira,exact,2021-03-20,2021-03-20,%Y-%m-%d,F,F,mapped,,
CUST104173,Timothy Mukasa,+256799579427,timothy.mukasa@yahoo.com,Wakiso,2021-05-13,F,799579427,+256799579427,valid,Wakisio,Wakiso,variant_mapped,2021-05-13,2021-05-13,%Y-%m-%d,Female,F,mapped,,
CUST104174,Agnes Mukasa,+256711413455,agnes.mukasa@outlook.com,Mukono,2023-12-22,M,+256711413455,+256711413455,valid,Mukono,Mukono,exact,22/12/2023,2023-12-22,%d/%m/%Y,Male,M,mapped,,
CUST104175,Namutebi Ninsiima,+256701497309,namutebi.ninsiima@gmail.com,Kampala,2025-08-24,F,+256 70 149 7309,+256701497309,valid,Kampala,Kampala,exact,2025-08-24,2025-08-24,%Y-%m-%d,Female,F,mapped,,
CUST104176,Ninsiima Tendo,+256708712158,ninsiimatendo@srg,Lira,2024-01-21,F,070-871-2158,+256708712158,valid,Lira,Lira,exact,2024-01-21,2024-01-21,%Y-%m-%d,Female,F,mapped,,
CUST104177,Tumusiime Mugisha,+256729437073,tumusiime.mugisha@mail.com,Tororo,2023-06-17,M,0729437073,+256729437073,valid,Tororo,Tororo,exact,17-06-2023,2023-06-17,%d-%m-%Y,Male,M,mapped,,
CUST104178,Mercy Wasswa,+256724148396,mercy.wasswa@hotmail.com,Kampala,2024-04-02,F,256724148396,+256724148396,valid,Kampala,Kampala,exact,2024-04-02,2024-04-02,%Y-%m-%d,Female,F,mapped,,
CUST104179,Katusiime Wasswa,+256711045777,katusiime.wasswa@outlook.com,Mbarara,2025-06-29,,711045777,+256711045777,valid,Mbarara,Mbarara,exact,2025-06-29,2025-06-29,%Y-%m-%d,,,missing,CUST104589,
CUST104180,Ninsiima Nsereko,,ninsiima.nsereko@mail.com,Kampala,2024-02-19,F,,,missing,Kampala,Kampala,exact,2024-02-19,2024-02-19,%Y-%m-%d,Female,F,mapped,,
CUST104181,Kambale Byaruhanga,+256791590493,kambalebyaruhanga97@srg.co.ug,Lyantonde,2024-01-30,,791590493,+256791590493,valid,Lyantonde,Lyantonde,exact,30/01/2024,2024-01-30,%d/%m/%Y,,,missing,,
CUST104183,Emmanuel Atim,+256739336359,emmanuelatim30@gmail.com,Mbale,2024-12-21,F,739336359,+256739336359,valid,Mbale,Mbale,exact,2024-12-21,2024-12-21,%Y-%m-%d,Female,F,mapped,,
CUST104185,Kambale Kamoga,+256736946079,kambalekamoga@hotmail.com,Luwero,,F,+256736946079,+256736946079,valid,Luwero District,Luwero,variant_mapped,,,missing,Female,F,mapped,,
CUST104190,Kizza Ssempebwa,+256710170401,kizzassempebwa8@gmail.com,Gulu,2021-02-04,,0710170401,+256710170401,valid,Gulu,Gulu,exact,2021-02-04,2021-02-04,%Y-%m-%d,,,missing,,
CUST104191,Collins Kamoga,+256708856424,collinskamoga87@gmail.com,Gulu,2022-06-07,F,070-885-6424,+256708856424,valid,Gulu,Gulu,exact,07/06/2022,2022-06-07,%d/%m/%Y,F,F,mapped,,
CUST104196,Naomi Nakiganda,+256782568947,naomi.nakiganda@outlook.com,Mukono,2024-04-12,F,0782568947,+256782568947,valid,Mukono,Mukono,exact,2024-04-12,2024-04-12,%Y-%m-%d,Female ,F,mapped,,
CUST104200,Nakayiza Nankya,+256794195049,nakayizanankya57@mail.com,Kampala,2025-02-08,F,+256794195049,+256794195049,valid,Kampala,Kampala,exact,2025-02-08,2025-02-08,%Y-%m-%d,F,F,mapped,,
CUST104201,Catherine Kizza,+256735156879,catherine.kizza@outlook.com,Mbarara,2023-02-06,M,073-515-6879,+256735156879,valid,Mbararra,Mbarara,variant_mapped,2023-02-06,2023-02-06,%Y-%m-%d,Male,M,mapped,,
CUST104202,Sarah Kamoga,+256721094067,sarah.kamoga@outlook.com,Wakiso,2021-09-11,M,+256721094067,+256721094067,valid,Wakiso,Wakiso,exact,11-09-2021,2021-09-11,%d-%m-%Y,Male,M,mapped,,
CUST104205,Patrick Atukunda,,patrick.atukunda@hotmail.com,Fort Portal,2023-12-13,F,,,missing,Fort Portal,Fort Portal,exact,13/12/2023,2023-12-13,%d/%m/%Y,Female,F,mapped,,
CUST104206,Samuel Tumusiime,+256781064653,samuel.tumusiime@gmail.com,Gulu,2021-04-29,M,781064653,+256781064653,valid,Gulu,Gulu,exact,29/04/2021,2021-04-29,%d/%m/%Y,M,M,mapped,,REVIEW: possible duplicate
CUST104207,Katusiime Olweny,,katusiime.olweny@outlook.com,Jinja,2023-12-31,F,,,missing,Jinja,Jinja,exact,31/12/2023,2023-12-31,%d/%m/%Y,Female,F,mapped,,
CUST104208,Naomi,+256779412185,naomi35@mail.com,Kampala,2023-11-23,F,779412185,+256779412185,valid,Kampala,Kampala,exact,23/11/2023,2023-11-23,%d/%m/%Y,Female,F,mapped,CUST104858,
CUST104209,Francis Ahabwe,+256720524516,francis.ahabwe@srg.co.ug,Kampala,2022-11-04,F,0720524516,+256720524516,valid,Kampala,Kampala,exact,2022-11-04,2022-11-04,%Y-%m-%d,Female,F,mapped,,
CUST104210,Francis Mukasa,+256796627423,francis.mukasa@hotmail.com,Wakiso,2022-07-10,F,+256796627423,+256796627423,valid,Wakiso,Wakiso,exact,2022-07-10,2022-07-10,%Y-%m-%d,Female ,F,mapped,,
CUST104211,Wasswa Emmanuel,+256740188036,wasswaemmanuel@srg.co.ug,Mukono,2022-08-16,F,0740188036,+256740188036,valid,Mukono,Mukono,exact,2022-08-16,2022-08-16,%Y-%m-%d,Female,F,mapped,,
CUST104214,Jane Atukunda,+256776894167,jane.atukunda@outlook.com,Kampala,2023-10-25,M,+256776894167,+256776894167,valid,Kampala,Kampala,exact,2023-10-25,2023-10-25,%Y-%m-%d,Male,M,mapped,,
CUST104215,Andrew Atukunda,+256719294512,andrew.atukunda@yahoo.com,Gulu,2022-05-06,F,0719294512,+256719294512,valid,Gulu City,Gulu,exact,2022-05-06,2022-05-06,%Y-%m-%d,Female,F,mapped,,
CUST104220,Brian Kizza,+256711801628,brian.kizza@yahoo.com,Kampala,2022-01-18,M,071-180-1628,+256711801628,valid,Kampala,Kampala,exact,18/01/2022,2022-01-18,%d/%m/%Y,Male,M,mapped,,
CUST104222,Alexander Kambale,+256798413808,alexander.kambale@yahoo.com,Mbale,2024-03-19,F,0798413808,+256798413808,valid,Mbale,Mbale,exact,2024-03-19,2024-03-19,%Y-%m-%d,F,F,mapped,,
CUST104223,Atukunda Kibirige,,atukunda.kibirige@mail.com,Mbarara,2023-12-30,M,,,missing,Mbarara,Mbarara,exact,2023-12-30,2023-12-30,%Y-%m-%d,M,M,mapped,,
CUST104226,Juliet Atukunda,+256754020627,juliet.atukunda@yahoo,Kampala,2025-07-24,F,075-402-0627,+256754020627,valid,Kampala,Kampala,exact,2025-07-24,2025-07-24,%Y-%m-%d,Female ,F,mapped,,
CUST104227,Katusiime Atim,+256735488172,katusiime.atim@mail.com,Kampala,2024-08-10,F,256735488172,+256735488172,valid,Kampala,Kampala,exact,2024-08-10,2024-08-10,%Y-%m-%d,Female,F,mapped,,
CUST104231,Irene,+256732558202,irene60@gmail.com,Kampala,,F,256732558202,+256732558202,valid,Kampala,Kampala,exact,,,missing,Female,F,mapped,,
CUST104232,David Lubega,+256789195967,davidlubega@mail.com,Arua,2024-10-05,,789195967,+256789195967,valid,arua,Arua,exact,05/10/2024,2024-10-05,%d/%m/%Y,,,missing,,
CUST104233,Mubiru Achieng,+256793447706,mubiru.achieng@gmail.com,Gulu,2022-03-31,M,256793447706,+256793447706,valid,Gulu,Gulu,exact,31/03/2022,2022-03-31,%d/%m/%Y,M,M,mapped,,
CUST104234,Godfrey Ssebugwawo,+256749931429,godfrey.ssebugwawo@gmail.com,Wakiso,2024-08-28,F,+256749931429,+256749931429,valid,Wakiso,Wakiso,exact,2024-08-28,2024-08-28,%Y-%m-%d,F,F,mapped,,REVIEW: possible duplicate
CUST104235,David Wasswa,+256788938270,david.wasswa@hotmail.com,Mbarara,2022-09-10,M,788938270,+256788938270,valid,Mbarara,Mbarara,exact,2022-09-10,2022-09-10,%Y-%m-%d,Male,M,mapped,,
CUST104236,Nakayiza,+256736647566,nakayiza@mail.com,Kampala,2024-10-29,F,073-664-7566,+256736647566,valid,Kampala City,Kampala,variant_mapped,2024-10-29,2024-10-29,%Y-%m-%d,Female,F,mapped,,REVIEW: possible duplicate
CUST104237,Nsereko Francis,,nsereko.francis@hotmail.com,Wakiso,2023-03-12,F,,,missing,Wakiso,Wakiso,exact,12/03/2023,2023-03-12,%d/%m/%Y,F,F,mapped,,
CUST104238,Tendo Ssimbwa,+256707773473,tendo.ssimbwa@mail.com,Kampala,2024-09-05,,+256707773473,+256707773473,valid,Kampala,Kampala,exact,2024-09-05,2024-09-05,%Y-%m-%d,,,missing,,
CUST104245,Ninsiima Tumusiime,,ninsiima.tumusiime@outlook.com,Jinja,2021-11-20,F,,,missing,Jinja,Jinja,exact,20/11/2021,2021-11-20,%d/%m/%Y,Female,F,mapped,,
CUST104246,Wanyama Namubiru,+256705362308,wanyama.namubiru@hotmail.com,Mityana,2023-04-21,F,+256705362308,+256705362308,valid,Mityana,Mityana,exact,21-04-2023,2023-04-21,%d-%m-%Y,F,F,mapped,,
CUST104249,Ninsiima Kibirige,+256718974914,ninsiima.kibirige@hotmail.com,Kampala,2022-02-12,F,+256718974914,+256718974914,valid,Kampala,Kampala,exact,2022-02-12,2022-02-12,%Y-%m-%d,Female ,F,mapped,,
CUST104250,Kambale Nabbanja,,,Wakiso,2023-06-03,F,,,missing,Wakiso,Wakiso,exact,2023-06-03,2023-06-03,%Y-%m-%d,F,F,mapped,,REVIEW: possible duplicate
CUST104251,Juliet Munezero,+256733415451,juliet.munezero@outlook.com,Isingiro,2022-08-22,F,0733415451,+256733415451,valid,Isingiro,Isingiro,exact,2022-08-22,2022-08-22,%Y-%m-%d,Female,F,mapped,CUST103491,
CUST104252,Godfrey Kizza,+256785009858,godfrey.kizza@mail.com,Mbarara,2022-04-29,F,785009858,+256785009858,valid,Mbarara,Mbarara,exact,2022-04-29,2022-04-29,%Y-%m-%d,Female,F,mapped,,
CUST104254,Juliet Nankya,+256725237276,juliet.nankya@yahoo.com,Kumi,2023-02-15,F,+256725237276,+256725237276,valid,Kumi,Kumi,exact,15/02/2023,2023-02-15,%d/%m/%Y,Female,F,mapped,CUST103850;CUST104572,
CUST104255,Naomi Kyebambe,,,Rural,,F,,,missing,Rural,Rural,unresolved,,,missing,F,F,mapped,,
CUST104256,Ssekandi Kamoga,+256797607442,ssekandi.kamoga@hotmail.com,Masindi,2022-11-17,M,0797607442,+256797607442,valid,Masindi,Masindi,exact,2022-11-17,2022-11-17,%Y-%m-%d,Male,M,mapped,,
CUST104258,David Nabirye,+256740699227,david.nabiryemail.com,Kampala,,,0740699227,+256740699227,valid,Kampala,Kampala,exact,,,missing,,,missing,,
CUST104259,Grace Byaruhanga,+256725474827,grace.byaruhanga@mail.com,Mbarara,,M,256725474827,+256725474827,valid,Mbarara City,Mbarara,exact,,,missing,M,M,mapped,,
CUST104260,Kambale Munezero,+256726453196,,Kampala,,F,726453196,+256726453196,valid,kampala district,Kampala,variant_mapped,,,missing,Female,F,mapped,,
CUST104262,Kato Wanyama,+256700364667,kato.wanyama@gmail.com,Wakiso,2021-05-22,,+256 70 036 4667,+256700364667,valid,Wakiso,Wakiso,exact,2021-05-22,2021-05-22,%Y-%m-%d,,,missing,,
CUST104263,Mercy Nankya,+256703454135,mercynankya16@yahoo.com,Mbarara,2021-05-04,,256703454135,+256703454135,valid,Mbaraa,Mbarara,variant_mapped,2021-05-04,2021-05-04,%Y-%m-%d,,,missing,,
CUST104266,Daniel Nabbanja,+256783334974,daniel.nabbanja@srg.co.ug,Mbale City,2024-01-14,M,0783334974,+256783334974,valid,Mbale City,Mbale City,exact,14/01/2024,2024-01-14,%d/%m/%Y,M,M,mapped,,
CUST104268,Emmanuel Kibirige,+256713095746,emmanuel.kibirige@gmail.com,Wakiso,2024-07-01,F,+256713095746,+256713095746,valid,Wakiso,Wakiso,exact,2024-07-01,2024-07-01,%Y-%m-%d,Female,F,mapped,,
CUST104271,Kyomuhendo Phoebe,,kyomuhendo.phoebe@gmail.com,Kampala,2025-08-01,F,,,missing,Kampala City,Kampala,variant_mapped,01-08-2025,2025-08-01,%d-%m-%Y,F,F,mapped,,
CUST104272,Namutebi Ahabwe,+256782317207,namutebi.ahabwe@yahoo.com,Wakiso,2024-07-18,F,+256782317207,+256782317207,valid,Wakiso,Wakiso,exact,2024-07-18,2024-07-18,%Y-%m-%d,Female,F,mapped,,
CUST104274,Ssempebwa Tendo,+256730416789,ssempebwatendo23@yahoo.com,Lira,2024-12-11,,+256 73 041 6789,+256730416789,valid,Lira,Lira,exact,2024-12-11,2024-12-11,%Y-%m-%d,,,missing,,
CUST104275,Ahabwe Phonbe,+256759024035,ahabwe.phoebe@outlook.com,Mbale City,2025-06-03,F,256759024035,+256759024035,valid,Mbale City,Mbale City,exact,2025-06-03,2025-06-03,%Y-%m-%d,F,F,mapped,CUST104832,
CUST104277,Wanyama Ssekandi,+256730479210,wanyamassekandi64@mail.com,Soroti,2025-01-06,F,+256730479210,+256730479210,valid,Soroti,Soroti,exact,2025-01-06,2025-01-06,%Y-%m-%d,Female ,F,mapped,,
CUST104280,Guma Mubiru,,guma.mubiru@yahoo.com,Kabale,2021-05-09,M,,,missing,Kabale,Kabale,exact,2021-05-09,2021-05-09,%Y-%m-%d,Male,M,mapped,,
CUST104282,Nankya Katusiime,+256701861840,nankya.katusiime@outlook.com,Kampala,2022-06-08,F,701861840,+256701861840,valid,Kampala,Kampala,exact,2022-06-08,2022-06-08,%Y-%m-%d,F,F,mapped,CUST104197,
CUST104283,Nabbanja,+256712138467,nabbanja44mail.com,Kabale,2022-03-18,F,+256 71 213 8467,+256712138467,valid,Kabale,Kabale,exact,18/03/2022,2022-03-18,%d/%m/%Y,Female,F,mapped,,
CUST104287,Munezero Atim,+256788184010,munezero.atim@outlook.com,Mbale,2023-01-15,F,078-818-4010,+256788184010,valid,Mbale,Mbale,exact,2023-01-15,2023-01-15,%Y-%m-%d,Female,F,mapped,,
CUST104293,Rebecca Nabbanja,+256782507129,rebeccanabbanja@outlook.com,Kampala,2022-09-19,M,078-250-7129,+256782507129,valid,Kampala,Kampala,exact,2022-09-19,2022-09-19,%Y-%m-%d,M,M,mapped,CUST101504,
CUST104296,Andrew Kamoga,+256750667283,,Tororo,2022-03-09,F,750667283,+256750667283,valid,Tororo,Tororo,exact,2022-03-09,2022-03-09,%Y-%m-%d,Female,F,mapped,,
CUST104297,Joseph Munezero,+256749649690,joseph.munezero@gmail.com,Gulu,2025-02-22,M,0749649690,+256749649690,valid,Gulu,Gulu,exact,22/02/2025,2025-02-22,%d/%m/%Y,Male,M,mapped,,
CUST104298,Kibirige Kyebambe,+256747933794,kibirige.kyebambe@gmail,Mukono,2022-04-11,,074-793-3794,+256747933794,valid,Mukko,Mukono,variant_mapped,2022-04-11,2022-04-11,%Y-%m-%d,,,missing,,
CUST104299,Nakayiza Ssebugwawo,+256729233353,nakayiza.ssebugwawo@outlook.com,Mbarara,2021-01-13,F,256729233353,+256729233353,valid,Mbarara,Mbarara,exact,2021-01-13,2021-01-13,%Y-%m-%d,Female,F,mapped,,
CUST104302,Namubiru Kyebambe,+256797608784,namubirukyebambe@hotmail.com,Wakiso,2024-05-19,F,+256797608784,+256797608784,valid,Wakiso,Wakiso,exact,19/05/2024,2024-05-19,%d/%m/%Y,Female,F,mapped,,
CUST104304,Nankya Ssebugwawo,+256799997843,nankya.ssebugwawo@gmail.com,Wakiso,2024-01-12,F,0799997843,+256799997843,valid,Wakiso District,Wakiso,variant_mapped,2024-01-12,2024-01-12,%Y-%m-%d,Female ,F,mapped,,
CUST104305,Godfrey Byaruhanga,+256742127410,,Gulu,2025-07-31,F,256742127410,+256742127410,valid,Gulu,Gulu,exact,31/07/2025,2025-07-31,%d/%m/%Y,Female,F,mapped,,
CUST104306,Nankya Mubiru,+256758733355,,Isingiro,2022-09-23,F,758733355,+256758733355,valid,Isingiro,Isingiro,exact,23/09/2022,2022-09-23,%d/%m/%Y,Female,F,mapped,,
CUST104308,John Ssentongo,+256731007531,john.ssentongo@gmail.com,Kampala,2023-12-27,M,+256731007531,+256731007531,valid,Kampala,Kampala,exact,2023-12-27,2023-12-27,%Y-%m-%d,Male,M,mapped,,
CUST104309,Naomi Nalubega,+256789059511,naominalubega79@hotmail.com,Mbale,2025-07-20,,0789059511,+256789059511,valid,Mbale,Mbale,exact,20/07/2025,2025-07-20,%d/%m/%Y,,,missing,,
CUST104311,Catherine Guma,+256752795285,catherineguma62@outlook.com,Mukono,2022-08-08,M,+256 75 279 5285,+256752795285,valid,Mukono,Mukono,exact,08/08/2022,2022-08-08,%d/%m/%Y,Male,M,mapped,,
CUST104315,Ssimbwa Nakiganda,+256725301410,ssimbwa.nakiganda@mail.com,Kampala,2022-12-07,M,0725301410,+256725301410,valid,Kampala,Kampala,exact,07/12/2022,2022-12-07,%d/%m/%Y,Male,M,mapped,CUST100108;CUST102829,
CUST104317,Michael Kafeero,+256794532173,michaelkafeero83@yahoo.com,Sembabule,2025-03-24,M,0794532173,+256794532173,valid,Sembabule,Sembabule,exact,2025-03-24,2025-03-24,%Y-%m-%d,Male,M,mapped,CUST104555,
CUST104318,Nalubega Nabbanja,+256785808656,nalubega.nabbanja@gmail.com,Mbarara,2024-03-20,F,+256785808656,+256785808656,valid,Mbarara,Mbarara,exact,2024-03-20,2024-03-20,%Y-%m-%d,Female,F,mapped,,
CUST104319,Rebecca Byaruhanga,+256790413546,rebecca.byaruhanga@srg.co.ug,Nebbi,2025-03-08,,+256790413546,+256790413546,valid,nebbi,Nebbi,exact,2025-03-08,2025-03-08,%Y-%m-%d,,,missing,,
CUST104321,Phoebe Kyomuhendo,+256747851181,,Jinja,2021-08-16,F,0747851181,+256747851181,valid,Jinja,Jinja,exact,2021-08-16,2021-08-16,%Y-%m-%d,Female,F,mapped,,REVIEW: possible duplicate
CUST104322,Samuel Nabbanja,+256726822085,,Kampala,2024-05-10,M,072-682-2085,+256726822085,valid,Kampala,Kampala,exact,2024-05-10,2024-05-10,%Y-%m-%d,Male,M,mapped,,
CUST104324,Ssempebwa Irene,,ssempebwa.irene@gmail.com,Soroti,2022-11-29,F,,,missing,Soroti,Soroti,exact,29-11-2022,2022-11-29,%d-%m-%Y,F,F,mapped,,
CUST104326,Wasswa Kato,+256705053059,wasswa.kato@gmail.com,Mukono,2024-01-03,M,0705053059,+256705053059,valid,Mukono,Mukono,exact,2024-01-03,2024-01-03,%Y-%m-%d,M,M,mapped,,
CUST104328,Kafeero Naomi,+256748177442,kafeero.naomi@outlook.com,Jinja,2024-07-06,F,748177442,+256748177442,valid,Jinja,Jinja,exact,2024-07-06,2024-07-06,%Y-%m-%d,Female,F,mapped,,
CUST104329,Ssekandi Guma,+256702881856,ssekandiguma50@yahoo.com,Gulu,2023-07-22,,+256702881856,+256702881856,valid,Gulu,Gulu,exact,2023-07-22,2023-07-22,%Y-%m-%d,,,missing,,
CUST104330,Samuel Kamoga,+256771374515,samuel.kamoga@outlook.com,Kampala,2025-07-01,M,256771374515,+256771374515,valid,Kampala,Kampala,exact,2025-07-01,2025-07-01,%Y-%m-%d,Male,M,mapped,,
CUST104332,Ruth Ssimbwa,+256775729792,ruthssimbwa46@gmail.com,Wakiso,2023-04-30,F,077-572-9792,+256775729792,valid,Wakiso,Wakiso,exact,2023-04-30,2023-04-30,%Y-%m-%d,F,F,mapped,,
CUST104333,Nakayiza Ouma,+256716527264,nakayiza.ouma@mail.com,Soroti,2021-11-05,,071-652-7264,+256716527264,valid,Soroti,Soroti,exact,05/11/2021,2021-11-05,%d/%m/%Y,,,missing,,
CUST104334,Nsereko Achieng,+256726021980,nserekoachieng22@srg.co.ug,Entebbe,2024-11-26,M,+256726021980,+256726021980,valid,Entebbe,Entebbe,exact,26/11/2024,2024-11-26,%d/%m/%Y,Male,M,mapped,,
CUST104335,Lubega Olweny,+256771220474,lubega.olweny@outlook.com,Wakiso,2024-03-16,M,+256 77 122 0474,+256771220474,valid,wakiso,Wakiso,exact,2024-03-16,2024-03-16,%Y-%m-%d,Male,M,mapped,,
CUST104337,Nsereko Alexander,+256701527556,nsereko.alexander@hotmail.com,Mbarara,2023-07-05,F,256701527556,+256701527556,valid,Mbarara,Mbarara,exact,05/07/2023,2023-07-05,%d/%m/%Y,Female,F,mapped,,
CUST104340,Dorothy Tendo,+256704563283,dorothytendo@hotmail.com,Arua,2021-04-10,M,+256704563283,+256704563283,valid,Arua,Arua,exact,2021-04-10,2021-04-10,%Y-%m-%d,Male,M,mapped,,
CUST104341,Michael Nalubega,+256745848227,michaelnalubega52@gmail.com,Mbarara,2021-04-27,M,+256745848227,+256745848227,valid,Mbarara,Mbarara,exact,27/04/2021,2021-04-27,%d/%m/%Y,Male,M,mapped,,
CUST104342,Alexander Katusiime,+256715126515,alexander.katusiime@outlook.com,Kampala,2023-05-13,F,0715126515,+256715126515,valid,kla,Kampala,variant_mapped,2023-05-13,2023-05-13,%Y-%m-%d,Female,F,mapped,CUST104534,
CUST104343,Ssentongo Agnes,+256703705213,ssentongo.agnes@gmail.com,Kampala,2023-08-03,M,+256703705213,+256703705213,valid,Kampala,Kampala,exact,2023-08-03,2023-08-03,%Y-%m-%d,Male,M,mapped,,
CUST104344,Munezero Namubiru,,munezero.namubirumail.com,Fort Portal,2022-08-29,F,,,missing,Fort-Portal,Fort Portal,variant_mapped,2022-08-29,2022-08-29,%Y-%m-%d,Female ,F,mapped,,
CUST104345,Samuel Namubiru,+256752181974,samuelnamubiru12@srg.co.ug,Kampala,2025-03-10,M,+256752181974,+256752181974,valid,Kampala,Kampala,exact,10/03/2025,2025-03-10,%d/%m/%Y,Male,M,mapped,,
CUST104347,Ssekandi Kyebambe,+256727864046,ssekandi.kyebambe@mail.com,Kampala,2021-08-28,M,256727864046,+256727864046,valid,Kampala Region,Kampala,variant_mapped,2021-08-28,2021-08-28,%Y-%m-%d,M,M,mapped,,
CUST104348,Nakayiza Ouma,+256725342950,nakayiza.ouma@hotmail.com,Mbarara,2022-03-25,F,+256 72 534 2950,+256725342950,valid,Mbarara,Mbarara,exact,25/03/2022,2022-03-25,%d/%m/%Y,Female,F,mapped,,
CUST104349,Lubega Mukasa,+256711194574,lubega.mukasa@yahoo.com,Kampala,,M,+256711194574,+256711194574,valid,Kampala,Kampala,exact,,,missing,Male ,M,mapped,,
CUST104350,Lubega Butime,+256770753056,lubega.butime@yahoo.com,Wakiso,2024-01-24,M,0770753056,+256770753056,valid,Wakiso,Wakiso,exact,2024-01-24,2024-01-24,%Y-%m-%d,Male,M,mapped,,
CUST104351,Kyomuhendo Nabirye,+256700479132,kyomuhendo.nabirye@outlook.com,Kampala,2021-07-29,F,700479132,+256700479132,valid,Kampala,Kampala,exact,29/07/2021,2021-07-29,%d/%m/%Y,Female,F,mapped,CUST102935,
CUST104352,Catherine Ssemakula,+256795266334,catherine.ssemakula@hotmail.com,Gulu,,M,+256795266334,+256795266334,valid,Gulu,Gulu,exact,,,missing,Male,M,mapped,,
CUST104353,Guma Nalubega,+256718508279,guma.nalubega@mail.com,Entebbe,2024-05-20,M,718508279,+256718508279,valid,Entebbe,Entebbe,exact,20-05-2024,2024-05-20,%d-%m-%Y,Male,M,mapped,,
CUST104354,Butime Beatrice,+256720833342,butimebeatrice22@outlook.com,Kitgum,2023-10-22,F,072-083-3342,+256720833342,valid,Kitgum,Kitgum,exact,22/10/2023,2023-10-22,%d/%m/%Y,F,F,mapped,,
CUST104356,Ssekandi Byaruhanga,+256790719666,ssekandibyaruhanga@gmail.com,Kampala,2021-09-10,,0790719666,+256790719666,valid,Kampala,Kampala,exact,10/09/2021,2021-09-10,%d/%m/%Y,,,missing,,
CUST104357,Joan Byaruhanga,+256717128879,joan.byaruhanga@hotmail.com,Nakasongola,2023-07-05,F,+256717128879,+256717128879,valid,Nakasongola,Nakasongola,exact,05/07/2023,2023-07-05,%d/%m/%Y,Female,F,mapped,,
CUST104358,Mary Kizza,+256772179987,mary.kizza@yahoo.com,Mukono,2024-05-17,M,+256 77 217 9987,+256772179987,valid,Mukono,Mukono,exact,17/05/2024,2024-05-17,%d/%m/%Y,Male,M,mapped,,
CUST104359,Michael Nankya,+256721400393,michael.nankya@mail.com,Isingiro,2022-07-02,,0721400393,+256721400393,valid,Isingiro,Isingiro,exact,2022-07-02,2022-07-02,%Y-%m-%d,,,missing,,
CUST104360,Juliet Katusiime,+256732204431,juliet.katusiime@outlook.com,Hoima,2021-07-31,F,+256732204431,+256732204431,valid,Hoima,Hoima,exact,2021-07-31,2021-07-31,%Y-%m-%d,Female,F,mapped,,
CUST104361,Kamoga Olweny,+256741366167,kamogaolweny24@srg.co.ug,Kampala,,M,741366167,+256741366167,valid,kampala district,Kampala,variant_mapped,,,missing,Male,M,mapped,CUST104512,
CUST104362,Butime Okello,+256781843298,butime.okello@hotmail.com,Soroti,2023-08-25,M,781843298,+256781843298,valid,soroti,Soroti,exact,25-08-2023,2023-08-25,%d-%m-%Y,Male,M,mapped,,
CUST104363,Dorothy Mubiru,+256775047924,dorothy.mubiru@outlook.com,Kampala,2022-10-06,M,0775047924,+256775047924,valid,Kampala,Kampala,exact,2022-10-06,2022-10-06,%Y-%m-%d,Male,M,mapped,,
CUST104364,Butime Olweny,+256784929448,butime.olweny@gmail.com,Masaka,2022-03-28,,+256784929448,+256784929448,valid,masaka,Masaka,exact,2022-03-28,2022-03-28,%Y-%m-%d, ,,missing,,
CUST104365,Emmanuel Kibirige,+256735233204,emmanuel.kibirige@hotmail.com,Kampala,2025-04-15,F,+256735233204,+256735233204,valid,Kampala,Kampala,exact,2025-04-15,2025-04-15,%Y-%m-%d,Female,F,mapped,,
CUST104366,Joan Katusiime,+256771294536,joankatusiime@yahoo.com,Kampala,2021-03-20,F,256771294536,+256771294536,valid,Kampala,Kampala,exact,20-03-2021,2021-03-20,%d-%m-%Y,Female,F,mapped,,
CUST104367,Grace Kafeero,+256775981005,grace.kafeero@srg.co.ug,Mityana,2021-12-30,M,0775981005,+256775981005,valid,Mityana,Mityana,exact,30-12-2021,2021-12-30,%d-%m-%Y,Male,M,mapped,,
CUST104368,Irene Wasswa,+256734361405,irene.wasswa@gmail.com,Mukono,2021-06-24,F,0734361405,+256734361405,valid,Mukono,Mukono,exact,24/06/2021,2021-06-24,%d/%m/%Y,Female,F,mapped,,
CUST104373,Mercy Ssentongo,+256775627795,mercy.ssentongo@srg.co.ug,Soroti,2025-04-19,F,775627795,+256775627795,valid,Soroti,Soroti,exact,19/04/2025,2025-04-19,%d/%m/%Y,Female,F,mapped,,
CUST104374,Nakiganda Wasswa,+256747986198,nakiganda.wasswa@gmail.com,Mbale City,2023-07-12,F,0747986198,+256747986198,valid,Mbale City,Mbale City,exact,12-07-2023,2023-07-12,%d-%m-%Y,Female,F,mapped,,
CUST104376,Byaruhanga Wanyama,+256741021954,byaruhanga.wanyama@hotmail.com,Isingiro,2023-10-22,M,+256741021954,+256741021954,valid,Isingiro,Isingiro,exact,22/10/2023,2023-10-22,%d/%m/%Y,Male,M,mapped,,
CUST104378,Collins,+256711039892,collins@hotmail.com,Gulu,2024-06-29,F,+256711039892,+256711039892,valid,Gulu,Gulu,exact,2024-06-29,2024-06-29,%Y-%m-%d,Female,F,mapped,,
CUST104379,Juliet Wasswa,+256710073701,juliet.wasswa@hotmail.com,Masaka,2024-11-23,F,710073701,+256710073701,valid,Masaka,Masaka,exact,23/11/2024,2024-11-23,%d/%m/%Y,Female,F,mapped,,
CUST104380,Ouma Butime,+256711128891,ouma.butime@outlook.com,Masaka,2023-11-25,M,+256711128891,+256711128891,valid,Masaka,Masaka,exact,25-11-2023,2023-11-25,%d-%m-%Y,Male,M,mapped,,
CUST104381,Agnes Nalubega,,agnes.nalubega@gmail.com,Jinja,2024-08-25,M,,,missing,Jinja,Jinja,exact,2024-08-25,2024-08-25,%Y-%m-%d,Male,M,mapped,,
CUST104382,Andrew Ssimbwa,+256716656754,andrew.ssimbwa@gmail.com,Jinja,2025-06-27,F,256716656754,+256716656754,valid,Jinja,Jinja,exact,2025-06-27,2025-06-27,%Y-%m-%d,Female ,F,mapped,,
CUST104383,Stephen Nakato,,stephen.nakato@gmail.com,Masaka,2024-05-30,F,,,missing,Masaka,Masaka,exact,30/05/2024,2024-05-30,%d/%m/%Y,Female,F,mapped,,
CUST104384,Godfrey Nakato,,godfrey.nakato@outlook.com,Wakiso,2021-07-12,F,,,missing,Wakiso,Wakiso,exact,2021-07-12,2021-07-12,%Y-%m-%d,Female,F,mapped,,
CUST104385,John Ssekandi,+256786892917,john.ssekandi@srg.co.ug,Soroti,2022-06-14,M,+256786892917,+256786892917,valid,Soroti,Soroti,exact,2022-06-14,2022-06-14,%Y-%m-%d,Male,M,mapped,CUST104522,
CUST104386,Wasswa Ssentongo,,wasswa.ssentongo@mail.com,Kampala,2022-02-17,,,,missing,Kampala,Kampala,exact,17/02/2022,2022-02-17,%d/%m/%Y,,,missing,,
CUST104388,Catherine Atukunda,+256716136596,catherine.atukunda@yahoo.com,Soroti,2021-05-29,M,+256716136596,+256716136596,valid,soroti,Soroti,exact,29-05-2021,2021-05-29,%d-%m-%Y,Male,M,mapped,,
CUST104389,Nakayiza Ouma,+256736802502,nakayizaouma88@yahoo.com,Hoima,2024-03-20,M,0736802502,+256736802502,valid,Hoima,Hoima,exact,20/03/2024,2024-03-20,%d/%m/%Y,M,M,mapped,,
CUST104390,Byaruhanga Nakato,+256776618432,byaruhanga.nakato@hotmail.com,Jinja,2025-02-16,M,+256776618432,+256776618432,valid,Jinja City,Jinja,exact,16-02-2025,2025-02-16,%d-%m-%Y,M,M,mapped,,
CUST104391,Grace,+256711155190,grace@gmail.com,Jinja,2025-05-07,M,256711155190,+256711155190,valid,Jinja,Jinja,exact,2025-05-07,2025-05-07,%Y-%m-%d,M,M,mapped,,
CUST104392,Mercy Nabbanja,,mercy.nabbanja@hotmail.com,Kasese,2024-03-19,F,,,missing,Kasese,Kasese,exact,19/03/2024,2024-03-19,%d/%m/%Y,Female,F,mapped,,
CUST104395,Timothy Wasswa,+256703174658,timothy.wasswa@yahoo.com,Kampala,2025-01-01,F,+256703174658,+256703174658,valid,Kampala,Kampala,exact,2025-01-01,2025-01-01,%Y-%m-%d,Female,F,mapped,,
CUST104397,Katusiime,+256719588430,katusiime@srg.co.ug,Masaka,2024-06-06,F,0719588430,+256719588430,valid,Masaka,Masaka,exact,2024-06-06,2024-06-06,%Y-%m-%d,Female,F,mapped,,
CUST104398,Catherine Ssentongo,+256701348156,catherine.ssentongo@gmail.com,Kampala,2023-03-22,M,0701348156,+256701348156,valid,Kampala,Kampala,exact,22/03/2023,2023-03-22,%d/%m/%Y,Male,M,mapped,,
CUST104402,Naomi Ssemakula,+256736686587,naomi.ssemakula@gmail.com,Mpigi,2025-04-08,F,0736686587,+256736686587,valid,Mpigi,Mpigi,exact,08/04/2025,2025-04-08,%d/%m/%Y,Female,F,mapped,,
CUST104403,Beatrice Ahabwe,+256746858391,beatriceahabwe95@srg.co.ug,Mbale,2023-03-12,F,746858391,+256746858391,valid,Mbale,Mbale,exact,12/03/2023,2023-03-12,%d/%m/%Y,Female ,F,mapped,CUST103798;CUST104640,
CUST104404,Sarah Kafeero,+256775081994,sarahkafeero42@mail.com,Mukono,2024-08-30,,256775081994,+256775081994,valid,Mukono,Mukono,exact,2024-08-30,2024-08-30,%Y-%m-%d,,,missing,,
CUST104405,Nsereko Kamoga,+256721464643,nsereko.kamoga@hotmail.com,Mbarara,2025-09-18,M,+256721464643,+256721464643,valid,Mbarara,Mbarara,exact,2025-09-18,2025-09-18,%Y-%m-%d,Male,M,mapped,,
CUST104406,John,+256783550637,john@gmail,Kampala,,,+256783550637,+256783550637,valid,Kampala,Kampala,exact,,,missing,,,missing,,
CUST104407,Brian puma,+256702631650,brian.ouma@yahoo.com,Mbarara,2025-06-22,M,256702631650,+256702631650,valid,Mbarara,Mbarara,exact,2025-06-22,2025-06-22,%Y-%m-%d,Male ,M,mapped,CUST104603,
CUST104410,Nakiganda Ahabwe,+256797703507,nakiganda.ahabwe@srg.co.ug,Mbarara,2021-01-17,F,+256 79 770 3507,+256797703507,valid,Mbarara,Mbarara,exact,2021-01-17,2021-01-17,%Y-%m-%d,Female,F,mapped,,
CUST104411,Phoebe Tendo,+256779776825,phoebe.tendo@gmail.com,Kampala,2024-08-03,F,0779776825,+256779776825,valid,Kampala,Kampala,exact,03/08/2024,2024-08-03,%d/%m/%Y,Female,F,mapped,,
CUST104415,David Namubiru,+256721388794,david.namubiru@srg,Mbarara,2024-12-07,,072-138-8794,+256721388794,valid,Mbaraa,Mbarara,variant_mapped,2024-12-07,2024-12-07,%Y-%m-%d,,,missing,,
CUST104416,Beatrice Munezero,+256789296399,,Gulu,2025-07-11,F,+256 78 929 6399,+256789296399,valid,Gulu City,Gulu,exact,11/07/2025,2025-07-11,%d/%m/%Y,Female,F,mapped,,
CUST104418,Daniel Mukasa,+256742079307,daniel.mukasa@srg.co.ug,Masaka,2024-10-02,M,0742079307,+256742079307,valid,Masaka,Masaka,exact,2024-10-02,2024-10-02,%Y-%m-%d,Male,M,mapped,,
CUST104419,Byaruhanga Achieng,+256719279473,,Gulu,2022-04-20,M,+256719279473,+256719279473,valid,Gulu,Gulu,exact,2022-04-20,2022-04-20,%Y-%m-%d,M,M,mapped,,
CUST104420,Ninsiima Atim,+256722080294,ninsiima.atim@yahoo.com,Wakiso,2025-03-09,,722080294,+256722080294,valid,Wakiso,Wakiso,exact,2025-03-09,2025-03-09,%Y-%m-%d,,,missing,,
CUST104421,Mubiru Atukunda,+256785472395,mubiru.atukunda@srg.co.ug,Gulu,2022-09-02,M,256785472395,+256785472395,valid,Gulu,Gulu,exact,2022-09-02,2022-09-02,%Y-%m-%d,Male,M,mapped,,
CUST104423,Sheila Munezero,+256736656526,sheila.munezero@mail.com,Wakiso,2021-08-26,F,+256736656526,+256736656526,valid,Wakiso,Wakiso,exact,26-08-2021,2021-08-26,%d-%m-%Y,Female,F,mapped,,
CUST104424,Byaruhanga,+256797274502,byaruhanga@mail.com,Kabale,2022-06-25,M,256797274502,+256797274502,valid,Kabale,Kabale,exact,25/06/2022,2022-06-25,%d/%m/%Y,M,M,mapped,,
CUST104427,Stephen,+256700309826,stephen@yahoo.com,Mbarara,2024-09-06,F,+256700309826,+256700309826,valid,Mbarara City,Mbarara,exact,2024-09-06,2024-09-06,%Y-%m-%d,Female,F,mapped,,
CUST104429,Ssekandi Ssempebwa,+256742871102,ssekandi.ssempebwa@hotmail.com,Isingiro,2022-11-10,M,742871102,+256742871102,valid,Isingiro,Isingiro,exact,2022-11-10,2022-11-10,%Y-%m-%d,Male,M,mapped,,
CUST104430,Butime Mukasa,,butimemukasa@srg.co.ug,Kiruhura,2024-02-07,M,,,missing,Kiruhura,Kiruhura,exact,2024-02-07,2024-02-07,%Y-%m-%d,Male,M,mapped,,
CUST104432,Samuel Tumusiime,+256728878977,,Gulu,2023-02-03,M,256728878977,+256728878977,valid,Gulu,Gulu,exact,03/02/2023,2023-02-03,%d/%m/%Y,M,M,mapped,,REVIEW: possible duplicate
CUST104433,Ronald Nabbanja,+256778834309,ronald.nabbanja@yahoo.com,Luwero,,M,+256778834309,+256778834309,valid,Luwero,Luwero,exact,,,missing,Male,M,mapped,,
CUST104435,Namubiru Ssemakula,+256775771481,namubiru.ssemakula@outlook.com,Kabale,2023-07-26,F,0775771481,+256775771481,valid,Kabale,Kabale,exact,2023-07-26,2023-07-26,%Y-%m-%d,Female,F,mapped,,
CUST104437,Emmanuel Tumusiime,+256736930903,,Wakiso,2022-10-14,F,0736930903,+256736930903,valid,Wakiso,Wakiso,exact,2022-10-14,2022-10-14,%Y-%m-%d,Female,F,mapped,,
CUST104438,Brian Nabbanja,+256775815537,brian.nabbanja@mail.com,Masaka,2023-02-25,,+256 77 581 5537,+256775815537,valid,Masaka,Masaka,exact,2023-02-25,2023-02-25,%Y-%m-%d, ,,missing,,
CUST104441,Esther Tumusiime,+256734420549,esther.tumusiime@yahoo.com,Wakiso,2023-12-28,M,256734420549,+256734420549,valid,Wakiso,Wakiso,exact,28/12/2023,2023-12-28,%d/%m/%Y,Male,M,mapped,,
CUST104443,Mukasa Sheila,+256779710994,mukasa.sheila@gmail.com,Wakiso,2022-10-16,F,256779710994,+256779710994,valid,Wakiso,Wakiso,exact,2022-10-16,2022-10-16,%Y-%m-%d,Female,F,mapped,,
CUST104444,Kizza Phoebe,+256713875625,kizza.phoebe@srg.co.ug,Masaka,2021-03-21,F,071-387-5625,+256713875625,valid,Masaka,Masaka,exact,21/03/2021,2021-03-21,%d/%m/%Y,F,F,mapped,,
CUST104445,Atim Katusiime,+256728082891,,Arua,,F,0728082891,+256728082891,valid,Arua,Arua,exact,,,missing,F,F,mapped,,
CUST104446,Mercy,+256706979042,mercy11@gmail,Kalangala,2023-10-27,F,0706979042,+256706979042,valid,Kalangala,Kalangala,exact,27-10-2023,2023-10-27,%d-%m-%Y,Female ,F,mapped,,
CUST104447,Mary Butime,+256738608403,mary.butimemail.com,Mbarara,2022-05-20,M,738608403,+256738608403,valid,Mbarara,Mbarara,exact,2022-05-20,2022-05-20,%Y-%m-%d,Male,M,mapped,,
CUST104448,Brian Byaruhanga,+256797802946,brian.byaruhanga@mail.com,,2022-03-14,M,079-780-2946,+256797802946,valid,none,,missing,14/03/2022,2022-03-14,%d/%m/%Y,Male,M,mapped,,
CUST104449,Nakiganda Ssimbwa,+256732133397,nakiganda.ssimbwa@srg.co.ug,Arua,,F,732133397,+256732133397,valid,Arua City,Arua,exact,,,missing,Female,F,mapped,,
CUST104450,Isaac Ahabwe,+256744014555,isaacahabwe@mail.com,Kampala,2023-02-09,F,+256744014555,+256744014555,valid,KAMPALA,Kampala,exact,2023-02-09,2023-02-09,%Y-%m-%d,Female,F,mapped,,
CUST104451,Nabbanja Namubiru,+256794137333,nabbanja.namubiru@yahoo.com,Mbarara,,F,0794137333,+256794137333,valid,Mbarara,Mbarara,exact,,,missing,Female,F,mapped,,
CUST104452,Michael Butime,+256789790925,michael.butime@srg.co.ug,Kampala,2023-12-14,M,256789790925,+256789790925,valid,Kampala,Kampala,exact,14/12/2023,2023-12-14,%d/%m/%Y,Male,M,mapped,,
CUST104453,Nabbanja Kizza,+256709083929,,Kampala,2022-09-06,F,+256709083929,+256709083929,valid,Kampala,Kampala,exact,06/09/2022,2022-09-06,%d/%m/%Y,Female,F,mapped,,
CUST104455,Naomi Tendo,+256784726959,naomitendo@gmail.com,Kabale,2021-09-19,F,+256 78 472 6959,+256784726959,valid,Kabale,Kabale,exact,19/09/2021,2021-09-19,%d/%m/%Y,Female,F,mapped,,
CUST104456,Sheila,+256759432313,sheila@yahoo.com,Mbale,2021-10-28,F,+256 75 943 2313,+256759432313,valid,Mbale,Mbale,exact,28/10/2021,2021-10-28,%d/%m/%Y,Female,F,mapped,CUST100360,
CUST104457,Ruth Kibirige,+256731416286,ruth.kibirige@mail.com,Mbarara,2022-06-21,F,+256731416286,+256731416286,valid,Mbarara City,Mbarara,exact,21-06-2022,2022-06-21,%d-%m-%Y,Female,F,mapped,,
CUST104458,Kambale Nabbanja,,,Wakiso,2023-06-03,F,,,missing,Wakiso,Wakiso,exact,2023-06-03,2023-06-03,%Y-%m-%d,F,F,mapped,,REVIEW: possible duplicate
CUST104459,Ahabwe Kambale,+256719168651,ahabwekambale@hotmail.com,Mbarara,2023-10-20,F,0719168651,+256719168651,valid,mbarara,Mbarara,exact,2023-10-20,2023-10-20,%Y-%m-%d,Female,F,mapped,,
CUST104460,Grace Nalubega,+256710895458,gracenalubega@mail.com,Mbale City,2022-01-04,,+256710895458,+256710895458,valid,Mbale City,Mbale City,exact,04-01-2022,2022-01-04,%d-%m-%Y,,,missing,,
CUST104461,Ouma,+256798973637,ouma@outlook.com,Wakiso,2024-04-02,,256798973637,+256798973637,valid,Wakiso,Wakiso,exact,02/04/2024,2024-04-02,%d/%m/%Y,,,missing,,
CUST104462,David Tumusiime,+256727506205,david.tumusiime@yahoo,Masindi,2022-07-12,,727506205,+256727506205,valid,Masindi,Masindi,exact,2022-07-12,2022-07-12,%Y-%m-%d,,,missing,,
CUST104464,Ssempebwa Nsereko,+256713713400,ssempebwa.nsereko@srg.co.ug,Tororo,2024-10-03,M,+256713713400,+256713713400,valid,Tororo,Tororo,exact,2024-10-03,2024-10-03,%Y-%m-%d,Male,M,mapped,,
CUST104465,Catherine Ssekandi,+256729117623,,Gulu,,M,+256729117623,+256729117623,valid,Gulu City,Gulu,exact,,,missing,M,M,mapped,,
CUST104471,Ouma Mubiru,+256791444228,,Kampala,2023-02-14,,079-144-4228,+256791444228,valid,Kampala,Kampala,exact,14/02/2023,2023-02-14,%d/%m/%Y,,,missing,,
CUST104472,Daniel Mubiru,,danielmubiru70@yahoo.com,Kalangala,2022-02-04,,,,missing,Kalangala,Kalangala,exact,2022-02-04,2022-02-04,%Y-%m-%d,,,missing,,
CUST104473,Kamoga Tumusiime,+256737295037,kamogatumusiime40@mail,Kumi,2023-11-19,,256737295037,+256737295037,valid,Kumi,Kumi,exact,2023-11-19,2023-11-19,%Y-%m-%d,,,missing,,
CUST104474,Wanyama Olweny,+256744756352,wanyamaolweny14@yahoo.com,Masindi,2025-03-27,F,+256744756352,+256744756352,valid,Masindi,Masindi,exact,2025-03-27,2025-03-27,%Y-%m-%d,Female,F,mapped,,
CUST104475,Lubega Kyomuhendo,+256758685271,lubega.kyomuhendo@mail.com,Kampala,2023-08-07,M,256758685271,+256758685271,valid,kampala district,Kampala,variant_mapped,2023-08-07,2023-08-07,%Y-%m-%d,M,M,mapped,,
CUST104480,Rebecca Kibirige,+256755908792,rebecca.kibirige@hotmail.com,Gulu,2021-08-25,,0755908792,+256755908792,valid,Gulu,Gulu,exact,2021-08-25,2021-08-25,%Y-%m-%d,,,missing,,
CUST104482,Juliet Ouma,+256798200033,juliet.ouma@gmail.com,Mbale,2023-02-02,F,0798200033,+256798200033,valid,Mbale,Mbale,exact,02-02-2023,2023-02-02,%d-%m-%Y,Female ,F,mapped,,
CUST104483,Francis Nakiganda,+256731570338,francis.nakiganda@yahoo.com,Kampala,2021-09-08,F,+256731570338,+256731570338,valid,Kampala,Kampala,exact,2021-09-08,2021-09-08,%Y-%m-%d,F,F,mapped,,
CUST104484,Mercy Kamoga,+256720799550,,Mukono,2024-11-04,F,072-079-9550,+256720799550,valid,Mukono,Mukono,exact,04/11/2024,2024-11-04,%d/%m/%Y,Female,F,mapped,,
CUST104487,Emmanuel Ahabwe,+256748179063,emmanuel.ahabwe@gmail.com,Gulu,2022-01-08,F,256748179063,+256748179063,valid,Gulu,Gulu,exact,08/01/2022,2022-01-08,%d/%m/%Y,F,F,mapped,,
CUST104490,Kibirige Kyebambe,+256728889850,kibirigekyebambe83@gmail.com,Mukono,2022-10-07,M,0728889850,+256728889850,valid,Mukono,Mukono,exact,2022-10-07,2022-10-07,%Y-%m-%d,M,M,mapped,,
CUST104491,Ssimbwa Munezero,,ssimbwa.munezero@gmail.com,Gulu,2024-10-31,,,,missing,Gulu,Gulu,exact,2024-10-31,2024-10-31,%Y-%m-%d,,,missing,,
CUST104494,Beatrice Okello,+256730965650,beatriceokello56@mail.com,Hoima,2021-05-08,,0730965650,+256730965650,valid,Hoima,Hoima,exact,2021-05-08,2021-05-08,%Y-%m-%d,,,missing,,
CUST104497,Juliet Ssebugwawo,+256745208208,juliet.ssebugwawo@yahoo.com,Kampala,2023-01-25,F,+256745208208,+256745208208,valid,Kampala,Kampala,exact,25/01/2023,2023-01-25,%d/%m/%Y,Female ,F,mapped,,
CUST104499,Florence Nsereko,+256703085612,,Masaka,2021-02-27,M,0703085612,+256703085612,valid,Masaka,Masaka,exact,27/02/2021,2021-02-27,%d/%m/%Y,Male,M,mapped,,
CUST104501,Lubega Nankya,+256785588406,lubega.nankya@srg.co.ug,Mbale,2025-07-26,,256785588406,+256785588406,valid,Mbale,Mbale,exact,2025-07-26,2025-07-26,%Y-%m-%d,,,missing,,
CUST104502,Namutebi Ssimbwa,+256716717677,namutebissimbwa58@mail.com,Hoima,2022-04-28,F,+256 71 671 7677,+256716717677,valid,Homa,Hoima,variant_mapped,28/04/2022,2022-04-28,%d/%m/%Y,F,F,mapped,CUST104005,
CUST104503,Emmanuel Namubiru,+256700044796,emmanuelnamubiru48@gmail.com,Nakasongola,2024-05-07,F,+256 70 004 4796,+256700044796,valid,Nakasongola,Nakasongola,exact,07-05-2024,2024-05-07,%d-%m-%Y,Female,F,mapped,,
CUST104505,Wanyama Samuel,+256797699242,wanyamasamuel@hotmail.com,Jinja,2023-12-23,M,+256 79 769 9242,+256797699242,valid,Jinja,Jinja,exact,2023-12-23,2023-12-23,%Y-%m-%d,Male,M,mapped,,
CUST104507,Robert Mubiru,+256735689790,robertmubiru4@srg.co.ug,Kampala,2022-11-21,M,+256 73 568 9790,+256735689790,valid,Kampala,Kampala,exact,2022-11-21,2022-11-21,%Y-%m-%d,Male,M,mapped,CUST101297,
CUST104508,Nankya Kyebambe,+256730542990,nankya.kyebambe@srg.co.ug,Mukono,,F,0730542990,+256730542990,valid,Mukono,Mukono,exact,,,missing,Female,F,mapped,,
CUST104509,Kyomuhendo Robert,+256716814768,kyomuhendorobert91@gmail.com,Mukono,2021-12-24,M,0716814768,+256716814768,valid,Mukono,Mukono,exact,24-12-2021,2021-12-24,%d-%m-%Y,Male,M,mapped,CUST104581,
CUST104513,Sheila Kyebambe,,sheila.kyebambe@srg.co.ug,Mpigi,2021-12-02,F,,,missing,Mpigi,Mpigi,exact,2021-12-02,2021-12-02,%Y-%m-%d,Female,F,mapped,,
CUST104514,Alexander Ssemakula,+256718934973,alexanderssemakula@srg.co.ug,Kampala,2022-04-24,F,256718934973,+256718934973,valid,Kampala,Kampala,exact,2022-04-24,2022-04-24,%Y-%m-%d,Female,F,mapped,,
CUST104516,Nankya Tendo,+256731279507,nankyatendo4@gmail.com,Gulu,2024-08-28,F,0731279507,+256731279507,valid,Gulu,Gulu,exact,2024-08-28,2024-08-28,%Y-%m-%d,Female,F,mapped,,
CUST104517,Byaruhanga Okello,+256770706115,byaruhanga.okello@yahoo.com,Kampala,2024-08-20,M,770706115,+256770706115,valid,Kampala,Kampala,exact,20/08/2024,2024-08-20,%d/%m/%Y,Male,M,mapped,,
CUST104518,Ssempebwa Atim,+256701649347,ssempebwaatim60@yahoo.com,Mbale,2025-10-01,M,070-164-9347,+256701649347,valid,Mbale,Mbale,exact,01/10/2025,2025-10-01,%d/%m/%Y,M,M,mapped,,
CUST104519,David Kamoga,+256749758721,davidkamoga74outlook.com,Kampala,2022-07-07,M,+256 74 975 8721,+256749758721,valid,Kampala,Kampala,exact,2022-07-07,2022-07-07,%Y-%m-%d,M,M,mapped,,
CUST104520,Byaruhanga Namubiru,+256740211313,byaruhanganamubiru@hotmail.com,Wakiso,2023-09-07,M,256740211313,+256740211313,valid,Wakiso,Wakiso,exact,2023-09-07,2023-09-07,%Y-%m-%d,Male,M,mapped,,
CUST104521,Emmanuel Ninsiima,,emmanuel.ninsiimagmail.com,Wakiso,2021-10-16,,,,missing,wakiso,Wakiso,exact,16/10/2021,2021-10-16,%d/%m/%Y,,,missing,,
CUST104523,John Kamoga,+256714515742,john.kamoga@hotmail.com,Entebbe,2021-12-06,M,714515742,+256714515742,valid,Enteba,Entebbe,variant_mapped,2021-12-06,2021-12-06,%Y-%m-%d,Male ,M,mapped,,
CUST104524,Munezero Kambale,+256774946119,munezero.kambale@gmail.com,Luwero,2025-07-22,F,+256774946119,+256774946119,valid,Luwero,Luwero,exact,22/07/2025,2025-07-22,%d/%m/%Y,F,F,mapped,,
CUST104525,Robert Nakayiza,+256790535527,robert.nakayiza@hotmail.com,Tororo,,,+256790535527,+256790535527,valid,Tororo,Tororo,exact,,,missing,,,missing,,
CUST104526,Wanyama Timothy,,wanyamatimothy@outlook.com,Gulu,2023-10-25,F,,,missing,Guluu,Gulu,variant_mapped,25/10/2023,2023-10-25,%d/%m/%Y,F,F,mapped,,
CUST104527,Byaruhanga Mubiru,+256792446330,byaruhangamubiru1@yahoo.com,Mbale,,,792446330,+256792446330,valid,Mbale,Mbale,exact,,,missing,,,missing,,
CUST104529,Ssentongo Atukunda,+256743120701,ssentongoatukunda8@srg.co.ug,Entebbe,2022-12-15,M,256743120701,+256743120701,valid,entebbe,Entebbe,exact,2022-12-15,2022-12-15,%Y-%m-%d,M,M,mapped,,
CUST104531,Jane Nsereko,+256792401965,jane.nsereko@gmail.com,Wakiso,2024-12-21,,256792401965,+256792401965,valid,Wakiso,Wakiso,exact,2024-12-21,2024-12-21,%Y-%m-%d,,,missing,,
CUST104533,Brian Boaruhanga,,brian.byaruhanga@mail.com,,2022-03-14,M,,,missing,none,,missing,14/03/2022,2022-03-14,%d/%m/%Y,Male,M,mapped,,
CUST104535,Irene Byaruhanga,+256799974544,irene.byaruhanga@outlook.com,Wakiso,2023-05-26,F,0799974544,+256799974544,valid,Wakiso,Wakiso,exact,2023-05-26,2023-05-26,%Y-%m-%d,Female,F,mapped,,
CUST104536,Phoebe Mugisha,+256738614322,phoebe.mugisha@yahoo.com,Masaka,2022-10-28,F,+256 73 861 4322,+256738614322,valid,Masaka,Masaka,exact,28/10/2022,2022-10-28,%d/%m/%Y,Female,F,mapped,,
CUST104537,Francis,+256708720829,francis@outlook.com,Mityana,2023-10-13,F,+256 70 872 0829,+256708720829,valid,Mityana,Mityana,exact,2023-10-13,2023-10-13,%Y-%m-%d,Female,F,mapped,,
CUST104538,Ssentongo Olweny,+256778506821,ssentongoolweny82@hotmail.com,Kampala,2021-04-15,M,+256778506821,+256778506821,valid,Kampala,Kampala,exact,15/04/2021,2021-04-15,%d/%m/%Y,Male,M,mapped,,
CUST104539,Harriet Nakiganda,+256785554973,,Mbarara,2022-04-17,F,0785554973,+256785554973,valid,Mbarara,Mbarara,exact,17/04/2022,2022-04-17,%d/%m/%Y,Female,F,mapped,,
CUST104540,Ssentongo Lubega,+256785797683,ssentongo.lubega@mail.com,Bundibugyo,2021-12-01,M,256785797683,+256785797683,valid,Bundibugyo,Bundibugyo,exact,01-12-2021,2021-12-01,%d-%m-%Y,Male,M,mapped,CUST100927,
CUST104541,Daniel Guma,+256731615650,danielguma73@hotmail.com,Wakiso,2024-03-01,M,0731615650,+256731615650,valid,Wakiso,Wakiso,exact,01/03/2024,2024-03-01,%d/%m/%Y,Male,M,mapped,,
CUST104544,Munezero Olweny,+256778435584,munezero.olweny@yahoo.com,Mukono,2021-12-09,F,256778435584,+256778435584,valid,Mukono,Mukono,exact,2021-12-09,2021-12-09,%Y-%m-%d,Female,F,mapped,,
CUST104545,Beatrice Wasswa,+256750095723,beatricewasswa@gmail.com,Mbale,2021-10-31,,750095723,+256750095723,valid,Mbale,Mbale,exact,31/10/2021,2021-10-31,%d/%m/%Y,,,missing,,
CUST104547,Lubega Guma,+256795333879,lubega.guma@hotmail,Kampala,2021-08-04,M,0795333879,+256795333879,valid,Kampala,Kampala,exact,04/08/2021,2021-08-04,%d/%m/%Y,Male,M,mapped,,
CUST104549,Mubiru Godfrey,+256704881221,mubiru.godfrey@srg.co.ug,Kampala,2022-09-19,F,+256704881221,+256704881221,valid,Kampala,Kampala,exact,19-09-2022,2022-09-19,%d-%m-%Y,Female,F,mapped,,
CUST104550,Beatrice Ssentongo,+256793847312,beatrice.ssentongo@mail.com,Mbarara,2021-10-05,F,+256 79 384 7312,+256793847312,valid,Mbarara Town,Mbarara,variant_mapped,2021-10-05,2021-10-05,%Y-%m-%d,Female,F,mapped,,
CUST104551,Nakiganda Ahabwe,+256726889334,nakiganda.ahabwe@srg.co.ug,Hoima,2022-02-05,F,256726889334,+256726889334,valid,Hoima,Hoima,exact,05/02/2022,2022-02-05,%d/%m/%Y,Female,F,mapped,,
CUST104553,Joseph Wasswa,+256701071035,josephwasswa79@yahoo.com,Kampala,2022-04-14,M,0701071035,+256701071035,valid,Kampala Region,Kampala,variant_mapped,14/04/2022,2022-04-14,%d/%m/%Y,M,M,mapped,,
CUST104554,Florence Namubiru,+256773412994,florence.namubiru@gmail.com,Lyantonde,2025-03-11,,0773412994,+256773412994,valid,Lyantonde,Lyantonde,exact,2025-03-11,2025-03-11,%Y-%m-%d,,,missing,,
CUST104556,Namubiru Rebecca,+256797978859,namubiru.rebecca@srg.co.ug,Kampala,2024-02-07,M,797978859,+256797978859,valid,kla,Kampala,variant_mapped,2024-02-07,2024-02-07,%Y-%m-%d,M,M,mapped,,
CUST104557,Ninsiima Byaruhanga,+256773388151,ninsiima.byaruhanga@yahoo.com,Wakiso,2022-10-16,F,773388151,+256773388151,valid,Wakiso,Wakiso,exact,16/10/2022,2022-10-16,%d/%m/%Y,F,F,mapped,,
CUST104558,Alexander Nakato,+256708998486,alexander.nakato@gmail.com,Mpigi,2021-09-24,F,0708998486,+256708998486,valid,Mpigi,Mpigi,exact,24/09/2021,2021-09-24,%d/%m/%Y,Female,F,mapped,,
CUST104559,Kambale,+256794131887,kambale@mail.com,Kampala,2024-07-06,F,+256794131887,+256794131887,valid,Kampala,Kampala,exact,2024-07-06,2024-07-06,%Y-%m-%d,Female,F,mapped,,
CUST104565,Joan Mubiru,+256785405700,joan.mubiru@srg.co.ug,Isingiro,2024-03-31,,256785405700,+256785405700,valid,Isingiro,Isingiro,exact,2024-03-31,2024-03-31,%Y-%m-%d,,,missing,,
CUST104566,Kamoga Byaruhanga,+256708633902,kamogabyaruhanga@gmail.com,Gulu,2024-05-23,,+256708633902,+256708633902,valid,Gulu,Gulu,exact,23/05/2024,2024-05-23,%d/%m/%Y,,,missing,,
CUST104567,S. Lubega,,ssempebwa.lubega@srg.co.ug,Jinja,2022-12-28,M,,,missing,Jinja,Jinja,exact,2022-12-28,2022-12-28,%Y-%m-%d,Male,M,mapped,,
CUST104568,Harriet Munezero,+256794968643,harriet.munezero@yahoo.com,Mukono,2023-11-10,F,256794968643,+256794968643,valid,Mukko,Mukono,variant_mapped,10/11/2023,2023-11-10,%d/%m/%Y,Female ,F,mapped,,
CUST104570,Nabbanja,+256754303190,nabbanja62@gmail.com,Jinja,2025-07-25,F,0754303190,+256754303190,valid,Jinja,Jinja,exact,25/07/2025,2025-07-25,%d/%m/%Y,Female,F,mapped,,
CUST104571,Ssentongo Mary,+256755945999,ssentongo.mary@hotmail.com,Wakiso,2024-02-05,,0755945999,+256755945999,valid,Wakiso,Wakiso,exact,2024-02-05,2024-02-05,%Y-%m-%d,,,missing,,
CUST104573,Beatrice Ssekandi,,,Kampala,2023-06-16,F,,,missing,kampala district,Kampala,variant_mapped,16/06/2023,2023-06-16,%d/%m/%Y,F,F,mapped,,REVIEW: possible duplicate
CUST104574,Irene Tendo,+256732583989,irene.tendo@gmail.com,Masindi,,F,732583989,+256732583989,valid,Masindi,Masindi,exact,,,missing,Female,F,mapped,CUST104601,
CUST104576,Munezero Ahabwe,+256720364929,munezero.ahabwe@gmail.com,Sembabule,2023-02-04,F,072-036-4929,+256720364929,valid,sembabule,Sembabule,exact,2023-02-04,2023-02-04,%Y-%m-%d,Female,F,mapped,,
CUST104577,Irene Lubega,+256793693729,irene.lubega@yahoo.com,Kampala,2023-03-06,F,793693729,+256793693729,valid,Kampala,Kampala,exact,2023-03-06,2023-03-06,%Y-%m-%d,Female,F,mapped,,
CUST104578,Dorothy Ouma,+256744273995,dorothyouma@srg.co.ug,Lira,2021-08-03,M,0744273995,+256744273995,valid,Lira,Lira,exact,03/08/2021,2021-08-03,%d/%m/%Y,M,M,mapped,,
CUST104582,Wasswa Godfrey,+256755425293,wasswa.godfrey@yahoo.com,Gulu,2024-09-23,,075-542-5293,+256755425293,valid,Gulu,Gulu,exact,23/09/2024,2024-09-23,%d/%m/%Y,,,missing,,
CUST104583,Naomi Ahabwe,+256796552189,naomi.ahabwe@hotmail.com,Kampala,2024-07-24,F,796552189,+256796552189,valid,Kampala,Kampala,exact,24/07/2024,2024-07-24,%d/%m/%Y,F,F,mapped,,
CUST104586,Isaac Ahabwe,+256793898557,isaac.ahabwe@outlook.com,Kampala,2024-08-28,F,256793898557,+256793898557,valid,Kampala,Kampala,exact,28/08/2024,2024-08-28,%d/%m/%Y,F,F,mapped,,
CUST104587,Nabirye Mubiru,+256731960664,nabirye.mubiru@yahoo.com,Mbarara,2024-12-11,,+256731960664,+256731960664,valid,Mbarara Town,Mbarara,variant_mapped,2024-12-11,2024-12-11,%Y-%m-%d,,,missing,,
CUST104590,Ouma Ninsiima,,ouma.ninsiima@hotmail.com,Wakiso,2021-03-10,F,,,missing,Wakiso,Wakiso,exact,10/03/2021,2021-03-10,%d/%m/%Y,F,F,mapped,,
CUST104597,Juliet Namubiru,+256730316275,julietnamubiru@mail.com,Jinja,2023-07-08,F,730316275,+256730316275,valid,JINJA,Jinja,exact,08/07/2023,2023-07-08,%d/%m/%Y,F,F,mapped,,
CUST104599,Beatrice Okello,+256741218537,,Wakiso,2025-09-01,F,+256741218537,+256741218537,valid,Wakiso,Wakiso,exact,01-09-2025,2025-09-01,%d-%m-%Y,Female,F,mapped,,
CUST104602,Kyomuhendo Nakiganda,,,Rakai,2025-02-03,F,,,missing,Rakai,Rakai,exact,03/02/2025,2025-02-03,%d/%m/%Y,F,F,mapped,,
CUST104604,Patrick Ouma,+256740199610,patrick.ouma@mail.com,Jinja,2024-07-04,,+256740199610,+256740199610,valid,Jinja,Jinja,exact,2024-07-04,2024-07-04,%Y-%m-%d,,,missing,,
CUST104605,Grace Achieng,+256735276776,grace.achieng@outlook.com,Wakiso,2023-10-15,,+256735276776,+256735276776,valid,Wakiso,Wakiso,exact,2023-10-15,2023-10-15,%Y-%m-%d,,,missing,,
CUST104606,Nankya Okello,+256795989360,nankya.okello@hotmail.com,Jinja,2023-04-30,F,+256795989360,+256795989360,valid,Jinja,Jinja,exact,30/04/2023,2023-04-30,%d/%m/%Y,Female,F,mapped,CUST104436,
CUST104608,John Ssentongo,+256770617400,john.ssentongo@hotmail.com,Kampala,2025-02-17,M,0770617400,+256770617400,valid,Kampala,Kampala,exact,2025-02-17,2025-02-17,%Y-%m-%d,Male ,M,mapped,,
CUST104610,Esther Nabirye,+256742686364,esther.nabirye@mail.com,Jinja,2024-05-11,M,+256742686364,+256742686364,valid,Jinja,Jinja,exact,2024-05-11,2024-05-11,%Y-%m-%d,M,M,mapped,,
CUST104612,Nabirye Kyebambe,+256714472196,,Sembabule,2024-02-13,,+256 71 447 2196,+256714472196,valid,Sembabule,Sembabule,exact,2024-02-13,2024-02-13,%Y-%m-%d,,,missing,,
CUST104613,Michael Kyebambe,+256794407953,michael.kyebambe@srg.co.ug,Kampala,2023-12-19,M,+256794407953,+256794407953,valid,Kampala-City,Kampala,variant_mapped,2023-12-19,2023-12-19,%Y-%m-%d,Male,M,mapped,,
CUST104614,Kambale Ronald,+256714956357,,Jinja,2025-02-13,M,0714956357,+256714956357,valid,Jinja,Jinja,exact,13-02-2025,2025-02-13,%d-%m-%Y,Male,M,mapped,,
CUST104615,Kato Wanyama,+256788743001,kato.wanyama@mail.com,Gulu,2023-06-17,M,256788743001,+256788743001,valid,Gulu,Gulu,exact,17/06/2023,2023-06-17,%d/%m/%Y,Male,M,mapped,,
CUST104617,Sarah Butime,+256782922165,sarah.butime@yahoo.com,Mbale,2021-10-04,,782922165,+256782922165,valid,mbale,Mbale,exact,04/10/2021,2021-10-04,%d/%m/%Y,,,missing,,
CUST104622,Collins Nankya,+256721337157,collins.nankya@outlook.com,Kayunga,2021-07-20,F,721337157,+256721337157,valid,Kayunga,Kayunga,exact,20/07/2021,2021-07-20,%d/%m/%Y,Female,F,mapped,,
CUST104623,Mercy Nalubega,+256791612540,mercy.nalubega@srg.co.ug,Sembabule,2024-02-23,F,0791612540,+256791612540,valid,sembabule,Sembabule,exact,2024-02-23,2024-02-23,%Y-%m-%d,Female,F,mapped,,
CUST104624,Agnes Kizza,+256705577482,agnes.kizza@srg.co.ug,Kampala,2023-12-10,,0705577482,+256705577482,valid,Kampala,Kampala,exact,2023-12-10,2023-12-10,%Y-%m-%d,,,missing,,
CUST104625,Ssempebwa Atim,+256738466758,ssempebwa.atim@yahoo.com,Mbarara,2022-06-10,M,+256738466758,+256738466758,valid,Mbarara,Mbarara,exact,10/06/2022,2022-06-10,%d/%m/%Y,Male,M,mapped,,
CUST104626,Ssimbwa Kambale,+256731854409,ssimbwa.kambale@mail.com,Kampala,2021-09-26,F,073-185-4409,+256731854409,valid,kla,Kampala,variant_mapped,26/09/2021,2021-09-26,%d/%m/%Y,F,F,mapped,,
CUST104627,Robert Byaruhanga,+256779925068,robert.byaruhanga@outlook.com,Soroti,2025-01-09,M,256779925068,+256779925068,valid,Soroti,Soroti,exact,09-01-2025,2025-01-09,%d-%m-%Y,Male,M,mapped,,
CUST104628,Atim Atukunda,+256794100770,atimatukunda42@yahoo.com,Jinja,2023-01-15,F,+256794100770,+256794100770,valid,Jinja,Jinja,exact,2023-01-15,2023-01-15,%Y-%m-%d,F,F,mapped,,
CUST104629,Collins Guma,+256759287835,collins.guma@yahoo.com,Kiboga,2023-01-24,F,+256 75 928 7835,+256759287835,valid,Kiboga,Kiboga,exact,24/01/2023,2023-01-24,%d/%m/%Y,Female,F,mapped,,
CUST104631,Ninsiima Nakayiza,+256719824436,ninsiima.nakayiza@gmail.com,Masindi,2023-12-14,F,256719824436,+256719824436,valid,Masindi,Masindi,exact,2023-12-14,2023-12-14,%Y-%m-%d,F,F,mapped,,
CUST104633,Kizza Ssempebwa,,kizzassempebwa83@mail.com,Kampala,2024-05-02,M,,,missing,Kampala,Kampala,exact,02/05/2024,2024-05-02,%d/%m/%Y,Male,M,mapped,,
CUST104634,Dorothy Ssebugwawo,+256792388703,dorothy.ssebugwawo@mail.com,Sembabule,2023-04-20,M,0792388703,+256792388703,valid,Sembabule,Sembabule,exact,2023-04-20,2023-04-20,%Y-%m-%d,Male,M,mapped,,
CUST104636,Kyebambe Stephen,,kyebambestephen68@hotmail.com,Kampala,2021-02-11,F,,,missing,kampala district,Kampala,variant_mapped,2021-02-11,2021-02-11,%Y-%m-%d,Female,F,mapped,,
CUST104639,Olweny Kamoga,+256713029797,olweny.kamoga@outlook.com,Kampala,2021-06-06,,0713029797,+256713029797,valid,Kla,Kampala,variant_mapped,2021-06-06,2021-06-06,%Y-%m-%d,,,missing,,
CUST104641,Collins Mubiru,+256750152312,collinsmubiru53@mail.com,Mukono,2024-04-26,F,0750152312,+256750152312,valid,Mukono,Mukono,exact,2024-04-26,2024-04-26,%Y-%m-%d,F,F,mapped,,
CUST104645,Kato Kambale,+256771438253,katokambale@hotmail.com,Kiboga,2022-08-01,M,+256771438253,+256771438253,valid,kiboga,Kiboga,exact,2022-08-01,2022-08-01,%Y-%m-%d,Male,M,mapped,,
CUST104646,Isaac Nabbanja,+256744053173,isaac.nabbanja@outlook.com,Nakasongola,2022-01-10,F,+256744053173,+256744053173,valid,Nakasongola,Nakasongola,exact,2022-01-10,2022-01-10,%Y-%m-%d,Female,F,mapped,,
CUST104649,Robert Nakayiza,+256733797532,robertnakayiza@yahoo.com,Mbarara,2022-08-23,M,0733797532,+256733797532,valid,Mbarara,Mbarara,exact,2022-08-23,2022-08-23,%Y-%m-%d,Male,M,mapped,,
CUST104650,Munezero Nabbanja,+256748000043,munezero.nabbanja@outlook.com,Wakiso,2023-03-19,F,0748000043,+256748000043,valid,Wakiso,Wakiso,exact,2023-03-19,2023-03-19,%Y-%m-%d,Female,F,mapped,,
CUST104651,Stephen Mukasa,+256739289041,stephen.mukasa@yahoo.com,Kampala,,F,256739289041,+256739289041,valid,Kampala,Kampala,exact,,,missing,F,F,mapped,,
CUST104652,Jane Mukasa,+256704353048,jane.mukasa@hotmail.com,Jinja,2022-09-26,M,256704353048,+256704353048,valid,Jinja,Jinja,exact,26/09/2022,2022-09-26,%d/%m/%Y,Male,M,mapped,,
CUST104658,Atim Atim,+256711904194,atim.atim@gmail.com,Rakai,2023-01-20,,0711904194,+256711904194,valid,Rakai,Rakai,exact,20/01/2023,2023-01-20,%d/%m/%Y,,,missing,,
CUST104659,Olweny,+256785395274,olweny@srg.co.ug,Kampala,,M,0785395274,+256785395274,valid,Kampala,Kampala,exact,,,missing,Male,M,mapped,,
CUST104660,Lubega Butime,+256781156835,lubega.butime@outlook.com,Tororo,2024-03-05,M,0781156835,+256781156835,valid,Tororo,Tororo,exact,05/03/2024,2024-03-05,%d/%m/%Y,Male,M,mapped,,
CUST104662,Kibirige Ruth,+256732327332,kibirige.ruth@gmail.com,Wakiso,2024-12-13,F,+256732327332,+256732327332,valid,Wakiso,Wakiso,exact,2024-12-13,2024-12-13,%Y-%m-%d,Female,F,mapped,,
CUST104663,Timothy Ssekandi,+256788543390,timothy.ssekandi@outlook.com,Gulu,2021-09-19,F,078-854-3390,+256788543390,valid,Gulu,Gulu,exact,2021-09-19,2021-09-19,%Y-%m-%d,Female,F,mapped,,
CUST104665,Munezero David,+256757935442,munezero.david@outlook.com,Bundibugyo,2024-03-17,M,0757935442,+256757935442,valid,Bundibugyo,Bundibugyo,exact,2024-03-17,2024-03-17,%Y-%m-%d,Male,M,mapped,,
CUST104666,Kyomuhendo Godfrey,+256746333802,kyomuhendo.godfrey@mail.com,Tororo,2023-02-21,F,074-633-3802,+256746333802,valid,Tororo,Tororo,exact,21/02/2023,2023-02-21,%d/%m/%Y,Female,F,mapped,,
CUST104669,Wanyama Ssempebwa,+256725180653,wanyamassempebwa89@yahoo.com,Wakiso,2023-10-04,F,0725180653,+256725180653,valid,Wakiso,Wakiso,exact,2023-10-04,2023-10-04,%Y-%m-%d,Female,F,mapped,,
CUST104670,Achieng Brian,+256703616998,achieng.brian@gmail.com,Kampala,2023-10-14,M,256703616998,+256703616998,valid,Kampala,Kampala,exact,2023-10-14,2023-10-14,%Y-%m-%d,Male,M,mapped,,
CUST104675,Lubega Michael,+256781297490,lubega.michael@mail.com,Jinja,2023-01-18,M,0781297490,+256781297490,valid,Jinja,Jinja,exact,2023-01-18,2023-01-18,%Y-%m-%d,Male,M,mapped,,
CUST104676,Naomi Kambale,+256710537904,naomikambale14@hotmail.com,Wakiso,2023-02-26,F,+256710537904,+256710537904,valid,Wakiso,Wakiso,exact,2023-02-26,2023-02-26,%Y-%m-%d,Female,F,mapped,,
CUST104678,Ssentongo,+256716515575,ssentongo@srg.co.ug,Wakiso,2022-11-03,M,256716515575,+256716515575,valid,Wakisio,Wakiso,variant_mapped,2022-11-03,2022-11-03,%Y-%m-%d,M,M,mapped,,
CUST104680,Sarah Mubiru,+256739134935,sarah.mubiru@mail.com,Soroti,2024-05-20,,256739134935,+256739134935,valid,Soroti,Soroti,exact,2024-05-20,2024-05-20,%Y-%m-%d,,,missing,,
CUST104682,Mercy Guma,+256741226771,mercyguma92@yahoo.com,Wakiso,2025-05-20,F,0741226771,+256741226771,valid,Wakiso District,Wakiso,variant_mapped,2025-05-20,2025-05-20,%Y-%m-%d,Female,F,mapped,,
CUST104684,Wasswa Katusiime,+256722310573,,Kampala,2021-09-16,M,256722310573,+256722310573,valid,Kampala,Kampala,exact,2021-09-16,2021-09-16,%Y-%m-%d,M,M,mapped,,
CUST104685,Mugisha Okello,+256795778211,mugishaokello62srg.co.ug,Kampala,2023-01-24,M,795778211,+256795778211,valid,Kampala,Kampala,exact,2023-01-24,2023-01-24,%Y-%m-%d,Male,M,mapped,,
CUST104687,Jane Nakayiza,+256701424942,jane.nakayiza@mail.com,Mukono,2022-04-05,M,+256701424942,+256701424942,valid,Mukono,Mukono,exact,2022-04-05,2022-04-05,%Y-%m-%d,Male,M,mapped,,
CUST104689,Alexander Kizza,+256784390963,alexanderkizza84@hotmail.com,Kampala,2023-05-25,F,0784390963,+256784390963,valid,Kampala,Kampala,exact,2023-05-25,2023-05-25,%Y-%m-%d,F,F,mapped,,
CUST104692,Rebecca Olweny,+256743877891,rebecca.olweny@outlook.com,Sembabule,2025-08-15,M,0743877891,+256743877891,valid,Sembabule,Sembabule,exact,15/08/2025,2025-08-15,%d/%m/%Y,M,M,mapped,,
CUST104693,Timothy Ssekandi,+256746135896,timothy.ssekandi@hotmail.com,Gulu,2023-05-02,F,074-613-5896,+256746135896,valid,Gulu,Gulu,exact,02/05/2023,2023-05-02,%d/%m/%Y,Female,F,mapped,,
CUST104694,Irene Kibirige,+256714573040,irene.kibirige@outlook.com,Kayunga,2022-05-10,F,714573040,+256714573040,valid,Kayunga,Kayunga,exact,10-05-2022,2022-05-10,%d-%m-%Y,Female,F,mapped,,
CUST104695,Wasswa Katusiime,+256787669051,,Wakiso,2024-01-25,,256787669051,+256787669051,valid,Wakiso,Wakiso,exact,25-01-2024,2024-01-25,%d-%m-%Y,,,missing,,
CUST104696,Emmanuel Kizza,+256779382214,emmanuel.kizza@srg.co.ug,Tororo,2021-09-05,F,077-938-2214,+256779382214,valid,Tororo,Tororo,exact,05-09-2021,2021-09-05,%d-%m-%Y,Female,F,mapped,,
CUST104697,Katusiime Godfrey,+256736854262,katusiime.godfrey@hotmail.com,Jinja,2022-10-15,F,073-685-4262,+256736854262,valid,Jinja,Jinja,exact,15/10/2022,2022-10-15,%d/%m/%Y,Female,F,mapped,,
CUST104699,Nakayiza Nankya,+256701072694,nakayiza.nankya@mail.com,,,F,256701072694,+256701072694,valid,,,missing,,,missing,Female,F,mapped,,
CUST104700,Nankya Ouma,+256783533140,nankya.ouma@gmail.com,Wakiso,2024-07-28,F,256783533140,+256783533140,valid,Wakiso District,Wakiso,variant_mapped,28-07-2024,2024-07-28,%d-%m-%Y,Female,F,mapped,,
CUST104701,Kato Nakato,+256788014571,kato.nakato@outlook.com,Kampala,2024-01-13,M,+256788014571,+256788014571,valid,Kampala,Kampala,exact,13/01/2024,2024-01-13,%d/%m/%Y,Male,M,mapped,,
CUST104702,Nabirye Butime,+256790829528,nabirye.butime@hotmail.com,Kitgum,2021-11-07,F,+256 79 082 9528,+256790829528,valid,Kitgum,Kitgum,exact,2021-11-07,2021-11-07,%Y-%m-%d,Female,F,mapped,,
CUST104703,Harriet Nalubega,+256758936790,harriet.nalubega@yahoo.com,Fort Portal,2021-09-28,F,256758936790,+256758936790,valid,Fort Portal,Fort Portal,exact,2021-09-28,2021-09-28,%Y-%m-%d,Female ,F,mapped,,
CUST104704,Ouma Beatrice,+256793999113,ouma.beatrice@srg.co.ug,Kampala,2022-06-03,F,079-399-9113,+256793999113,valid,Kampala,Kampala,exact,2022-06-03,2022-06-03,%Y-%m-%d,F,F,mapped,,
CUST104705,Isaac Nabirye,+256721565092,isaac.nabirye@outlook.com,Iganga,2025-06-29,,721565092,+256721565092,valid,Iganga,Iganga,exact,2025-06-29,2025-06-29,%Y-%m-%d,,,missing,,
CUST104706,Lubega Nakato,+256779145918,lubega.nakato@hotmail.com,Gulu,2021-04-26,M,077-914-5918,+256779145918,valid,Gulu,Gulu,exact,2021-04-26,2021-04-26,%Y-%m-%d,Male,M,mapped,,
CUST104713,Nalubega Ssempebwa,+256750869337,nalubega.ssempebwa@hotmail.com,Lira,2023-05-23,F,0750869337,+256750869337,valid,Lira,Lira,exact,23/05/2023,2023-05-23,%d/%m/%Y,Female,F,mapped,,
CUST104714,Beatrice Kafeero,+256753392679,beatrice.kafeero@outlook.com,Luwero,2024-11-13,F,753392679,+256753392679,valid,Luwero,Luwero,exact,2024-11-13,2024-11-13,%Y-%m-%d,Female,F,mapped,,
CUST104716,Kibirige Stephen,+256770388432,kibirige.stephen@outlook.com,Fort Portal,2022-03-25,,256770388432,+256770388432,valid,Fort Portal,Fort Portal,exact,2022-03-25,2022-03-25,%Y-%m-%d,,,missing,,
CUST104718,Ninsiima Katusiime,+256744520688,ninsiima.katusiime@mail.com,Kampala,2022-07-14,F,0744520688,+256744520688,valid,Kampala,Kampala,exact,2022-07-14,2022-07-14,%Y-%m-%d,F,F,mapped,,
CUST104719,Namubiru Atim,+256771188455,namubiru.atim@mail.com,Wakiso,2021-02-27,F,0771188455,+256771188455,valid,Wakiso,Wakiso,exact,2021-02-27,2021-02-27,%Y-%m-%d,Female,F,mapped,,REVIEW: possible duplicate
CUST104720,Ssentongo Ruth,+256780008915,ssentongo.ruth@hotmail.com,Kampala,2023-07-10,F,0780008915,+256780008915,valid,Kampala,Kampala,exact,2023-07-10,2023-07-10,%Y-%m-%d,Female,F,mapped,,
CUST104721,Irene Nakayiza,+256771241465,irene.nakayiza@yahoo.com,Rakai,2021-01-05,F,771241465,+256771241465,valid,Rakai,Rakai,exact,2021-01-05,2021-01-05,%Y-%m-%d,Female,F,mapped,,
CUST104722,Katusiime Nakiganda,+256733335811,katusiimenakiganda63@gmail.com,Mukono,,F,073-333-5811,+256733335811,valid,Mukono,Mukono,exact,,,missing,Female,F,mapped,,
CUST104723,Collins Butime,+256755752392,collins.butime@gmail.com,Jinja,2024-07-20,F,755752392,+256755752392,valid,Jinja City,Jinja,exact,2024-07-20,2024-07-20,%Y-%m-%d,F,F,mapped,,
CUST104724,Patrick Kafeero,+256738074219,patrick.kafeero@outlook.com,Lyantonde,2024-05-06,F,0738074219,+256738074219,valid,lyantonde,Lyantonde,exact,2024-05-06,2024-05-06,%Y-%m-%d,Female,F,mapped,,
CUST104725,Samuel Kyebambe,+256771371481,samuel.kyebambe@mail.com,Bushenyi,2025-02-04,,+256 77 137 1481,+256771371481,valid,Bushenyi,Bushenyi,exact,2025-02-04,2025-02-04,%Y-%m-%d,,,missing,,
CUST104726,Godfrey,+256759241840,godfrey21@outlook.com,Mpigi,2021-09-06,F,+256 75 924 1840,+256759241840,valid,mpigi,Mpigi,exact,2021-09-06,2021-09-06,%Y-%m-%d,F,F,mapped,,
CUST104728,Stephen Ssempebwa,+256789592847,stephen.ssempebwa@srg.co.ug,Lyantonde,2025-01-29,F,789592847,+256789592847,valid,Lyantonde,Lyantonde,exact,2025-01-29,2025-01-29,%Y-%m-%d,Female ,F,mapped,CUST104794,
CUST104730,Lubega Nakiganda,+256750109613,lubeganakiganda87@yahoo.com,Arua,2025-07-29,,0750109613,+256750109613,valid,Arua City,Arua,exact,29/07/2025,2025-07-29,%d/%m/%Y,,,missing,,
CUST104731,Peter Nankya,+256755304350,peter.nankya@outlook.com,Kampala,2022-12-09,M,755304350,+256755304350,valid,Kampala,Kampala,exact,2022-12-09,2022-12-09,%Y-%m-%d,Male,M,mapped,,
CUST104732,Kamoga Nsereko,+256784328788,kamoga.nsereko@yahoo.com,Luwero,2023-02-12,M,+256784328788,+256784328788,valid,Luwero,Luwero,exact,2023-02-12,2023-02-12,%Y-%m-%d,Male ,M,mapped,,
CUST104733,Nabirye Nalubega,+256755205799,nabirye.nalubegahotmail.com,Jinja,,F,0755205799,+256755205799,valid,Jinja,Jinja,exact,,,missing,Female,F,mapped,,
CUST104734,Beatrice,+256752691671,beatrice@srg.co.ug,,2024-10-16,F,256752691671,+256752691671,valid,,,missing,2024-10-16,2024-10-16,%Y-%m-%d,Female,F,mapped,,
CUST104735,Joseph Kyebambe,+256719759534,josephkyebambe23@outlook.com,Kampala,2025-10-09,M,256719759534,+256719759534,valid,Kampala ,Kampala,exact,09/10/2025,2025-10-09,%d/%m/%Y,Male,M,mapped,,
CUST104737,Nabirye Ssebugwawo,+256755509312,nabiryessebugwawo@srg.co.ug,Lira,2024-06-10,F,+256 75 550 9312,+256755509312,valid,Lira,Lira,exact,2024-06-10,2024-06-10,%Y-%m-%d,Female,F,mapped,,
CUST104739,Kambale Nankya,+256786225711,kambale.nankya@outlook.com,Kabale,2023-08-23,F,0786225711,+256786225711,valid,Kabale,Kabale,exact,2023-08-23,2023-08-23,%Y-%m-%d,Female,F,mapped,,
CUST104740,Ssimbwa Ssimbwa,+256715804754,ssimbwa.ssimbwa@yahoo.com,Gulu,2025-09-05,,+256715804754,+256715804754,valid,Gulu,Gulu,exact,05/09/2025,2025-09-05,%d/%m/%Y, ,,missing,,
CUST104741,Sheila,+256776786714,sheila@hotmail.com,Hoima,2022-07-11,F,0776786714,+256776786714,valid,Hoima,Hoima,exact,11/07/2022,2022-07-11,%d/%m/%Y,F,F,mapped,,
CUST104742,Collins Ssempebwa,+256726611404,collins.ssempebwa@mail.com,Kampala,2022-08-15,F,256726611404,+256726611404,valid,Kampala,Kampala,exact,15-08-2022,2022-08-15,%d-%m-%Y,Female,F,mapped,,
CUST104743,Ssentongo Kyomuhendo,+256752021717,ssentongo.kyomuhendo@srg.co.ug,Mbarara,2021-04-22,M,0752021717,+256752021717,valid,Mbarara,Mbarara,exact,2021-04-22,2021-04-22,%Y-%m-%d,Male,M,mapped,,
CUST104744,Ouma Daniel,+256702164701,ouma.daniel@srg.co.ug,Jinja,2024-12-18,M,0702164701,+256702164701,valid,Jinja City,Jinja,exact,2024-12-18,2024-12-18,%Y-%m-%d,Male,M,mapped,,
CUST104745,Namubiru Ouma,+256798289356,,Mbale,2024-12-19,F,0798289356,+256798289356,valid,Mbale,Mbale,exact,19/12/2024,2024-12-19,%d/%m/%Y,Female,F,mapped,,
CUST104746,Sarah Nsereko,+256756667950,sarah.nsereko@srg.co.ug,Nakasongola,2021-03-07,M,+256756667950,+256756667950,valid,Nakasongola,Nakasongola,exact,2021-03-07,2021-03-07,%Y-%m-%d,Male,M,mapped,,
CUST104747,Juliet Mubiru,+256713483615,julietmubiru34@hotmail.com,Kampala,2022-08-16,F,+256713483615,+256713483615,valid,Kampala,Kampala,exact,16/08/2022,2022-08-16,%d/%m/%Y,F,F,mapped,,
CUST104749,Peter Lubega,+256717325865,peter.lubega@mail.com,Lyantonde,2023-10-11,M,0717325865,+256717325865,valid,Lyantonde,Lyantonde,exact,11/10/2023,2023-10-11,%d/%m/%Y,Male,M,mapped,,
CUST104750,Wanyama Ssentongo,+256706324218,wanyama.ssentongo@yahoo.com,Mbarara,2022-01-23,F,0706324218,+256706324218,valid,Mbarara,Mbarara,exact,2022-01-23,2022-01-23,%Y-%m-%d,Female,F,mapped,,
CUST104751,Nakiganda Kyomuhendo,+256719592802,nakiganda.kyomuhendo@mail.com,Mbarara,2024-07-11,F,+256719592802,+256719592802,valid,Mbarara,Mbarara,exact,2024-07-11,2024-07-11,%Y-%m-%d,Female,F,mapped,,
CUST104754,Nsereko Nankya,+256779642326,nsereko.nankya@outlook.com,Kampala,2025-09-05,,+256779642326,+256779642326,valid,Kampala,Kampala,exact,2025-09-05,2025-09-05,%Y-%m-%d,,,missing,,REVIEW: possible duplicate
CUST104755,Nakayiza Ssimbwa,,nakayiza.ssimbwa@hotmail.com,Nebbi,2024-12-27,M,,,missing,Nebbi,Nebbi,exact,2024-12-27,2024-12-27,%Y-%m-%d,Male,M,mapped,,
CUST104756,Namubiru Ssempebwa,+256782195626,namubiru.ssempebwa@hotmail.com,Mpigi,2023-09-05,,256782195626,+256782195626,valid,Mpigi,Mpigi,exact,05/09/2023,2023-09-05,%d/%m/%Y,,,missing,,
CUST104757,Lubega Guma,+256780644956,lubega.guma@gmail.com,Lyantonde,2024-09-23,M,780644956,+256780644956,valid,Lyantonde,Lyantonde,exact,23/09/2024,2024-09-23,%d/%m/%Y,Male,M,mapped,,
CUST104759,Brian Nsereko,+256795248481,brian.nsereko@srg.co.ug,Masaka,2021-07-31,M,256795248481,+256795248481,valid,Masaka,Masaka,exact,31/07/2021,2021-07-31,%d/%m/%Y,Male,M,mapped,,
CUST104761,Peter Mukasa,+256701131138,peter.mukasa@hotmail.com,Kampala,2024-09-03,M,256701131138,+256701131138,valid,Kampala,Kampala,exact,2024-09-03,2024-09-03,%Y-%m-%d,M,M,mapped,,
CUST104762,Wasswa Phoebe,+256735453988,wasswa.phoebe@hotmail.com,Kampala,,F,735453988,+256735453988,valid,Kampala,Kampala,exact,,,missing,Female,F,mapped,,
CUST104764,Ssimbwa,+256757680588,ssimbwa@mail.com,Lira,2022-09-04,M,256757680588,+256757680588,valid,Lira,Lira,exact,2022-09-04,2022-09-04,%Y-%m-%d,Male,M,mapped,,
CUST104765,Grace Kamoga,,grace.kamoga@gmail.com,Mukono,2025-03-19,M,,,missing,Mukono,Mukono,exact,19-03-2025,2025-03-19,%d-%m-%Y,Male,M,mapped,,
CUST104767,Kambale Kafeero,+256776022539,kambalekafeero55@srg.co.ug,Lyantonde,2022-02-13,F,0776022539,+256776022539,valid,Lyantonde,Lyantonde,exact,13/02/2022,2022-02-13,%d/%m/%Y,Female,F,mapped,,
CUST104769,David Wasswa,+256770483487,david.wasswa@gmail.com,Wakiso,2023-12-26,M,0770483487,+256770483487,valid,Wakisio,Wakiso,variant_mapped,2023-12-26,2023-12-26,%Y-%m-%d,Male,M,mapped,,
CUST104771,Emmanuel Kambale,+256753662175,emmanuel.kambale@hotmail.com,Bundibugyo,2022-05-25,F,0753662175,+256753662175,valid,Bundibugyo,Bundibugyo,exact,25/05/2022,2022-05-25,%d/%m/%Y,Female,F,mapped,,
CUST104772,John Ssebugwawo,+256783986885,john.ssebugwawo@srg.co.ug,Soroti,2024-11-02,M,0783986885,+256783986885,valid,Soroti,Soroti,exact,2024-11-02,2024-11-02,%Y-%m-%d,Male,M,mapped,,
CUST104774,Nabirye Ninsiima,+256781134759,nabiryeninsiima32hotmail.com,Mukono,2024-04-08,F,+256781134759,+256781134759,valid,Mukkono,Mukono,variant_mapped,08/04/2024,2024-04-08,%d/%m/%Y,Female,F,mapped,,
CUST104776,Mugisha Munezero,+256750665736,mugisha.munezero@yahoo.com,Jinja,2022-12-03,M,+256750665736,+256750665736,valid,jinji,Jinja,variant_mapped,2022-12-03,2022-12-03,%Y-%m-%d,Male,M,mapped,,
CUST104777,Catherine Byaruhanga,+256741047571,catherinebyaruhanga@hotmail.com,Kampala,2022-03-03,M,+256741047571,+256741047571,valid,Kampala ,Kampala,exact,03/03/2022,2022-03-03,%d/%m/%Y,Male,M,mapped,,
CUST104778,Mubiru,+256717740370,mubiru@mail.com,Wakiso,2023-06-03,M,256717740370,+256717740370,valid,Wakiso,Wakiso,exact,2023-06-03,2023-06-03,%Y-%m-%d,M,M,mapped,,
CUST104779,Kamoga vutime,,kamoga.butime@yahoo.com,Kampala,2022-11-19,M,,,missing,Kampala (Central),Kampala,variant_mapped,19/11/2022,2022-11-19,%d/%m/%Y,Male,M,mapped,,
CUST104780,Kizza Wanyama,+256796770898,kizza.wanyama@srg.co.ug,Wakiso,2021-08-28,M,+256796770898,+256796770898,valid,Wakiso District,Wakiso,variant_mapped,2021-08-28,2021-08-28,%Y-%m-%d,Male ,M,mapped,,
CUST104781,Munezero Ninsiima,,munezero.ninsiima@srg.co.ug,Kampala,2023-02-01,F,,,missing,Kampala,Kampala,exact,01-02-2023,2023-02-01,%d-%m-%Y,Female,F,mapped,,
CUST104782,Nabirye Nakiganda,+256776490099,nabirye.nakigandaoutlook.com,Arua,2023-12-29,,776490099,+256776490099,valid,Arua,Arua,exact,2023-12-29,2023-12-29,%Y-%m-%d,,,missing,,
CUST104785,Isaac Mubiru,+256729808486,isaac.mubiru@outlook.com,Kampala,2021-08-20,,0729808486,+256729808486,valid,Kampala,Kampala,exact,20/08/2021,2021-08-20,%d/%m/%Y,,,missing,,
CUST104786,Mugisha Wanyama,+256715814755,mugisha.wanyama@mail.com,Kampala,2021-06-24,F,+256 71 581 4755,+256715814755,valid,Kampala,Kampala,exact,2021-06-24,2021-06-24,%Y-%m-%d,Female,F,mapped,,
CUST104790,Nalubega Nakiganda,+256726173805,nalubeganakiganda1@yahoo.com,Wakiso,2023-11-20,F,+256 72 617 3805,+256726173805,valid,Wakiso District,Wakiso,variant_mapped,2023-11-20,2023-11-20,%Y-%m-%d,F,F,mapped,,
CUST104791,Kyomuhendo Ssentongo,+256776373715,kyomuhendo.ssentongo@mail.com,Jinja,2024-06-12,M,776373715,+256776373715,valid,Jinja,Jinja,exact,12/06/2024,2024-06-12,%d/%m/%Y,Male,M,mapped,,
CUST104795,Alexander Ssekandi,+256713674855,alexanderssekandi@hotmail.com,Wakiso,2023-08-14,F,256713674855,+256713674855,valid,Wakiso,Wakiso,exact,14-08-2023,2023-08-14,%d-%m-%Y,Female,F,mapped,,
CUST104797,Byaruhanga Lubega,+256724877587,byaruhanga.lubega@gmail.com,Mbarara,2022-01-28,M,+256 72 487 7587,+256724877587,valid,Mbarara,Mbarara,exact,2022-01-28,2022-01-28,%Y-%m-%d,M,M,mapped,,
CUST104798,Kizza Nsereko,+256758068442,kizza.nsereko@mail.com,Kampala,2021-03-25,,+256758068442,+256758068442,valid,Kampala,Kampala,exact,25/03/2021,2021-03-25,%d/%m/%Y,,,missing,,
CUST104799,Butime Ssekandi,+256754542417,butime.ssekandi@outlook.com,Hoima,2023-06-12,M,0754542417,+256754542417,valid,Hoima,Hoima,exact,2023-06-12,2023-06-12,%Y-%m-%d,Male,M,mapped,,
CUST104800,Tumusiime Nakiganda,+256746026842,tumusiime.nakiganda@yahoo.com,Isingiro,2024-08-01,F,+256 74 602 6842,+256746026842,valid,Isingiro,Isingiro,exact,2024-08-01,2024-08-01,%Y-%m-%d,Female,F,mapped,,
CUST104801,Agnes Okello,+256794665572,agnes.okello@srg.co.ug,Wakiso,2024-04-26,,+256794665572,+256794665572,valid,Wakiso,Wakiso,exact,2024-04-26,2024-04-26,%Y-%m-%d,,,missing,CUST103524,
CUST104802,Samuel Mukasa,+256716199632,samuel.mukasa@outlook.com,Gulu,2025-08-11,M,0716199632,+256716199632,valid,Gulu,Gulu,exact,2025-08-11,2025-08-11,%Y-%m-%d,Male,M,mapped,,
CUST104804,Ssempebwa Mugisha,,,Masaka,2022-08-02,M,,,missing,Masaka,Masaka,exact,02-08-2022,2022-08-02,%d-%m-%Y,Male,M,mapped,,REVIEW: possible duplicate
CUST104806,Florence Mugisha,+256702650372,florence.mugisha@srg.co.ug,Arua,2025-07-07,,+256702650372,+256702650372,valid,Arua,Arua,exact,2025-07-07,2025-07-07,%Y-%m-%d,,,missing,,
CUST104808,Ninsiima Olweny,+256716662218,ninsiima.olweny@yahoo.com,Wakiso,2023-11-10,,+256 71 666 2218,+256716662218,valid,Wakisio,Wakiso,variant_mapped,10-11-2023,2023-11-10,%d-%m-%Y,,,missing,,
CUST104810,Ahabwe Nakiganda,+256787925415,ahabwe.nakiganda@gmail.com,Hoima,2025-01-16,F,+256787925415,+256787925415,valid,Hoima,Hoima,exact,2025-01-16,2025-01-16,%Y-%m-%d,Female,F,mapped,,
CUST104812,Jane Ssentongo,+256701940739,jane.ssentongo@mail.com,Mbale,2023-11-14,M,256701940739,+256701940739,valid,Mbale,Mbale,exact,14/11/2023,2023-11-14,%d/%m/%Y,Male,M,mapped,,
CUST104813,Nakiganda,+256788837481,nakiganda@hotmail.com,Kampala,2024-11-21,F,+256788837481,+256788837481,valid,Kampala,Kampala,exact,21-11-2024,2024-11-21,%d-%m-%Y,Female,F,mapped,,
CUST104814,Ruth Kafeero,+256738142415,ruthkafeero41@srg,Wakiso,2021-01-07,,+256738142415,+256738142415,valid,Wakiso District,Wakiso,variant_mapped,07/01/2021,2021-01-07,%d/%m/%Y,,,missing,,
CUST104817,Guma Atukunda,+256796500282,guma.atukunda@mail.com,Mukono,2021-05-03,,+256 79 650 0282,+256796500282,valid,Mukono,Mukono,exact,03/05/2021,2021-05-03,%d/%m/%Y,,,missing,,
CUST104819,Collins Tendo,+256781264952,collinstendo81@srg.co.ug,Fort Portal,2025-09-23,F,+256 78 126 4952,+256781264952,valid,Kabarole,Fort Portal,exact,2025-09-23,2025-09-23,%Y-%m-%d,F,F,mapped,,
CUST104820,Ronald Lubega,+256721170854,ronald.lubega@hotmail.com,Gulu,2024-02-21,M,+256721170854,+256721170854,valid,Gulu City,Gulu,exact,2024-02-21,2024-02-21,%Y-%m-%d,Male,M,mapped,,
CUST104821,Juliet Nalubega,+256785421734,,Kampala,2024-05-25,F,0785421734,+256785421734,valid,Kampala,Kampala,exact,25-05-2024,2024-05-25,%d-%m-%Y,Female,F,mapped,,
CUST104822,Godfrey Atukunda,+256791674847,godfrey.atukunda@hotmail.com,Kampala,2023-06-05,F,791674847,+256791674847,valid,Kampala,Kampala,exact,2023-06-05,2023-06-05,%Y-%m-%d,F,F,mapped,,
CUST104823,Kato Ssempebwa,+256712892898,katossempebwa@yahoo.com,Kampala,2021-09-08,,0712892898,+256712892898,valid,Kampala Region,Kampala,variant_mapped,08/09/2021,2021-09-08,%d/%m/%Y,,,missing,,
CUST104824,Grace Nabirye,+256779473883,gracenabirye56@mail.com,Iganga,2023-11-10,M,0779473883,+256779473883,valid,Iganga,Iganga,exact,2023-11-10,2023-11-10,%Y-%m-%d,M,M,mapped,,
CUST104827,Mary Lubega,+256727568537,mary.lubega@mail.com,Mbale,2021-08-22,M,256727568537,+256727568537,valid,Mbale,Mbale,exact,2021-08-22,2021-08-22,%Y-%m-%d,Male,M,mapped,,
CUST104829,Joseph Nakiganda,+256791692880,joseph.nakiganda@mail.com,Lira,2022-09-19,M,+256 79 169 2880,+256791692880,valid,Lira,Lira,exact,19-09-2022,2022-09-19,%d-%m-%Y,M,M,mapped,,
CUST104830,Agnes Atim,+256735990223,agnes.atim@yahoo.com,Hoima,2022-04-02,,735990223,+256735990223,valid,Hoima,Hoima,exact,2022-04-02,2022-04-02,%Y-%m-%d,,,missing,,
CUST104831,Munezero Peter,+256785590380,munezero.peter@srg.co.ug,Kampala,2024-03-06,M,256785590380,+256785590380,valid,Kampala,Kampala,exact,2024-03-06,2024-03-06,%Y-%m-%d,Male,M,mapped,,
CUST104833,Ssimbwa Guma,+256796303101,ssimbwa.guma@outlook.com,Kampala,,M,256796303101,+256796303101,valid,Kampala,Kampala,exact,,,missing,Male,M,mapped,,
CUST104834,Kizza Alexander,+256726194496,kizza.alexander@outlook.com,Wakiso,,,+256726194496,+256726194496,valid,Wakiso,Wakiso,exact,,,missing,,,missing,,
CUST104835,Kibirige Esther,+256770643552,kibirige.esther@outlook.com,Gulu,2023-05-25,M,+256770643552,+256770643552,valid,Gulu,Gulu,exact,2023-05-25,2023-05-25,%Y-%m-%d,Male,M,mapped,,
CUST104836,Peter Ninsiima,+256782267826,peterninsiima62@srg.co.ug,Hoima,2021-04-04,M,+256782267826,+256782267826,valid,Hoima,Hoima,exact,04/04/2021,2021-04-04,%d/%m/%Y,M,M,mapped,CUST104314,
CUST104837,Mercy Mugisha,+256736296843,mercy.mugisha@srg.co.ug,Tororo,2023-03-14,F,0736296843,+256736296843,valid,Tororo,Tororo,exact,14/03/2023,2023-03-14,%d/%m/%Y,Female,F,mapped,,
CUST104839,Kibirige Kamoga,+256729292541,kibirigekamoga88@yahoo.com,Mukono,2024-11-18,M,+256 72 929 2541,+256729292541,valid,Mukono,Mukono,exact,2024-11-18,2024-11-18,%Y-%m-%d,Male,M,mapped,,
CUST104840,Jane,+256778907922,jane@gmail.com,Wakiso,2024-06-14,M,778907922,+256778907922,valid,Wakiso,Wakiso,exact,14-06-2024,2024-06-14,%d-%m-%Y,Male,M,mapped,,REVIEW: possible duplicate
CUST104841,Kibirige Nakiganda,+256747403538,kibirige.nakiganda@gmail.com,Kumi,2021-10-02,M,256747403538,+256747403538,valid,Kumi,Kumi,exact,02/10/2021,2021-10-02,%d/%m/%Y,M,M,mapped,,
CUST104842,Byaruhanga Kyomuhendo,,byaruhanga.kyomuhendo@gmail.com,Kalangala,2024-10-05,M,,,missing,Kalangala,Kalangala,exact,2024-10-05,2024-10-05,%Y-%m-%d,Male,M,mapped,,
CUST104843,John Tumusiime,+256759726742,john.tumusiime@mail.com,Soroti,2024-03-31,M,759726742,+256759726742,valid,Soroti District,Soroti,variant_mapped,31/03/2024,2024-03-31,%d/%m/%Y,Male,M,mapped,,
CUST104844,Ssimbwa Ssebugwawo,,ssimbwa.ssebugwawo@yahoo.com,Masaka,2021-03-18,M,,,missing,Masaka,Masaka,exact,18-03-2021,2021-03-18,%d-%m-%Y,Male,M,mapped,CUST104854,
CUST104846,Daniel Nakayiza,+256739492844,daniel.nakayiza@yahoo.com,Hoima,2025-02-14,M,+256739492844,+256739492844,valid,Hoima,Hoima,exact,14-02-2025,2025-02-14,%d-%m-%Y,Male,M,mapped,,
CUST104847,Nabbanja Kafeero,+256757944662,nabbanja.kafeerosrg.co.ug,Wakiso,2021-07-03,,+256757944662,+256757944662,valid,Wakiso,Wakiso,exact,2021-07-03,2021-07-03,%Y-%m-%d,,,missing,,
CUST104849,Agnes Kamoga,,agnes.kamoga@yahoo.com,Hoima,2023-02-22,M,,,missing,Hoima,Hoima,exact,22/02/2023,2023-02-22,%d/%m/%Y,Male,M,mapped,,
CUST104851,Godfrey Olweny,+256734326491,godfrey.olweny@hotmail.com,Entebbe,2021-10-21,F,734326491,+256734326491,valid,entebbe,Entebbe,exact,21/10/2021,2021-10-21,%d/%m/%Y,Female,F,mapped,,
CUST104855,Kibirige Olweny,+256792448984,kibirige.olweny@srg.co.ug,Mbarara,2023-08-07,,792448984,+256792448984,valid,Mbarara,Mbarara,exact,07/08/2023,2023-08-07,%d/%m/%Y,,,missing,,
CUST104856,Kato Ssemakula,+256732592163,katossemakula@gmail.com,Mbarara,2021-07-22,M,0732592163,+256732592163,valid,Mbarara,Mbarara,exact,2021-07-22,2021-07-22,%Y-%m-%d,M,M,mapped,,
CUST104857,Ssimbwa Atim,+256773815644,ssimbwaatim91@hotmail.com,Nebbi,2022-09-28,M,0773815644,+256773815644,valid,nebbi,Nebbi,exact,2022-09-28,2022-09-28,%Y-%m-%d,M,M,mapped,,
CUST104859,Nabirye Peter,+256724149041,nabirye.peterhotmail.com,Kampala,2021-01-30,M,256724149041,+256724149041,valid,kampala,Kampala,exact,30/01/2021,2021-01-30,%d/%m/%Y,Male,M,mapped,,REVIEW: possible duplicate
CUST104862,Beatrice Nabbanja,+256739171980,beatrice.nabbanja@yahoo.com,Luwero,2023-03-29,F,256739171980,+256739171980,valid,luwero,Luwero,exact,29/03/2023,2023-03-29,%d/%m/%Y,Female,F,mapped,,
CUST104863,Godfrey Ssebugwawo,+256709003722,,Wakiso,2024-06-06,F,709003722,+256709003722,valid,Wakiso,Wakiso,exact,2024-06-06,2024-06-06,%Y-%m-%d,Female,F,mapped,,REVIEW: possible duplicate
CUST104865,Nabbanja Wanyama,+256705607481,nabbanja.wanyama@mail.com,Mukono,2024-05-18,F,256705607481,+256705607481,valid,Mukono,Mukono,exact,2024-05-18,2024-05-18,%Y-%m-%d,Female,F,mapped,,
CUST104867,Sarah Ssimbwa,+256781370664,sarah.ssimbwa@mail.com,Hoima,2024-12-09,M,0781370664,+256781370664,valid,hoima,Hoima,exact,2024-12-09,2024-12-09,%Y-%m-%d,Male,M,mapped,,
CUST104868,Mukasa Rebecca,+256710130878,mukasa.rebecca@hotmail.com,Masaka,2023-05-26,M,0710130878,+256710130878,valid,Masaka,Masaka,exact,2023-05-26,2023-05-26,%Y-%m-%d,Male,M,mapped,,
CUST104870,Harriet Ahabwe,+256715044742,harrietahabwe@gmail.com,Wakiso,2023-07-16,F,+256715044742,+256715044742,valid,Wakiso,Wakiso,exact,2023-07-16,2023-07-16,%Y-%m-%d,Female,F,mapped,,
CUST104871,Ssemakula Godfrey,+256704704704,ssemakula.godfrey@gmail.com,Lira,2024-11-01,F,070-470-4704,+256704704704,valid,Lira,Lira,exact,01/11/2024,2024-11-01,%d/%m/%Y,F,F,mapped,,
CUST104872,Sarah Olweny,+256737140106,saraholweny29@srg.co.ug,Kampala,2024-08-21,M,+256737140106,+256737140106,valid,Kampala,Kampala,exact,21/08/2024,2024-08-21,%d/%m/%Y,Male,M,mapped,,
CUST104873,Isaac Nabirye,+256719761272,isaac.nabirye@hotmail.com,Wakiso,2023-03-18,F,+256 71 976 1272,+256719761272,valid,Wakiso,Wakiso,exact,18-03-2023,2023-03-18,%d-%m-%Y,Female,F,mapped,,
CUST104874,Munezero Atim,+256719373893,munezero.atim@yahoo.com,Jinja,2021-10-03,F,719373893,+256719373893,valid,Jinja,Jinja,exact,2021-10-03,2021-10-03,%Y-%m-%d,F,F,mapped,,
CUST104875,Phoebe Nakayiza,+256777533262,phoebe.nakayiza@hotmail.com,Wakiso,2025-02-05,F,0777533262,+256777533262,valid,wakiso,Wakiso,exact,2025-02-05,2025-02-05,%Y-%m-%d,Female,F,mapped,,
CUST104876,David Byaruhanga,+256754478520,david.byaruhanga@yahoo.com,Masaka,2025-10-09,M,+256754478520,+256754478520,valid,Masaka,Masaka,exact,2025-10-09,2025-10-09,%Y-%m-%d,Male,M,mapped,,
CUST104877,Ssempebwa Butime,+256777930813,ssempebwa.butime@mail.com,Jinja,,M,0777930813,+256777930813,valid,Jinja City,Jinja,exact,,,missing,Male,M,mapped,,
CUST104879,Kizza Namubiru,+256718000845,kizzanamubiru@gmail.com,Mukono,2022-09-23,F,+256718000845,+256718000845,valid,Mukono,Mukono,exact,23-09-2022,2022-09-23,%d-%m-%Y,Female,F,mapped,CUST103221,
CUST104880,Ruth Nakayiza,+256743493983,ruth.nakayiza@gmail.com,Mukono,2024-07-29,F,+256743493983,+256743493983,valid,Mukono,Mukono,exact,2024-07-29,2024-07-29,%Y-%m-%d,Female,F,mapped,,
CUST104881,Katusiime,+256790383775,,Nebbi,2021-05-22,F,0790383775,+256790383775,valid,Nebbi,Nebbi,exact,2021-05-22,2021-05-22,%Y-%m-%d,Female,F,mapped,,
CUST104883,Phoebe Ssebugwawo,+256713804660,phoebessebugwawo6@mail.com,Masaka,,F,0713804660,+256713804660,valid,Masaka,Masaka,exact,,,missing,Female,F,mapped,,
CUST104886,Collins,+256785894466,collins73@outlook,Gulu,2023-11-27,F,256785894466,+256785894466,valid,Gulu,Gulu,exact,2023-11-27,2023-11-27,%Y-%m-%d,Female,F,mapped,,
CUST104888,Samuel Okello,+256721410642,samuelokello@srg.co.ug,Wakiso,2024-09-10,,+256721410642,+256721410642,valid,Wakiso,Wakiso,exact,2024-09-10,2024-09-10,%Y-%m-%d, ,,missing,,
CUST104889,Munezero Mugisha,+256752481686,munezero.mugisha@srg.co.ug,Mbarara,,F,075-248-1686,+256752481686,valid,Mbarara City,Mbarara,exact,,,missing,Female,F,mapped,,
CUST104890,Daniel Ouma,+256786452430,danielouma@hotmail.com,Jinja,2023-02-17,M,786452430,+256786452430,valid,Jinja,Jinja,exact,17-02-2023,2023-02-17,%d-%m-%Y,Male,M,mapped,,
CUST104893,Ssemakula Ahabwe,+256788339846,ssemakula.ahabwe@hotmail.com,Mukono,2022-08-07,M,+256 78 833 9846,+256788339846,valid,Mukono,Mukono,exact,2022-08-07,2022-08-07,%Y-%m-%d,Male,M,mapped,,
CUST104894,Samuel Kyomuhendo,+256719317258,samuel.kyomuhendo@yahoo.com,Masaka,2024-10-11,M,256719317258,+256719317258,valid,Masaka,Masaka,exact,11/10/2024,2024-10-11,%d/%m/%Y,M,M,mapped,,
CUST104895,Ssemakula Ssemakula,+256794807511,ssemakulassemakula@gmail.com,Wakiso,2024-10-02,M,+256794807511,+256794807511,valid,Wakiso,Wakiso,exact,02/10/2024,2024-10-02,%d/%m/%Y,Male,M,mapped,,
CUST104896,Florence Kizza,+256755091940,florence.kizza@outlook.com,Mbarara,2021-02-03,M,+256 75 509 1940,+256755091940,valid,Mbarara,Mbarara,exact,2021-02-03,2021-02-03,%Y-%m-%d,Male,M,mapped,,
CUST104897,Naomi,+256722794512,naomi@yahoo.com,Kampala,,F,722794512,+256722794512,valid,Kampala,Kampala,exact,,,missing,Female,F,mapped,,
CUST104900,Wasswa Wanyama,+256701115313,,Kiboga,2024-01-20,,701115313,+256701115313,valid,Kiboga,Kiboga,exact,2024-01-20,2024-01-20,%Y-%m-%d,,,missing,,
CUST104901,Samuel Tendo,,samuel.tendo@srg.co.ug,Masaka,2021-09-28,M,,,missing,Masaka,Masaka,exact,28-09-2021,2021-09-28,%d-%m-%Y,Male,M,mapped,,
CUST104902,Guma Collins,+256759351257,guma.collins@yahoo.com,Mbale,2024-09-24,,256759351257,+256759351257,valid,Mbale,Mbale,exact,24/09/2024,2024-09-24,%d/%m/%Y,,,missing,,
CUST104905,Byaruhanga Achieng,+256759082878,byaruhangaachieng54@srg.co.ug,Entebbe,2022-10-31,,0759082878,+256759082878,valid,Entebbe,Entebbe,exact,31-10-2022,2022-10-31,%d-%m-%Y, ,,missing,,
CUST104906,Ssimbwa Ruth,+256704071186,,Mukono,2024-09-20,F,704071186,+256704071186,valid,Mukono,Mukono,exact,2024-09-20,2024-09-20,%Y-%m-%d,Female,F,mapped,,
CUST104908,Collins Kambale,+256747252648,collins.kambale@outlook.com,Wakiso,2025-03-22,F,+256 74 725 2648,+256747252648,valid,Wakiso,Wakiso,exact,2025-03-22,2025-03-22,%Y-%m-%d,F,F,mapped,,
CUST104909,Nabbanja Kizza,+256733202867,nabbanja.kizza@hotmail.com,Jinja,2024-04-24,F,733202867,+256733202867,valid,jinja,Jinja,exact,2024-04-24,2024-04-24,%Y-%m-%d,Female,F,mapped,CUST101426,
CUST104911,Ninsiima,+256732155037,ninsiima@gmail.com,Kampala,2025-04-06,,0732155037,+256732155037,valid,Kampala,Kampala,exact,2025-04-06,2025-04-06,%Y-%m-%d,,,missing,,REVIEW: possible duplicate
CUST104912,Ssemakula Florence,+256753525683,ssemakula.florence@outlook.com,Kampala,2025-07-27,M,0753525683,+256753525683,valid,Kampala,Kampala,exact,2025-07-27,2025-07-27,%Y-%m-%d,M,M,mapped,,
CUST104914,Katusiime Mugisha,+256799320615,katusiimemugisha@hotmail.com,Gulu,2024-06-08,F,0799320615,+256799320615,valid,Gulu,Gulu,exact,08-06-2024,2024-06-08,%d-%m-%Y,Female,F,mapped,,
CUST104915,Juliet Nakayiza,+256707941952,julietnakayiza82@mail.com,Gulu,2025-10-11,F,0707941952,+256707941952,valid,Gulu,Gulu,exact,11/10/2025,2025-10-11,%d/%m/%Y,Female,F,mapped,,
CUST104918,Stephen Munezero,+256721390780,stephen.munezero@mail.com,Nebbi,2025-03-12,F,0721390780,+256721390780,valid,Nebbi,Nebbi,exact,12/03/2025,2025-03-12,%d/%m/%Y,Female,F,mapped,,
CUST104920,Florence Kizza,+256721558193,florence.kizza@gmail.com,Mukono,2021-10-03,,0721558193,+256721558193,valid,Mukkono,Mukono,variant_mapped,03/10/2021,2021-10-03,%d/%m/%Y,,,missing,,
CUST104921,Atim Kyomuhendo,+256780811659,atim.kyomuhendo@gmail.com,Bushenyi,2021-07-20,F,+256780811659,+256780811659,valid,Bushenyi,Bushenyi,exact,2021-07-20,2021-07-20,%Y-%m-%d,Female,F,mapped,,
CUST104922,Patrick Nabirye,+256775275797,patrick.nabirye@outlook.com,Kampala,2025-03-08,F,077-527-5797,+256775275797,valid,KAMPALA,Kampala,exact,2025-03-08,2025-03-08,%Y-%m-%d,Female,F,mapped,,
CUST104923,Peter Ssimbwa,+256743584575,peter.ssimbwa@yahoo.com,Gulu,2021-09-30,M,+256 74 358 4575,+256743584575,valid,Gulu,Gulu,exact,30/09/2021,2021-09-30,%d/%m/%Y,M,M,mapped,,
CUST104924,Irene Lubega,+256790141010,irene.lubega@yahoo.com,Arua,2021-05-13,F,+256790141010,+256790141010,valid,Arua,Arua,exact,13-05-2021,2021-05-13,%d-%m-%Y,F,F,mapped,,
CUST104925,Daniel Ssimbwa,+256773780437,danielssimbwa31@hotmail.com,Arua,2024-01-27,M,+256773780437,+256773780437,valid,Arua City,Arua,exact,27/01/2024,2024-01-27,%d/%m/%Y,Male,M,mapped,,
CUST104927,Patrick Byaruhanga,+256746238435,patrick.byaruhanga@gmail.com,Kampala,2024-01-19,F,074-623-8435,+256746238435,valid,Kampala,Kampala,exact,2024-01-19,2024-01-19,%Y-%m-%d,Female,F,mapped,,
CUST104928,Mercy Okello,+256715899399,mercy.okello@yahoo.com,Soroti,2023-08-09,F,0715899399,+256715899399,valid,Soroti,Soroti,exact,2023-08-09,2023-08-09,%Y-%m-%d,F,F,mapped,,
CUST104929,Timothy Olweny,+256798569956,timothy.olweny@hotmail.com,Kiboga,2025-06-17,F,798569956,+256798569956,valid,kiboga,Kiboga,exact,2025-06-17,2025-06-17,%Y-%m-%d,F,F,mapped,,
CUST104930,Florence,+256724391694,florence@srg.co.ug,Kampala,2024-11-15,M,724391694,+256724391694,valid,Kampala,Kampala,exact,2024-11-15,2024-11-15,%Y-%m-%d,Male,M,mapped,,
CUST104931,Andrew Ninsiima,,andrew.ninsiima@yahoo.com,Kabale,2024-02-23,F,,,missing,Kabale,Kabale,exact,2024-02-23,2024-02-23,%Y-%m-%d,F,F,mapped,CUST104995,
CUST104932,Guma Tendo,+256718378434,guma.tendo@srg.co.ug,Masaka,2021-10-05,,256718378434,+256718378434,valid,Masaka,Masaka,exact,2021-10-05,2021-10-05,%Y-%m-%d,,,missing,,
CUST104933,Olweny Namubiru,+256718620733,olwenynamubiru47@mail.com,Masindi,2022-04-23,M,256718620733,+256718620733,valid,masindi,Masindi,exact,23/04/2022,2022-04-23,%d/%m/%Y,Male,M,mapped,,
CUST104934,Sheila Ssimbwa,,sheila.ssimbwa@yahoo.com,Mbale,2025-06-26,F,,,missing,Mbale,Mbale,exact,2025-06-26,2025-06-26,%Y-%m-%d,Female,F,mapped,,
CUST104935,Mugisha Nsereko,+256770246606,mugisha.nsereko@srg.co.ug,Wakiso,2022-08-17,,256770246606,+256770246606,valid,Wakiso,Wakiso,exact,2022-08-17,2022-08-17,%Y-%m-%d,,,missing,,
CUST104936,Lubega Irene,+256772904080,lubega.irene@yahoo,Soroti,2021-09-13,F,256772904080,+256772904080,valid,Soroti,Soroti,exact,2021-09-13,2021-09-13,%Y-%m-%d,F,F,mapped,,
CUST104937,Kizza,+256755389943,kizza@outlook.com,Isingiro,2022-08-12,,0755389943,+256755389943,valid,Isingiro,Isingiro,exact,2022-08-12,2022-08-12,%Y-%m-%d,,,missing,,
CUST104940,Beatrice Mugisha,+256714496630,beatrice.mugisha@mail.com,Gulu,2023-12-22,F,+256714496630,+256714496630,valid,Gulu,Gulu,exact,2023-12-22,2023-12-22,%Y-%m-%d,Female ,F,mapped,,
CUST104941,Peter Lubega,+256743727196,peter.lubega@srg.co.ug,Kampala,2022-05-02,M,+256743727196,+256743727196,valid,Kampala,Kampala,exact,2022-05-02,2022-05-02,%Y-%m-%d,Male,M,mapped,,
CUST104943,Grace Wanyama,,,Kampala,2024-05-20,M,,,missing,Kampala,Kampala,exact,2024-05-20,2024-05-20,%Y-%m-%d,Male,M,mapped,,REVIEW: possible duplicate
CUST104944,Ruth Ssempebwa,+256709809337,,Wakiso,2023-01-22,F,+256709809337,+256709809337,valid,Wakiso,Wakiso,exact,2023-01-22,2023-01-22,%Y-%m-%d,Female ,F,mapped,,
CUST104946,Okello Kyomuhendo,+256716180541,okello.kyomuhendo@srg.co.ug,Mukono,2021-03-25,,071-618-0541,+256716180541,valid,Mukono,Mukono,exact,25-03-2021,2021-03-25,%d-%m-%Y,,,missing,,
CUST104948,Dorothy,+256748926457,dorothy70@yahoo.com,Mbale City,,M,0748926457,+256748926457,valid,Mbale City,Mbale City,exact,,,missing,M,M,mapped,,
CUST104951,Juliet Achieng,+256794990080,,Iganga,2024-03-02,F,794990080,+256794990080,valid,iganga,Iganga,exact,2024-03-02,2024-03-02,%Y-%m-%d,Female,F,mapped,,
CUST104952,Ssekandi Achieng,+256701876021,ssekandi.achieng@gmail.com,Mbarara,2024-08-08,M,+256701876021,+256701876021,valid,Mbarara City,Mbarara,exact,08-08-2024,2024-08-08,%d-%m-%Y,Male,M,mapped,,
CUST104955,Mubiru,+256789513612,mubiru25@srg.co.ug,Kampala,2022-04-22,M,0789513612,+256789513612,valid,Kampala,Kampala,exact,22/04/2022,2022-04-22,%d/%m/%Y,Male,M,mapped,,
CUST104956,Nakiganda Achieng,+256716060563,nakiganda.achieng@hotmail.com,Gulu,2021-03-25,F,256716060563,+256716060563,valid,Gulu,Gulu,exact,25/03/2021,2021-03-25,%d/%m/%Y,Female,F,mapped,,
CUST104960,Collins Butime,+256739224151,collinsbutime9@srg.co.ug,Kampala,2023-08-25,F,0739224151,+256739224151,valid,Kampala,Kampala,exact,2023-08-25,2023-08-25,%Y-%m-%d,Female,F,mapped,,
CUST104961,Irene Tumusiime,+256788131778,irene.tumusiime@srg.co.ug,Jinja,2025-07-06,F,0788131778,+256788131778,valid,Jinja,Jinja,exact,06/07/2025,2025-07-06,%d/%m/%Y,Female,F,mapped,,
CUST104962,Godfrey Nakato,+256750053224,godfrey.nakato@hotmail.com,Kitgum,2022-12-29,F,0750053224,+256750053224,valid,Kitgum,Kitgum,exact,2022-12-29,2022-12-29,%Y-%m-%d,Female,F,mapped,,
CUST104963,Jane Wasswa,+256792780719,jane.wasswa@gmail.com,Hoima,2024-01-17,M,0792780719,+256792780719,valid,hoima,Hoima,exact,17/01/2024,2024-01-17,%d/%m/%Y,Male,M,mapped,,
CUST104965,Joseph Olweny,+256751964197,josepholweny27@mail.com,Hoima,2022-12-10,M,+256751964197,+256751964197,valid,Hoima,Hoima,exact,2022-12-10,2022-12-10,%Y-%m-%d,M,M,mapped,,
CUST104966,Kambale,+256737103886,kambale53@outlook,Jinja,2023-04-17,F,0737103886,+256737103886,valid,Jinjja,Jinja,variant_mapped,17/04/2023,2023-04-17,%d/%m/%Y,Female,F,mapped,,
CUST104967,Nakayiza Olweny,+256724970769,nakayiza.olweny@mail.com,Soroti,2022-05-06,F,+256 72 497 0769,+256724970769,valid,Soroti,Soroti,exact,2022-05-06,2022-05-06,%Y-%m-%d,F,F,mapped,,
CUST104969,grace wanyama,,,Kampala,2024-05-20,M,,,missing,Kampala,Kampala,exact,2024-05-20,2024-05-20,%Y-%m-%d,Male,M,mapped,,REVIEW: possible duplicate
CUST104971,Kibirige Mugisha,+256706753770,kibirige.mugisha@outlook.com,Gulu,2023-04-24,,+256706753770,+256706753770,valid,Gulu,Gulu,exact,2023-04-24,2023-04-24,%Y-%m-%d,,,missing,,
CUST104973,Wanyama Guma,+256715898245,,Wakiso,2024-03-15,F,0715898245,+256715898245,valid,Wakiso,Wakiso,exact,15/03/2024,2024-03-15,%d/%m/%Y,Female,F,mapped,,REVIEW: possible duplicate
CUST104975,Nsereko,+256797997683,nsereko@mail.com,Soroti,2023-07-31,M,797997683,+256797997683,valid,soroti,Soroti,exact,2023-07-31,2023-07-31,%Y-%m-%d,Male,M,mapped,,
CUST104976,Sheila Kizza,+256704175475,sheila.kizza@srg.co.ug,Mukono,2024-01-08,F,0704175475,+256704175475,valid,mukono,Mukono,exact,08/01/2024,2024-01-08,%d/%m/%Y,Female,F,mapped,,
CUST104977,Peter Ssebugwawo,+256750243951,peter.ssebugwawo@hotmail.com,Kampala,2021-03-08,M,075-024-3951,+256750243951,valid,Kampala1,Kampala,fuzzy_mapped,2021-03-08,2021-03-08,%Y-%m-%d,Male,M,mapped,,
CUST104978,Rebecca Kibirige,+256703757472,rebeccakibirige@srg.co.ug,Kampala,,M,0703757472,+256703757472,valid,Kampala,Kampala,exact,,,missing,Male,M,mapped,CUST103392,
CUST104980,Atim Tumusiime,+256750569521,atimtumusiime@mail.com,Kampala,2024-01-21,F,256750569521,+256750569521,valid,Kampala,Kampala,exact,2024-01-21,2024-01-21,%Y-%m-%d,Female,F,mapped,,
CUST104982,Michael Namubiru,+256743018052,michael.namubiru@yahoo.com,Mpigi,2023-07-28,M,+256743018052,+256743018052,valid,Mpigi,Mpigi,exact,2023-07-28,2023-07-28,%Y-%m-%d,Male,M,mapped,,
CUST104983,Alexander Nakayiza,+256715935206,alexander.nakayiza@gmail.com,Tororo,2024-05-05,F,0715935206,+256715935206,valid,Tororo,Tororo,exact,2024-05-05,2024-05-05,%Y-%m-%d,F,F,mapped,,
CUST104985,Guma Wanyama,,guma.wanyama@yahoo.com,Kitgum,2025-04-27,M,,,missing,kitgum,Kitgum,exact,2025-04-27,2025-04-27,%Y-%m-%d,Male,M,mapped,,
CUST104991,Catherine Tumusiime,+256744339344,catherine.tumusiime@hotmail.com,Wakiso,2022-02-26,M,744339344,+256744339344,valid,Wakiso,Wakiso,exact,2022-02-26,2022-02-26,%Y-%m-%d,Male,M,mapped,,
CUST104992,Atukunda Dorothy,,atukunda.dorothy@gmail,Iganga,2024-10-04,M,,,missing,Iganga,Iganga,exact,2024-10-04,2024-10-04,%Y-%m-%d,Male,M,mapped,,
CUST104998,Olweny Ssentongo,+256725628602,olweny.ssentongo@srg.co.ug,Wakiso,2021-03-17,M,256725628602,+256725628602,valid,Wakiso,Wakiso,exact,2021-03-17,2021-03-17,%Y-%m-%d,Male,M,mapped,,
CUST104999,John Kamoga,+256717083358,john.kamoga@mail.com,Arua,2023-09-09,,+256 71 708 3358,+256717083358,valid,Arua City,Arua,exact,09-09-2023,2023-09-09,%d-%m-%Y,,,missing,,
